activity_id,rep_id,doctor_id,product_id,meeting_date,calls,visits,samples_distributed,meeting_type,engagement_score
C00001,R060,D0804,P001,2024-01-27,2,1,0,In-person,0.81
C00002,R061,D0030,P006,2024-01-26,4,1,1,In-person,0.977
C00003,R071,D0055,P003,2024-01-24,1,2,4,In-person,1.019
C00004,R040,D0674,P007,2024-01-07,3,2,2,In-person,0.898
C00005,R016,D0331,P002,2024-01-17,4,1,6,In-person,1.031
C00006,R044,D0099,P008,2024-01-22,4,2,0,In-person,1.068
C00007,R007,D0543,P006,2024-01-14,2,1,4,In-person,0.909
C00008,R046,D0102,P002,2024-01-06,1,1,4,In-person,0.73
C00009,R009,D0061,P005,2024-01-26,2,1,6,Clinic Camp,0.839
C00010,R053,D0382,P008,2024-01-30,3,1,5,Clinic Camp,0.903
C00011,R010,D0409,P001,2024-01-06,4,2,6,Virtual,1.254
C00012,R020,D0546,P007,2024-01-22,1,2,5,In-person,0.812
C00013,R035,D0530,P004,2024-01-28,2,2,1,In-person,0.862
C00014,R042,D0020,P008,2024-01-17,3,1,2,In-person,0.948
C00015,R042,D0229,P002,2024-01-02,3,2,4,In-person,0.925
C00016,R049,D0294,P006,2024-01-22,2,2,6,In-person,0.999
C00017,R061,D0209,P008,2024-01-29,4,2,6,Clinic Camp,0.966
C00018,R026,D0479,P003,2024-01-09,4,1,4,Clinic Camp,1.007
C00019,R062,D0190,P001,2024-01-05,2,1,0,Virtual,0.784
C00020,R030,D0591,P004,2024-01-08,3,1,2,In-person,0.899
C00021,R069,D0801,P005,2024-01-26,2,1,4,In-person,0.782
C00022,R044,D0636,P006,2024-01-18,3,1,5,Clinic Camp,0.958
C00023,R011,D0390,P004,2024-01-01,2,1,1,In-person,0.795
C00024,R004,D0313,P008,2024-01-19,2,2,3,In-person,1.028
C00025,R011,D0530,P005,2024-01-26,2,1,5,In-person,0.921
C00026,R069,D0548,P006,2024-01-06,1,2,5,In-person,0.774
C00027,R025,D0259,P008,2024-01-19,3,1,1,In-person,0.801
C00028,R034,D0038,P008,2024-01-08,4,2,1,In-person,0.979
C00029,R059,D0593,P003,2024-01-01,2,1,2,Virtual,0.83
C00030,R040,D0535,P003,2024-01-13,4,2,4,In-person,1.068
C00031,R067,D0041,P006,2024-01-25,2,2,4,In-person,0.928
C00032,R066,D0437,P005,2024-01-21,1,1,5,In-person,1.025
C00033,R068,D0099,P004,2024-01-04,2,1,3,In-person,0.793
C00034,R025,D0609,P006,2024-01-06,2,1,6,In-person,0.999
C00035,R050,D0689,P006,2024-01-17,1,2,0,In-person,0.788
C00036,R032,D0106,P008,2024-01-10,2,1,3,In-person,0.66
C00037,R071,D0578,P003,2024-01-11,1,2,1,In-person,0.833
C00038,R037,D0070,P007,2024-01-14,4,2,3,In-person,1.154
C00039,R060,D0164,P002,2024-01-24,3,2,6,Virtual,1.099
C00040,R003,D0619,P008,2024-01-18,2,1,6,Clinic Camp,0.908
C00041,R017,D0425,P001,2024-01-27,1,2,6,Clinic Camp,0.91
C00042,R057,D0841,P007,2024-01-04,3,1,3,Clinic Camp,0.864
C00043,R057,D0840,P001,2024-01-15,3,2,4,In-person,1.084
C00044,R068,D0847,P008,2024-01-18,2,1,3,In-person,0.799
C00045,R057,D0121,P008,2024-01-24,4,1,0,Clinic Camp,0.869
C00046,R031,D0202,P007,2024-01-16,1,1,1,Clinic Camp,0.761
C00047,R014,D0115,P007,2024-01-29,4,2,5,Virtual,1.076
C00048,R051,D0565,P004,2024-01-26,2,1,0,In-person,0.882
C00049,R049,D0388,P002,2024-01-22,2,1,4,In-person,0.889
C00050,R038,D0602,P008,2024-01-13,2,1,3,In-person,0.772
C00051,R047,D0260,P005,2024-01-10,2,1,2,In-person,0.724
C00052,R018,D0135,P007,2024-01-17,1,2,5,In-person,0.844
C00053,R048,D0520,P006,2024-01-15,3,2,1,Virtual,1.145
C00054,R005,D0598,P006,2024-01-01,2,1,1,Clinic Camp,0.779
C00055,R026,D0664,P003,2024-01-08,3,2,1,In-person,1.019
C00056,R026,D0261,P004,2024-01-26,3,2,0,Clinic Camp,0.836
C00057,R027,D0527,P004,2024-01-15,4,1,0,In-person,0.833
C00058,R056,D0784,P005,2024-01-30,1,2,0,In-person,0.785
C00059,R053,D0598,P006,2024-01-08,2,2,4,In-person,1.078
C00060,R061,D0782,P002,2024-01-31,3,2,2,In-person,0.873
C00061,R050,D0333,P002,2024-01-26,1,2,2,In-person,0.786
C00062,R029,D0013,P001,2024-01-12,3,1,5,In-person,1.012
C00063,R045,D0558,P005,2024-01-19,2,1,3,Virtual,0.961
C00064,R036,D0370,P006,2024-01-31,4,2,0,In-person,1.045
C00065,R052,D0027,P002,2024-01-20,4,1,3,Clinic Camp,1.028
C00066,R020,D0273,P006,2024-01-29,4,1,4,In-person,0.92
C00067,R025,D0263,P001,2024-01-04,3,1,4,In-person,0.816
C00068,R032,D0212,P007,2024-01-06,3,2,6,Clinic Camp,0.956
C00069,R028,D0557,P006,2024-01-01,4,2,4,In-person,1.012
C00070,R036,D0539,P006,2024-01-11,4,1,5,In-person,1.028
C00071,R072,D0289,P006,2024-01-25,3,2,3,Clinic Camp,0.896
C00072,R019,D0041,P003,2024-01-30,4,1,4,In-person,1.012
C00073,R012,D0118,P008,2024-01-17,4,1,1,In-person,0.913
C00074,R042,D0750,P006,2024-01-14,1,2,6,In-person,0.863
C00075,R002,D0303,P002,2024-01-29,3,2,0,In-person,1.011
C00076,R025,D0089,P008,2024-01-19,2,1,6,In-person,0.811
C00077,R020,D0646,P006,2024-01-17,4,2,4,In-person,1.197
C00078,R040,D0730,P003,2024-01-03,3,2,2,Clinic Camp,1.042
C00079,R066,D0074,P008,2024-01-07,4,1,2,In-person,0.877
C00080,R029,D0828,P002,2024-01-22,2,1,0,In-person,0.876
C00081,R047,D0578,P006,2024-01-22,4,2,2,Clinic Camp,0.957
C00082,R036,D0164,P006,2024-01-16,1,1,0,In-person,0.813
C00083,R063,D0585,P008,2024-01-22,4,2,3,Clinic Camp,1.091
C00084,R002,D0329,P005,2024-01-22,1,2,0,Virtual,0.674
C00085,R065,D0505,P008,2024-01-03,3,1,0,In-person,0.746
C00086,R055,D0154,P003,2024-01-26,3,2,4,Clinic Camp,0.98
C00087,R015,D0183,P007,2024-01-22,3,2,1,In-person,1.027
C00088,R033,D0717,P002,2024-01-07,1,2,2,In-person,0.822
C00089,R043,D0698,P008,2024-01-07,3,1,4,Clinic Camp,0.906
C00090,R070,D0042,P007,2024-01-30,3,2,3,In-person,0.997
C00091,R003,D0177,P006,2024-01-08,4,1,3,In-person,0.814
C00092,R031,D0543,P001,2024-01-02,2,2,3,In-person,0.99
C00093,R023,D0763,P004,2024-01-01,4,1,4,In-person,1.099
C00094,R023,D0519,P002,2024-01-08,3,2,4,In-person,1.075
C00095,R013,D0604,P008,2024-01-20,4,1,0,In-person,0.886
C00096,R049,D0299,P004,2024-01-15,4,2,6,In-person,1.047
C00097,R035,D0079,P007,2024-01-23,2,2,5,In-person,0.873
C00098,R062,D0653,P008,2024-01-08,2,1,2,In-person,0.725
C00099,R028,D0652,P001,2024-01-08,4,1,2,In-person,1.137
C00100,R071,D0340,P007,2024-01-13,4,2,5,In-person,1.094
C00101,R008,D0477,P003,2024-01-25,4,1,4,Virtual,1.064
C00102,R072,D0178,P001,2024-01-16,3,1,5,Clinic Camp,1.008
C00103,R031,D0459,P003,2024-01-24,3,2,3,In-person,1.005
C00104,R056,D0257,P005,2024-01-03,1,2,3,In-person,0.779
C00105,R017,D0452,P007,2024-01-13,2,1,3,In-person,0.875
C00106,R065,D0083,P006,2024-01-14,1,2,2,In-person,0.749
C00107,R024,D0493,P002,2024-01-03,4,1,5,Clinic Camp,1.058
C00108,R030,D0227,P003,2024-01-10,1,1,5,In-person,0.717
C00109,R027,D0656,P003,2024-01-09,4,1,0,Virtual,0.885
C00110,R066,D0405,P006,2024-01-15,4,1,0,In-person,0.885
C00111,R062,D0752,P005,2024-01-06,2,2,0,In-person,0.982
C00112,R030,D0189,P001,2024-01-09,3,1,2,In-person,0.691
C00113,R005,D0236,P001,2024-01-30,3,1,0,In-person,1.036
C00114,R061,D0150,P001,2024-01-05,3,2,3,In-person,0.93
C00115,R041,D0505,P008,2024-01-26,3,1,6,In-person,0.948
C00116,R037,D0036,P005,2024-01-17,2,2,4,In-person,0.975
C00117,R036,D0624,P004,2024-01-03,3,2,6,Clinic Camp,1.074
C00118,R009,D0765,P007,2024-01-13,4,1,1,Clinic Camp,1.005
C00119,R072,D0523,P002,2024-01-16,2,1,4,In-person,0.901
C00120,R059,D0093,P001,2024-01-09,2,1,5,Virtual,1.033
C00121,R068,D0511,P003,2024-01-09,2,2,3,In-person,0.983
C00122,R032,D0480,P002,2024-01-23,4,1,5,Virtual,1.001
C00123,R024,D0312,P007,2024-01-01,4,2,0,In-person,0.966
C00124,R065,D0462,P007,2024-01-29,2,1,4,Virtual,0.806
C00125,R070,D0637,P006,2024-01-10,4,2,5,In-person,1.203
C00126,R059,D0691,P008,2024-01-12,4,2,2,Clinic Camp,1.186
C00127,R066,D0244,P004,2024-01-04,2,1,1,Virtual,0.878
C00128,R050,D0261,P002,2024-01-28,4,1,0,Clinic Camp,0.667
C00129,R063,D0179,P003,2024-01-07,4,2,1,In-person,0.848
C00130,R061,D0270,P002,2024-01-25,4,1,5,Clinic Camp,1.009
C00131,R021,D0448,P008,2024-01-11,2,1,5,In-person,0.857
C00132,R011,D0600,P005,2024-01-01,1,1,4,In-person,0.784
C00133,R002,D0239,P007,2024-01-13,1,1,1,In-person,0.828
C00134,R064,D0309,P003,2024-01-17,4,2,1,In-person,1.124
C00135,R046,D0058,P006,2024-01-15,3,2,5,In-person,1.044
C00136,R031,D0144,P003,2024-01-31,3,1,4,Clinic Camp,0.8
C00137,R049,D0032,P004,2024-01-17,1,1,5,Clinic Camp,0.702
C00138,R052,D0200,P006,2024-01-25,4,1,2,In-person,0.961
C00139,R048,D0523,P008,2024-01-12,1,1,5,In-person,0.833
C00140,R005,D0720,P005,2024-01-05,3,2,3,In-person,0.897
C00141,R045,D0832,P006,2024-01-16,4,2,4,In-person,1.135
C00142,R016,D0478,P005,2024-01-18,1,1,5,Virtual,0.66
C00143,R022,D0392,P004,2024-01-13,3,1,2,In-person,0.673
C00144,R048,D0713,P008,2024-01-24,4,1,5,In-person,0.94
C00145,R038,D0110,P008,2024-01-30,2,1,4,In-person,0.962
C00146,R012,D0589,P003,2024-01-03,1,1,3,In-person,0.886
C00147,R001,D0679,P008,2024-01-03,2,1,5,In-person,0.742
C00148,R018,D0405,P004,2024-01-09,4,2,3,In-person,0.943
C00149,R014,D0198,P006,2024-01-19,3,1,5,In-person,1.001
C00150,R067,D0526,P005,2024-01-02,2,1,0,In-person,0.745
C00151,R010,D0823,P007,2024-01-07,3,2,6,In-person,1.157
C00152,R029,D0222,P007,2024-01-13,1,1,6,Clinic Camp,0.878
C00153,R055,D0536,P004,2024-01-12,2,2,6,In-person,1.051
C00154,R051,D0071,P006,2024-01-27,4,1,5,In-person,0.944
C00155,R002,D0201,P005,2024-01-17,2,1,4,In-person,0.888
C00156,R008,D0633,P007,2024-01-28,4,2,5,Virtual,1.261
C00157,R026,D0352,P002,2024-01-24,3,1,6,Virtual,0.969
C00158,R068,D0315,P006,2024-01-13,4,2,5,In-person,1.096
C00159,R027,D0226,P005,2024-01-31,3,1,1,In-person,0.833
C00160,R066,D0074,P004,2024-01-27,2,2,1,Virtual,0.76
C00161,R053,D0720,P003,2024-01-16,4,1,6,In-person,0.94
C00162,R037,D0782,P006,2024-01-27,2,1,0,In-person,0.709
C00163,R028,D0126,P003,2024-01-08,2,1,6,Virtual,0.756
C00164,R043,D0172,P001,2024-01-07,3,1,6,In-person,0.835
C00165,R001,D0760,P008,2024-01-25,4,2,0,In-person,0.814
C00166,R038,D0752,P004,2024-01-25,1,1,5,In-person,0.737
C00167,R051,D0671,P002,2024-01-07,4,1,4,Clinic Camp,1.046
C00168,R058,D0542,P002,2024-01-24,2,1,2,In-person,0.791
C00169,R044,D0722,P007,2024-01-16,2,2,3,In-person,0.899
C00170,R044,D0355,P003,2024-01-18,1,2,2,In-person,0.897
C00171,R015,D0767,P003,2024-01-27,1,1,5,In-person,0.935
C00172,R063,D0767,P004,2024-01-05,3,1,2,Clinic Camp,1.068
C00173,R070,D0174,P001,2024-01-13,3,1,0,In-person,0.862
C00174,R065,D0046,P005,2024-01-09,1,1,2,In-person,0.723
C00175,R034,D0362,P001,2024-01-18,4,1,3,In-person,0.941
C00176,R025,D0672,P007,2024-01-05,3,1,3,In-person,0.951
C00177,R024,D0620,P004,2024-01-04,1,1,3,In-person,0.751
C00178,R008,D0173,P002,2024-01-22,4,2,6,In-person,1.106
C00179,R050,D0326,P004,2024-01-02,1,2,2,Clinic Camp,0.829
C00180,R055,D0661,P002,2024-01-13,3,2,5,In-person,0.955
C00181,R004,D0045,P003,2024-01-31,3,2,6,In-person,0.861
C00182,R017,D0606,P002,2024-01-31,4,2,5,Clinic Camp,1.046
C00183,R046,D0228,P006,2024-01-06,4,2,3,In-person,1.181
C00184,R019,D0017,P008,2024-01-29,4,2,6,Virtual,1.231
C00185,R041,D0323,P004,2024-01-11,1,1,2,In-person,0.821
C00186,R046,D0590,P001,2024-01-07,2,1,1,In-person,0.759
C00187,R068,D0722,P001,2024-01-16,2,1,5,In-person,0.807
C00188,R019,D0024,P007,2024-01-16,2,2,6,In-person,1.108
C00189,R021,D0311,P003,2024-01-12,1,2,0,Clinic Camp,0.713
C00190,R019,D0140,P003,2024-01-14,1,1,2,In-person,0.749
C00191,R006,D0627,P001,2024-01-04,4,2,2,In-person,1.181
C00192,R003,D0671,P006,2024-01-09,4,1,5,Clinic Camp,1.02
C00193,R033,D0840,P001,2024-01-07,3,1,1,In-person,0.845
C00194,R028,D0285,P008,2024-01-29,3,2,4,In-person,1.105
C00195,R030,D0254,P002,2024-01-16,2,1,6,In-person,0.894
C00196,R033,D0277,P001,2024-01-17,3,1,6,Clinic Camp,0.974
C00197,R003,D0667,P006,2024-01-14,4,1,6,In-person,1.149
C00198,R027,D0383,P003,2024-01-28,2,1,3,Virtual,0.63
C00199,R013,D0015,P006,2024-01-25,3,1,4,In-person,0.951
C00200,R034,D0755,P001,2024-01-22,4,2,5,Virtual,1.039
C00201,R033,D0121,P007,2024-01-10,4,2,2,Virtual,1.029
C00202,R031,D0771,P003,2024-01-10,1,1,3,In-person,0.773
C00203,R063,D0141,P007,2024-01-30,1,1,3,In-person,0.71
C00204,R009,D0495,P008,2024-01-29,1,2,5,In-person,0.908
C00205,R045,D0234,P005,2024-01-09,1,2,3,In-person,0.885
C00206,R012,D0624,P003,2024-01-11,3,2,3,In-person,1.01
C00207,R042,D0368,P003,2024-01-11,2,2,3,In-person,0.933
C00208,R055,D0395,P006,2024-01-25,1,1,1,Virtual,0.719
C00209,R023,D0364,P001,2024-01-30,1,2,1,In-person,0.81
C00210,R032,D0817,P002,2024-01-28,3,2,5,In-person,1.036
C00211,R013,D0150,P006,2024-01-27,4,1,0,In-person,0.845
C00212,R066,D0195,P001,2024-01-11,3,2,4,In-person,1.114
C00213,R004,D0045,P003,2024-01-10,3,2,6,Clinic Camp,1.041
C00214,R062,D0602,P006,2024-01-28,1,1,4,In-person,0.75
C00215,R037,D0601,P003,2024-01-13,2,2,4,In-person,0.974
C00216,R056,D0517,P008,2024-01-07,4,1,5,In-person,1.001
C00217,R048,D0026,P008,2024-01-27,4,1,1,Virtual,1.037
C00218,R047,D0639,P001,2024-01-15,4,1,0,Virtual,0.992
C00219,R064,D0674,P002,2024-01-03,3,2,6,Clinic Camp,1.055
C00220,R069,D0807,P008,2024-01-28,2,1,2,In-person,0.891
C00221,R067,D0779,P001,2024-01-10,3,1,2,In-person,0.905
C00222,R040,D0331,P004,2024-01-10,4,2,1,In-person,0.936
C00223,R038,D0597,P008,2024-01-17,1,1,5,Virtual,0.871
C00224,R058,D0238,P005,2024-01-09,4,1,0,Virtual,0.768
C00225,R015,D0494,P003,2024-01-26,4,2,1,In-person,0.747
C00226,R055,D0350,P001,2024-01-22,4,1,1,In-person,0.994
C00227,R040,D0535,P004,2024-01-18,3,2,6,In-person,1.083
C00228,R015,D0814,P005,2024-01-07,2,1,6,In-person,0.918
C00229,R045,D0503,P001,2024-01-16,4,2,0,In-person,1.121
C00230,R022,D0802,P005,2024-01-09,1,1,0,In-person,0.708
C00231,R009,D0836,P004,2024-01-30,4,1,6,Clinic Camp,0.998
C00232,R054,D0136,P003,2024-01-25,2,1,4,In-person,0.916
C00233,R036,D0813,P008,2024-01-04,3,2,5,In-person,0.973
C00234,R017,D0630,P008,2024-01-17,2,2,3,In-person,0.905
C00235,R033,D0328,P006,2024-01-25,1,2,1,In-person,0.838
C00236,R003,D0594,P005,2024-01-17,4,2,5,In-person,1.127
C00237,R072,D0493,P004,2024-01-04,3,1,1,In-person,0.841
C00238,R059,D0687,P001,2024-01-05,3,1,0,In-person,0.811
C00239,R006,D0708,P003,2024-01-23,1,2,5,In-person,0.8
C00240,R058,D0069,P001,2024-01-17,4,1,2,Virtual,0.893
C00241,R030,D0006,P003,2024-01-17,4,1,0,Clinic Camp,1.066
C00242,R062,D0198,P004,2024-01-09,4,2,3,In-person,1.043
C00243,R069,D0386,P005,2024-01-09,1,1,0,In-person,0.725
C00244,R060,D0804,P003,2024-01-13,1,2,3,Clinic Camp,0.735
C00245,R020,D0636,P003,2024-01-17,2,2,4,In-person,1.147
C00246,R022,D0082,P006,2024-01-15,1,2,2,Virtual,0.767
C00247,R039,D0563,P002,2024-01-28,3,1,0,In-person,0.756
C00248,R039,D0374,P002,2024-01-06,2,2,6,In-person,0.973
C00249,R061,D0266,P006,2024-01-15,3,1,3,In-person,0.833
C00250,R039,D0585,P005,2024-01-08,4,2,0,Clinic Camp,1.039
C00251,R064,D0335,P007,2024-01-01,3,1,4,In-person,0.801
C00252,R035,D0555,P006,2024-01-13,2,1,6,In-person,0.979
C00253,R028,D0186,P008,2024-01-02,4,2,0,In-person,1.085
C00254,R021,D0248,P006,2024-01-12,2,1,5,Virtual,0.861
C00255,R014,D0473,P007,2024-01-20,4,1,2,Clinic Camp,0.824
C00256,R024,D0493,P002,2024-01-12,4,1,4,In-person,0.927
C00257,R041,D0725,P005,2024-01-22,4,1,0,In-person,0.925
C00258,R010,D0197,P008,2024-01-10,3,1,6,In-person,0.861
C00259,R052,D0728,P007,2024-01-13,2,1,6,In-person,0.804
C00260,R051,D0690,P004,2024-01-28,2,1,3,In-person,0.918
C00261,R063,D0235,P008,2024-01-08,3,1,1,In-person,0.88
C00262,R023,D0101,P003,2024-01-16,4,2,1,In-person,1.038
C00263,R042,D0211,P001,2024-01-23,4,1,4,Virtual,1.034
C00264,R014,D0549,P007,2024-01-12,3,1,5,In-person,0.927
C00265,R017,D0617,P004,2024-01-10,2,2,4,In-person,0.937
C00266,R019,D0526,P001,2024-01-22,2,2,3,Virtual,0.96
C00267,R003,D0656,P002,2024-01-03,1,2,5,In-person,0.955
C00268,R022,D0066,P001,2024-01-09,1,1,5,In-person,0.84
C00269,R050,D0375,P008,2024-01-13,1,2,2,In-person,0.953
C00270,R008,D0697,P007,2024-01-07,4,1,5,In-person,1.012
C00271,R002,D0326,P008,2024-01-17,3,2,1,Clinic Camp,0.85
C00272,R070,D0796,P002,2024-01-20,1,2,5,In-person,0.977
C00273,R006,D0136,P007,2024-01-30,3,1,3,Virtual,0.884
C00274,R057,D0841,P005,2024-01-19,1,2,5,In-person,0.829
C00275,R058,D0575,P003,2024-01-19,2,1,4,In-person,0.909
C00276,R006,D0591,P006,2024-01-23,2,1,0,Clinic Camp,0.81
C00277,R001,D0573,P008,2024-01-07,1,2,5,In-person,0.788
C00278,R067,D0779,P004,2024-01-15,3,2,5,In-person,1.084
C00279,R034,D0231,P001,2024-01-26,1,1,0,In-person,0.86
C00280,R048,D0097,P007,2024-01-06,2,2,1,In-person,0.914
C00281,R043,D0779,P002,2024-01-10,2,2,5,In-person,0.94
C00282,R005,D0090,P002,2024-01-07,3,2,2,In-person,0.842
C00283,R026,D0662,P005,2024-01-30,1,1,0,In-person,0.874
C00284,R022,D0176,P007,2024-01-11,2,2,5,In-person,0.919
C00285,R016,D0787,P007,2024-01-11,4,2,3,In-person,0.951
C00286,R049,D0849,P007,2024-01-26,2,1,2,In-person,0.825
C00287,R013,D0308,P008,2024-01-29,4,1,3,In-person,1.055
C00288,R029,D0466,P002,2024-01-01,2,2,2,In-person,1.005
C00289,R035,D0420,P003,2024-01-28,4,1,0,Virtual,0.866
C00290,R024,D0348,P006,2024-01-22,1,1,3,In-person,0.756
C00291,R024,D0729,P004,2024-01-27,4,2,6,Virtual,1.118
C00292,R053,D0236,P006,2024-01-03,2,1,6,Clinic Camp,0.966
C00293,R034,D0778,P004,2024-01-02,4,1,4,In-person,1.039
C00294,R057,D0629,P004,2024-01-11,3,1,1,In-person,0.89
C00295,R060,D0813,P001,2024-01-27,3,1,1,In-person,0.941
C00296,R010,D0423,P005,2024-01-16,1,2,2,In-person,0.727
C00297,R035,D0691,P007,2024-01-23,3,1,0,Clinic Camp,0.884
C00298,R051,D0432,P007,2024-01-08,3,1,0,In-person,0.868
C00299,R010,D0306,P003,2024-01-11,4,1,5,Clinic Camp,1.006
C00300,R051,D0192,P006,2024-01-28,2,1,3,In-person,0.814
C00301,R057,D0181,P002,2024-01-16,3,2,5,In-person,1.041
C00302,R018,D0025,P006,2024-01-25,1,1,0,In-person,0.664
C00303,R007,D0395,P004,2024-01-20,2,2,0,In-person,1.088
C00304,R023,D0850,P008,2024-01-06,2,2,4,In-person,1.051
C00305,R042,D0750,P006,2024-01-30,1,2,1,In-person,0.905
C00306,R054,D0627,P001,2024-01-30,4,1,1,In-person,0.896
C00307,R067,D0334,P007,2024-01-25,3,2,4,In-person,0.935
C00308,R015,D0387,P006,2024-01-15,1,1,6,In-person,0.801
C00309,R065,D0606,P002,2024-01-14,4,2,2,In-person,1.055
C00310,R054,D0006,P003,2024-01-10,3,2,5,In-person,0.914
C00311,R016,D0787,P002,2024-01-21,3,1,2,Virtual,0.924
C00312,R013,D0701,P003,2024-01-10,4,1,5,In-person,1.097
C00313,R004,D0783,P008,2024-01-06,2,2,2,In-person,0.727
C00314,R060,D0139,P008,2024-01-02,2,1,1,Clinic Camp,0.726
C00315,R053,D0828,P005,2024-01-14,3,2,3,Virtual,1.092
C00316,R022,D0464,P003,2024-01-26,4,1,2,In-person,0.986
C00317,R054,D0544,P003,2024-01-25,4,1,1,In-person,0.869
C00318,R007,D0232,P008,2024-01-27,4,2,1,In-person,1.087
C00319,R072,D0389,P002,2024-01-19,4,2,2,Clinic Camp,0.998
C00320,R038,D0325,P007,2024-01-27,1,2,0,In-person,0.781
C00321,R056,D0834,P008,2024-01-25,2,2,0,In-person,0.779
C00322,R004,D0278,P007,2024-01-26,2,2,4,Clinic Camp,0.943
C00323,R059,D0240,P006,2024-01-16,2,1,0,In-person,0.861
C00324,R044,D0805,P008,2024-01-03,4,1,5,In-person,0.972
C00325,R058,D0111,P002,2024-01-12,2,2,6,Virtual,1.03
C00326,R008,D0705,P008,2024-01-27,4,2,1,In-person,1.024
C00327,R038,D0776,P001,2024-01-24,4,1,0,Virtual,1.006
C00328,R054,D0254,P001,2024-01-01,2,1,1,Clinic Camp,0.761
C00329,R021,D0518,P002,2024-01-03,1,1,0,In-person,0.834
C00330,R020,D0684,P005,2024-01-21,3,2,1,In-person,1.013
C00331,R031,D0476,P002,2024-01-31,4,1,6,In-person,1.048
C00332,R023,D0571,P006,2024-01-23,2,2,5,In-person,0.982
C00333,R052,D0128,P001,2024-01-30,1,2,6,In-person,0.871
C00334,R064,D0438,P006,2024-01-03,3,1,5,In-person,0.898
C00335,R001,D0488,P002,2024-01-28,4,1,5,In-person,1.031
C00336,R071,D0472,P005,2024-01-04,3,1,4,Clinic Camp,0.826
C00337,R011,D0785,P001,2024-01-28,2,1,0,In-person,0.732
C00338,R053,D0735,P008,2024-01-31,2,2,5,In-person,0.885
C00339,R072,D0493,P004,2024-01-16,3,1,4,In-person,0.968
C00340,R033,D0324,P005,2024-01-17,2,2,6,Clinic Camp,1.025
C00341,R009,D0324,P004,2024-01-16,3,1,4,In-person,1.023
C00342,R046,D0042,P005,2024-01-18,4,1,3,In-person,0.947
C00343,R027,D0564,P004,2024-01-26,4,2,5,Clinic Camp,1.035
C00344,R001,D0219,P001,2024-01-09,4,1,4,In-person,0.874
C00345,R059,D0741,P007,2024-01-09,4,1,0,In-person,0.942
C00346,R046,D0650,P006,2024-01-31,4,1,4,In-person,1.104
C00347,R020,D0774,P003,2024-01-27,1,1,2,Virtual,0.74
C00348,R041,D0818,P001,2024-01-17,2,2,1,In-person,0.89
C00349,R070,D0351,P008,2024-01-07,2,1,1,In-person,0.798
C00350,R047,D0327,P003,2024-01-30,4,1,5,In-person,1.03
C00351,R037,D0416,P008,2024-01-28,1,1,4,In-person,0.862
C00352,R039,D0332,P007,2024-01-11,4,1,0,In-person,1.074
C00353,R037,D0209,P008,2024-01-17,3,1,2,In-person,0.926
C00354,R005,D0678,P006,2024-01-14,1,2,4,Virtual,0.917
C00355,R064,D0400,P002,2024-01-27,3,2,3,In-person,0.975
C00356,R049,D0819,P001,2024-01-22,2,1,5,In-person,0.861
C00357,R009,D0207,P002,2024-01-16,2,1,4,In-person,0.842
C00358,R007,D0459,P004,2024-01-31,4,1,0,In-person,0.891
C00359,R062,D0469,P005,2024-01-19,4,1,6,In-person,1.038
C00360,R034,D0734,P008,2024-01-16,4,1,3,In-person,1.024
C00361,R002,D0582,P002,2024-01-29,2,1,6,Clinic Camp,0.893
C00362,R025,D0033,P006,2024-01-14,3,1,1,Clinic Camp,0.846
C00363,R027,D0226,P001,2024-01-13,2,2,4,In-person,0.952
C00364,R056,D0697,P004,2024-01-13,3,2,0,Clinic Camp,0.863
C00365,R070,D0176,P001,2024-01-07,2,1,1,In-person,0.862
C00366,R001,D0294,P003,2024-01-09,3,1,6,In-person,0.925
C00367,R058,D0104,P005,2024-01-03,3,2,6,In-person,0.956
C00368,R014,D0597,P006,2024-01-23,2,2,6,Clinic Camp,1.015
C00369,R006,D0136,P007,2024-01-19,1,2,1,In-person,0.859
C00370,R045,D0248,P005,2024-01-29,1,1,6,In-person,0.749
C00371,R052,D0560,P003,2024-01-19,4,1,0,Virtual,0.97
C00372,R032,D0705,P008,2024-01-03,4,2,2,In-person,1.097
C00373,R005,D0222,P008,2024-01-20,3,1,3,Virtual,1.062
C00374,R007,D0350,P008,2024-01-06,1,1,5,Clinic Camp,0.781
C00375,R012,D0139,P007,2024-01-02,3,2,4,In-person,1.008
C00376,R014,D0381,P007,2024-01-21,2,1,2,In-person,0.767
C00377,R067,D0799,P001,2024-01-01,1,1,1,In-person,0.767
C00378,R018,D0244,P005,2024-01-13,2,2,2,In-person,0.906
C00379,R052,D0245,P004,2024-01-28,4,2,2,Clinic Camp,1.125
C00380,R069,D0283,P003,2024-01-08,4,1,4,In-person,0.957
C00381,R060,D0806,P001,2024-01-22,4,2,0,In-person,1.048
C00382,R029,D0497,P002,2024-01-12,1,1,2,In-person,0.727
C00383,R040,D0529,P008,2024-01-04,3,1,4,In-person,0.775
C00384,R068,D0684,P008,2024-01-07,3,2,4,In-person,1.062
C00385,R036,D0648,P006,2024-01-03,2,2,4,In-person,0.802
C00386,R041,D0491,P001,2024-01-05,2,1,2,Clinic Camp,0.803
C00387,R021,D0455,P006,2024-01-06,2,1,3,In-person,0.822
C00388,R032,D0480,P002,2024-01-28,1,2,0,In-person,0.799
C00389,R017,D0130,P006,2024-01-26,2,1,3,In-person,0.838
C00390,R018,D0368,P001,2024-01-11,2,1,6,In-person,0.891
C00391,R019,D0712,P003,2024-01-23,2,2,5,In-person,0.989
C00392,R065,D0018,P001,2024-01-07,3,1,4,Clinic Camp,0.913
C00393,R007,D0748,P008,2024-01-20,3,2,2,In-person,1.185
C00394,R045,D0455,P005,2024-01-07,1,2,6,Clinic Camp,0.881
C00395,R028,D0285,P008,2024-01-20,2,1,3,Clinic Camp,0.736
C00396,R016,D0103,P001,2024-01-12,1,1,5,In-person,0.687
C00397,R039,D0585,P006,2024-01-27,4,2,4,In-person,1.135
C00398,R041,D0018,P004,2024-01-26,4,1,0,In-person,0.793
C00399,R047,D0447,P004,2024-01-11,2,1,4,In-person,0.755
C00400,R047,D0116,P007,2024-01-02,4,1,6,In-person,0.92
C00401,R064,D0746,P001,2024-01-10,3,2,5,Clinic Camp,1.067
C00402,R011,D0191,P008,2024-01-09,4,2,4,In-person,1.188
C00403,R013,D0663,P001,2024-01-14,4,1,0,In-person,0.844
C00404,R029,D0550,P003,2024-01-18,3,2,0,In-person,0.974
C00405,R039,D0011,P002,2024-01-31,2,1,5,In-person,0.659
C00406,R071,D0578,P005,2024-01-02,3,2,3,In-person,0.934
C00407,R063,D0767,P005,2024-01-18,1,2,3,In-person,0.902
C00408,R056,D0255,P006,2024-01-06,2,2,4,Clinic Camp,0.917
C00409,R012,D0813,P007,2024-01-17,3,2,6,In-person,1.128
C00410,R015,D0695,P007,2024-01-20,1,2,3,In-person,0.675
C00411,R010,D0566,P008,2024-01-26,2,1,3,In-person,0.775
C00412,R050,D0303,P004,2024-01-18,4,2,3,In-person,1.1
C00413,R069,D0084,P002,2024-01-06,4,2,3,In-person,1.099
C00414,R055,D0456,P002,2024-01-29,4,2,4,Virtual,1.123
C00415,R008,D0642,P003,2024-01-13,4,1,1,Clinic Camp,0.955
C00416,R044,D0596,P005,2024-01-15,2,1,2,In-person,0.724
C00417,R012,D0589,P001,2024-01-20,3,2,3,In-person,0.932
C00418,R011,D0668,P008,2024-01-09,2,1,3,Clinic Camp,1.019
C00419,R048,D0305,P008,2024-01-31,4,2,3,In-person,0.963
C00420,R018,D0025,P002,2024-01-02,1,1,2,In-person,0.633
C00421,R071,D0747,P007,2024-01-05,2,2,6,In-person,1.032
C00422,R016,D0529,P005,2024-01-31,4,2,5,In-person,1.015
C00423,R043,D0471,P004,2024-01-15,1,1,6,In-person,0.961
C00424,R043,D0471,P006,2024-01-28,3,1,4,In-person,1.141
C00425,R021,D0727,P005,2024-01-29,2,2,3,Virtual,0.905
C00426,R035,D0668,P003,2024-01-31,2,2,3,In-person,0.949
C00427,R043,D0586,P005,2024-01-23,3,2,6,Clinic Camp,0.902
C00428,R006,D0665,P002,2024-01-22,4,1,4,In-person,1.075
C00429,R026,D0239,P003,2024-01-20,1,1,5,In-person,0.621
C00430,R004,D0560,P008,2024-01-22,4,2,5,Virtual,0.993
C00431,R030,D0837,P002,2024-01-08,1,2,6,Virtual,0.917
C00432,R054,D0189,P005,2024-01-26,1,1,3,In-person,0.808
C00433,R010,D0409,P003,2024-02-06,4,1,2,Virtual,0.837
C00434,R008,D0605,P004,2024-02-14,1,2,6,Virtual,0.865
C00435,R068,D0546,P002,2024-02-11,2,1,1,In-person,0.665
C00436,R033,D0840,P005,2024-02-23,1,2,2,In-person,0.811
C00437,R068,D0431,P005,2024-02-08,1,2,6,In-person,0.844
C00438,R017,D0163,P005,2024-02-06,1,2,4,In-person,0.821
C00439,R034,D0098,P003,2024-02-24,2,1,4,In-person,0.904
C00440,R065,D0635,P005,2024-02-15,2,1,3,In-person,0.857
C00441,R042,D0475,P006,2024-02-21,1,2,3,Clinic Camp,0.899
C00442,R060,D0528,P006,2024-02-26,3,1,6,In-person,0.948
C00443,R059,D0397,P005,2024-02-25,1,1,2,In-person,0.803
C00444,R061,D0270,P003,2024-02-12,2,1,3,Virtual,0.831
C00445,R054,D0812,P005,2024-02-05,2,1,0,In-person,0.741
C00446,R018,D0475,P005,2024-02-28,3,2,0,Clinic Camp,0.986
C00447,R058,D0778,P008,2024-02-09,2,2,1,In-person,0.854
C00448,R030,D0708,P004,2024-02-23,2,1,2,In-person,0.79
C00449,R042,D0595,P003,2024-02-23,4,2,2,Clinic Camp,1.131
C00450,R061,D0379,P006,2024-02-13,1,1,4,In-person,0.86
C00451,R025,D0219,P006,2024-02-05,2,2,3,In-person,0.9
C00452,R001,D0609,P004,2024-02-14,3,1,0,In-person,0.92
C00453,R046,D0590,P001,2024-02-05,3,1,3,In-person,0.802
C00454,R010,D0362,P006,2024-02-11,3,1,0,In-person,0.827
C00455,R057,D0035,P006,2024-02-12,3,1,3,Virtual,0.844
C00456,R019,D0797,P008,2024-02-16,4,1,0,Virtual,0.92
C00457,R028,D0658,P005,2024-02-06,4,2,0,In-person,1.069
C00458,R012,D0304,P005,2024-02-25,3,2,5,In-person,1.074
C00459,R003,D0432,P002,2024-02-03,4,2,0,In-person,1.044
C00460,R034,D0098,P004,2024-02-29,1,1,6,In-person,0.829
C00461,R015,D0795,P001,2024-02-10,2,2,3,In-person,0.911
C00462,R054,D0189,P005,2024-02-15,4,2,5,In-person,1.196
C00463,R041,D0434,P006,2024-02-26,1,2,1,In-person,0.694
C00464,R009,D0328,P007,2024-02-19,4,2,3,Clinic Camp,1.011
C00465,R057,D0250,P006,2024-02-02,1,1,6,In-person,0.851
C00466,R006,D0591,P007,2024-02-18,4,1,0,Virtual,1.042
C00467,R070,D0848,P006,2024-02-17,1,1,3,In-person,0.736
C00468,R068,D0722,P007,2024-02-28,3,2,0,In-person,0.919
C00469,R011,D0496,P004,2024-02-17,4,1,2,In-person,0.853
C00470,R059,D0093,P005,2024-02-29,4,1,6,In-person,0.985
C00471,R038,D0752,P006,2024-02-16,3,1,3,In-person,0.961
C00472,R047,D0224,P005,2024-02-06,4,2,2,In-person,1.172
C00473,R060,D0809,P005,2024-02-15,1,1,4,In-person,0.759
C00474,R015,D0302,P007,2024-02-27,1,1,1,Virtual,0.664
C00475,R050,D0375,P002,2024-02-01,1,2,0,Clinic Camp,0.806
C00476,R036,D0361,P003,2024-02-12,3,1,3,In-person,0.775
C00477,R068,D0509,P005,2024-02-02,4,2,5,Clinic Camp,1.199
C00478,R026,D0156,P006,2024-02-25,4,1,1,In-person,0.84
C00479,R049,D0552,P005,2024-02-15,3,1,0,In-person,0.875
C00480,R020,D0431,P002,2024-02-21,1,2,4,Virtual,0.896
C00481,R002,D0762,P007,2024-02-29,1,2,2,Virtual,0.886
C00482,R071,D0364,P005,2024-02-25,3,1,6,Clinic Camp,0.978
C00483,R021,D0807,P004,2024-02-12,4,1,2,In-person,0.956
C00484,R028,D0276,P008,2024-02-28,4,1,2,Clinic Camp,0.99
C00485,R014,D0288,P004,2024-02-14,3,2,3,In-person,1.061
C00486,R027,D0071,P002,2024-02-29,4,1,6,In-person,1.172
C00487,R027,D0667,P008,2024-02-29,2,2,4,In-person,0.854
C00488,R059,D0079,P004,2024-02-07,1,1,4,In-person,0.635
C00489,R015,D0208,P008,2024-02-23,2,2,5,In-person,0.836
C00490,R002,D0810,P005,2024-02-21,1,1,5,In-person,0.655
C00491,R033,D0551,P002,2024-02-23,3,2,3,In-person,0.898
C00492,R009,D0510,P004,2024-02-05,2,2,2,Clinic Camp,0.8
C00493,R017,D0630,P008,2024-02-15,2,2,1,In-person,0.855
C00494,R060,D0745,P008,2024-02-05,1,2,3,In-person,0.922
C00495,R008,D0697,P002,2024-02-27,4,1,4,Virtual,1.042
C00496,R029,D0647,P008,2024-02-26,2,2,2,Virtual,0.856
C00497,R013,D0307,P007,2024-02-17,4,2,3,Clinic Camp,1.021
C00498,R024,D0096,P006,2024-02-04,3,1,3,In-person,1.065
C00499,R063,D0235,P002,2024-02-20,3,2,4,In-person,1.06
C00500,R050,D0681,P005,2024-02-13,2,2,5,In-person,0.974
C00501,R026,D0221,P004,2024-02-23,3,1,3,Clinic Camp,0.914
C00502,R052,D0458,P001,2024-02-03,1,1,3,Clinic Camp,0.741
C00503,R020,D0273,P008,2024-02-12,4,2,2,In-person,1.206
C00504,R017,D0046,P005,2024-02-11,2,2,2,In-person,0.891
C00505,R049,D0299,P001,2024-02-28,1,1,4,In-person,0.794
C00506,R049,D0157,P003,2024-02-09,4,2,4,In-person,0.95
C00507,R022,D0736,P007,2024-02-29,1,2,3,In-person,0.803
C00508,R007,D0395,P004,2024-02-27,2,2,2,Clinic Camp,0.862
C00509,R043,D0359,P004,2024-02-18,4,1,6,Virtual,1.067
C00510,R069,D0283,P002,2024-02-06,2,1,5,In-person,0.808
C00511,R066,D0244,P001,2024-02-07,1,2,5,Virtual,0.894
C00512,R021,D0801,P008,2024-02-01,1,1,5,Clinic Camp,0.751
C00513,R049,D0666,P008,2024-02-23,3,1,3,In-person,0.816
C00514,R010,D0104,P001,2024-02-22,3,2,4,In-person,0.921
C00515,R025,D0157,P005,2024-02-10,3,1,1,In-person,0.854
C00516,R049,D0033,P006,2024-02-22,3,1,5,Clinic Camp,0.948
C00517,R039,D0196,P008,2024-02-17,2,1,0,In-person,0.765
C00518,R027,D0616,P005,2024-02-24,4,1,3,Clinic Camp,0.907
C00519,R057,D0836,P007,2024-02-03,1,2,1,In-person,0.807
C00520,R030,D0525,P001,2024-02-06,4,1,4,In-person,0.966
C00521,R011,D0091,P001,2024-02-24,4,2,1,Clinic Camp,0.945
C00522,R052,D0045,P004,2024-02-11,1,2,6,In-person,0.915
C00523,R047,D0327,P003,2024-02-28,1,1,0,In-person,0.855
C00524,R044,D0330,P007,2024-02-26,3,2,5,Clinic Camp,1.018
C00525,R043,D0471,P003,2024-02-03,1,1,4,In-person,0.665
C00526,R013,D0070,P004,2024-02-12,4,1,6,In-person,1.145
C00527,R001,D0157,P005,2024-02-22,2,2,2,Virtual,1.007
C00528,R010,D0409,P008,2024-02-04,4,1,4,Virtual,1.107
C00529,R041,D0384,P001,2024-02-25,1,2,0,In-person,0.797
C00530,R011,D0357,P005,2024-02-03,1,1,4,In-person,0.719
C00531,R002,D0201,P004,2024-02-04,3,1,3,In-person,0.833
C00532,R067,D0021,P001,2024-02-16,4,2,5,In-person,1.191
C00533,R026,D0303,P007,2024-02-08,4,2,5,In-person,1.228
C00534,R009,D0277,P008,2024-02-19,4,1,3,In-person,0.9
C00535,R016,D0746,P002,2024-02-12,3,2,2,Virtual,0.774
C00536,R057,D0811,P007,2024-02-08,1,2,4,In-person,0.871
C00537,R040,D0373,P006,2024-02-25,3,1,6,Virtual,0.886
C00538,R063,D0208,P006,2024-02-05,3,1,2,In-person,0.829
C00539,R051,D0296,P004,2024-02-15,2,1,5,In-person,0.851
C00540,R054,D0587,P003,2024-02-05,4,2,3,In-person,1.097
C00541,R052,D0291,P001,2024-02-04,4,1,6,In-person,0.966
C00542,R051,D0667,P001,2024-02-06,4,1,4,In-person,1.003
C00543,R048,D0729,P002,2024-02-08,4,2,4,In-person,1.072
C00544,R035,D0390,P005,2024-02-12,3,1,4,In-person,0.738
C00545,R048,D0096,P002,2024-02-14,4,2,5,Clinic Camp,1.144
C00546,R032,D0171,P006,2024-02-05,1,1,6,In-person,0.782
C00547,R021,D0740,P005,2024-02-02,1,2,2,In-person,0.735
C00548,R027,D0296,P003,2024-02-03,3,2,5,In-person,0.972
C00549,R071,D0280,P001,2024-02-19,1,2,4,Clinic Camp,0.888
C00550,R036,D0539,P005,2024-02-29,4,2,4,In-person,1.086
C00551,R044,D0805,P007,2024-02-01,1,1,1,In-person,0.78
C00552,R037,D0272,P004,2024-02-02,2,1,3,Virtual,0.869
C00553,R031,D0350,P007,2024-02-23,2,2,1,Clinic Camp,0.794
C00554,R005,D0800,P003,2024-02-22,3,2,0,Clinic Camp,0.704
C00555,R062,D0078,P001,2024-02-22,1,2,6,In-person,0.918
C00556,R031,D0748,P006,2024-02-06,4,2,5,In-person,1.15
C00557,R033,D0424,P008,2024-02-26,4,2,3,In-person,1.048
C00558,R018,D0020,P008,2024-02-19,3,2,3,Clinic Camp,1.047
C00559,R009,D0207,P008,2024-02-05,1,2,0,In-person,0.72
C00560,R072,D0523,P001,2024-02-04,2,2,2,In-person,0.878
C00561,R060,D0745,P001,2024-02-18,1,1,1,In-person,0.654
C00562,R033,D0181,P005,2024-02-23,3,1,3,In-person,0.96
C00563,R004,D0454,P008,2024-02-23,4,1,3,In-person,0.901
C00564,R009,D0841,P008,2024-02-18,4,1,6,In-person,1.193
C00565,R067,D0586,P003,2024-02-15,4,1,5,Clinic Camp,0.97
C00566,R050,D0681,P004,2024-02-21,3,2,4,Clinic Camp,1.076
C00567,R040,D0237,P006,2024-02-04,1,2,6,Clinic Camp,0.869
C00568,R056,D0537,P008,2024-02-11,2,2,2,In-person,1.013
C00569,R052,D0560,P002,2024-02-03,2,1,0,Clinic Camp,0.884
C00570,R037,D0036,P008,2024-02-25,1,1,3,Clinic Camp,0.738
C00571,R048,D0289,P007,2024-02-18,4,2,0,In-person,1.032
C00572,R054,D0794,P001,2024-02-23,3,1,6,In-person,1.06
C00573,R066,D0758,P007,2024-02-15,4,1,0,In-person,0.944
C00574,R058,D0111,P006,2024-02-27,4,1,5,In-person,0.936
C00575,R023,D0578,P008,2024-02-27,3,1,4,In-person,0.928
C00576,R065,D0470,P002,2024-02-18,1,2,1,Virtual,0.758
C00577,R035,D0530,P008,2024-02-25,2,1,3,In-person,0.846
C00578,R037,D0341,P001,2024-02-20,2,2,3,In-person,0.861
C00579,R013,D0701,P001,2024-02-21,3,2,5,Clinic Camp,1.06
C00580,R056,D0433,P004,2024-02-08,3,2,2,In-person,0.833
C00581,R034,D0410,P006,2024-02-29,4,1,4,In-person,0.902
C00582,R038,D0549,P002,2024-02-06,1,1,2,In-person,0.683
C00583,R072,D0467,P003,2024-02-21,1,1,0,Clinic Camp,0.697
C00584,R033,D0791,P004,2024-02-18,4,1,4,Clinic Camp,0.871
C00585,R043,D0172,P002,2024-02-03,2,1,1,In-person,0.727
C00586,R007,D0771,P002,2024-02-23,4,1,1,In-person,1.0
C00587,R006,D0627,P002,2024-02-03,4,2,2,In-person,1.118
C00588,R036,D0813,P008,2024-02-15,1,2,3,Clinic Camp,0.651
C00589,R011,D0357,P008,2024-02-24,3,2,4,In-person,0.965
C00590,R008,D0442,P006,2024-02-04,1,1,5,In-person,0.902
C00591,R014,D0022,P006,2024-02-11,1,2,4,In-person,0.903
C00592,R006,D0812,P002,2024-02-15,1,2,2,In-person,0.869
C00593,R021,D0682,P001,2024-02-27,4,2,6,In-person,1.163
C00594,R051,D0217,P004,2024-02-12,1,2,3,In-person,0.777
C00595,R021,D0008,P008,2024-02-04,3,2,1,In-person,0.975
C00596,R047,D0571,P004,2024-02-04,2,2,5,In-person,0.998
C00597,R072,D0523,P007,2024-02-06,2,2,6,In-person,0.987
C00598,R034,D0367,P003,2024-02-26,1,2,2,In-person,0.805
C00599,R044,D0273,P003,2024-02-23,2,2,1,In-person,0.884
C00600,R014,D0754,P007,2024-02-13,2,2,2,In-person,0.815
C00601,R053,D0401,P004,2024-02-25,2,1,2,Clinic Camp,0.865
C00602,R007,D0651,P006,2024-02-27,3,1,1,In-person,0.753
C00603,R022,D0736,P006,2024-02-26,4,1,0,Clinic Camp,0.855
C00604,R070,D0451,P006,2024-02-01,2,2,1,In-person,0.943
C00605,R044,D0099,P006,2024-02-03,1,2,2,In-person,0.859
C00606,R009,D0811,P007,2024-02-22,3,1,1,Clinic Camp,0.829
C00607,R062,D0549,P004,2024-02-12,4,1,1,In-person,0.801
C00608,R017,D0725,P003,2024-02-05,3,1,6,In-person,0.954
C00609,R035,D0555,P005,2024-02-19,3,1,1,In-person,0.818
C00610,R063,D0795,P003,2024-02-11,3,2,5,In-person,1.068
C00611,R053,D0800,P001,2024-02-27,4,2,4,Virtual,1.041
C00612,R064,D0237,P003,2024-02-17,1,2,3,In-person,0.714
C00613,R036,D0149,P005,2024-02-07,4,1,5,In-person,0.899
C00614,R069,D0085,P005,2024-02-28,4,1,0,In-person,0.886
C00615,R013,D0663,P003,2024-02-18,4,2,5,Clinic Camp,1.109
C00616,R029,D0222,P006,2024-02-09,2,2,2,Virtual,0.813
C00617,R016,D0400,P003,2024-02-05,4,2,5,In-person,1.039
C00618,R010,D0640,P006,2024-02-17,1,2,6,In-person,0.971
C00619,R057,D0380,P003,2024-02-22,2,1,5,In-person,0.959
C00620,R008,D0129,P008,2024-02-25,4,1,0,Virtual,0.942
C00621,R019,D0334,P006,2024-02-04,2,1,6,Clinic Camp,0.865
C00622,R061,D0036,P005,2024-02-13,4,2,5,In-person,1.05
C00623,R002,D0326,P004,2024-02-29,2,1,0,Clinic Camp,0.823
C00624,R048,D0580,P007,2024-02-20,3,1,1,In-person,0.843
C00625,R003,D0527,P004,2024-02-03,3,2,6,In-person,1.122
C00626,R060,D0624,P007,2024-02-27,4,2,5,In-person,1.178
C00627,R063,D0108,P002,2024-02-20,2,2,2,Virtual,0.939
C00628,R067,D0670,P007,2024-02-14,4,1,6,In-person,0.988
C00629,R069,D0293,P008,2024-02-23,2,2,3,In-person,0.89
C00630,R012,D0268,P002,2024-02-19,2,2,6,Clinic Camp,0.847
C00631,R025,D0609,P002,2024-02-08,1,1,4,In-person,0.778
C00632,R008,D0173,P008,2024-02-24,1,1,4,In-person,0.775
C00633,R043,D0446,P004,2024-02-08,4,1,0,Clinic Camp,0.81
C00634,R003,D0296,P006,2024-02-07,1,1,6,In-person,1.007
C00635,R021,D0085,P002,2024-02-18,1,2,1,In-person,0.862
C00636,R031,D0780,P004,2024-02-01,1,1,1,In-person,0.661
C00637,R068,D0355,P006,2024-02-19,2,2,3,Clinic Camp,1.088
C00638,R064,D0065,P008,2024-02-16,1,2,5,In-person,0.85
C00639,R001,D0388,P004,2024-02-21,3,1,5,In-person,1.006
C00640,R032,D0817,P001,2024-02-05,4,2,4,Clinic Camp,1.089
C00641,R056,D0605,P004,2024-02-17,3,1,6,Virtual,0.921
C00642,R045,D0500,P006,2024-02-13,3,1,4,In-person,0.895
C00643,R050,D0810,P008,2024-02-06,4,1,1,In-person,1.053
C00644,R025,D0033,P007,2024-02-14,4,1,5,In-person,1.08
C00645,R067,D0457,P007,2024-02-27,3,1,1,In-person,0.858
C00646,R023,D0280,P002,2024-02-24,1,2,3,In-person,0.69
C00647,R045,D0503,P005,2024-02-05,4,2,4,In-person,1.106
C00648,R013,D0700,P005,2024-02-25,4,1,2,In-person,0.856
C00649,R045,D0009,P004,2024-02-17,2,2,2,In-person,0.949
C00650,R059,D0153,P008,2024-02-02,1,1,1,Clinic Camp,0.671
C00651,R064,D0798,P008,2024-02-27,1,1,2,In-person,0.697
C00652,R005,D0453,P002,2024-02-16,2,1,6,In-person,0.837
C00653,R024,D0289,P008,2024-02-27,3,2,2,In-person,1.058
C00654,R035,D0153,P007,2024-02-03,4,1,3,In-person,0.833
C00655,R072,D0305,P006,2024-02-05,1,1,4,In-person,0.841
C00656,R013,D0015,P004,2024-02-27,2,1,1,In-person,0.825
C00657,R039,D0183,P007,2024-02-07,4,1,1,In-person,0.932
C00658,R031,D0232,P005,2024-02-16,1,2,1,In-person,0.782
C00659,R005,D0054,P008,2024-02-18,4,1,0,In-person,0.959
C00660,R011,D0826,P006,2024-02-28,1,1,3,In-person,0.729
C00661,R026,D0721,P008,2024-02-10,2,1,0,Clinic Camp,0.744
C00662,R061,D0782,P004,2024-02-22,1,2,2,Clinic Camp,0.841
C00663,R023,D0187,P001,2024-02-22,4,1,3,In-person,1.112
C00664,R030,D0242,P004,2024-02-21,2,1,1,In-person,0.677
C00665,R045,D0215,P008,2024-02-16,2,2,1,In-person,0.928
C00666,R022,D0451,P006,2024-02-03,3,2,4,In-person,1.001
C00667,R030,D0167,P006,2024-02-08,2,2,3,In-person,0.906
C00668,R037,D0150,P006,2024-02-17,4,2,5,In-person,0.978
C00669,R032,D0834,P005,2024-02-12,2,2,6,In-person,0.838
C00670,R053,D0290,P001,2024-02-06,4,2,1,In-person,1.055
C00671,R031,D0683,P004,2024-02-21,3,2,2,Clinic Camp,0.874
C00672,R068,D0321,P001,2024-02-14,3,2,3,In-person,1.075
C00673,R022,D0802,P003,2024-02-23,4,1,1,In-person,0.857
C00674,R044,D0638,P006,2024-02-16,3,1,5,In-person,0.984
C00675,R066,D0675,P007,2024-02-11,2,1,0,In-person,0.734
C00676,R001,D0521,P002,2024-02-04,3,2,2,Virtual,0.926
C00677,R024,D0726,P006,2024-02-04,3,1,6,In-person,0.885
C00678,R020,D0355,P002,2024-02-15,2,1,5,In-person,0.905
C00679,R061,D0308,P002,2024-02-11,2,1,3,Clinic Camp,0.891
C00680,R058,D0044,P008,2024-02-21,4,1,0,Clinic Camp,0.895
C00681,R003,D0159,P005,2024-02-19,2,1,5,Clinic Camp,0.917
C00682,R053,D0720,P002,2024-02-09,1,2,3,In-person,0.855
C00683,R070,D0243,P002,2024-02-23,3,2,6,Clinic Camp,0.941
C00684,R063,D0108,P001,2024-02-17,1,1,5,In-person,0.83
C00685,R058,D0197,P004,2024-02-26,4,2,6,Clinic Camp,1.094
C00686,R060,D0304,P001,2024-02-28,4,1,0,In-person,0.711
C00687,R032,D0622,P005,2024-02-28,3,2,6,In-person,1.017
C00688,R041,D0053,P004,2024-02-04,1,1,4,In-person,0.647
C00689,R024,D0026,P006,2024-02-16,4,2,2,Virtual,0.947
C00690,R043,D0634,P002,2024-02-01,1,2,5,In-person,0.87
C00691,R025,D0094,P002,2024-02-26,1,2,3,Clinic Camp,0.848
C00692,R038,D0381,P001,2024-02-21,2,2,4,Clinic Camp,0.875
C00693,R023,D0519,P001,2024-02-08,3,2,6,In-person,1.09
C00694,R019,D0449,P001,2024-02-18,3,2,4,In-person,1.003
C00695,R023,D0077,P003,2024-02-17,2,2,4,Virtual,0.908
C00696,R050,D0681,P007,2024-02-16,4,1,6,In-person,1.031
C00697,R004,D0045,P005,2024-02-16,4,1,5,In-person,1.106
C00698,R006,D0189,P003,2024-02-29,1,2,4,In-person,0.7
C00699,R024,D0096,P008,2024-02-23,1,2,6,In-person,1.012
C00700,R063,D0387,P007,2024-02-12,3,2,6,In-person,0.999
C00701,R007,D0579,P007,2024-02-23,1,2,4,In-person,0.81
C00702,R041,D0531,P008,2024-02-05,2,1,0,In-person,0.748
C00703,R051,D0138,P006,2024-02-09,4,1,4,Virtual,0.921
C00704,R028,D0285,P008,2024-02-04,1,1,2,Clinic Camp,0.663
C00705,R046,D0102,P003,2024-02-26,2,2,4,Clinic Camp,1.01
C00706,R003,D0226,P007,2024-02-01,4,1,2,In-person,0.969
C00707,R036,D0158,P001,2024-02-26,3,2,2,In-person,0.823
C00708,R047,D0578,P003,2024-02-25,3,1,6,In-person,1.012
C00709,R033,D0706,P008,2024-02-28,4,2,1,In-person,1.07
C00710,R046,D0654,P002,2024-02-23,4,1,1,In-person,0.819
C00711,R014,D0115,P005,2024-02-14,2,1,4,In-person,0.866
C00712,R018,D0020,P003,2024-02-24,3,1,4,In-person,0.972
C00713,R051,D0071,P001,2024-02-29,3,1,6,In-person,0.83
C00714,R007,D0748,P002,2024-02-26,2,2,0,Clinic Camp,0.893
C00715,R065,D0725,P005,2024-02-23,4,1,6,In-person,0.974
C00716,R056,D0255,P006,2024-02-23,3,1,5,In-person,0.983
C00717,R055,D0768,P006,2024-02-19,3,1,1,Virtual,0.793
C00718,R028,D0363,P002,2024-02-26,2,1,5,In-person,0.953
C00719,R048,D0147,P003,2024-02-13,1,1,5,In-person,0.781
C00720,R064,D0344,P001,2024-02-15,1,1,0,In-person,0.661
C00721,R006,D0242,P001,2024-02-25,4,1,0,In-person,0.862
C00722,R012,D0745,P004,2024-02-08,3,1,4,Clinic Camp,0.992
C00723,R012,D0152,P005,2024-02-23,3,1,4,Clinic Camp,0.864
C00724,R037,D0087,P003,2024-02-04,1,1,6,In-person,0.903
C00725,R071,D0578,P001,2024-02-17,4,1,6,Clinic Camp,1.045
C00726,R041,D0384,P002,2024-02-02,2,2,0,In-person,0.759
C00727,R059,D0269,P004,2024-02-29,3,2,6,In-person,1.05
C00728,R015,D0695,P003,2024-02-25,2,1,5,In-person,0.874
C00729,R020,D0774,P007,2024-02-08,1,2,4,In-person,0.759
C00730,R032,D0501,P005,2024-02-05,1,1,2,In-person,0.747
C00731,R061,D0686,P008,2024-02-19,4,1,4,Clinic Camp,1.035
C00732,R062,D0693,P002,2024-02-27,1,2,3,In-person,0.944
C00733,R049,D0553,P003,2024-02-10,1,1,2,In-person,0.833
C00734,R043,D0702,P001,2024-02-28,2,2,0,Clinic Camp,1.061
C00735,R055,D0010,P001,2024-02-14,4,2,5,Virtual,1.1
C00736,R030,D0059,P008,2024-02-13,3,2,2,Virtual,1.02
C00737,R050,D0790,P004,2024-02-10,4,1,1,Clinic Camp,0.89
C00738,R040,D0105,P006,2024-02-08,1,1,2,In-person,0.897
C00739,R005,D0699,P003,2024-02-10,4,2,0,In-person,0.939
C00740,R058,D0271,P001,2024-02-06,1,2,2,In-person,0.983
C00741,R071,D0639,P008,2024-02-11,1,1,5,In-person,0.937
C00742,R055,D0569,P006,2024-02-09,2,2,5,In-person,0.897
C00743,R011,D0079,P006,2024-02-02,2,1,0,In-person,0.863
C00744,R004,D0278,P005,2024-02-11,2,2,2,In-person,0.943
C00745,R041,D0561,P004,2024-02-02,1,2,4,Virtual,0.839
C00746,R014,D0754,P004,2024-02-06,2,1,6,In-person,0.877
C00747,R027,D0690,P007,2024-02-22,2,1,3,Virtual,0.855
C00748,R029,D0816,P002,2024-02-01,3,2,6,Clinic Camp,1.077
C00749,R015,D0814,P003,2024-02-10,2,1,0,In-person,0.9
C00750,R055,D0768,P003,2024-02-20,1,2,6,In-person,0.954
C00751,R035,D0530,P005,2024-02-01,3,1,1,In-person,0.806
C00752,R045,D0246,P008,2024-02-22,3,2,5,In-person,1.089
C00753,R020,D0511,P008,2024-02-03,2,2,0,Clinic Camp,0.73
C00754,R034,D0640,P005,2024-02-02,1,2,6,In-person,0.877
C00755,R056,D0433,P002,2024-02-06,4,2,1,Virtual,1.005
C00756,R072,D0612,P008,2024-02-25,3,1,2,In-person,0.939
C00757,R070,D0577,P003,2024-02-02,2,2,4,In-person,1.084
C00758,R019,D0140,P003,2024-02-03,3,1,0,Clinic Camp,0.867
C00759,R002,D0810,P008,2024-02-28,2,2,3,Virtual,0.895
C00760,R042,D0645,P003,2024-02-18,1,2,2,In-person,0.78
C00761,R047,D0498,P004,2024-02-17,3,1,3,In-person,0.971
C00762,R031,D0232,P008,2024-02-02,1,2,2,In-person,0.82
C00763,R006,D0189,P003,2024-02-12,2,1,5,Clinic Camp,0.83
C00764,R002,D0762,P005,2024-02-17,3,2,3,In-person,1.07
C00765,R017,D0018,P001,2024-02-16,3,2,5,In-person,1.124
C00766,R042,D0394,P008,2024-02-16,4,2,0,In-person,0.933
C00767,R069,D0500,P004,2024-02-04,3,1,4,In-person,0.802
C00768,R040,D0309,P006,2024-02-29,1,1,2,In-person,0.738
C00769,R018,D0675,P005,2024-02-21,3,2,4,In-person,0.921
C00770,R001,D0521,P004,2024-02-08,4,1,5,In-person,0.908
C00771,R065,D0046,P004,2024-02-29,3,2,4,In-person,0.929
C00772,R066,D0244,P001,2024-02-09,3,2,2,Clinic Camp,1.06
C00773,R029,D0382,P003,2024-02-04,4,1,1,Virtual,0.99
C00774,R010,D0122,P004,2024-02-26,3,1,6,Clinic Camp,1.155
C00775,R067,D0779,P003,2024-02-05,4,2,1,In-person,0.977
C00776,R030,D0338,P003,2024-02-02,3,2,0,In-person,1.046
C00777,R004,D0358,P006,2024-02-19,1,1,2,In-person,0.785
C00778,R004,D0363,P007,2024-02-08,1,1,0,Clinic Camp,0.665
C00779,R028,D0200,P008,2024-02-05,2,2,5,In-person,0.948
C00780,R046,D0451,P008,2024-02-03,2,2,6,Virtual,0.933
C00781,R016,D0365,P006,2024-02-04,4,1,3,In-person,0.995
C00782,R026,D0003,P004,2024-02-28,3,1,4,Clinic Camp,1.001
C00783,R046,D0351,P006,2024-02-20,1,2,6,In-person,0.879
C00784,R055,D0538,P002,2024-02-25,2,1,6,Virtual,0.956
C00785,R005,D0090,P007,2024-02-18,3,2,0,Clinic Camp,1.042
C00786,R062,D0653,P005,2024-02-16,4,2,0,In-person,1.13
C00787,R054,D0603,P002,2024-02-07,3,1,2,In-person,0.792
C00788,R053,D0241,P004,2024-02-29,1,2,1,Virtual,0.814
C00789,R067,D0524,P003,2024-02-24,1,2,1,Virtual,0.875
C00790,R059,D0342,P003,2024-02-16,2,2,1,Virtual,0.801
C00791,R039,D0533,P001,2024-02-04,2,1,5,Clinic Camp,0.765
C00792,R015,D0114,P001,2024-02-23,1,2,1,In-person,0.816
C00793,R038,D0487,P003,2024-02-10,4,1,3,In-person,0.941
C00794,R071,D0039,P003,2024-02-07,1,2,0,In-person,0.786
C00795,R003,D0040,P008,2024-02-22,1,1,4,In-person,0.744
C00796,R047,D0187,P003,2024-02-25,1,2,5,In-person,1.063
C00797,R038,D0115,P003,2024-02-18,1,2,4,In-person,0.835
C00798,R053,D0453,P008,2024-02-03,3,1,1,In-person,0.915
C00799,R045,D0085,P007,2024-02-18,4,1,0,In-person,0.961
C00800,R058,D0124,P001,2024-02-27,4,1,2,In-person,0.821
C00801,R040,D0073,P001,2024-02-20,4,2,5,Clinic Camp,1.217
C00802,R065,D0725,P001,2024-02-08,3,2,0,Virtual,0.99
C00803,R056,D0622,P004,2024-02-19,3,2,5,In-person,1.043
C00804,R036,D0152,P005,2024-02-08,2,2,6,In-person,1.063
C00805,R048,D0096,P003,2024-02-26,2,2,4,Virtual,0.938
C00806,R071,D0739,P001,2024-02-25,4,1,5,In-person,1.081
C00807,R039,D0540,P002,2024-02-17,1,2,1,In-person,0.668
C00808,R012,D0806,P005,2024-02-04,4,1,4,Clinic Camp,1.057
C00809,R027,D0166,P003,2024-02-12,4,2,5,Clinic Camp,1.115
C00810,R019,D0264,P001,2024-02-04,1,1,5,Clinic Camp,0.816
C00811,R072,D0096,P006,2024-02-23,1,1,4,In-person,0.715
C00812,R008,D0433,P005,2024-02-20,2,2,1,Clinic Camp,0.87
C00813,R029,D0137,P004,2024-02-08,4,2,6,In-person,1.098
C00814,R019,D0017,P008,2024-02-25,2,1,4,In-person,0.761
C00815,R055,D0461,P007,2024-02-23,4,1,0,In-person,0.949
C00816,R026,D0838,P001,2024-02-28,3,2,4,In-person,1.138
C00817,R017,D0531,P008,2024-02-09,1,1,6,In-person,0.704
C00818,R035,D0668,P001,2024-02-06,3,1,0,In-person,0.889
C00819,R064,D0709,P004,2024-02-14,3,1,6,In-person,0.924
C00820,R051,D0825,P008,2024-02-08,4,1,2,Virtual,0.913
C00821,R034,D0098,P008,2024-02-22,4,1,2,In-person,0.962
C00822,R012,D0164,P001,2024-02-13,3,2,3,In-person,1.001
C00823,R070,D0464,P001,2024-02-19,4,2,5,In-person,1.115
C00824,R052,D0658,P002,2024-02-05,1,2,0,Clinic Camp,0.71
C00825,R039,D0585,P003,2024-02-03,3,1,1,Virtual,0.955
C00826,R069,D0548,P003,2024-02-28,3,1,5,In-person,0.946
C00827,R007,D0350,P004,2024-02-13,1,2,1,Clinic Camp,0.866
C00828,R014,D0325,P003,2024-02-05,3,1,2,In-person,0.983
C00829,R044,D0099,P005,2024-02-24,3,2,4,In-person,0.858
C00830,R004,D0276,P007,2024-02-04,2,2,1,Virtual,0.938
C00831,R022,D0102,P005,2024-02-29,3,1,0,In-person,0.837
C00832,R062,D0776,P003,2024-02-12,3,1,3,In-person,0.986
C00833,R024,D0057,P005,2024-02-14,3,1,0,In-person,0.786
C00834,R039,D0235,P005,2024-02-08,2,1,2,In-person,0.891
C00835,R052,D0728,P008,2024-02-03,2,1,4,In-person,0.768
C00836,R020,D0805,P008,2024-02-12,3,2,5,In-person,1.062
C00837,R018,D0316,P003,2024-02-11,4,1,6,Virtual,1.051
C00838,R070,D0411,P008,2024-02-13,2,1,6,In-person,0.876
C00839,R028,D0363,P007,2024-02-15,3,2,0,In-person,0.857
C00840,R001,D0751,P002,2024-02-19,4,1,3,Clinic Camp,0.945
C00841,R066,D0595,P005,2024-02-03,2,1,0,In-person,0.854
C00842,R064,D0438,P002,2024-02-11,4,1,5,In-person,1.129
C00843,R057,D0317,P004,2024-02-26,2,1,0,Clinic Camp,0.936
C00844,R038,D0325,P001,2024-02-28,2,2,5,In-person,1.002
C00845,R025,D0609,P003,2024-02-16,2,1,0,In-person,0.8
C00846,R005,D0742,P005,2024-02-11,1,1,0,In-person,0.746
C00847,R046,D0063,P003,2024-02-13,2,1,6,In-person,1.042
C00848,R037,D0660,P001,2024-02-23,2,1,1,In-person,0.84
C00849,R016,D0422,P004,2024-02-12,1,2,3,In-person,0.861
C00850,R032,D0173,P005,2024-02-28,4,1,3,Clinic Camp,0.952
C00851,R022,D0066,P007,2024-02-01,3,2,4,Clinic Camp,0.999
C00852,R054,D0256,P002,2024-02-18,1,1,6,In-person,0.849
C00853,R040,D0331,P004,2024-02-16,1,2,2,Clinic Camp,0.776
C00854,R018,D0074,P002,2024-02-14,4,2,4,In-person,1.032
C00855,R029,D0241,P002,2024-02-14,2,1,6,In-person,0.883
C00856,R023,D0737,P001,2024-02-05,2,1,0,In-person,0.744
C00857,R016,D0581,P007,2024-02-11,1,2,3,Clinic Camp,0.902
C00858,R065,D0163,P008,2024-02-11,4,2,2,In-person,1.1
C00859,R042,D0465,P006,2024-02-20,2,2,6,In-person,0.999
C00860,R066,D0393,P004,2024-02-18,3,2,4,In-person,1.051
C00861,R016,D0592,P008,2024-02-12,2,1,4,In-person,0.861
C00862,R069,D0213,P004,2024-02-16,4,1,1,In-person,0.635
C00863,R042,D0064,P005,2024-02-17,2,2,6,In-person,0.908
C00864,R062,D0288,P006,2024-02-02,4,2,0,In-person,1.067
C00865,R023,D0850,P006,2024-03-28,3,2,3,In-person,0.927
C00866,R069,D0448,P004,2024-03-28,2,1,4,In-person,0.92
C00867,R065,D0046,P004,2024-03-12,2,2,6,Virtual,1.051
C00868,R024,D0738,P003,2024-03-24,3,2,1,In-person,0.937
C00869,R031,D0748,P006,2024-03-13,3,1,2,In-person,0.839
C00870,R041,D0486,P006,2024-03-03,3,2,0,Virtual,0.941
C00871,R038,D0602,P004,2024-03-27,1,2,4,In-person,0.868
C00872,R033,D0143,P006,2024-03-09,2,2,1,In-person,0.938
C00873,R067,D0524,P002,2024-03-12,2,2,4,In-person,0.755
C00874,R020,D0774,P004,2024-03-18,3,1,0,Clinic Camp,0.791
C00875,R036,D0370,P008,2024-03-14,1,2,3,In-person,0.773
C00876,R013,D0019,P006,2024-03-09,1,2,3,In-person,0.653
C00877,R052,D0584,P006,2024-03-25,2,1,3,In-person,0.794
C00878,R042,D0522,P007,2024-03-12,2,2,2,In-person,0.786
C00879,R045,D0558,P005,2024-03-19,3,1,1,In-person,0.837
C00880,R015,D0533,P006,2024-03-21,1,2,5,Clinic Camp,0.851
C00881,R035,D0153,P004,2024-03-29,4,2,6,In-person,1.154
C00882,R048,D0096,P007,2024-03-15,2,2,1,In-person,0.868
C00883,R059,D0687,P006,2024-03-15,3,2,3,In-person,0.859
C00884,R053,D0800,P005,2024-03-29,4,1,0,In-person,0.948
C00885,R024,D0057,P002,2024-03-15,2,2,1,In-person,1.082
C00886,R002,D0582,P007,2024-03-10,2,1,2,In-person,0.902
C00887,R043,D0449,P003,2024-03-02,2,1,4,In-person,0.906
C00888,R050,D0303,P003,2024-03-11,3,2,4,Clinic Camp,0.996
C00889,R044,D0607,P001,2024-03-07,4,1,5,In-person,0.971
C00890,R065,D0725,P002,2024-03-10,3,2,0,Clinic Camp,0.895
C00891,R044,D0688,P002,2024-03-17,1,2,0,Virtual,0.819
C00892,R036,D0145,P001,2024-03-17,4,2,1,In-person,0.937
C00893,R055,D0460,P001,2024-03-06,1,2,2,In-person,0.854
C00894,R062,D0776,P003,2024-03-15,2,2,3,Clinic Camp,0.871
C00895,R006,D0227,P007,2024-03-15,1,2,4,In-person,0.735
C00896,R058,D0692,P007,2024-03-02,1,1,1,Virtual,0.674
C00897,R028,D0356,P002,2024-03-09,4,2,5,In-person,1.2
C00898,R012,D0427,P004,2024-03-23,1,2,5,Virtual,0.901
C00899,R071,D0187,P007,2024-03-01,4,1,2,In-person,0.672
C00900,R038,D0754,P006,2024-03-10,3,2,4,In-person,0.958
C00901,R049,D0521,P008,2024-03-15,2,1,2,Clinic Camp,0.888
C00902,R028,D0430,P004,2024-03-06,4,1,0,In-person,0.896
C00903,R003,D0383,P002,2024-03-21,1,1,5,Virtual,0.842
C00904,R030,D0095,P002,2024-03-23,3,2,0,Virtual,0.908
C00905,R035,D0668,P006,2024-03-11,4,1,1,In-person,0.953
C00906,R072,D0289,P001,2024-03-08,2,2,2,Clinic Camp,0.909
C00907,R056,D0257,P004,2024-03-25,2,2,6,Virtual,0.926
C00908,R039,D0695,P003,2024-03-07,1,1,4,In-person,0.828
C00909,R046,D0142,P008,2024-03-05,1,1,5,Clinic Camp,0.923
C00910,R013,D0601,P008,2024-03-02,1,2,6,In-person,0.939
C00911,R048,D0389,P004,2024-03-03,2,2,6,In-person,0.986
C00912,R019,D0698,P005,2024-03-28,3,1,4,In-person,0.855
C00913,R049,D0032,P004,2024-03-29,2,1,2,Virtual,0.891
C00914,R034,D0575,P007,2024-03-17,3,2,2,In-person,0.935
C00915,R043,D0172,P003,2024-03-29,2,2,1,In-person,0.933
C00916,R067,D0715,P006,2024-03-22,4,1,4,Clinic Camp,1.053
C00917,R002,D0303,P008,2024-03-13,3,2,4,Clinic Camp,1.091
C00918,R053,D0001,P002,2024-03-23,4,2,6,In-person,1.198
C00919,R071,D0378,P002,2024-03-14,3,1,1,Clinic Camp,0.946
C00920,R057,D0061,P004,2024-03-30,1,2,5,In-person,0.79
C00921,R025,D0219,P007,2024-03-27,3,2,1,Virtual,0.889
C00922,R055,D0588,P006,2024-03-27,3,1,0,In-person,0.74
C00923,R017,D0491,P002,2024-03-17,1,2,2,In-person,0.721
C00924,R045,D0548,P003,2024-03-17,1,2,6,In-person,1.03
C00925,R038,D0752,P006,2024-03-04,1,2,3,In-person,0.775
C00926,R064,D0422,P008,2024-03-21,1,2,1,In-person,0.728
C00927,R058,D0367,P004,2024-03-04,4,1,2,Clinic Camp,0.952
C00928,R034,D0044,P001,2024-03-17,1,2,4,Clinic Camp,0.812
C00929,R066,D0229,P001,2024-03-05,1,2,1,In-person,0.999
C00930,R005,D0699,P001,2024-03-15,2,2,1,Virtual,0.866
C00931,R051,D0080,P002,2024-03-25,2,1,1,Clinic Camp,0.834
C00932,R031,D0395,P004,2024-03-10,4,1,0,In-person,0.858
C00933,R013,D0070,P003,2024-03-19,1,1,4,In-person,0.649
C00934,R058,D0707,P003,2024-03-09,4,2,2,In-person,0.988
C00935,R068,D0556,P007,2024-03-10,1,1,2,In-person,0.689
C00936,R056,D0537,P004,2024-03-06,2,2,2,In-person,0.848
C00937,R035,D0593,P006,2024-03-06,2,2,4,In-person,0.814
C00938,R020,D0315,P005,2024-03-12,4,1,6,Virtual,1.039
C00939,R014,D0022,P002,2024-03-04,1,2,5,Clinic Camp,0.863
C00940,R066,D0316,P008,2024-03-28,2,1,3,In-person,0.711
C00941,R006,D0167,P004,2024-03-23,3,1,4,Clinic Camp,0.931
C00942,R063,D0223,P007,2024-03-07,3,1,1,In-person,0.929
C00943,R017,D0384,P001,2024-03-28,2,2,6,Virtual,1.074
C00944,R030,D0665,P007,2024-03-12,1,1,4,In-person,0.588
C00945,R043,D0220,P006,2024-03-17,4,2,6,In-person,1.06
C00946,R023,D0101,P002,2024-03-22,4,2,1,Virtual,0.918
C00947,R038,D0776,P007,2024-03-24,3,1,1,In-person,0.816
C00948,R012,D0062,P006,2024-03-01,4,1,5,In-person,1.121
C00949,R070,D0165,P008,2024-03-09,2,2,2,In-person,0.848
C00950,R045,D0246,P002,2024-03-11,4,2,1,In-person,0.99
C00951,R069,D0009,P008,2024-03-19,4,2,5,In-person,1.034
C00952,R005,D0816,P007,2024-03-28,4,1,3,Virtual,1.104
C00953,R065,D0425,P003,2024-03-14,4,1,5,In-person,0.826
C00954,R030,D0665,P003,2024-03-15,2,2,1,Clinic Camp,0.843
C00955,R040,D0103,P003,2024-03-03,1,1,0,In-person,0.641
C00956,R050,D0375,P004,2024-03-17,3,1,2,In-person,0.748
C00957,R070,D0082,P008,2024-03-16,3,1,6,In-person,1.046
C00958,R024,D0160,P007,2024-03-20,3,1,4,Clinic Camp,0.778
C00959,R051,D0281,P002,2024-03-27,3,1,5,In-person,0.903
C00960,R044,D0722,P002,2024-03-18,1,1,5,In-person,0.794
C00961,R066,D0244,P001,2024-03-02,3,2,6,In-person,0.988
C00962,R061,D0660,P005,2024-03-26,2,2,3,In-person,0.785
C00963,R010,D0068,P003,2024-03-15,1,1,1,In-person,0.715
C00964,R023,D0187,P007,2024-03-16,4,1,6,In-person,0.967
C00965,R059,D0555,P007,2024-03-28,1,1,3,In-person,0.829
C00966,R019,D0399,P002,2024-03-19,1,1,2,Virtual,0.787
C00967,R028,D0358,P006,2024-03-25,2,2,3,In-person,1.08
C00968,R009,D0632,P007,2024-03-28,4,2,5,In-person,1.109
C00969,R029,D0054,P008,2024-03-16,1,2,2,In-person,0.883
C00970,R066,D0475,P006,2024-03-31,2,1,5,In-person,0.841
C00971,R032,D0659,P003,2024-03-06,2,2,1,In-person,1.025
C00972,R021,D0669,P008,2024-03-28,2,2,2,In-person,0.907
C00973,R016,D0335,P003,2024-03-27,4,2,0,Clinic Camp,1.002
C00974,R032,D0371,P007,2024-03-04,2,1,6,In-person,0.931
C00975,R043,D0797,P004,2024-03-05,2,2,6,Clinic Camp,0.926
C00976,R021,D0669,P008,2024-03-02,2,2,1,In-person,0.848
C00977,R009,D0836,P007,2024-03-09,2,2,3,Virtual,0.967
C00978,R055,D0769,P005,2024-03-31,4,2,5,In-person,1.159
C00979,R028,D0313,P002,2024-03-04,2,1,4,Virtual,0.9
C00980,R046,D0082,P002,2024-03-02,1,1,4,In-person,0.776
C00981,R018,D0210,P008,2024-03-15,2,1,1,In-person,0.82
C00982,R024,D0180,P007,2024-03-11,1,2,0,In-person,0.877
C00983,R051,D0714,P005,2024-03-20,4,1,6,Clinic Camp,0.94
C00984,R025,D0259,P008,2024-03-19,4,1,6,In-person,1.028
C00985,R060,D0304,P007,2024-03-26,4,1,6,In-person,0.795
C00986,R056,D0659,P004,2024-03-13,4,2,0,Virtual,1.069
C00987,R012,D0149,P007,2024-03-15,2,1,4,In-person,0.789
C00988,R003,D0616,P007,2024-03-01,3,1,1,In-person,0.808
C00989,R032,D0480,P004,2024-03-31,2,1,2,In-person,0.806
C00990,R055,D0842,P001,2024-03-07,4,1,2,In-person,1.006
C00991,R022,D0418,P006,2024-03-19,1,1,1,In-person,0.919
C00992,R054,D0532,P003,2024-03-28,1,1,4,In-person,0.658
C00993,R031,D0749,P003,2024-03-19,4,2,4,In-person,1.014
C00994,R046,D0848,P006,2024-03-20,2,1,6,In-person,0.906
C00995,R056,D0622,P007,2024-03-06,2,1,5,In-person,0.812
C00996,R031,D0588,P001,2024-03-22,3,2,4,In-person,1.079
C00997,R030,D0744,P007,2024-03-06,2,1,6,In-person,0.875
C00998,R003,D0825,P003,2024-03-22,3,2,2,In-person,1.047
C00999,R004,D0572,P005,2024-03-18,2,2,0,In-person,0.85
C01000,R033,D0275,P007,2024-03-16,4,2,6,In-person,1.162
C01001,R051,D0615,P002,2024-03-23,1,1,2,Virtual,0.669
C01002,R036,D0158,P002,2024-03-23,3,2,3,Clinic Camp,1.149
C01003,R051,D0527,P008,2024-03-07,2,1,2,Clinic Camp,0.68
C01004,R017,D0462,P003,2024-03-12,2,2,6,In-person,0.921
C01005,R021,D0832,P008,2024-03-16,4,1,2,In-person,0.842
C01006,R035,D0507,P003,2024-03-05,2,1,4,In-person,0.916
C01007,R010,D0778,P005,2024-03-12,1,2,4,Clinic Camp,0.915
C01008,R071,D0733,P005,2024-03-02,2,2,3,In-person,0.827
C01009,R047,D0739,P008,2024-03-14,1,2,3,Virtual,0.934
C01010,R062,D0110,P005,2024-03-07,2,1,0,Clinic Camp,0.724
C01011,R049,D0672,P005,2024-03-07,1,1,6,In-person,0.849
C01012,R031,D0292,P004,2024-03-26,3,2,2,In-person,1.026
C01013,R039,D0474,P004,2024-03-05,1,2,1,Clinic Camp,0.798
C01014,R069,D0319,P004,2024-03-04,2,1,1,Virtual,0.871
C01015,R068,D0330,P004,2024-03-10,4,2,2,In-person,1.034
C01016,R017,D0818,P007,2024-03-01,3,2,4,In-person,1.039
C01017,R029,D0800,P001,2024-03-27,3,2,3,In-person,0.972
C01018,R042,D0408,P005,2024-03-31,4,1,5,In-person,0.861
C01019,R018,D0020,P005,2024-03-25,4,2,5,In-person,1.09
C01020,R021,D0194,P007,2024-03-25,4,1,2,In-person,0.886
C01021,R035,D0240,P006,2024-03-04,4,2,5,In-person,1.211
C01022,R020,D0847,P004,2024-03-18,2,1,4,In-person,0.743
C01023,R015,D0302,P001,2024-03-03,3,1,6,In-person,1.056
C01024,R007,D0023,P003,2024-03-10,4,2,0,In-person,0.996
C01025,R048,D0482,P003,2024-03-16,3,1,3,In-person,0.936
C01026,R046,D0821,P002,2024-03-22,1,1,4,In-person,0.672
C01027,R041,D0491,P006,2024-03-09,3,1,1,In-person,0.843
C01028,R066,D0369,P004,2024-03-08,1,2,4,In-person,0.819
C01029,R068,D0314,P007,2024-03-26,3,1,5,In-person,1.108
C01030,R039,D0767,P002,2024-03-07,4,1,0,In-person,0.865
C01031,R057,D0121,P008,2024-03-16,3,2,6,Virtual,1.14
C01032,R012,D0809,P004,2024-03-09,3,2,6,In-person,1.141
C01033,R014,D0190,P003,2024-03-27,3,1,1,Clinic Camp,0.959
C01034,R015,D0114,P003,2024-03-17,3,1,1,In-person,0.82
C01035,R059,D0354,P007,2024-03-04,2,2,1,In-person,1.032
C01036,R014,D0014,P006,2024-03-05,1,2,0,In-person,0.961
C01037,R048,D0026,P002,2024-03-31,3,2,0,Virtual,0.969
C01038,R042,D0135,P008,2024-03-30,2,2,2,In-person,0.869
C01039,R027,D0619,P002,2024-03-24,1,1,4,In-person,0.713
C01040,R002,D0723,P003,2024-03-03,4,1,4,In-person,1.03
C01041,R064,D0331,P006,2024-03-23,3,1,3,Clinic Camp,0.909
C01042,R063,D0533,P005,2024-03-21,3,1,4,Virtual,0.937
C01043,R019,D0264,P004,2024-03-30,3,1,0,In-person,0.742
C01044,R006,D0450,P008,2024-03-16,1,1,6,In-person,0.821
C01045,R024,D0305,P007,2024-03-15,3,1,1,Virtual,0.96
C01046,R002,D0790,P008,2024-03-20,3,1,2,In-person,0.951
C01047,R052,D0358,P003,2024-03-05,3,1,4,In-person,0.889
C01048,R003,D0527,P007,2024-03-24,1,2,0,In-person,0.791
C01049,R033,D0791,P002,2024-03-16,4,1,3,Clinic Camp,0.857
C01050,R032,D0537,P007,2024-03-06,3,1,6,Virtual,0.905
C01051,R069,D0085,P005,2024-03-26,4,2,1,In-person,1.001
C01052,R065,D0130,P005,2024-03-09,3,1,4,In-person,0.973
C01053,R011,D0354,P001,2024-03-27,2,1,4,In-person,0.795
C01054,R058,D0069,P008,2024-03-09,4,2,0,Virtual,0.927
C01055,R041,D0561,P003,2024-03-16,2,2,0,Virtual,0.931
C01056,R011,D0485,P005,2024-03-14,2,1,1,In-person,0.764
C01057,R034,D0038,P002,2024-03-23,1,1,0,In-person,0.643
C01058,R050,D0329,P008,2024-03-06,1,1,3,In-person,0.829
C01059,R062,D0693,P003,2024-03-08,1,1,1,In-person,0.765
C01060,R007,D0769,P007,2024-03-06,2,2,4,Clinic Camp,0.925
C01061,R007,D0780,P007,2024-03-08,2,1,2,In-person,0.788
C01062,R026,D0810,P005,2024-03-15,2,1,2,In-person,0.846
C01063,R060,D0539,P001,2024-03-19,4,2,0,Virtual,1.053
C01064,R016,D0787,P003,2024-03-27,3,2,5,In-person,1.047
C01065,R033,D0840,P005,2024-03-14,4,2,0,Clinic Camp,1.02
C01066,R020,D0607,P005,2024-03-13,4,1,6,Virtual,0.979
C01067,R052,D0297,P005,2024-03-05,1,1,1,In-person,0.684
C01068,R054,D0820,P002,2024-03-04,3,2,6,In-person,1.034
C01069,R054,D0450,P005,2024-03-24,4,2,5,In-person,1.023
C01070,R010,D0104,P001,2024-03-20,2,1,5,Clinic Camp,0.784
C01071,R028,D0126,P004,2024-03-17,2,1,5,In-person,0.863
C01072,R059,D0507,P001,2024-03-14,3,1,3,In-person,0.983
C01073,R054,D0059,P006,2024-03-17,4,2,1,In-person,0.862
C01074,R012,D0139,P005,2024-03-27,1,1,4,In-person,0.751
C01075,R050,D0221,P007,2024-03-06,2,2,4,In-person,0.964
C01076,R008,D0480,P004,2024-03-16,1,1,5,In-person,0.886
C01077,R052,D0356,P002,2024-03-08,3,1,1,In-person,1.012
C01078,R053,D0453,P002,2024-03-04,1,1,5,Virtual,0.779
C01079,R011,D0485,P007,2024-03-22,2,1,6,Clinic Camp,1.046
C01080,R048,D0738,P008,2024-03-22,2,1,5,In-person,0.906
C01081,R039,D0179,P001,2024-03-27,1,1,1,In-person,0.793
C01082,R052,D0320,P006,2024-03-01,3,2,1,In-person,0.873
C01083,R001,D0573,P004,2024-03-06,2,2,0,In-person,0.906
C01084,R013,D0199,P003,2024-03-18,2,1,5,In-person,0.942
C01085,R067,D0125,P005,2024-03-26,3,1,3,In-person,0.849
C01086,R057,D0049,P008,2024-03-30,4,1,2,In-person,0.748
C01087,R026,D0261,P002,2024-03-25,4,2,1,In-person,1.04
C01088,R072,D0178,P007,2024-03-29,1,1,3,In-person,0.747
C01089,R016,D0237,P001,2024-03-26,3,2,1,In-person,1.066
C01090,R063,D0196,P006,2024-03-10,2,1,5,In-person,0.827
C01091,R008,D0621,P001,2024-03-19,4,1,2,In-person,0.9
C01092,R016,D0709,P001,2024-03-20,2,2,3,In-person,0.83
C01093,R015,D0387,P001,2024-03-11,1,2,4,In-person,0.822
C01094,R007,D0051,P007,2024-03-28,4,2,4,In-person,1.295
C01095,R034,D0542,P005,2024-03-24,4,1,0,In-person,0.793
C01096,R037,D0075,P006,2024-03-17,2,1,0,In-person,0.673
C01097,R025,D0032,P002,2024-03-15,4,2,1,In-person,1.024
C01098,R017,D0491,P008,2024-03-25,2,2,5,In-person,1.118
C01099,R014,D0381,P007,2024-03-07,2,2,6,Clinic Camp,1.037
C01100,R011,D0342,P004,2024-03-07,2,1,6,Virtual,1.012
C01101,R040,D0798,P008,2024-03-13,2,1,1,In-person,0.767
C01102,R027,D0088,P002,2024-03-04,4,2,5,In-person,0.989
C01103,R051,D0071,P003,2024-03-15,1,1,1,In-person,0.692
C01104,R014,D0487,P001,2024-03-14,3,2,1,Virtual,0.948
C01105,R072,D0348,P002,2024-03-16,1,2,3,Clinic Camp,0.855
C01106,R003,D0690,P007,2024-03-15,1,2,0,In-person,0.783
C01107,R004,D0027,P004,2024-03-28,1,2,0,In-person,0.847
C01108,R071,D0327,P006,2024-03-09,2,1,6,In-person,0.831
C01109,R069,D0084,P008,2024-03-13,3,1,5,In-person,0.866
C01110,R005,D0013,P007,2024-03-23,3,1,4,In-person,0.826
C01111,R046,D0411,P004,2024-03-09,4,2,1,Clinic Camp,1.044
C01112,R015,D0576,P003,2024-03-21,1,2,0,In-person,0.808
C01113,R071,D0116,P001,2024-03-30,1,2,0,In-person,0.887
C01114,R038,D0693,P007,2024-03-12,4,1,2,In-person,1.08
C01115,R072,D0396,P008,2024-03-08,4,2,5,Virtual,1.003
C01116,R027,D0432,P005,2024-03-06,3,2,4,In-person,1.014
C01117,R021,D0801,P004,2024-03-01,4,1,5,In-person,0.994
C01118,R025,D0263,P007,2024-03-09,4,2,6,Virtual,0.995
C01119,R064,D0237,P003,2024-03-27,3,1,5,In-person,0.898
C01120,R057,D0757,P004,2024-03-08,2,1,0,In-person,0.905
C01121,R022,D0066,P008,2024-03-30,4,1,1,Clinic Camp,0.887
C01122,R053,D0800,P004,2024-03-30,3,2,2,In-person,0.912
C01123,R036,D0766,P008,2024-03-22,4,1,3,Clinic Camp,0.97
C01124,R039,D0844,P002,2024-03-31,1,2,5,In-person,0.963
C01125,R018,D0393,P004,2024-03-13,1,1,6,Clinic Camp,0.794
C01126,R065,D0505,P004,2024-03-30,3,1,6,Clinic Camp,0.968
C01127,R026,D0790,P003,2024-03-17,4,1,3,In-person,0.791
C01128,R001,D0094,P008,2024-03-03,3,1,6,Clinic Camp,1.004
C01129,R022,D0228,P004,2024-03-26,2,2,6,In-person,0.996
C01130,R057,D0403,P008,2024-03-30,1,2,1,In-person,0.889
C01131,R027,D0615,P002,2024-03-28,1,1,4,In-person,0.633
C01132,R037,D0601,P003,2024-03-13,1,1,3,In-person,0.74
C01133,R002,D0810,P004,2024-03-04,1,1,5,In-person,0.877
C01134,R022,D0418,P005,2024-03-19,3,2,6,In-person,1.003
C01135,R056,D0188,P002,2024-03-27,3,2,1,In-person,0.962
C01136,R068,D0314,P003,2024-03-27,2,1,4,Virtual,0.819
C01137,R009,D0757,P005,2024-03-20,4,2,6,In-person,1.087
C01138,R060,D0370,P003,2024-03-25,2,1,4,In-person,0.945
C01139,R026,D0628,P007,2024-03-02,2,2,5,Virtual,0.846
C01140,R060,D0528,P004,2024-03-20,3,1,5,In-person,0.936
C01141,R068,D0688,P008,2024-03-04,3,2,5,In-person,1.05
C01142,R047,D0182,P002,2024-03-24,1,1,5,Virtual,0.875
C01143,R027,D0159,P007,2024-03-02,2,1,6,In-person,0.878
C01144,R008,D0622,P004,2024-03-19,3,2,1,Clinic Camp,1.036
C01145,R017,D0452,P001,2024-03-30,4,2,5,In-person,1.096
C01146,R042,D0644,P006,2024-03-04,2,1,2,In-person,0.826
C01147,R045,D0084,P002,2024-03-14,1,2,4,Clinic Camp,0.879
C01148,R069,D0215,P002,2024-03-02,4,2,4,Virtual,1.134
C01149,R037,D0827,P005,2024-03-23,3,1,4,In-person,0.965
C01150,R001,D0751,P007,2024-03-29,2,2,1,In-person,0.799
C01151,R022,D0063,P003,2024-03-01,3,1,5,In-person,0.957
C01152,R070,D0654,P005,2024-03-17,4,2,5,In-person,1.143
C01153,R001,D0033,P001,2024-03-25,1,2,5,In-person,1.007
C01154,R032,D0171,P002,2024-03-01,2,1,4,In-person,0.771
C01155,R023,D0763,P007,2024-03-15,4,1,4,In-person,1.035
C01156,R002,D0151,P001,2024-03-04,2,1,1,Clinic Camp,0.77
C01157,R004,D0276,P003,2024-03-29,4,1,4,Virtual,1.007
C01158,R015,D0114,P005,2024-03-16,2,2,1,In-person,0.802
C01159,R043,D0524,P001,2024-03-17,2,1,6,Virtual,0.887
C01160,R010,D0044,P008,2024-03-31,1,1,0,In-person,0.736
C01161,R028,D0258,P005,2024-03-25,3,2,0,Virtual,0.862
C01162,R047,D0280,P003,2024-03-10,1,2,5,Clinic Camp,1.006
C01163,R062,D0504,P008,2024-03-20,4,2,5,In-person,0.976
C01164,R009,D0406,P005,2024-03-10,1,2,3,Virtual,0.897
C01165,R007,D0232,P006,2024-03-17,1,2,3,In-person,0.66
C01166,R063,D0374,P001,2024-03-26,2,2,0,Clinic Camp,0.85
C01167,R019,D0399,P002,2024-03-30,1,2,5,In-person,0.928
C01168,R040,D0365,P001,2024-03-30,2,1,5,In-person,0.927
C01169,R036,D0506,P005,2024-03-16,3,2,1,In-person,0.95
C01170,R044,D0337,P007,2024-03-28,3,2,0,In-person,0.921
C01171,R067,D0264,P008,2024-03-28,3,1,3,In-person,0.949
C01172,R003,D0671,P005,2024-03-17,1,1,1,Virtual,0.804
C01173,R038,D0198,P001,2024-03-02,3,1,0,In-person,0.96
C01174,R033,D0277,P006,2024-03-04,1,2,0,In-person,0.697
C01175,R019,D0081,P006,2024-03-21,3,2,4,In-person,0.996
C01176,R049,D0613,P005,2024-03-26,4,2,2,In-person,0.871
C01177,R056,D0621,P006,2024-03-29,3,2,5,In-person,0.921
C01178,R037,D0601,P005,2024-03-08,2,1,2,In-person,0.76
C01179,R034,D0111,P006,2024-03-28,1,2,4,Virtual,0.941
C01180,R053,D0421,P004,2024-03-26,4,2,1,In-person,0.99
C01181,R035,D0274,P002,2024-03-16,1,2,3,In-person,0.831
C01182,R004,D0584,P001,2024-03-12,2,1,4,Virtual,0.876
C01183,R045,D0246,P008,2024-03-15,1,2,2,Virtual,0.782
C01184,R042,D0368,P004,2024-03-21,1,1,6,In-person,0.658
C01185,R060,D0370,P003,2024-03-26,2,1,4,Clinic Camp,0.792
C01186,R058,D0566,P003,2024-03-06,3,2,1,Virtual,0.948
C01187,R004,D0557,P001,2024-03-11,4,2,6,In-person,1.155
C01188,R013,D0686,P008,2024-03-04,3,2,3,In-person,0.977
C01189,R057,D0328,P001,2024-03-30,4,1,5,In-person,1.046
C01190,R066,D0644,P002,2024-03-13,4,1,2,In-person,1.03
C01191,R016,D0730,P004,2024-03-08,2,1,0,Clinic Camp,0.87
C01192,R021,D0386,P003,2024-03-07,2,2,3,In-person,0.938
C01193,R018,D0475,P001,2024-03-03,3,1,3,In-person,0.813
C01194,R025,D0793,P003,2024-03-15,2,1,5,In-person,0.77
C01195,R034,D0692,P007,2024-03-24,2,1,5,Clinic Camp,0.778
C01196,R014,D0247,P003,2024-03-11,1,2,4,In-person,0.786
C01197,R070,D0590,P007,2024-03-13,2,1,3,In-person,0.842
C01198,R041,D0462,P003,2024-03-20,2,2,0,In-person,1.021
C01199,R008,D0173,P001,2024-03-12,4,1,4,In-person,1.009
C01200,R029,D0310,P001,2024-03-23,4,2,6,In-person,1.111
C01201,R010,D0823,P007,2024-03-10,2,2,6,Clinic Camp,1.055
C01202,R040,D0798,P004,2024-03-14,1,1,0,In-person,0.644
C01203,R001,D0672,P008,2024-03-31,4,2,6,Clinic Camp,1.201
C01204,R055,D0842,P007,2024-03-26,2,1,1,In-person,0.875
C01205,R044,D0556,P001,2024-03-18,1,2,0,In-person,0.805
C01206,R055,D0661,P003,2024-03-13,4,1,0,Virtual,1.087
C01207,R060,D0149,P006,2024-03-31,2,2,3,In-person,1.013
C01208,R047,D0260,P001,2024-03-15,1,1,1,In-person,0.732
C01209,R041,D0130,P008,2024-03-11,3,1,4,In-person,0.911
C01210,R020,D0805,P002,2024-03-19,4,2,3,In-person,1.029
C01211,R070,D0464,P007,2024-03-13,4,1,5,Clinic Camp,1.0
C01212,R067,D0779,P007,2024-03-28,2,1,1,Clinic Camp,0.79
C01213,R037,D0270,P005,2024-03-07,3,2,1,Clinic Camp,0.932
C01214,R050,D0329,P007,2024-03-02,2,2,3,In-person,0.907
C01215,R023,D0519,P008,2024-03-14,4,1,0,In-person,0.825
C01216,R005,D0550,P006,2024-03-30,1,1,3,In-person,0.719
C01217,R018,D0253,P006,2024-03-02,4,2,4,In-person,0.954
C01218,R047,D0280,P004,2024-03-26,2,1,4,Clinic Camp,0.885
C01219,R018,D0405,P003,2024-03-01,3,2,3,In-person,1.0
C01220,R053,D0054,P007,2024-03-18,3,1,0,In-person,0.84
C01221,R049,D0133,P002,2024-03-15,2,1,1,In-person,0.869
C01222,R011,D0037,P004,2024-03-05,1,2,0,In-person,0.731
C01223,R072,D0097,P005,2024-03-24,2,2,6,In-person,0.921
C01224,R008,D0212,P004,2024-03-06,3,1,4,In-person,0.804
C01225,R027,D0080,P003,2024-03-14,3,1,2,In-person,0.968
C01226,R013,D0019,P005,2024-03-18,3,2,2,Clinic Camp,1.024
C01227,R005,D0735,P003,2024-03-17,3,2,0,In-person,1.046
C01228,R020,D0314,P008,2024-03-01,1,1,3,In-person,0.891
C01229,R031,D0536,P002,2024-03-14,2,2,0,In-person,0.836
C01230,R064,D0073,P004,2024-03-21,2,1,4,Virtual,0.795
C01231,R059,D0826,P007,2024-03-17,2,2,1,Clinic Camp,0.744
C01232,R004,D0204,P004,2024-03-23,2,2,0,In-person,0.782
C01233,R071,D0583,P006,2024-03-25,1,2,0,In-person,0.774
C01234,R029,D0625,P006,2024-03-06,4,2,0,In-person,0.845
C01235,R022,D0637,P003,2024-03-25,1,2,2,In-person,0.75
C01236,R030,D0591,P006,2024-03-28,3,2,0,Clinic Camp,0.933
C01237,R063,D0387,P002,2024-03-26,2,1,0,In-person,0.851
C01238,R008,D0633,P006,2024-03-27,3,1,1,In-person,0.811
C01239,R046,D0654,P002,2024-03-07,4,2,3,In-person,1.074
C01240,R043,D0334,P006,2024-03-21,3,2,1,In-person,1.107
C01241,R011,D0785,P001,2024-03-15,4,2,2,In-person,0.902
C01242,R061,D0839,P007,2024-03-31,2,1,3,In-person,0.921
C01243,R041,D0606,P006,2024-03-26,4,1,4,In-person,1.022
C01244,R045,D0801,P001,2024-03-06,1,1,0,In-person,0.811
C01245,R070,D0066,P001,2024-03-30,3,1,6,Clinic Camp,1.035
C01246,R059,D0496,P002,2024-03-22,1,1,0,Virtual,0.657
C01247,R019,D0562,P008,2024-03-17,1,2,6,In-person,0.908
C01248,R052,D0777,P005,2024-03-14,4,2,1,In-person,0.911
C01249,R040,D0103,P003,2024-03-16,3,1,2,In-person,0.844
C01250,R039,D0695,P003,2024-03-24,3,1,0,In-person,0.852
C01251,R026,D0131,P001,2024-03-24,4,2,2,In-person,1.07
C01252,R036,D0304,P002,2024-03-18,2,1,6,Clinic Camp,0.951
C01253,R050,D0664,P007,2024-03-31,3,1,4,In-person,1.049
C01254,R033,D0275,P005,2024-03-08,1,1,4,In-person,0.747
C01255,R005,D0742,P003,2024-03-14,2,1,2,In-person,0.908
C01256,R009,D0836,P001,2024-03-19,2,2,6,Clinic Camp,0.999
C01257,R010,D0104,P003,2024-03-06,3,2,5,In-person,0.925
C01258,R061,D0199,P004,2024-03-16,1,2,1,In-person,0.806
C01259,R032,D0129,P001,2024-03-26,1,2,4,In-person,0.881
C01260,R047,D0571,P005,2024-03-21,1,1,2,Virtual,0.679
C01261,R064,D0730,P006,2024-03-23,2,1,1,Virtual,0.715
C01262,R054,D0587,P008,2024-03-06,3,2,4,Clinic Camp,0.926
C01263,R067,D0076,P003,2024-03-05,1,1,2,In-person,0.703
C01264,R054,D0161,P003,2024-03-14,4,2,0,In-person,0.941
C01265,R061,D0019,P007,2024-03-11,2,1,6,In-person,0.986
C01266,R061,D0308,P003,2024-03-01,2,1,4,In-person,0.656
C01267,R065,D0606,P006,2024-03-18,4,2,3,In-person,1.073
C01268,R040,D0105,P006,2024-03-24,1,1,6,In-person,0.86
C01269,R044,D0722,P008,2024-03-23,1,1,4,Virtual,0.705
C01270,R025,D0219,P003,2024-03-04,2,1,6,Clinic Camp,0.869
C01271,R064,D0438,P005,2024-03-25,1,2,4,In-person,0.845
C01272,R062,D0549,P002,2024-03-12,3,1,1,In-person,0.862
C01273,R058,D0367,P007,2024-03-05,4,1,3,Virtual,1.027
C01274,R023,D0364,P001,2024-03-15,2,2,3,Clinic Camp,0.97
C01275,R042,D0249,P006,2024-03-07,4,1,2,In-person,0.908
C01276,R001,D0388,P002,2024-03-21,1,2,2,Clinic Camp,0.716
C01277,R037,D0150,P004,2024-03-24,3,1,4,In-person,0.935
C01278,R026,D0239,P001,2024-03-23,3,2,2,Clinic Camp,0.923
C01279,R061,D0660,P006,2024-03-04,2,1,0,In-person,0.738
C01280,R068,D0756,P004,2024-03-11,4,2,4,In-person,1.1
C01281,R062,D0693,P006,2024-03-16,2,2,4,In-person,0.907
C01282,R012,D0282,P003,2024-03-31,4,1,5,In-person,1.035
C01283,R006,D0254,P001,2024-03-17,3,2,0,In-person,1.141
C01284,R009,D0061,P005,2024-03-21,1,2,3,In-person,0.909
C01285,R006,D0242,P006,2024-03-11,4,1,6,In-person,1.136
C01286,R024,D0482,P006,2024-03-10,1,2,1,In-person,0.859
C01287,R048,D0180,P003,2024-03-25,1,1,5,In-person,0.806
C01288,R007,D0651,P006,2024-03-26,4,2,2,In-person,1.088
C01289,R029,D0052,P005,2024-03-02,4,2,1,In-person,1.066
C01290,R016,D0373,P002,2024-03-17,2,1,4,In-person,0.921
C01291,R063,D0196,P001,2024-03-25,3,1,5,In-person,0.945
C01292,R029,D0453,P003,2024-03-05,3,2,6,In-person,0.943
C01293,R030,D0006,P001,2024-03-21,3,1,5,In-person,0.823
C01294,R006,D0450,P006,2024-03-15,4,2,2,In-person,1.083
C01295,R049,D0679,P001,2024-03-16,1,2,5,Clinic Camp,0.8
C01296,R072,D0620,P001,2024-03-19,1,1,0,In-person,0.765
C01297,R072,D0178,P002,2024-04-27,4,1,2,In-person,1.063
C01298,R032,D0433,P003,2024-04-03,3,2,1,Virtual,0.94
C01299,R056,D0621,P001,2024-04-07,3,1,3,In-person,1.001
C01300,R021,D0311,P006,2024-04-11,2,1,4,In-person,0.873
C01301,R043,D0457,P002,2024-04-25,2,2,4,In-person,0.944
C01302,R064,D0360,P007,2024-04-18,1,2,1,Virtual,0.824
C01303,R048,D0620,P005,2024-04-06,2,2,2,In-person,0.84
C01304,R009,D0554,P001,2024-04-01,1,1,0,In-person,0.633
C01305,R008,D0817,P004,2024-04-30,2,2,3,In-person,0.792
C01306,R021,D0669,P002,2024-04-05,4,1,5,Virtual,0.951
C01307,R013,D0266,P008,2024-04-01,1,1,1,In-person,0.899
C01308,R062,D0288,P005,2024-04-13,3,2,3,Virtual,0.875
C01309,R026,D0131,P007,2024-04-17,1,1,6,Clinic Camp,0.724
C01310,R010,D0426,P003,2024-04-08,3,2,0,Clinic Camp,0.876
C01311,R025,D0666,P002,2024-04-06,2,2,6,In-person,0.917
C01312,R033,D0287,P002,2024-04-03,3,1,2,In-person,0.908
C01313,R031,D0010,P004,2024-04-13,2,2,2,In-person,0.857
C01314,R013,D0686,P007,2024-04-29,4,2,4,In-person,1.066
C01315,R041,D0163,P004,2024-04-05,3,2,2,In-person,0.908
C01316,R008,D0502,P008,2024-04-18,3,1,2,Virtual,0.848
C01317,R025,D0032,P003,2024-04-06,3,1,1,In-person,0.863
C01318,R039,D0012,P002,2024-04-21,4,2,0,Clinic Camp,0.999
C01319,R066,D0694,P004,2024-04-02,3,2,6,In-person,1.206
C01320,R013,D0601,P001,2024-04-07,1,1,0,Clinic Camp,0.708
C01321,R066,D0020,P006,2024-04-01,1,1,1,Clinic Camp,0.711
C01322,R048,D0096,P001,2024-04-20,3,2,5,In-person,0.83
C01323,R053,D0453,P006,2024-04-22,2,2,5,In-person,0.979
C01324,R070,D0514,P004,2024-04-06,3,2,1,In-person,0.8
C01325,R057,D0328,P003,2024-04-14,3,2,5,In-person,1.074
C01326,R038,D0752,P005,2024-04-09,1,2,5,In-person,0.901
C01327,R064,D0535,P006,2024-04-02,3,1,2,Clinic Camp,0.95
C01328,R060,D0539,P008,2024-04-02,4,2,0,In-person,0.959
C01329,R053,D0236,P003,2024-04-29,2,1,5,Clinic Camp,0.872
C01330,R016,D0545,P007,2024-04-20,4,1,4,In-person,1.046
C01331,R036,D0804,P007,2024-04-20,4,2,3,In-person,0.99
C01332,R011,D0037,P008,2024-04-09,2,1,1,Virtual,0.847
C01333,R020,D0646,P008,2024-04-08,4,2,2,Virtual,1.091
C01334,R016,D0730,P007,2024-04-24,4,1,1,In-person,0.927
C01335,R044,D0443,P003,2024-04-14,4,1,6,Virtual,1.154
C01336,R003,D0671,P006,2024-04-04,2,2,1,Virtual,0.929
C01337,R002,D0303,P007,2024-04-15,3,1,3,Clinic Camp,0.77
C01338,R025,D0133,P003,2024-04-16,3,2,4,Clinic Camp,1.091
C01339,R063,D0743,P007,2024-04-18,2,2,0,In-person,0.817
C01340,R054,D0254,P006,2024-04-17,3,1,3,In-person,0.968
C01341,R030,D0649,P004,2024-04-26,4,1,4,In-person,1.016
C01342,R063,D0223,P007,2024-04-08,1,1,3,In-person,0.553
C01343,R006,D0339,P001,2024-04-18,4,1,4,Clinic Camp,1.04
C01344,R003,D0619,P006,2024-04-27,2,2,3,In-person,0.906
C01345,R008,D0366,P007,2024-04-30,4,1,4,In-person,0.955
C01346,R069,D0682,P001,2024-04-29,1,1,6,In-person,0.784
C01347,R037,D0019,P004,2024-04-22,4,1,2,In-person,1.019
C01348,R022,D0042,P005,2024-04-04,2,2,2,Clinic Camp,0.832
C01349,R002,D0131,P002,2024-04-30,4,1,4,Clinic Camp,1.081
C01350,R049,D0219,P008,2024-04-01,2,1,0,In-person,0.658
C01351,R048,D0050,P006,2024-04-17,3,2,2,In-person,1.0
C01352,R061,D0266,P003,2024-04-14,3,1,1,In-person,0.93
C01353,R027,D0040,P004,2024-04-21,1,2,3,In-person,0.914
C01354,R030,D0649,P001,2024-04-24,1,1,0,In-person,0.725
C01355,R055,D0168,P001,2024-04-23,3,2,1,In-person,0.941
C01356,R060,D0815,P006,2024-04-07,2,1,2,In-person,0.772
C01357,R060,D0804,P008,2024-04-23,3,1,4,Clinic Camp,0.824
C01358,R035,D0593,P003,2024-04-23,4,2,3,In-person,1.009
C01359,R072,D0610,P002,2024-04-01,4,2,5,In-person,1.023
C01360,R005,D0720,P006,2024-04-20,1,2,5,In-person,0.8
C01361,R040,D0711,P005,2024-04-04,2,1,0,In-person,0.924
C01362,R047,D0447,P002,2024-04-17,1,1,4,In-person,0.644
C01363,R010,D0426,P006,2024-04-07,3,2,0,In-person,1.03
C01364,R064,D0422,P002,2024-04-11,3,1,1,In-person,0.769
C01365,R008,D0517,P001,2024-04-09,4,1,5,In-person,0.928
C01366,R038,D0347,P004,2024-04-26,2,2,4,In-person,0.859
C01367,R055,D0154,P006,2024-04-28,2,2,2,Clinic Camp,0.817
C01368,R047,D0808,P005,2024-04-24,3,2,1,Clinic Camp,1.032
C01369,R019,D0631,P006,2024-04-22,1,1,2,Clinic Camp,0.793
C01370,R017,D0561,P002,2024-04-11,1,1,5,In-person,0.781
C01371,R062,D0247,P004,2024-04-05,3,2,3,Clinic Camp,1.211
C01372,R037,D0660,P006,2024-04-18,2,2,0,In-person,0.869
C01373,R032,D0477,P005,2024-04-13,2,2,3,In-person,0.929
C01374,R067,D0024,P002,2024-04-09,4,2,1,In-person,0.973
C01375,R009,D0840,P008,2024-04-08,1,1,0,Clinic Camp,0.646
C01376,R041,D0818,P001,2024-04-05,4,1,0,In-person,0.877
C01377,R031,D0749,P008,2024-04-25,3,2,5,In-person,1.098
C01378,R036,D0376,P006,2024-04-10,2,1,1,In-person,0.844
C01379,R021,D0206,P001,2024-04-28,4,1,1,In-person,1.041
C01380,R004,D0005,P003,2024-04-21,3,2,6,In-person,0.991
C01381,R050,D0689,P003,2024-04-05,2,1,5,In-person,0.917
C01382,R040,D0730,P008,2024-04-02,2,1,3,In-person,0.858
C01383,R046,D0066,P005,2024-04-13,2,2,5,In-person,0.995
C01384,R003,D0619,P003,2024-04-03,4,1,0,In-person,0.851
C01385,R063,D0004,P008,2024-04-29,2,2,1,In-person,0.805
C01386,R046,D0650,P001,2024-04-28,1,1,2,In-person,0.789
C01387,R031,D0023,P007,2024-04-20,3,1,5,In-person,1.01
C01388,R012,D0815,P007,2024-04-09,4,2,0,Clinic Camp,0.961
C01389,R042,D0100,P004,2024-04-27,2,1,4,In-person,0.901
C01390,R054,D0339,P001,2024-04-20,4,2,0,Clinic Camp,1.106
C01391,R023,D0571,P008,2024-04-11,2,1,6,In-person,0.859
C01392,R060,D0804,P008,2024-04-27,2,2,1,In-person,0.773
C01393,R056,D0371,P004,2024-04-07,3,1,4,In-person,0.817
C01394,R015,D0844,P002,2024-04-18,1,2,4,In-person,0.818
C01395,R058,D0016,P003,2024-04-21,4,1,2,Clinic Camp,0.92
C01396,R013,D0307,P002,2024-04-28,3,1,5,In-person,0.937
C01397,R028,D0830,P005,2024-04-05,2,1,4,In-person,0.851
C01398,R024,D0180,P005,2024-04-09,1,2,3,In-person,0.832
C01399,R023,D0404,P003,2024-04-26,3,2,4,In-person,1.066
C01400,R067,D0399,P006,2024-04-15,3,1,2,In-person,0.825
C01401,R033,D0324,P005,2024-04-23,4,2,5,In-person,1.201
C01402,R021,D0669,P001,2024-04-24,2,2,4,In-person,1.017
C01403,R010,D0362,P004,2024-04-10,1,2,3,In-person,0.923
C01404,R049,D0613,P007,2024-04-10,2,2,4,In-person,0.889
C01405,R045,D0386,P007,2024-04-15,4,2,5,In-person,1.091
C01406,R005,D0846,P007,2024-04-01,4,1,4,In-person,1.05
C01407,R038,D0412,P008,2024-04-24,2,1,2,Clinic Camp,0.8
C01408,R018,D0618,P001,2024-04-04,1,1,1,In-person,0.672
C01409,R044,D0607,P003,2024-04-29,1,1,6,In-person,0.759
C01410,R047,D0733,P004,2024-04-24,3,1,5,Clinic Camp,0.885
C01411,R007,D0768,P005,2024-04-11,1,1,2,Virtual,0.653
C01412,R047,D0182,P007,2024-04-03,3,2,5,In-person,1.26
C01413,R003,D0217,P006,2024-04-24,1,1,0,In-person,0.554
C01414,R061,D0209,P006,2024-04-14,2,1,4,In-person,0.774
C01415,R057,D0406,P002,2024-04-06,4,2,1,In-person,1.076
C01416,R059,D0485,P006,2024-04-13,2,1,2,In-person,0.761
C01417,R052,D0005,P007,2024-04-28,3,1,6,Clinic Camp,0.93
C01418,R060,D0806,P007,2024-04-21,2,2,0,Virtual,0.902
C01419,R041,D0635,P005,2024-04-21,4,2,5,In-person,1.183
C01420,R013,D0416,P001,2024-04-16,2,2,2,Clinic Camp,0.884
C01421,R072,D0289,P002,2024-04-05,4,2,3,In-person,1.138
C01422,R022,D0654,P006,2024-04-29,4,2,3,In-person,0.928
C01423,R049,D0219,P007,2024-04-23,2,1,6,Clinic Camp,0.84
C01424,R024,D0289,P007,2024-04-16,1,2,3,In-person,0.894
C01425,R007,D0842,P004,2024-04-22,4,1,1,In-person,1.096
C01426,R046,D0802,P005,2024-04-11,3,1,0,In-person,0.773
C01427,R008,D0502,P002,2024-04-23,4,2,1,In-person,0.937
C01428,R030,D0161,P005,2024-04-30,2,2,1,Clinic Camp,0.915
C01429,R024,D0096,P002,2024-04-11,2,2,0,In-person,0.874
C01430,R044,D0805,P007,2024-04-01,1,2,6,In-person,0.851
C01431,R009,D0250,P007,2024-04-23,4,1,3,Virtual,0.877
C01432,R013,D0601,P001,2024-04-26,4,2,6,In-person,1.077
C01433,R011,D0357,P008,2024-04-25,4,2,3,Clinic Camp,1.106
C01434,R054,D0525,P007,2024-04-30,2,1,1,In-person,0.771
C01435,R032,D0834,P004,2024-04-11,2,1,1,In-person,0.892
C01436,R068,D0596,P004,2024-04-28,2,1,5,Virtual,0.859
C01437,R002,D0329,P001,2024-04-07,1,2,0,Virtual,0.848
C01438,R022,D0351,P008,2024-04-18,1,2,0,In-person,0.822
C01439,R051,D0177,P001,2024-04-27,2,2,2,In-person,0.874
C01440,R018,D0408,P008,2024-04-28,3,2,2,In-person,1.043
C01441,R067,D0471,P006,2024-04-19,4,1,1,In-person,0.841
C01442,R042,D0072,P008,2024-04-17,4,1,3,In-person,0.93
C01443,R033,D0324,P003,2024-04-14,3,1,4,In-person,0.889
C01444,R018,D0437,P008,2024-04-27,4,2,3,In-person,1.095
C01445,R069,D0008,P004,2024-04-27,4,2,3,Virtual,1.114
C01446,R014,D0786,P003,2024-04-08,3,2,4,In-person,0.947
C01447,R061,D0700,P003,2024-04-05,4,2,1,In-person,0.952
C01448,R023,D0515,P008,2024-04-25,4,1,2,Clinic Camp,0.962
C01449,R008,D0106,P004,2024-04-25,1,2,0,In-person,0.677
C01450,R068,D0546,P004,2024-04-03,2,2,6,In-person,1.059
C01451,R058,D0724,P006,2024-04-15,4,2,4,In-person,1.064
C01452,R071,D0029,P005,2024-04-16,1,2,5,In-person,0.796
C01453,R050,D0721,P005,2024-04-02,3,2,5,In-person,0.935
C01454,R019,D0712,P004,2024-04-20,2,1,0,Virtual,0.805
C01455,R001,D0033,P002,2024-04-30,3,2,3,Clinic Camp,1.017
C01456,R051,D0177,P008,2024-04-07,4,2,6,In-person,1.057
C01457,R005,D0699,P004,2024-04-24,2,2,4,Virtual,0.933
C01458,R055,D0769,P008,2024-04-03,1,1,4,Clinic Camp,0.692
C01459,R016,D0608,P004,2024-04-07,2,1,6,In-person,0.867
C01460,R037,D0341,P005,2024-04-17,3,1,5,Virtual,1.058
C01461,R019,D0524,P005,2024-04-28,2,1,5,In-person,1.04
C01462,R006,D0532,P008,2024-04-27,3,1,5,Virtual,0.923
C01463,R020,D0556,P001,2024-04-29,2,2,2,In-person,0.941
C01464,R021,D0669,P005,2024-04-30,3,2,6,In-person,1.079
C01465,R064,D0065,P002,2024-04-25,1,1,5,In-person,0.662
C01466,R037,D0117,P007,2024-04-11,2,1,0,In-person,0.688
C01467,R052,D0045,P005,2024-04-04,2,1,3,In-person,0.649
C01468,R027,D0690,P008,2024-04-25,3,1,1,Clinic Camp,0.904
C01469,R031,D0651,P003,2024-04-06,3,1,3,In-person,1.06
C01470,R069,D0008,P002,2024-04-16,3,2,5,In-person,1.115
C01471,R034,D0069,P006,2024-04-23,4,2,4,In-person,1.086
C01472,R005,D0233,P002,2024-04-02,4,2,5,In-person,1.092
C01473,R009,D0214,P003,2024-04-28,1,2,3,In-person,0.826
C01474,R005,D0466,P003,2024-04-10,3,1,0,In-person,0.935
C01475,R030,D0525,P002,2024-04-07,1,2,6,Clinic Camp,0.925
C01476,R056,D0371,P002,2024-04-12,2,2,0,In-person,0.875
C01477,R011,D0191,P006,2024-04-14,3,2,1,In-person,0.87
C01478,R001,D0609,P007,2024-04-14,2,1,5,Virtual,0.918
C01479,R059,D0687,P004,2024-04-05,3,2,2,In-person,0.964
C01480,R049,D0609,P003,2024-04-06,4,1,3,Clinic Camp,1.006
C01481,R024,D0612,P002,2024-04-15,3,2,0,In-person,1.02
C01482,R036,D0809,P006,2024-04-07,3,1,1,Virtual,0.737
C01483,R068,D0722,P007,2024-04-20,4,1,4,In-person,0.968
C01484,R025,D0609,P005,2024-04-27,3,1,3,Clinic Camp,0.869
C01485,R052,D0045,P004,2024-04-01,1,2,1,Virtual,0.776
C01486,R071,D0284,P006,2024-04-02,3,2,2,In-person,0.887
C01487,R009,D0328,P008,2024-04-20,2,2,2,In-person,0.848
C01488,R069,D0548,P008,2024-04-01,1,1,6,In-person,0.73
C01489,R022,D0655,P002,2024-04-20,4,2,6,Clinic Camp,1.184
C01490,R068,D0607,P004,2024-04-15,4,2,3,In-person,1.094
C01491,R057,D0317,P008,2024-04-14,3,1,1,Clinic Camp,0.893
C01492,R062,D0653,P006,2024-04-19,3,2,3,In-person,0.84
C01493,R037,D0604,P007,2024-04-27,3,2,0,In-person,1.096
C01494,R061,D0663,P008,2024-04-04,2,1,4,In-person,0.819
C01495,R055,D0538,P001,2024-04-05,4,1,4,In-person,1.132
C01496,R053,D0625,P005,2024-04-21,3,1,6,In-person,1.018
C01497,R070,D0262,P005,2024-04-02,2,1,3,In-person,0.815
C01498,R007,D0429,P003,2024-04-13,3,1,3,In-person,1.067
C01499,R049,D0259,P006,2024-04-15,1,1,0,In-person,0.755
C01500,R029,D0233,P001,2024-04-12,2,1,5,In-person,0.852
C01501,R028,D0454,P004,2024-04-16,1,1,2,In-person,0.715
C01502,R045,D0283,P004,2024-04-04,1,1,5,Virtual,0.883
C01503,R045,D0084,P004,2024-04-09,4,1,1,In-person,0.895
C01504,R014,D0022,P005,2024-04-01,2,1,2,In-person,0.786
C01505,R048,D0620,P008,2024-04-29,4,2,1,In-person,0.98
C01506,R012,D0361,P008,2024-04-25,3,2,6,Clinic Camp,0.988
C01507,R016,D0508,P006,2024-04-08,1,1,5,In-person,0.744
C01508,R002,D0810,P003,2024-04-02,1,2,4,In-person,1.014
C01509,R023,D0077,P008,2024-04-09,2,2,2,In-person,0.987
C01510,R004,D0781,P008,2024-04-29,1,2,5,In-person,0.909
C01511,R055,D0588,P007,2024-04-25,3,1,3,Clinic Camp,0.86
C01512,R033,D0554,P007,2024-04-20,2,2,5,In-person,0.916
C01513,R045,D0293,P007,2024-04-28,1,1,1,In-person,0.699
C01514,R003,D0656,P007,2024-04-06,3,2,3,In-person,1.137
C01515,R015,D0179,P006,2024-04-17,4,1,6,Virtual,1.051
C01516,R052,D0276,P006,2024-04-24,4,2,0,Virtual,1.07
C01517,R007,D0780,P006,2024-04-01,2,1,5,Clinic Camp,0.886
C01518,R028,D0258,P004,2024-04-14,1,2,4,Clinic Camp,0.801
C01519,R059,D0600,P008,2024-04-11,4,1,2,Virtual,0.964
C01520,R058,D0755,P006,2024-04-06,3,2,6,In-person,0.962
C01521,R033,D0541,P005,2024-04-07,4,1,5,In-person,1.106
C01522,R064,D0344,P006,2024-04-30,1,1,3,In-person,0.704
C01523,R004,D0680,P001,2024-04-16,2,2,2,In-person,0.86
C01524,R012,D0766,P008,2024-04-03,2,2,4,In-person,1.007
C01525,R030,D0544,P005,2024-04-21,3,1,0,In-person,0.794
C01526,R038,D0109,P008,2024-04-18,3,1,1,In-person,0.85
C01527,R061,D0272,P001,2024-04-12,3,2,3,Clinic Camp,0.783
C01528,R036,D0361,P002,2024-04-12,2,1,1,Clinic Camp,0.772
C01529,R017,D0130,P008,2024-04-17,2,1,3,Virtual,0.882
C01530,R028,D0291,P006,2024-04-28,1,1,6,In-person,0.768
C01531,R007,D0168,P006,2024-04-23,2,1,2,Clinic Camp,0.861
C01532,R062,D0597,P004,2024-04-13,1,1,2,In-person,0.745
C01533,R035,D0397,P005,2024-04-08,4,1,2,In-person,1.043
C01534,R062,D0602,P005,2024-04-04,3,2,5,Clinic Camp,0.971
C01535,R065,D0462,P002,2024-04-06,3,1,5,In-person,0.921
C01536,R031,D0588,P005,2024-04-05,4,1,1,Clinic Camp,0.82
C01537,R029,D0718,P005,2024-04-25,3,2,6,Clinic Camp,1.041
C01538,R022,D0102,P003,2024-04-18,2,1,4,In-person,0.818
C01539,R043,D0359,P003,2024-04-02,2,1,6,In-person,0.965
C01540,R001,D0666,P007,2024-04-28,1,2,6,Clinic Camp,0.858
C01541,R012,D0528,P006,2024-04-05,3,2,4,In-person,0.978
C01542,R048,D0160,P004,2024-04-20,4,1,4,In-person,0.938
C01543,R067,D0702,P005,2024-04-01,3,2,4,In-person,1.014
C01544,R042,D0135,P002,2024-04-18,2,1,4,In-person,1.011
C01545,R012,D0815,P004,2024-04-17,2,1,3,Clinic Camp,0.554
C01546,R009,D0673,P005,2024-04-28,2,2,1,Clinic Camp,0.884
C01547,R042,D0244,P003,2024-04-19,2,2,2,In-person,1.0
C01548,R071,D0134,P002,2024-04-15,1,2,4,In-person,0.831
C01549,R058,D0724,P005,2024-04-16,2,2,5,In-person,1.002
C01550,R044,D0546,P008,2024-04-19,1,1,3,In-person,0.858
C01551,R014,D0685,P004,2024-04-13,3,2,0,In-person,0.918
C01552,R046,D0655,P008,2024-04-22,4,1,0,Virtual,0.868
C01553,R018,D0064,P007,2024-04-16,1,2,6,Virtual,0.983
C01554,R022,D0514,P006,2024-04-30,1,1,0,In-person,0.75
C01555,R067,D0264,P008,2024-04-06,4,1,1,Virtual,0.933
C01556,R065,D0725,P004,2024-04-22,2,2,0,In-person,0.919
C01557,R001,D0157,P007,2024-04-25,2,2,1,In-person,0.965
C01558,R052,D0027,P002,2024-04-22,4,1,5,In-person,1.006
C01559,R004,D0458,P003,2024-04-30,4,1,1,In-person,0.962
C01560,R023,D0447,P005,2024-04-14,3,2,5,Clinic Camp,1.072
C01561,R026,D0479,P001,2024-04-17,1,2,5,In-person,0.853
C01562,R048,D0178,P007,2024-04-05,3,2,4,In-person,1.107
C01563,R059,D0485,P008,2024-04-12,3,1,1,In-person,0.786
C01564,R035,D0826,P001,2024-04-05,2,2,6,In-person,0.967
C01565,R020,D0676,P008,2024-04-24,3,1,4,In-person,0.983
C01566,R062,D0786,P001,2024-04-24,3,1,5,In-person,0.855
C01567,R020,D0337,P002,2024-04-06,3,2,2,In-person,1.046
C01568,R066,D0675,P007,2024-04-25,3,1,4,In-person,0.937
C01569,R034,D0238,P006,2024-04-10,4,1,4,In-person,1.098
C01570,R029,D0828,P008,2024-04-22,1,1,4,In-person,0.831
C01571,R020,D0722,P004,2024-04-29,1,1,4,In-person,0.769
C01572,R039,D0141,P005,2024-04-25,1,1,4,In-person,0.801
C01573,R072,D0738,P002,2024-04-06,1,1,6,In-person,0.839
C01574,R026,D0628,P006,2024-04-06,2,2,6,In-person,1.14
C01575,R007,D0683,P008,2024-04-04,1,2,2,Clinic Camp,0.843
C01576,R032,D0502,P005,2024-04-26,1,2,6,Clinic Camp,0.897
C01577,R063,D0179,P008,2024-04-17,3,1,2,In-person,0.87
C01578,R027,D0825,P004,2024-04-05,4,2,1,In-person,1.043
C01579,R052,D0126,P008,2024-04-18,4,1,1,Virtual,0.847
C01580,R019,D0702,P005,2024-04-16,1,1,4,Virtual,0.751
C01581,R015,D0179,P002,2024-04-18,1,2,3,Virtual,0.773
C01582,R056,D0633,P003,2024-04-20,3,1,5,In-person,0.869
C01583,R066,D0368,P004,2024-04-05,4,1,5,In-person,1.074
C01584,R068,D0321,P001,2024-04-12,4,2,3,Clinic Camp,1.066
C01585,R017,D0163,P008,2024-04-22,2,1,1,In-person,0.739
C01586,R001,D0263,P002,2024-04-28,1,1,0,In-person,0.698
C01587,R065,D0725,P006,2024-04-08,4,2,6,In-person,1.098
C01588,R065,D0617,P008,2024-04-18,2,2,2,In-person,0.91
C01589,R051,D0616,P004,2024-04-29,2,1,0,In-person,0.659
C01590,R036,D0589,P005,2024-04-19,2,2,2,In-person,0.819
C01591,R070,D0351,P005,2024-04-07,4,1,5,In-person,0.895
C01592,R039,D0767,P007,2024-04-18,2,2,0,In-person,0.798
C01593,R029,D0236,P001,2024-04-01,3,2,4,Virtual,0.954
C01594,R035,D0785,P003,2024-04-15,3,1,2,In-person,0.803
C01595,R046,D0301,P005,2024-04-18,4,2,6,In-person,1.179
C01596,R039,D0223,P001,2024-04-02,4,2,3,In-person,1.211
C01597,R002,D0352,P007,2024-04-07,3,1,3,In-person,0.97
C01598,R043,D0634,P006,2024-04-30,1,2,3,In-person,0.809
C01599,R032,D0622,P001,2024-04-19,2,2,4,Virtual,0.959
C01600,R038,D0653,P001,2024-04-14,3,1,0,In-person,0.845
C01601,R004,D0048,P002,2024-04-07,4,2,0,In-person,0.961
C01602,R015,D0141,P006,2024-04-04,4,1,4,Clinic Camp,1.098
C01603,R037,D0700,P005,2024-04-13,2,2,2,In-person,1.067
C01604,R004,D0830,P004,2024-04-17,3,1,1,In-person,0.75
C01605,R011,D0093,P005,2024-04-06,2,2,5,In-person,1.075
C01606,R043,D0772,P004,2024-04-25,3,2,5,In-person,0.983
C01607,R006,D0227,P003,2024-04-13,2,2,0,In-person,0.849
C01608,R071,D0850,P001,2024-04-02,3,2,1,In-person,0.981
C01609,R040,D0831,P001,2024-04-05,4,1,5,In-person,1.134
C01610,R015,D0533,P006,2024-04-26,4,2,3,In-person,1.086
C01611,R006,D0167,P006,2024-04-11,3,2,2,In-person,1.009
C01612,R026,D0721,P002,2024-04-12,4,1,3,Clinic Camp,1.042
C01613,R051,D0088,P002,2024-04-06,1,1,2,Virtual,0.827
C01614,R011,D0354,P004,2024-04-25,1,1,0,In-person,0.751
C01615,R034,D0426,P006,2024-04-25,4,1,4,In-person,1.073
C01616,R051,D0080,P005,2024-04-08,3,1,4,In-person,0.874
C01617,R001,D0299,P005,2024-04-22,2,2,0,In-person,0.731
C01618,R045,D0682,P001,2024-04-14,3,2,1,Clinic Camp,1.104
C01619,R064,D0073,P004,2024-04-06,1,1,4,In-person,0.699
C01620,R017,D0434,P007,2024-04-24,1,1,5,In-person,0.757
C01621,R040,D0043,P005,2024-04-03,1,1,6,Clinic Camp,0.791
C01622,R056,D0605,P007,2024-04-27,3,1,4,In-person,0.882
C01623,R030,D0060,P006,2024-04-01,1,1,0,In-person,0.652
C01624,R069,D0215,P008,2024-04-10,1,1,2,In-person,0.783
C01625,R060,D0427,P005,2024-04-07,3,2,1,In-person,0.996
C01626,R014,D0190,P005,2024-04-08,3,2,6,In-person,1.098
C01627,R042,D0210,P005,2024-04-15,2,2,0,In-person,0.915
C01628,R010,D0692,P003,2024-04-23,3,2,2,In-person,0.943
C01629,R031,D0683,P004,2024-04-12,1,1,3,In-person,0.731
C01630,R057,D0107,P002,2024-04-16,2,2,2,Clinic Camp,0.996
C01631,R056,D0659,P004,2024-04-30,2,2,5,In-person,0.918
C01632,R065,D0462,P002,2024-04-15,2,1,0,Clinic Camp,0.737
C01633,R017,D0083,P004,2024-04-24,4,1,6,In-person,1.102
C01634,R053,D0824,P008,2024-04-12,1,2,2,In-person,0.835
C01635,R044,D0337,P004,2024-04-03,3,2,2,Virtual,0.936
C01636,R054,D0256,P006,2024-04-08,2,2,6,In-person,0.938
C01637,R057,D0132,P004,2024-04-05,2,2,1,In-person,0.978
C01638,R040,D0730,P008,2024-04-28,1,2,3,Clinic Camp,0.901
C01639,R010,D0197,P002,2024-04-01,3,1,0,In-person,0.869
C01640,R032,D0502,P007,2024-04-25,1,1,3,Clinic Camp,0.671
C01641,R071,D0187,P006,2024-04-05,1,2,2,In-person,0.855
C01642,R018,D0694,P008,2024-04-05,2,1,5,In-person,0.853
C01643,R066,D0618,P002,2024-04-16,4,1,3,Virtual,0.901
C01644,R070,D0418,P008,2024-04-03,1,1,4,In-person,0.734
C01645,R002,D0303,P008,2024-04-03,1,1,6,In-person,0.874
C01646,R058,D0484,P003,2024-04-24,2,2,6,In-person,1.077
C01647,R057,D0406,P005,2024-04-02,1,1,1,In-person,0.643
C01648,R051,D0803,P005,2024-04-18,3,1,3,Clinic Camp,0.829
C01649,R050,D0664,P001,2024-04-04,2,1,5,In-person,0.926
C01650,R042,D0025,P005,2024-04-03,3,1,0,Virtual,0.817
C01651,R034,D0641,P006,2024-04-21,1,2,3,In-person,0.898
C01652,R024,D0147,P002,2024-04-12,1,1,3,In-person,0.73
C01653,R016,D0344,P003,2024-04-01,1,2,6,Virtual,0.954
C01654,R053,D0401,P005,2024-04-21,3,1,0,In-person,0.74
C01655,R072,D0160,P008,2024-04-30,3,2,6,In-person,1.092
C01656,R054,D0820,P001,2024-04-17,1,1,1,Virtual,0.56
C01657,R012,D0815,P008,2024-04-12,2,2,6,In-person,1.052
C01658,R028,D0155,P007,2024-04-26,3,2,4,In-person,1.009
C01659,R019,D0220,P007,2024-04-11,1,1,2,Virtual,0.781
C01660,R050,D0326,P001,2024-04-19,1,1,0,In-person,0.729
C01661,R011,D0574,P005,2024-04-15,3,1,2,In-person,0.75
C01662,R038,D0487,P003,2024-04-22,3,2,5,Virtual,1.139
C01663,R026,D0664,P008,2024-04-16,3,2,1,Clinic Camp,0.985
C01664,R028,D0027,P006,2024-04-15,2,1,4,Virtual,0.913
C01665,R018,D0405,P006,2024-04-13,4,1,1,In-person,0.874
C01666,R061,D0117,P001,2024-04-09,1,1,0,In-person,0.729
C01667,R019,D0172,P008,2024-04-15,1,2,4,Virtual,0.767
C01668,R063,D0585,P004,2024-04-02,3,2,5,Clinic Camp,1.042
C01669,R039,D0114,P002,2024-04-11,4,1,6,In-person,0.953
C01670,R050,D0003,P007,2024-04-03,1,2,3,In-person,1.255
C01671,R065,D0470,P008,2024-04-10,3,1,4,Clinic Camp,0.97
C01672,R034,D0542,P004,2024-04-11,4,1,4,In-person,1.098
C01673,R003,D0527,P006,2024-04-01,3,1,2,In-person,0.866
C01674,R006,D0161,P005,2024-04-09,4,2,0,In-person,1.042
C01675,R067,D0670,P003,2024-04-21,2,1,1,Virtual,0.87
C01676,R010,D0238,P006,2024-04-30,4,2,2,In-person,0.96
C01677,R016,D0581,P008,2024-04-19,2,1,4,In-person,0.798
C01678,R055,D0232,P008,2024-04-22,2,1,2,In-person,0.894
C01679,R059,D0770,P006,2024-04-21,1,1,1,In-person,0.711
C01680,R050,D0239,P003,2024-04-29,4,1,6,In-person,0.968
C01681,R043,D0797,P008,2024-04-29,3,1,0,In-person,0.8
C01682,R017,D0434,P008,2024-04-04,4,2,5,In-person,1.002
C01683,R036,D0704,P001,2024-04-15,3,2,0,Clinic Camp,0.783
C01684,R041,D0470,P003,2024-04-28,2,2,2,In-person,0.77
C01685,R029,D0054,P005,2024-04-27,1,1,5,In-person,0.804
C01686,R053,D0090,P005,2024-04-17,3,1,5,In-person,0.994
C01687,R069,D0283,P006,2024-04-14,2,1,2,Virtual,1.018
C01688,R026,D0184,P005,2024-04-02,3,1,0,In-person,0.847
C01689,R072,D0493,P001,2024-04-15,4,1,6,In-person,0.926
C01690,R070,D0082,P002,2024-04-16,3,2,6,In-person,1.046
C01691,R071,D0498,P007,2024-04-19,2,1,3,In-person,0.89
C01692,R041,D0163,P006,2024-04-16,4,2,0,In-person,1.092
C01693,R068,D0314,P006,2024-04-07,3,1,4,Virtual,0.997
C01694,R035,D0357,P004,2024-04-30,2,1,5,In-person,0.916
C01695,R034,D0410,P003,2024-04-07,4,1,5,In-person,1.018
C01696,R024,D0312,P003,2024-04-12,2,1,5,In-person,0.929
C01697,R043,D0264,P006,2024-04-16,1,1,6,In-person,0.723
C01698,R006,D0256,P005,2024-04-09,1,1,3,In-person,0.603
C01699,R047,D0284,P002,2024-04-03,3,2,1,In-person,1.125
C01700,R020,D0431,P004,2024-04-19,3,1,4,In-person,0.918
C01701,R058,D0692,P007,2024-04-08,4,1,1,In-person,0.981
C01702,R029,D0550,P005,2024-04-27,1,1,4,In-person,0.558
C01703,R025,D0346,P007,2024-04-24,2,1,1,In-person,0.922
C01704,R027,D0667,P005,2024-04-13,1,2,0,In-person,0.892
C01705,R044,D0546,P004,2024-04-14,2,2,3,Virtual,0.799
C01706,R046,D0821,P008,2024-04-29,4,2,4,Clinic Camp,1.057
C01707,R054,D0559,P005,2024-04-01,4,1,1,In-person,0.959
C01708,R021,D0206,P002,2024-04-12,2,2,5,In-person,0.859
C01709,R045,D0455,P004,2024-04-02,1,1,4,Virtual,0.821
C01710,R033,D0717,P006,2024-04-05,4,1,5,In-person,1.094
C01711,R023,D0182,P003,2024-04-28,1,1,2,In-person,0.772
C01712,R027,D0166,P004,2024-04-04,1,1,4,In-person,0.657
C01713,R063,D0494,P007,2024-04-29,2,2,6,In-person,0.895
C01714,R025,D0792,P004,2024-04-24,4,1,1,Clinic Camp,0.928
C01715,R027,D0226,P003,2024-04-20,4,2,5,Virtual,1.08
C01716,R035,D0485,P001,2024-04-23,2,1,4,In-person,0.834
C01717,R039,D0533,P004,2024-04-06,2,1,5,Virtual,0.849
C01718,R005,D0647,P007,2024-04-04,1,2,4,In-person,0.728
C01719,R040,D0105,P003,2024-04-12,2,2,4,Virtual,1.006
C01720,R014,D0347,P004,2024-04-23,3,2,5,In-person,1.08
C01721,R066,D0758,P006,2024-04-10,2,2,0,Virtual,0.912
C01722,R059,D0741,P008,2024-04-06,4,1,0,Virtual,0.954
C01723,R014,D0653,P007,2024-04-24,2,2,0,In-person,0.847
C01724,R047,D0029,P003,2024-04-20,4,2,6,In-person,1.069
C01725,R070,D0351,P002,2024-04-17,3,1,3,In-person,0.823
C01726,R041,D0046,P006,2024-04-13,3,1,6,In-person,1.081
C01727,R015,D0208,P003,2024-04-24,4,2,6,Virtual,1.116
C01728,R049,D0760,P004,2024-04-23,4,2,2,In-person,0.913
C01729,R013,D0266,P001,2024-05-12,2,1,0,In-person,0.778
C01730,R056,D0188,P007,2024-05-05,2,2,5,In-person,0.793
C01731,R021,D0548,P002,2024-05-27,3,1,2,In-person,0.906
C01732,R012,D0745,P004,2024-05-05,1,2,2,In-person,0.847
C01733,R056,D0537,P004,2024-05-14,3,2,5,In-person,0.987
C01734,R050,D0723,P001,2024-05-28,2,1,3,Clinic Camp,0.759
C01735,R005,D0678,P007,2024-05-13,4,2,2,In-person,1.091
C01736,R029,D0625,P005,2024-05-26,1,1,2,Clinic Camp,0.739
C01737,R056,D0697,P005,2024-05-16,3,1,6,In-person,0.803
C01738,R001,D0263,P002,2024-05-24,3,2,2,In-person,1.072
C01739,R004,D0320,P001,2024-05-19,1,1,6,In-person,0.743
C01740,R001,D0552,P001,2024-05-09,3,1,4,In-person,0.817
C01741,R046,D0514,P006,2024-05-28,3,2,0,Clinic Camp,1.049
C01742,R062,D0412,P006,2024-05-15,2,1,0,In-person,0.865
C01743,R031,D0459,P007,2024-05-15,3,2,4,In-person,0.978
C01744,R052,D0169,P007,2024-05-21,2,1,0,Clinic Camp,0.68
C01745,R068,D0607,P004,2024-05-29,3,2,1,In-person,0.885
C01746,R022,D0082,P001,2024-05-28,1,1,3,In-person,0.729
C01747,R031,D0460,P002,2024-05-13,2,1,3,In-person,0.931
C01748,R048,D0348,P007,2024-05-08,1,1,6,In-person,0.922
C01749,R064,D0608,P007,2024-05-11,1,1,6,In-person,0.831
C01750,R034,D0353,P005,2024-05-09,1,1,6,In-person,0.87
C01751,R014,D0014,P001,2024-05-10,1,2,0,In-person,0.783
C01752,R070,D0418,P007,2024-05-14,3,2,5,In-person,0.96
C01753,R033,D0207,P007,2024-05-01,1,1,6,In-person,0.698
C01754,R029,D0310,P002,2024-05-17,2,1,4,Clinic Camp,0.878
C01755,R060,D0268,P007,2024-05-27,1,2,6,In-person,0.98
C01756,R035,D0191,P006,2024-05-14,2,1,5,In-person,0.829
C01757,R046,D0821,P008,2024-05-03,1,2,4,In-person,0.967
C01758,R020,D0321,P006,2024-05-13,2,2,2,In-person,0.875
C01759,R036,D0427,P001,2024-05-11,1,2,2,In-person,0.843
C01760,R026,D0723,P006,2024-05-19,3,2,2,In-person,0.958
C01761,R012,D0304,P001,2024-05-08,2,2,1,Clinic Camp,0.987
C01762,R033,D0836,P003,2024-05-10,3,2,4,In-person,1.051
C01763,R071,D0322,P007,2024-05-24,4,1,3,In-person,0.969
C01764,R010,D0755,P008,2024-05-06,2,2,2,In-person,0.912
C01765,R055,D0459,P004,2024-05-29,3,2,1,In-person,0.863
C01766,R066,D0020,P003,2024-05-10,4,1,3,In-person,0.795
C01767,R038,D0752,P004,2024-05-26,2,2,0,In-person,0.827
C01768,R030,D0744,P002,2024-05-03,1,1,2,Clinic Camp,0.73
C01769,R023,D0843,P005,2024-05-10,3,2,0,In-person,0.983
C01770,R026,D0151,P004,2024-05-12,3,1,2,In-person,0.873
C01771,R057,D0775,P001,2024-05-15,2,1,4,In-person,0.814
C01772,R016,D0360,P005,2024-05-03,2,1,4,In-person,0.616
C01773,R072,D0620,P006,2024-05-08,1,1,0,Clinic Camp,0.752
C01774,R041,D0818,P006,2024-05-28,3,1,4,In-person,0.939
C01775,R049,D0133,P008,2024-05-29,3,2,2,Clinic Camp,1.041
C01776,R026,D0326,P006,2024-05-14,3,1,3,Virtual,0.906
C01777,R040,D0331,P006,2024-05-04,2,2,4,In-person,1.034
C01778,R019,D0218,P002,2024-05-09,1,1,0,Clinic Camp,0.666
C01779,R014,D0487,P004,2024-05-30,3,1,1,Clinic Camp,0.865
C01780,R016,D0373,P004,2024-05-29,3,1,1,In-person,0.887
C01781,R054,D0603,P008,2024-05-26,1,1,2,Clinic Camp,0.799
C01782,R013,D0601,P004,2024-05-27,1,1,0,In-person,0.743
C01783,R005,D0148,P006,2024-05-23,2,1,0,In-person,0.818
C01784,R042,D0025,P005,2024-05-20,1,1,3,In-person,0.786
C01785,R042,D0522,P001,2024-05-24,1,1,0,Virtual,0.695
C01786,R042,D0135,P008,2024-05-21,3,1,3,In-person,0.976
C01787,R047,D0134,P006,2024-05-11,2,1,1,In-person,0.664
C01788,R066,D0417,P002,2024-05-20,2,1,6,In-person,0.838
C01789,R012,D0164,P001,2024-05-10,3,2,0,Clinic Camp,1.067
C01790,R028,D0186,P008,2024-05-20,1,2,3,Clinic Camp,0.8
C01791,R024,D0289,P003,2024-05-12,1,2,3,In-person,0.848
C01792,R065,D0486,P001,2024-05-16,2,2,5,Clinic Camp,1.071
C01793,R061,D0700,P005,2024-05-06,2,1,0,In-person,0.77
C01794,R062,D0786,P001,2024-05-30,3,1,6,Clinic Camp,0.891
C01795,R070,D0590,P002,2024-05-24,1,2,2,In-person,0.932
C01796,R071,D0763,P008,2024-05-04,2,2,0,In-person,0.847
C01797,R008,D0480,P001,2024-05-15,3,1,5,In-person,0.922
C01798,R063,D0332,P007,2024-05-15,4,1,3,In-person,0.816
C01799,R018,D0644,P005,2024-05-28,3,2,4,In-person,1.002
C01800,R042,D0244,P003,2024-05-24,3,1,6,In-person,1.013
C01801,R068,D0688,P003,2024-05-28,4,2,2,Virtual,1.012
C01802,R056,D0834,P004,2024-05-15,3,1,6,In-person,0.855
C01803,R007,D0429,P005,2024-05-05,3,1,6,In-person,0.92
C01804,R051,D0615,P008,2024-05-23,3,1,3,Clinic Camp,0.855
C01805,R002,D0721,P003,2024-05-07,4,2,5,In-person,1.08
C01806,R054,D0665,P005,2024-05-20,4,1,0,In-person,0.879
C01807,R044,D0315,P006,2024-05-13,1,1,4,In-person,0.915
C01808,R014,D0776,P001,2024-05-11,2,1,0,In-person,0.804
C01809,R031,D0461,P008,2024-05-04,3,2,3,In-person,0.855
C01810,R040,D0065,P008,2024-05-25,3,1,5,Clinic Camp,0.946
C01811,R046,D0082,P001,2024-05-22,2,2,0,In-person,0.867
C01812,R003,D0656,P003,2024-05-11,3,2,2,In-person,1.072
C01813,R016,D0373,P007,2024-05-23,2,2,2,In-person,0.894
C01814,R005,D0090,P007,2024-05-31,3,2,1,Virtual,0.943
C01815,R022,D0441,P002,2024-05-23,3,1,3,Clinic Camp,1.053
C01816,R025,D0553,P008,2024-05-30,4,2,5,In-person,1.014
C01817,R045,D0009,P003,2024-05-15,4,1,6,Clinic Camp,1.092
C01818,R037,D0252,P003,2024-05-12,3,1,6,In-person,0.963
C01819,R013,D0307,P003,2024-05-27,4,1,6,In-person,0.988
C01820,R061,D0663,P006,2024-05-21,4,1,1,In-person,0.886
C01821,R002,D0662,P002,2024-05-19,2,1,0,Clinic Camp,0.889
C01822,R005,D0054,P005,2024-05-20,4,2,1,In-person,1.065
C01823,R043,D0526,P001,2024-05-31,3,1,6,In-person,1.006
C01824,R047,D0763,P002,2024-05-22,4,2,1,In-person,1.099
C01825,R052,D0045,P007,2024-05-26,1,1,5,In-person,0.827
C01826,R004,D0830,P004,2024-05-02,2,2,2,Virtual,0.821
C01827,R060,D0139,P007,2024-05-23,3,2,4,In-person,0.886
C01828,R017,D0505,P006,2024-05-10,3,2,5,Clinic Camp,1.153
C01829,R055,D0391,P008,2024-05-04,2,1,6,In-person,0.905
C01830,R024,D0568,P002,2024-05-09,1,2,0,In-person,0.806
C01831,R022,D0655,P008,2024-05-26,1,1,2,In-person,0.89
C01832,R054,D0710,P008,2024-05-26,3,1,0,In-person,0.765
C01833,R023,D0739,P004,2024-05-10,1,2,2,In-person,0.634
C01834,R065,D0630,P002,2024-05-06,1,2,2,In-person,0.691
C01835,R027,D0217,P002,2024-05-13,4,1,6,In-person,0.986
C01836,R021,D0311,P005,2024-05-11,4,1,4,In-person,1.001
C01837,R007,D0651,P001,2024-05-15,1,2,0,In-person,0.911
C01838,R011,D0191,P001,2024-05-25,1,1,3,In-person,0.831
C01839,R069,D0455,P005,2024-05-11,2,2,4,Clinic Camp,0.737
C01840,R011,D0496,P005,2024-05-06,3,2,5,Clinic Camp,1.254
C01841,R066,D0758,P007,2024-05-04,1,2,5,In-person,0.857
C01842,R019,D0021,P008,2024-05-22,4,1,1,In-person,1.036
C01843,R035,D0091,P003,2024-05-07,2,1,6,In-person,0.932
C01844,R017,D0018,P003,2024-05-07,3,1,6,In-person,0.958
C01845,R061,D0379,P002,2024-05-25,1,2,1,In-person,0.799
C01846,R031,D0536,P002,2024-05-03,2,2,4,In-person,0.853
C01847,R067,D0524,P004,2024-05-21,3,2,4,In-person,0.909
C01848,R039,D0183,P008,2024-05-01,3,2,6,In-person,1.035
C01849,R070,D0228,P008,2024-05-30,1,2,0,Clinic Camp,0.689
C01850,R069,D0293,P008,2024-05-23,2,1,1,In-person,0.93
C01851,R006,D0059,P004,2024-05-26,1,2,6,Clinic Camp,0.916
C01852,R015,D0585,P006,2024-05-21,2,2,0,In-person,1.037
C01853,R063,D0011,P006,2024-05-13,1,2,3,In-person,0.819
C01854,R046,D0514,P002,2024-05-31,4,2,2,In-person,0.999
C01855,R048,D0385,P004,2024-05-25,2,1,4,In-person,0.899
C01856,R032,D0834,P005,2024-05-03,2,1,3,In-person,0.813
C01857,R022,D0577,P003,2024-05-18,3,1,5,Clinic Camp,1.018
C01858,R068,D0509,P004,2024-05-17,1,2,0,Clinic Camp,0.915
C01859,R067,D0631,P004,2024-05-09,1,2,3,In-person,0.942
C01860,R033,D0121,P001,2024-05-15,4,1,3,In-person,1.083
C01861,R023,D0134,P007,2024-05-31,3,2,3,Clinic Camp,1.059
C01862,R052,D0356,P008,2024-05-03,1,2,0,In-person,0.756
C01863,R010,D0707,P007,2024-05-29,2,2,3,In-person,1.015
C01864,R034,D0641,P008,2024-05-22,4,2,6,In-person,1.174
C01865,R062,D0325,P004,2024-05-04,1,1,4,In-person,0.733
C01866,R063,D0208,P001,2024-05-10,2,1,0,In-person,0.741
C01867,R014,D0776,P003,2024-05-27,1,1,5,Virtual,0.793
C01868,R070,D0451,P007,2024-05-22,3,2,6,In-person,1.137
C01869,R052,D0128,P002,2024-05-03,3,2,5,In-person,1.039
C01870,R011,D0240,P005,2024-05-05,3,1,0,In-person,0.85
C01871,R055,D0748,P001,2024-05-29,2,2,0,In-person,0.857
C01872,R029,D0816,P003,2024-05-05,2,2,1,Clinic Camp,0.86
C01873,R027,D0773,P001,2024-05-20,3,1,2,Clinic Camp,0.793
C01874,R065,D0018,P001,2024-05-31,4,2,6,In-person,1.182
C01875,R044,D0688,P002,2024-05-06,4,2,3,In-person,0.983
C01876,R008,D0171,P005,2024-05-02,4,1,6,In-person,1.033
C01877,R029,D0735,P006,2024-05-26,1,2,0,Clinic Camp,0.767
C01878,R033,D0811,P003,2024-05-30,2,1,5,In-person,0.931
C01879,R028,D0285,P007,2024-05-16,2,2,5,In-person,0.933
C01880,R067,D0125,P004,2024-05-08,4,2,6,In-person,1.038
C01881,R001,D0613,P006,2024-05-02,2,2,3,Clinic Camp,1.003
C01882,R050,D0131,P005,2024-05-29,1,2,4,In-person,0.806
C01883,R072,D0482,P006,2024-05-25,2,1,0,Clinic Camp,0.792
C01884,R008,D0366,P008,2024-05-28,1,2,6,In-person,1.01
C01885,R053,D0401,P008,2024-05-25,2,1,4,Virtual,0.794
C01886,R032,D0657,P005,2024-05-14,2,1,4,In-person,0.844
C01887,R015,D0844,P008,2024-05-15,3,1,2,In-person,0.852
C01888,R049,D0346,P006,2024-05-12,1,2,0,Clinic Camp,0.811
C01889,R054,D0242,P003,2024-05-23,3,1,5,In-person,0.935
C01890,R020,D0688,P008,2024-05-04,3,1,5,Clinic Camp,1.014
C01891,R038,D0347,P002,2024-05-02,3,1,1,In-person,0.818
C01892,R059,D0203,P004,2024-05-30,4,1,5,In-person,1.112
C01893,R032,D0705,P002,2024-05-10,1,2,0,In-person,0.928
C01894,R041,D0818,P007,2024-05-02,1,1,4,Clinic Camp,0.803
C01895,R002,D0239,P008,2024-05-21,2,2,0,Virtual,0.807
C01896,R004,D0155,P007,2024-05-13,3,2,5,Virtual,1.027
C01897,R069,D0085,P001,2024-05-08,4,1,3,In-person,0.964
C01898,R048,D0482,P003,2024-05-14,1,2,2,In-person,0.978
C01899,R040,D0344,P003,2024-05-14,2,1,5,In-person,0.862
C01900,R003,D0615,P001,2024-05-19,3,1,5,Clinic Camp,1.051
C01901,R048,D0580,P005,2024-05-29,3,2,4,Clinic Camp,1.021
C01902,R070,D0042,P001,2024-05-28,3,2,5,In-person,1.034
C01903,R017,D0635,P005,2024-05-26,3,2,0,In-person,0.912
C01904,R034,D0038,P005,2024-05-16,1,2,5,In-person,0.869
C01905,R047,D0077,P005,2024-05-18,2,2,4,In-person,1.013
C01906,R058,D0542,P008,2024-05-05,3,1,1,Clinic Camp,0.81
C01907,R062,D0504,P007,2024-05-18,1,1,3,In-person,0.841
C01908,R058,D0823,P003,2024-05-21,4,1,4,In-person,1.107
C01909,R055,D0538,P005,2024-05-28,3,1,5,In-person,0.893
C01910,R060,D0361,P007,2024-05-02,3,2,3,In-person,1.091
C01911,R049,D0611,P007,2024-05-27,3,2,1,In-person,1.042
C01912,R030,D0649,P006,2024-05-17,4,1,1,In-person,1.008
C01913,R007,D0579,P001,2024-05-03,1,1,5,In-person,0.749
C01914,R057,D0317,P004,2024-05-31,4,2,6,In-person,1.108
C01915,R021,D0807,P007,2024-05-15,1,2,4,In-person,0.862
C01916,R058,D0197,P001,2024-05-13,4,1,5,In-person,1.177
C01917,R048,D0305,P005,2024-05-06,1,1,4,In-person,0.781
C01918,R072,D0180,P005,2024-05-03,2,1,3,In-person,0.819
C01919,R035,D0342,P002,2024-05-03,3,1,2,In-person,0.794
C01920,R015,D0179,P003,2024-05-09,3,1,3,Virtual,0.826
C01921,R059,D0530,P008,2024-05-10,1,2,0,In-person,0.745
C01922,R043,D0634,P005,2024-05-15,2,1,4,Clinic Camp,0.881
C01923,R036,D0361,P008,2024-05-19,4,2,1,Clinic Camp,0.914
C01924,R018,D0703,P004,2024-05-31,1,2,6,In-person,0.855
C01925,R021,D0319,P007,2024-05-25,4,1,5,In-person,0.861
C01926,R051,D0383,P005,2024-05-16,3,1,3,Clinic Camp,1.016
C01927,R018,D0064,P008,2024-05-29,4,2,4,In-person,1.091
C01928,R006,D0794,P003,2024-05-18,4,1,0,Virtual,0.945
C01929,R063,D0114,P004,2024-05-14,1,2,4,In-person,0.785
C01930,R058,D0104,P001,2024-05-07,4,1,5,In-person,1.103
C01931,R043,D0779,P002,2024-05-14,2,2,3,In-person,1.044
C01932,R072,D0396,P002,2024-05-02,2,2,6,In-person,0.983
C01933,R059,D0079,P002,2024-05-05,4,2,0,In-person,0.972
C01934,R064,D0400,P003,2024-05-30,2,1,6,In-person,0.932
C01935,R026,D0582,P007,2024-05-07,3,2,2,In-person,1.035
C01936,R009,D0035,P004,2024-05-18,3,2,0,In-person,1.01
C01937,R045,D0558,P007,2024-05-04,2,2,4,In-person,0.995
C01938,R064,D0535,P007,2024-05-19,4,2,4,In-person,1.159
C01939,R043,D0017,P008,2024-05-31,4,2,0,Clinic Camp,0.955
C01940,R039,D0494,P005,2024-05-15,3,1,2,In-person,0.959
C01941,R057,D0207,P007,2024-05-04,3,2,6,In-person,1.012
C01942,R034,D0542,P004,2024-05-01,1,2,1,In-person,0.617
C01943,R044,D0355,P006,2024-05-24,3,2,0,Virtual,0.903
C01944,R019,D0140,P007,2024-05-04,4,2,5,In-person,1.056
C01945,R054,D0532,P002,2024-05-10,4,2,4,In-person,1.101
C01946,R052,D0313,P001,2024-05-27,3,2,3,In-person,1.061
C01947,R029,D0290,P002,2024-05-17,4,1,2,Clinic Camp,0.971
C01948,R031,D0768,P006,2024-05-28,4,2,6,In-person,1.279
C01949,R017,D0531,P004,2024-05-28,3,1,6,Virtual,0.916
C01950,R013,D0308,P003,2024-05-21,4,2,0,In-person,0.851
C01951,R002,D0201,P007,2024-05-30,1,2,5,Clinic Camp,0.912
C01952,R025,D0552,P001,2024-05-02,3,1,3,In-person,0.86
C01953,R007,D0010,P002,2024-05-08,3,2,2,In-person,0.889
C01954,R030,D0794,P004,2024-05-09,2,1,2,In-person,0.792
C01955,R068,D0034,P008,2024-05-29,3,1,3,In-person,0.841
C01956,R071,D0571,P006,2024-05-20,4,1,4,In-person,0.937
C01957,R049,D0294,P006,2024-05-08,3,2,6,In-person,1.17
C01958,R028,D0560,P006,2024-05-07,2,2,0,In-person,0.88
C01959,R069,D0248,P003,2024-05-25,2,1,4,In-person,0.831
C01960,R013,D0015,P004,2024-05-27,3,2,0,In-person,1.068
C01961,R045,D0807,P008,2024-05-01,3,1,0,Virtual,0.826
C01962,R021,D0669,P006,2024-05-12,2,1,2,In-person,0.718
C01963,R059,D0037,P005,2024-05-17,3,2,5,Virtual,0.924
C01964,R012,D0062,P001,2024-05-08,2,1,2,In-person,0.81
C01965,R009,D0495,P006,2024-05-23,4,2,2,Clinic Camp,0.915
C01966,R011,D0826,P003,2024-05-24,3,1,6,In-person,0.864
C01967,R025,D0553,P004,2024-05-27,4,2,1,In-person,0.997
C01968,R020,D0034,P006,2024-05-25,2,2,5,In-person,1.051
C01969,R042,D0475,P004,2024-05-27,2,2,5,In-person,1.063
C01970,R035,D0397,P005,2024-05-12,2,2,4,Clinic Camp,0.995
C01971,R046,D0492,P001,2024-05-10,3,2,6,Clinic Camp,1.048
C01972,R060,D0304,P002,2024-05-10,3,2,6,In-person,1.002
C01973,R071,D0029,P005,2024-05-27,3,2,0,In-person,0.971
C01974,R027,D0040,P008,2024-05-21,4,2,1,In-person,1.171
C01975,R061,D0483,P007,2024-05-11,3,2,2,In-person,0.987
C01976,R057,D0554,P004,2024-05-23,4,2,4,In-person,1.045
C01977,R030,D0254,P008,2024-05-08,1,1,1,In-person,0.715
C01978,R050,D0131,P003,2024-05-09,2,2,4,Clinic Camp,0.921
C01979,R025,D0672,P008,2024-05-01,3,1,6,In-person,1.002
C01980,R049,D0094,P004,2024-05-30,2,1,0,In-person,0.719
C01981,R037,D0087,P001,2024-05-08,3,1,6,In-person,0.99
C01982,R040,D0400,P001,2024-05-24,3,2,3,In-person,1.039
C01983,R015,D0563,P008,2024-05-04,2,1,6,In-person,0.916
C01984,R064,D0831,P006,2024-05-02,3,1,4,In-person,0.835
C01985,R003,D0615,P002,2024-05-21,4,1,0,In-person,0.908
C01986,R019,D0797,P008,2024-05-04,3,1,6,In-person,0.916
C01987,R016,D0535,P001,2024-05-05,4,1,0,In-person,0.914
C01988,R041,D0635,P003,2024-05-11,1,1,1,In-person,0.675
C01989,R061,D0087,P006,2024-05-19,4,1,3,In-person,1.073
C01990,R031,D0051,P001,2024-05-01,4,2,6,In-person,1.133
C01991,R051,D0616,P008,2024-05-04,4,2,1,In-person,0.899
C01992,R008,D0834,P006,2024-05-11,3,1,3,In-person,0.798
C01993,R066,D0522,P008,2024-05-22,2,1,0,Clinic Camp,0.876
C01994,R038,D0288,P007,2024-05-04,3,2,2,In-person,0.962
C01995,R016,D0436,P007,2024-05-09,4,1,1,Clinic Camp,0.907
C01996,R007,D0154,P002,2024-05-06,4,2,2,Virtual,1.136
C01997,R066,D0249,P002,2024-05-10,4,1,4,In-person,0.98
C01998,R037,D0601,P002,2024-05-08,4,2,5,In-person,1.004
C01999,R030,D0161,P002,2024-05-20,3,1,4,In-person,0.832
C02000,R030,D0525,P006,2024-05-03,2,2,0,In-person,0.92
C02001,R018,D0229,P001,2024-05-30,1,2,5,In-person,1.052
C02002,R044,D0511,P004,2024-05-08,4,2,4,In-person,1.149
C02003,R034,D0575,P005,2024-05-31,1,2,0,In-person,0.769
C02004,R048,D0713,P005,2024-05-23,1,1,6,In-person,0.8
C02005,R058,D0271,P004,2024-05-12,2,2,5,In-person,0.964
C02006,R023,D0737,P002,2024-05-10,3,2,4,Virtual,0.85
C02007,R071,D0571,P001,2024-05-30,3,2,3,In-person,0.996
C02008,R010,D0734,P008,2024-05-31,2,2,5,In-person,1.007
C02009,R039,D0576,P004,2024-05-19,3,2,2,Clinic Camp,1.118
C02010,R039,D0415,P005,2024-05-02,4,1,5,Virtual,1.097
C02011,R023,D0519,P005,2024-05-29,4,2,4,In-person,1.236
C02012,R050,D0261,P003,2024-05-15,4,1,4,Clinic Camp,1.126
C02013,R051,D0616,P006,2024-05-01,4,1,5,Clinic Camp,1.122
C02014,R010,D0513,P004,2024-05-25,1,2,1,In-person,0.82
C02015,R009,D0551,P004,2024-05-02,1,1,0,In-person,0.738
C02016,R005,D0090,P007,2024-05-12,1,1,3,In-person,0.63
C02017,R010,D0362,P003,2024-05-03,1,2,5,Virtual,0.9
C02018,R035,D0600,P006,2024-05-14,4,2,1,In-person,1.073
C02019,R043,D0140,P006,2024-05-25,3,2,3,Virtual,0.971
C02020,R046,D0650,P001,2024-05-05,4,1,6,In-person,0.905
C02021,R021,D0727,P006,2024-05-05,2,2,4,In-person,1.069
C02022,R060,D0506,P007,2024-05-30,4,1,0,In-person,0.952
C02023,R040,D0798,P003,2024-05-06,4,1,6,In-person,1.166
C02024,R036,D0804,P008,2024-05-04,1,1,6,In-person,0.877
C02025,R036,D0370,P001,2024-05-19,4,2,4,In-person,1.191
C02026,R044,D0756,P002,2024-05-09,1,2,4,In-person,0.965
C02027,R044,D0774,P008,2024-05-30,2,2,4,In-person,0.888
C02028,R035,D0093,P007,2024-05-06,1,2,4,In-person,0.831
C02029,R047,D0850,P007,2024-05-18,3,2,2,In-person,0.942
C02030,R041,D0018,P005,2024-05-29,1,1,4,In-person,0.705
C02031,R062,D0468,P002,2024-05-23,4,2,3,In-person,1.205
C02032,R003,D0803,P004,2024-05-01,2,2,5,In-person,0.963
C02033,R036,D0704,P005,2024-05-06,4,1,5,Clinic Camp,1.047
C02034,R036,D0164,P001,2024-05-04,2,1,4,In-person,0.746
C02035,R022,D0492,P005,2024-05-29,3,1,6,In-person,1.023
C02036,R005,D0148,P001,2024-05-07,3,2,3,In-person,0.961
C02037,R019,D0172,P002,2024-05-02,4,1,5,Clinic Camp,1.111
C02038,R037,D0761,P002,2024-05-12,2,2,2,In-person,0.851
C02039,R009,D0049,P002,2024-05-09,3,1,5,In-person,1.047
C02040,R007,D0780,P001,2024-05-06,2,2,1,Clinic Camp,0.963
C02041,R006,D0512,P008,2024-05-15,1,2,4,In-person,0.835
C02042,R045,D0009,P007,2024-05-28,4,1,0,In-person,1.033
C02043,R026,D0721,P005,2024-05-08,3,1,5,In-person,1.032
C02044,R040,D0065,P003,2024-05-31,2,2,2,In-person,0.945
C02045,R054,D0256,P002,2024-05-21,4,1,1,In-person,0.859
C02046,R033,D0214,P008,2024-05-12,4,2,2,In-person,1.11
C02047,R014,D0653,P007,2024-05-22,4,1,2,In-person,0.961
C02048,R059,D0390,P007,2024-05-11,2,1,0,In-person,0.784
C02049,R004,D0454,P004,2024-05-07,1,2,3,In-person,0.86
C02050,R064,D0067,P001,2024-05-08,2,1,0,In-person,0.778
C02051,R011,D0593,P006,2024-05-01,2,1,3,Virtual,0.765
C02052,R053,D0699,P004,2024-05-21,1,1,2,In-person,0.625
C02053,R032,D0265,P003,2024-05-03,3,1,4,Virtual,0.784
C02054,R001,D0792,P003,2024-05-07,2,1,1,Virtual,0.822
C02055,R004,D0320,P001,2024-05-01,4,2,6,Clinic Camp,0.924
C02056,R029,D0647,P007,2024-05-03,1,1,0,In-person,0.768
C02057,R020,D0314,P002,2024-05-29,3,1,5,In-person,0.98
C02058,R022,D0802,P007,2024-05-01,3,2,2,In-person,0.952
C02059,R014,D0198,P008,2024-05-20,1,2,5,In-person,0.972
C02060,R053,D0598,P001,2024-05-11,2,1,4,In-person,0.831
C02061,R065,D0053,P005,2024-05-05,4,1,5,Virtual,1.043
C02062,R047,D0031,P001,2024-05-10,2,2,3,In-person,0.767
C02063,R069,D0084,P007,2024-05-03,3,2,5,Clinic Camp,0.851
C02064,R071,D0808,P005,2024-05-10,3,2,4,In-person,0.993
C02065,R027,D0177,P001,2024-05-26,4,2,4,In-person,1.116
C02066,R042,D0694,P007,2024-05-20,3,2,4,In-person,1.088
C02067,R067,D0471,P007,2024-05-26,4,1,1,Clinic Camp,0.924
C02068,R012,D0118,P008,2024-05-22,4,1,5,In-person,1.03
C02069,R006,D0512,P004,2024-05-29,1,2,5,Clinic Camp,0.953
C02070,R006,D0525,P008,2024-05-04,4,2,5,Clinic Camp,1.09
C02071,R028,D0245,P006,2024-05-05,4,1,1,In-person,0.985
C02072,R015,D0494,P005,2024-05-13,1,1,2,In-person,0.656
C02073,R062,D0693,P003,2024-05-17,2,1,5,In-person,0.737
C02074,R012,D0806,P003,2024-05-25,2,1,1,Clinic Camp,0.755
C02075,R039,D0387,P005,2024-05-04,4,2,0,Clinic Camp,1.072
C02076,R037,D0761,P006,2024-05-04,2,2,2,In-person,0.849
C02077,R056,D0784,P001,2024-05-25,1,2,3,In-person,0.906
C02078,R025,D0033,P004,2024-05-18,1,2,6,Virtual,0.826
C02079,R024,D0520,P001,2024-05-13,4,1,2,In-person,0.909
C02080,R068,D0676,P004,2024-05-07,1,1,1,In-person,0.747
C02081,R026,D0003,P007,2024-05-22,2,2,4,In-person,0.889
C02082,R033,D0551,P006,2024-05-25,3,1,6,In-person,0.918
C02083,R063,D0795,P001,2024-05-01,1,1,5,In-person,0.591
C02084,R038,D0198,P006,2024-05-02,1,2,4,Clinic Camp,0.939
C02085,R028,D0680,P001,2024-05-25,4,1,0,In-person,0.911
C02086,R041,D0788,P001,2024-05-28,2,2,4,Clinic Camp,0.866
C02087,R024,D0520,P008,2024-05-08,2,1,0,Virtual,0.927
C02088,R011,D0567,P001,2024-05-22,4,1,5,In-person,0.947
C02089,R018,D0407,P003,2024-05-27,1,2,6,Clinic Camp,0.867
C02090,R025,D0346,P002,2024-05-04,2,1,4,Clinic Camp,0.775
C02091,R003,D0383,P005,2024-05-06,4,2,1,In-person,1.116
C02092,R051,D0527,P005,2024-05-05,4,2,2,In-person,1.161
C02093,R065,D0470,P007,2024-05-25,2,2,5,In-person,1.067
C02094,R038,D0685,P008,2024-05-24,4,1,5,Clinic Camp,1.116
C02095,R013,D0660,P006,2024-05-05,3,2,5,Virtual,0.982
C02096,R016,D0360,P004,2024-05-06,3,1,0,In-person,0.984
C02097,R045,D0386,P001,2024-05-21,4,2,5,In-person,1.084
C02098,R050,D0201,P008,2024-05-28,3,1,6,In-person,0.835
C02099,R052,D0169,P005,2024-05-25,2,1,0,Clinic Camp,0.746
C02100,R034,D0231,P002,2024-05-06,3,2,3,In-person,1.02
C02101,R015,D0011,P005,2024-05-12,1,1,5,In-person,0.748
C02102,R017,D0635,P004,2024-05-03,2,2,3,Virtual,0.936
C02103,R020,D0193,P003,2024-05-08,3,2,6,In-person,1.091
C02104,R058,D0216,P004,2024-05-18,2,1,4,In-person,0.885
C02105,R068,D0321,P007,2024-05-11,3,1,2,In-person,0.938
C02106,R056,D0212,P002,2024-05-19,2,1,4,In-person,0.838
C02107,R065,D0434,P008,2024-05-10,1,1,4,In-person,0.724
C02108,R032,D0622,P001,2024-05-18,1,2,5,Virtual,0.772
C02109,R055,D0768,P002,2024-05-20,3,1,1,In-person,0.861
C02110,R008,D0212,P006,2024-05-07,1,2,6,In-person,0.865
C02111,R024,D0178,P002,2024-05-02,2,1,6,Clinic Camp,0.879
C02112,R002,D0352,P007,2024-05-11,3,1,1,In-person,0.702
C02113,R002,D0261,P006,2024-05-02,1,2,1,Clinic Camp,0.697
C02114,R064,D0674,P004,2024-05-05,2,2,2,Clinic Camp,0.947
C02115,R053,D0222,P004,2024-05-09,2,2,2,Clinic Camp,0.775
C02116,R057,D0324,P008,2024-05-11,2,1,1,Clinic Camp,0.783
C02117,R020,D0546,P007,2024-05-09,4,2,1,Virtual,0.962
C02118,R037,D0266,P006,2024-05-02,4,2,4,Clinic Camp,1.01
C02119,R053,D0598,P002,2024-05-06,2,2,6,Virtual,0.985
C02120,R067,D0698,P005,2024-05-28,4,1,0,In-person,0.922
C02121,R066,D0407,P001,2024-05-23,1,2,3,In-person,0.898
C02122,R072,D0385,P003,2024-05-14,2,1,1,Virtual,0.71
C02123,R032,D0817,P006,2024-05-01,4,1,1,In-person,0.867
C02124,R039,D0844,P004,2024-05-12,1,2,4,In-person,0.962
C02125,R070,D0848,P008,2024-05-29,2,2,0,In-person,0.852
C02126,R061,D0015,P008,2024-05-26,4,1,0,In-person,0.949
C02127,R028,D0658,P001,2024-05-24,4,1,6,In-person,0.988
C02128,R004,D0728,P008,2024-05-08,4,2,3,In-person,1.1
C02129,R001,D0679,P007,2024-05-13,4,2,0,In-person,0.811
C02130,R055,D0661,P001,2024-05-01,4,1,6,Virtual,1.12
C02131,R047,D0298,P004,2024-05-27,2,2,4,In-person,0.906
C02132,R003,D0656,P008,2024-05-04,2,1,5,In-person,0.77
C02133,R060,D0528,P001,2024-05-20,2,1,4,In-person,0.767
C02134,R067,D0702,P001,2024-05-09,1,2,3,In-person,0.833
C02135,R018,D0253,P005,2024-05-18,1,2,5,In-person,0.881
C02136,R009,D0706,P008,2024-05-26,4,1,2,In-person,0.967
C02137,R051,D0671,P003,2024-05-10,1,1,4,In-person,0.687
C02138,R045,D0727,P007,2024-05-01,3,1,6,Virtual,1.028
C02139,R024,D0147,P006,2024-05-21,1,2,5,In-person,0.848
C02140,R069,D0740,P002,2024-05-17,3,2,3,In-person,0.948
C02141,R019,D0140,P003,2024-05-05,2,1,0,Clinic Camp,0.762
C02142,R063,D0795,P005,2024-05-02,1,2,0,In-person,0.853
C02143,R023,D0031,P004,2024-05-17,2,1,3,In-person,0.831
C02144,R017,D0163,P002,2024-05-20,3,2,4,In-person,0.969
C02145,R009,D0551,P002,2024-05-04,4,2,0,In-person,0.984
C02146,R008,D0480,P005,2024-05-19,2,1,2,In-person,0.914
C02147,R049,D0611,P007,2024-05-14,2,1,2,In-person,0.9
C02148,R059,D0390,P004,2024-05-05,3,2,3,In-person,1.023
C02149,R006,D0006,P008,2024-05-20,2,1,3,In-person,0.846
C02150,R043,D0526,P006,2024-05-21,1,1,1,In-person,0.913
C02151,R038,D0468,P004,2024-05-05,1,2,4,In-person,0.909
C02152,R072,D0396,P006,2024-05-21,2,1,3,Virtual,0.848
C02153,R010,D0231,P004,2024-05-07,2,2,6,In-person,0.962
C02154,R057,D0811,P007,2024-05-19,1,1,2,In-person,0.775
C02155,R041,D0617,P008,2024-05-26,4,1,6,Clinic Camp,0.784
C02156,R001,D0113,P007,2024-05-30,2,1,6,In-person,0.97
C02157,R027,D0071,P002,2024-05-08,3,1,2,In-person,0.784
C02158,R053,D0146,P001,2024-05-11,1,1,2,In-person,0.689
C02159,R027,D0071,P007,2024-05-03,2,1,4,In-person,0.74
C02160,R050,D0681,P007,2024-05-31,2,1,3,In-person,0.775
C02161,R007,D0547,P005,2024-06-10,3,1,4,Clinic Camp,0.895
C02162,R044,D0509,P002,2024-06-25,4,2,1,In-person,1.099
C02163,R016,D0508,P008,2024-06-29,2,1,6,In-person,0.991
C02164,R003,D0690,P004,2024-06-15,2,1,4,In-person,1.007
C02165,R061,D0686,P003,2024-06-21,4,1,0,Virtual,0.928
C02166,R037,D0272,P003,2024-06-15,2,1,1,In-person,0.78
C02167,R064,D0508,P003,2024-06-18,2,2,4,In-person,1.004
C02168,R022,D0463,P003,2024-06-08,1,1,2,In-person,0.678
C02169,R014,D0776,P003,2024-06-26,3,2,2,In-person,0.899
C02170,R002,D0689,P006,2024-06-04,1,1,4,In-person,0.753
C02171,R050,D0261,P001,2024-06-20,1,1,2,In-person,0.743
C02172,R069,D0789,P003,2024-06-28,2,2,6,Clinic Camp,0.813
C02173,R044,D0431,P002,2024-06-25,2,1,4,Clinic Camp,0.937
C02174,R015,D0585,P006,2024-06-23,1,2,2,In-person,0.855
C02175,R054,D0837,P008,2024-06-20,3,1,1,In-person,0.932
C02176,R056,D0642,P007,2024-06-29,4,1,2,In-person,0.83
C02177,R065,D0053,P002,2024-06-26,1,1,0,In-person,0.657
C02178,R007,D0267,P005,2024-06-09,2,1,0,In-person,0.723
C02179,R011,D0687,P001,2024-06-19,3,2,5,In-person,1.014
C02180,R039,D0108,P004,2024-06-13,2,1,5,In-person,0.867
C02181,R054,D0006,P003,2024-06-08,3,1,0,In-person,0.92
C02182,R013,D0199,P005,2024-06-25,2,1,3,In-person,0.842
C02183,R056,D0442,P004,2024-06-02,1,2,2,In-person,0.777
C02184,R026,D0151,P006,2024-06-04,4,2,4,In-person,1.257
C02185,R021,D0085,P005,2024-06-04,4,2,4,In-person,1.061
C02186,R072,D0305,P008,2024-06-07,2,2,5,In-person,0.887
C02187,R021,D0499,P001,2024-06-16,1,2,4,In-person,0.721
C02188,R026,D0479,P008,2024-06-29,1,1,1,Clinic Camp,0.735
C02189,R026,D0721,P007,2024-06-30,4,2,4,In-person,1.137
C02190,R031,D0842,P006,2024-06-28,4,1,5,In-person,0.919
C02191,R024,D0026,P007,2024-06-23,2,2,6,Clinic Camp,1.028
C02192,R033,D0632,P001,2024-06-14,4,2,4,In-person,1.089
C02193,R050,D0156,P002,2024-06-24,1,2,2,In-person,0.694
C02194,R032,D0371,P001,2024-06-09,2,2,3,In-person,0.974
C02195,R017,D0425,P007,2024-06-20,1,1,0,In-person,0.689
C02196,R009,D0673,P003,2024-06-01,3,1,4,In-person,0.832
C02197,R016,D0331,P003,2024-06-28,3,2,0,In-person,1.017
C02198,R061,D0761,P005,2024-06-30,4,2,1,In-person,1.103
C02199,R009,D0324,P004,2024-06-23,4,1,3,Clinic Camp,0.882
C02200,R005,D0735,P006,2024-06-06,3,1,3,Clinic Camp,0.927
C02201,R033,D0836,P008,2024-06-08,3,1,2,Clinic Camp,0.902
C02202,R070,D0418,P003,2024-06-23,3,2,4,In-person,1.007
C02203,R021,D0056,P008,2024-06-15,2,2,6,In-person,0.937
C02204,R005,D0678,P005,2024-06-17,3,1,6,In-person,0.946
C02205,R008,D0433,P004,2024-06-13,1,2,3,Virtual,0.929
C02206,R067,D0264,P008,2024-06-26,1,2,3,Virtual,0.887
C02207,R043,D0399,P004,2024-06-05,4,1,3,Clinic Camp,0.82
C02208,R010,D0197,P002,2024-06-14,2,2,6,In-person,0.807
C02209,R040,D0335,P003,2024-06-07,4,2,6,In-person,0.969
C02210,R022,D0848,P007,2024-06-21,1,1,0,In-person,0.601
C02211,R001,D0259,P005,2024-06-09,2,1,5,In-person,0.81
C02212,R029,D0421,P005,2024-06-09,2,2,0,In-person,0.834
C02213,R008,D0622,P006,2024-06-06,4,2,4,In-person,1.077
C02214,R065,D0163,P002,2024-06-26,2,2,2,In-person,0.903
C02215,R005,D0598,P001,2024-06-07,3,2,3,Virtual,0.99
C02216,R029,D0816,P004,2024-06-27,1,2,5,In-person,0.981
C02217,R039,D0743,P008,2024-06-28,3,1,1,In-person,0.734
C02218,R016,D0065,P002,2024-06-29,2,1,0,In-person,0.807
C02219,R003,D0281,P006,2024-06-11,3,1,3,In-person,0.93
C02220,R007,D0010,P008,2024-06-20,3,2,5,Clinic Camp,0.929
C02221,R006,D0587,P001,2024-06-25,1,2,0,Clinic Camp,0.843
C02222,R004,D0278,P002,2024-06-03,1,2,2,In-person,0.866
C02223,R029,D0816,P007,2024-06-02,1,1,3,In-person,0.761
C02224,R035,D0191,P001,2024-06-07,1,2,1,In-person,0.625
C02225,R066,D0675,P006,2024-06-30,3,2,5,In-person,1.107
C02226,R055,D0391,P007,2024-06-03,2,2,4,Clinic Camp,0.96
C02227,R009,D0835,P003,2024-06-23,4,1,3,Clinic Camp,1.006
C02228,R042,D0135,P003,2024-06-26,1,1,0,In-person,0.439
C02229,R028,D0245,P005,2024-06-28,3,1,0,Clinic Camp,0.807
C02230,R030,D0256,P005,2024-06-16,3,1,1,In-person,0.753
C02231,R072,D0738,P007,2024-06-16,1,2,0,In-person,0.903
C02232,R021,D0548,P005,2024-06-23,3,2,3,In-person,0.906
C02233,R020,D0688,P008,2024-06-20,1,1,6,Virtual,0.936
C02234,R011,D0507,P002,2024-06-24,4,1,5,Clinic Camp,1.086
C02235,R032,D0642,P003,2024-06-11,2,1,1,Clinic Camp,0.816
C02236,R069,D0500,P002,2024-06-29,4,2,1,In-person,1.119
C02237,R036,D0624,P006,2024-06-13,3,2,3,Virtual,0.918
C02238,R012,D0766,P001,2024-06-08,2,1,5,In-person,0.809
C02239,R072,D0738,P007,2024-06-23,1,1,5,In-person,0.874
C02240,R067,D0471,P007,2024-06-19,1,1,3,In-person,0.689
C02241,R050,D0333,P008,2024-06-02,1,1,1,In-person,0.622
C02242,R032,D0537,P008,2024-06-05,2,1,3,In-person,0.808
C02243,R031,D0651,P001,2024-06-02,3,2,5,In-person,0.959
C02244,R041,D0818,P006,2024-06-18,2,1,6,Virtual,1.037
C02245,R028,D0557,P005,2024-06-27,1,2,0,Virtual,0.862
C02246,R006,D0820,P006,2024-06-10,1,2,5,Clinic Camp,0.844
C02247,R012,D0704,P007,2024-06-04,2,2,5,In-person,0.88
C02248,R008,D0817,P005,2024-06-26,1,1,1,In-person,0.755
C02249,R051,D0667,P001,2024-06-22,3,2,0,Virtual,1.035
C02250,R060,D0806,P007,2024-06-17,2,2,2,Clinic Camp,0.929
C02251,R065,D0130,P004,2024-06-06,1,2,1,In-person,0.742
C02252,R007,D0842,P004,2024-06-21,2,2,0,In-person,0.755
C02253,R002,D0303,P005,2024-06-11,2,1,1,In-person,0.768
C02254,R018,D0618,P008,2024-06-08,1,1,1,Clinic Camp,0.753
C02255,R064,D0372,P005,2024-06-09,1,2,6,In-person,0.87
C02256,R048,D0385,P002,2024-06-02,4,2,0,In-person,1.091
C02257,R024,D0580,P006,2024-06-15,2,1,3,In-person,0.876
C02258,R042,D0407,P006,2024-06-23,3,2,2,In-person,0.995
C02259,R001,D0613,P001,2024-06-25,4,2,5,Virtual,1.141
C02260,R047,D0055,P005,2024-06-22,1,2,3,Clinic Camp,0.743
C02261,R056,D0657,P007,2024-06-27,3,2,4,In-person,0.972
C02262,R031,D0429,P008,2024-06-29,4,2,2,In-person,0.963
C02263,R056,D0633,P003,2024-06-07,1,2,5,In-person,0.921
C02264,R019,D0218,P005,2024-06-14,2,2,4,Clinic Camp,0.86
C02265,R046,D0463,P007,2024-06-11,1,1,3,In-person,0.771
C02266,R018,D0414,P005,2024-06-21,1,2,2,In-person,0.823
C02267,R001,D0094,P004,2024-06-26,2,1,3,Virtual,0.882
C02268,R027,D0432,P002,2024-06-27,1,2,1,In-person,0.722
C02269,R020,D0607,P001,2024-06-03,4,1,4,Clinic Camp,1.028
C02270,R020,D0688,P006,2024-06-16,1,2,2,In-person,0.75
C02271,R019,D0715,P008,2024-06-04,3,2,2,In-person,0.899
C02272,R012,D0318,P005,2024-06-10,1,1,3,Clinic Camp,0.753
C02273,R054,D0591,P007,2024-06-15,3,1,6,Virtual,1.054
C02274,R071,D0116,P006,2024-06-19,3,1,3,In-person,0.837
C02275,R033,D0811,P003,2024-06-24,1,1,6,In-person,0.676
C02276,R063,D0764,P005,2024-06-30,2,2,3,In-person,0.848
C02277,R042,D0758,P003,2024-06-11,4,2,0,Clinic Camp,0.979
C02278,R039,D0377,P002,2024-06-17,3,2,4,In-person,1.162
C02279,R070,D0262,P005,2024-06-03,4,1,6,Clinic Camp,1.059
C02280,R008,D0623,P006,2024-06-04,2,2,6,Clinic Camp,0.918
C02281,R010,D0542,P008,2024-06-30,1,1,1,In-person,0.717
C02282,R002,D0201,P002,2024-06-29,2,1,1,In-person,0.924
C02283,R058,D0367,P003,2024-06-29,2,2,4,Clinic Camp,0.923
C02284,R001,D0609,P002,2024-06-08,4,2,3,Virtual,1.046
C02285,R031,D0459,P008,2024-06-20,2,1,5,In-person,0.838
C02286,R036,D0304,P007,2024-06-07,3,2,3,In-person,1.05
C02287,R043,D0172,P003,2024-06-21,3,1,1,In-person,0.826
C02288,R063,D0332,P008,2024-06-15,2,2,2,In-person,0.976
C02289,R047,D0187,P006,2024-06-29,2,1,0,In-person,0.865
C02290,R042,D0244,P004,2024-06-12,4,2,2,Virtual,1.095
C02291,R018,D0135,P004,2024-06-20,1,2,5,Clinic Camp,0.872
C02292,R062,D0325,P005,2024-06-20,2,2,1,In-person,0.776
C02293,R064,D0534,P001,2024-06-24,3,2,3,In-person,0.976
C02294,R020,D0355,P002,2024-06-02,1,1,1,In-person,0.675
C02295,R025,D0094,P008,2024-06-14,3,1,3,In-person,0.842
C02296,R049,D0679,P002,2024-06-14,4,1,6,In-person,1.009
C02297,R044,D0443,P002,2024-06-07,2,2,5,In-person,0.998
C02298,R022,D0463,P007,2024-06-25,3,1,5,Virtual,0.89
C02299,R059,D0496,P008,2024-06-25,2,1,1,In-person,0.688
C02300,R031,D0461,P007,2024-06-03,3,2,2,In-person,0.899
C02301,R069,D0293,P001,2024-06-21,1,2,0,Clinic Camp,0.935
C02302,R066,D0595,P007,2024-06-26,3,1,6,In-person,1.002
C02303,R068,D0722,P003,2024-06-09,2,1,6,In-person,0.811
C02304,R057,D0811,P001,2024-06-19,1,2,2,Clinic Camp,0.939
C02305,R037,D0272,P008,2024-06-19,4,2,4,In-person,1.063
C02306,R025,D0294,P003,2024-06-01,1,1,1,In-person,0.91
C02307,R046,D0063,P006,2024-06-25,3,2,4,In-person,1.033
C02308,R005,D0421,P001,2024-06-23,4,1,0,In-person,0.965
C02309,R027,D0825,P002,2024-06-09,4,2,2,Virtual,1.113
C02310,R060,D0164,P008,2024-06-10,3,1,2,Virtual,1.005
C02311,R059,D0732,P005,2024-06-24,3,1,6,In-person,0.923
C02312,R036,D0745,P008,2024-06-25,3,2,3,Clinic Camp,1.106
C02313,R041,D0531,P002,2024-06-03,4,2,1,Clinic Camp,0.978
C02314,R071,D0472,P008,2024-06-11,4,2,0,In-person,0.981
C02315,R030,D0649,P007,2024-06-19,2,1,1,In-person,0.799
C02316,R062,D0078,P008,2024-06-04,2,1,1,In-person,0.872
C02317,R048,D0096,P001,2024-06-30,1,2,2,In-person,0.81
C02318,R015,D0179,P001,2024-06-07,4,2,0,In-person,1.142
C02319,R063,D0585,P005,2024-06-26,4,2,5,In-person,1.206
C02320,R044,D0443,P001,2024-06-02,3,2,2,In-person,0.979
C02321,R056,D0212,P001,2024-06-27,3,2,1,In-person,0.881
C02322,R006,D0059,P007,2024-06-02,1,2,3,In-person,0.934
C02323,R039,D0377,P006,2024-06-21,4,2,2,In-person,0.878
C02324,R043,D0345,P007,2024-06-11,1,1,4,In-person,0.841
C02325,R036,D0149,P008,2024-06-14,3,2,3,In-person,0.928
C02326,R042,D0020,P002,2024-06-04,2,1,6,In-person,0.989
C02327,R071,D0583,P007,2024-06-21,2,2,4,In-person,0.831
C02328,R055,D0683,P001,2024-06-19,1,1,2,In-person,0.693
C02329,R023,D0187,P003,2024-06-10,1,1,1,In-person,0.763
C02330,R040,D0436,P003,2024-06-15,2,2,0,In-person,0.918
C02331,R009,D0214,P002,2024-06-17,2,1,4,Virtual,0.802
C02332,R028,D0291,P006,2024-06-21,4,2,0,In-person,0.983
C02333,R064,D0103,P001,2024-06-17,3,2,2,Clinic Camp,1.052
C02334,R044,D0805,P007,2024-06-02,1,2,0,Clinic Camp,0.881
C02335,R052,D0560,P007,2024-06-17,4,2,2,In-person,1.018
C02336,R059,D0770,P006,2024-06-11,3,1,6,In-person,0.909
C02337,R002,D0239,P001,2024-06-13,4,2,0,Clinic Camp,0.9
C02338,R004,D0719,P005,2024-06-12,4,2,6,In-person,1.138
C02339,R019,D0449,P006,2024-06-11,3,2,6,In-person,1.113
C02340,R070,D0142,P003,2024-06-08,1,2,6,In-person,0.92
C02341,R035,D0354,P003,2024-06-10,2,2,4,In-person,0.868
C02342,R057,D0765,P004,2024-06-22,3,1,1,Clinic Camp,1.011
C02343,R027,D0671,P008,2024-06-07,1,1,0,In-person,0.542
C02344,R062,D0597,P001,2024-06-23,4,2,6,In-person,1.188
C02345,R051,D0177,P005,2024-06-14,2,1,2,In-person,0.833
C02346,R033,D0629,P003,2024-06-19,3,2,3,Virtual,1.031
C02347,R050,D0829,P005,2024-06-04,4,2,0,In-person,0.947
C02348,R061,D0019,P001,2024-06-07,4,2,0,In-person,0.998
C02349,R022,D0243,P008,2024-06-28,3,1,3,In-person,0.927
C02350,R017,D0053,P004,2024-06-25,2,1,2,In-person,0.809
C02351,R046,D0066,P008,2024-06-03,3,1,4,In-person,0.778
C02352,R003,D0825,P002,2024-06-28,3,1,5,In-person,1.077
C02353,R068,D0321,P005,2024-06-26,4,2,0,In-person,1.062
C02354,R029,D0146,P006,2024-06-05,1,2,6,In-person,0.911
C02355,R011,D0079,P007,2024-06-08,1,1,6,Clinic Camp,0.826
C02356,R055,D0842,P001,2024-06-06,1,2,4,In-person,1.007
C02357,R019,D0399,P006,2024-06-26,4,1,2,In-person,0.897
C02358,R015,D0695,P002,2024-06-26,3,2,1,In-person,0.881
C02359,R011,D0269,P004,2024-06-22,3,2,1,In-person,1.026
C02360,R038,D0504,P001,2024-06-08,1,1,4,In-person,0.819
C02361,R034,D0724,P001,2024-06-28,1,1,0,Virtual,0.629
C02362,R046,D0514,P007,2024-06-26,3,1,6,In-person,1.045
C02363,R014,D0468,P006,2024-06-27,3,2,1,Clinic Camp,0.982
C02364,R045,D0206,P008,2024-06-11,2,2,5,In-person,0.888
C02365,R012,D0158,P006,2024-06-22,1,2,5,In-person,0.929
C02366,R013,D0416,P005,2024-06-21,2,2,2,In-person,0.933
C02367,R011,D0420,P001,2024-06-05,3,2,3,In-person,0.987
C02368,R034,D0038,P007,2024-06-18,1,1,4,Clinic Camp,0.813
C02369,R030,D0167,P002,2024-06-17,2,2,5,In-person,1.01
C02370,R036,D0361,P001,2024-06-18,3,2,0,Clinic Camp,1.013
C02371,R061,D0087,P006,2024-06-11,1,1,1,In-person,0.737
C02372,R012,D0506,P005,2024-06-21,1,2,1,In-person,0.796
C02373,R024,D0289,P002,2024-06-27,3,1,2,In-person,0.905
C02374,R010,D0197,P005,2024-06-19,1,1,4,In-person,0.877
C02375,R060,D0139,P006,2024-06-27,2,2,2,In-person,0.956
C02376,R036,D0427,P004,2024-06-24,3,2,3,Clinic Camp,0.968
C02377,R059,D0191,P006,2024-06-10,1,2,3,Clinic Camp,0.858
C02378,R015,D0533,P005,2024-06-23,3,2,0,In-person,1.073
C02379,R053,D0828,P003,2024-06-21,4,1,0,In-person,0.98
C02380,R002,D0810,P002,2024-06-29,4,1,1,Virtual,0.95
C02381,R010,D0490,P003,2024-06-11,2,1,0,Clinic Camp,0.871
C02382,R061,D0686,P007,2024-06-05,2,1,5,In-person,0.827
C02383,R070,D0802,P003,2024-06-21,3,1,6,Clinic Camp,0.984
C02384,R054,D0627,P006,2024-06-19,3,1,3,In-person,1.054
C02385,R063,D0196,P003,2024-06-19,3,1,4,In-person,0.974
C02386,R071,D0378,P005,2024-06-23,2,2,0,Virtual,1.0
C02387,R052,D0680,P005,2024-06-16,1,1,0,In-person,0.703
C02388,R030,D0603,P004,2024-06-01,1,1,4,Clinic Camp,0.744
C02389,R020,D0355,P006,2024-06-27,4,2,5,In-person,1.193
C02390,R041,D0130,P008,2024-06-09,2,1,6,Clinic Camp,0.742
C02391,R045,D0084,P007,2024-06-08,2,2,2,In-person,0.92
C02392,R060,D0318,P008,2024-06-25,3,1,2,Clinic Camp,0.968
C02393,R037,D0663,P001,2024-06-24,1,2,5,Virtual,0.935
C02394,R006,D0544,P007,2024-06-16,2,1,0,Clinic Camp,0.612
C02395,R032,D0129,P006,2024-06-21,2,1,6,In-person,0.78
C02396,R066,D0703,P004,2024-06-03,1,2,2,Clinic Camp,0.827
C02397,R001,D0346,P003,2024-06-09,3,1,0,In-person,0.888
C02398,R023,D0322,P001,2024-06-08,1,2,5,In-person,0.931
C02399,R051,D0690,P007,2024-06-13,1,1,6,Virtual,0.818
C02400,R046,D0301,P007,2024-06-11,3,1,3,In-person,0.962
C02401,R019,D0526,P001,2024-06-03,2,2,1,In-person,0.923
C02402,R034,D0734,P005,2024-06-21,3,1,1,In-person,0.858
C02403,R055,D0476,P005,2024-06-18,3,2,2,Virtual,1.019
C02404,R062,D0487,P002,2024-06-12,1,1,3,Clinic Camp,0.712
C02405,R043,D0264,P005,2024-06-27,3,1,4,In-person,0.973
C02406,R057,D0811,P007,2024-06-11,1,1,4,In-person,0.714
C02407,R058,D0068,P003,2024-06-04,2,2,5,In-person,0.999
C02408,R057,D0250,P006,2024-06-26,3,2,1,In-person,0.995
C02409,R047,D0850,P008,2024-06-04,2,2,1,In-person,0.864
C02410,R065,D0470,P004,2024-06-03,2,1,6,In-person,0.939
C02411,R069,D0085,P001,2024-06-15,1,1,0,Virtual,0.833
C02412,R004,D0297,P003,2024-06-18,2,2,3,In-person,0.842
C02413,R009,D0214,P002,2024-06-09,2,2,2,Clinic Camp,0.982
C02414,R008,D0477,P003,2024-06-26,4,1,5,In-person,1.097
C02415,R069,D0213,P006,2024-06-09,3,1,2,In-person,0.869
C02416,R015,D0302,P002,2024-06-29,4,1,0,In-person,0.984
C02417,R024,D0726,P005,2024-06-20,2,2,2,In-person,0.886
C02418,R070,D0063,P008,2024-06-06,4,1,0,In-person,1.02
C02419,R030,D0649,P003,2024-06-13,2,2,1,In-person,0.669
C02420,R005,D0054,P008,2024-06-03,2,1,3,In-person,0.95
C02421,R016,D0400,P003,2024-06-26,2,1,6,Clinic Camp,0.799
C02422,R017,D0531,P005,2024-06-20,3,2,1,In-person,0.965
C02423,R023,D0843,P002,2024-06-13,3,1,5,In-person,0.875
C02424,R062,D0198,P003,2024-06-21,1,1,3,In-person,0.884
C02425,R068,D0086,P007,2024-06-19,3,2,6,Clinic Camp,1.03
C02426,R052,D0584,P005,2024-06-18,4,1,3,Clinic Camp,0.931
C02427,R031,D0768,P005,2024-06-12,2,2,0,In-person,0.96
C02428,R009,D0510,P005,2024-06-11,3,2,2,In-person,1.035
C02429,R068,D0086,P002,2024-06-08,3,2,0,In-person,0.913
C02430,R029,D0453,P008,2024-06-24,4,1,1,Virtual,0.859
C02431,R016,D0372,P004,2024-06-15,3,1,3,In-person,0.814
C02432,R028,D0313,P001,2024-06-15,2,2,6,In-person,1.08
C02433,R063,D0011,P008,2024-06-22,1,2,4,Clinic Camp,0.906
C02434,R063,D0223,P001,2024-06-16,4,2,2,Clinic Camp,1.06
C02435,R062,D0786,P008,2024-06-29,2,1,4,In-person,0.891
C02436,R037,D0019,P003,2024-06-08,4,2,1,In-person,0.872
C02437,R053,D0824,P001,2024-06-02,1,1,0,In-person,0.684
C02438,R047,D0404,P002,2024-06-13,2,2,5,In-person,0.936
C02439,R026,D0582,P006,2024-06-16,4,1,5,Clinic Camp,1.089
C02440,R010,D0755,P005,2024-06-25,1,1,4,In-person,0.664
C02441,R021,D0206,P002,2024-06-20,2,2,3,Clinic Camp,1.008
C02442,R054,D0837,P003,2024-06-29,4,1,3,In-person,1.118
C02443,R023,D0224,P002,2024-06-03,2,2,2,Clinic Camp,0.768
C02444,R049,D0294,P006,2024-06-17,4,1,6,In-person,1.029
C02445,R024,D0385,P007,2024-06-25,3,1,3,In-person,0.944
C02446,R041,D0505,P003,2024-06-16,4,1,6,In-person,1.098
C02447,R043,D0220,P008,2024-06-09,3,2,0,In-person,0.767
C02448,R046,D0650,P004,2024-06-24,1,2,2,In-person,0.863
C02449,R068,D0034,P001,2024-06-27,4,2,1,In-person,1.011
C02450,R033,D0629,P003,2024-06-08,2,1,0,In-person,0.757
C02451,R023,D0516,P007,2024-06-17,2,1,6,In-person,1.054
C02452,R028,D0363,P007,2024-06-25,3,2,0,In-person,0.923
C02453,R010,D0423,P006,2024-06-05,2,1,3,Clinic Camp,0.87
C02454,R017,D0606,P004,2024-06-01,2,2,1,In-person,0.878
C02455,R038,D0754,P007,2024-06-23,3,1,0,In-person,0.869
C02456,R072,D0160,P006,2024-06-23,3,2,6,In-person,1.092
C02457,R049,D0440,P007,2024-06-05,3,1,2,In-person,0.957
C02458,R014,D0473,P005,2024-06-18,1,1,2,In-person,0.684
C02459,R018,D0249,P005,2024-06-22,4,1,1,In-person,0.95
C02460,R069,D0832,P008,2024-06-29,3,1,4,Virtual,0.937
C02461,R038,D0468,P008,2024-06-25,3,2,6,In-person,0.916
C02462,R042,D0414,P005,2024-06-07,4,1,2,In-person,0.88
C02463,R037,D0117,P002,2024-06-18,2,1,5,In-person,0.941
C02464,R004,D0297,P004,2024-06-22,1,1,2,Clinic Camp,0.709
C02465,R058,D0426,P005,2024-06-09,1,2,3,In-person,1.063
C02466,R035,D0397,P006,2024-06-05,4,2,5,Virtual,1.177
C02467,R013,D0660,P003,2024-06-14,4,2,6,Virtual,1.154
C02468,R070,D0082,P001,2024-06-22,1,1,4,Virtual,0.903
C02469,R003,D0159,P007,2024-06-16,3,1,2,In-person,0.948
C02470,R022,D0243,P008,2024-06-19,3,1,3,In-person,0.919
C02471,R057,D0277,P001,2024-06-20,1,1,6,Clinic Camp,0.705
C02472,R050,D0723,P003,2024-06-29,4,1,2,In-person,1.009
C02473,R032,D0659,P004,2024-06-20,2,1,3,In-person,0.946
C02474,R034,D0306,P007,2024-06-05,1,2,5,In-person,0.843
C02475,R023,D0378,P007,2024-06-13,3,2,5,Clinic Camp,0.884
C02476,R035,D0274,P003,2024-06-06,4,2,3,Clinic Camp,0.978
C02477,R007,D0476,P003,2024-06-23,1,1,6,Clinic Camp,0.959
C02478,R017,D0561,P004,2024-06-30,3,1,6,In-person,0.964
C02479,R027,D0656,P002,2024-06-24,3,2,3,Clinic Camp,1.111
C02480,R048,D0738,P004,2024-06-08,3,1,1,In-person,0.87
C02481,R053,D0550,P003,2024-06-21,3,2,1,Virtual,0.918
C02482,R040,D0360,P001,2024-06-01,3,1,0,In-person,1.021
C02483,R011,D0079,P006,2024-06-09,1,2,1,In-person,0.788
C02484,R065,D0561,P007,2024-06-10,1,2,0,Virtual,0.78
C02485,R006,D0708,P003,2024-06-15,4,2,2,In-person,1.083
C02486,R060,D0506,P004,2024-06-10,2,1,6,In-person,0.865
C02487,R025,D0793,P004,2024-06-13,4,2,1,In-person,1.09
C02488,R032,D0366,P001,2024-06-01,2,2,2,In-person,0.942
C02489,R071,D0039,P005,2024-06-25,2,2,2,In-person,0.945
C02490,R003,D0615,P004,2024-06-12,1,1,3,Virtual,0.715
C02491,R022,D0082,P008,2024-06-25,2,2,3,Clinic Camp,0.791
C02492,R004,D0048,P003,2024-06-02,4,1,4,Virtual,0.925
C02493,R067,D0631,P007,2024-06-26,4,1,0,In-person,0.86
C02494,R014,D0381,P004,2024-06-19,2,1,2,In-person,0.839
C02495,R051,D0594,P002,2024-06-07,2,2,6,In-person,0.913
C02496,R060,D0704,P003,2024-06-23,3,2,6,In-person,0.931
C02497,R057,D0324,P008,2024-06-23,4,2,0,Clinic Camp,0.918
C02498,R001,D0573,P003,2024-06-22,3,2,4,Clinic Camp,1.043
C02499,R067,D0457,P007,2024-06-27,1,2,0,In-person,0.855
C02500,R027,D0565,P006,2024-06-29,2,1,3,In-person,0.793
C02501,R065,D0561,P006,2024-06-05,3,2,0,In-person,0.908
C02502,R040,D0372,P007,2024-06-09,1,2,5,In-person,0.939
C02503,R034,D0362,P005,2024-06-02,3,1,6,Clinic Camp,0.971
C02504,R051,D0594,P005,2024-06-02,4,2,0,Clinic Camp,1.105
C02505,R014,D0110,P001,2024-06-04,2,2,2,In-person,0.893
C02506,R017,D0163,P006,2024-06-21,3,2,1,In-person,0.891
C02507,R012,D0118,P006,2024-06-19,3,2,1,In-person,1.045
C02508,R043,D0140,P001,2024-06-02,3,1,5,Virtual,0.915
C02509,R037,D0272,P005,2024-06-13,1,2,0,In-person,0.737
C02510,R026,D0829,P005,2024-06-04,3,2,0,Clinic Camp,1.011
C02511,R064,D0787,P003,2024-06-06,1,1,2,In-person,0.862
C02512,R058,D0575,P001,2024-06-02,3,2,2,In-person,0.991
C02513,R048,D0467,P001,2024-06-16,2,1,6,In-person,0.808
C02514,R016,D0237,P002,2024-06-03,4,1,2,Clinic Camp,1.079
C02515,R056,D0371,P002,2024-06-24,1,1,3,Virtual,0.794
C02516,R059,D0668,P002,2024-06-28,4,2,0,In-person,1.028
C02517,R020,D0774,P005,2024-06-26,1,1,2,Virtual,0.714
C02518,R025,D0819,P004,2024-06-25,3,1,1,Clinic Camp,0.958
C02519,R040,D0372,P001,2024-06-23,2,2,2,Clinic Camp,0.817
C02520,R048,D0389,P001,2024-06-28,1,2,2,Virtual,0.74
C02521,R066,D0405,P006,2024-06-27,1,1,0,In-person,0.862
C02522,R040,D0067,P008,2024-06-07,1,1,3,In-person,0.695
C02523,R033,D0121,P007,2024-06-19,1,2,3,In-person,0.931
C02524,R034,D0038,P007,2024-06-10,2,1,3,In-person,0.944
C02525,R044,D0646,P003,2024-06-26,1,2,2,Clinic Camp,0.853
C02526,R035,D0240,P006,2024-06-01,4,1,3,In-person,0.904
C02527,R045,D0518,P001,2024-06-13,4,2,5,In-person,1.15
C02528,R058,D0231,P002,2024-06-12,2,2,1,In-person,0.999
C02529,R029,D0731,P002,2024-06-26,1,2,1,In-person,0.845
C02530,R052,D0128,P002,2024-06-09,4,1,4,In-person,0.932
C02531,R048,D0289,P003,2024-06-27,3,2,0,In-person,0.964
C02532,R039,D0179,P001,2024-06-15,1,1,2,In-person,0.635
C02533,R013,D0272,P007,2024-06-21,1,1,4,In-person,0.704
C02534,R025,D0552,P006,2024-06-16,3,1,4,In-person,0.901
C02535,R035,D0191,P006,2024-06-13,1,1,5,In-person,0.805
C02536,R007,D0579,P002,2024-06-10,3,2,3,In-person,0.898
C02537,R059,D0826,P007,2024-06-09,2,2,3,In-person,0.944
C02538,R045,D0008,P001,2024-06-20,4,2,0,In-person,1.052
C02539,R019,D0041,P008,2024-06-10,2,1,5,In-person,0.853
C02540,R067,D0797,P006,2024-06-26,2,2,1,In-person,0.715
C02541,R047,D0516,P002,2024-06-04,3,1,5,In-person,0.948
C02542,R014,D0754,P002,2024-06-07,4,2,4,In-person,1.227
C02543,R055,D0588,P006,2024-06-02,3,2,6,Clinic Camp,1.085
C02544,R051,D0656,P007,2024-06-26,3,2,6,In-person,1.049
C02545,R004,D0155,P004,2024-06-13,2,2,2,In-person,0.876
C02546,R053,D0453,P001,2024-06-02,2,2,2,In-person,0.952
C02547,R021,D0248,P004,2024-06-02,1,1,6,In-person,0.835
C02548,R015,D0743,P004,2024-06-28,2,2,6,Clinic Camp,1.035
C02549,R025,D0032,P003,2024-06-27,4,2,4,In-person,0.994
C02550,R006,D0006,P008,2024-06-09,1,1,6,In-person,0.828
C02551,R055,D0536,P003,2024-06-20,1,1,4,Clinic Camp,0.745
C02552,R013,D0827,P002,2024-06-08,3,2,0,In-person,0.97
C02553,R068,D0847,P006,2024-06-26,4,1,3,In-person,0.818
C02554,R049,D0553,P005,2024-06-22,4,2,2,In-person,1.015
C02555,R028,D0297,P005,2024-06-14,3,1,0,In-person,0.893
C02556,R039,D0196,P005,2024-06-28,3,2,3,Clinic Camp,1.05
C02557,R052,D0830,P003,2024-06-07,2,1,3,In-person,0.832
C02558,R071,D0134,P003,2024-06-30,2,2,5,In-person,0.787
C02559,R067,D0076,P001,2024-06-09,2,1,5,In-person,0.921
C02560,R061,D0341,P002,2024-06-27,1,1,2,In-person,0.873
C02561,R038,D0347,P005,2024-06-26,2,2,6,In-person,0.911
C02562,R047,D0378,P004,2024-06-17,1,2,3,In-person,0.82
C02563,R038,D0754,P006,2024-06-04,3,1,3,Virtual,0.969
C02564,R018,D0211,P007,2024-06-23,4,2,1,In-person,1.095
C02565,R052,D0719,P005,2024-06-21,4,1,6,Clinic Camp,1.116
C02566,R049,D0133,P001,2024-06-26,4,1,2,Clinic Camp,1.037
C02567,R003,D0226,P001,2024-06-07,2,1,1,Virtual,0.675
C02568,R030,D0006,P002,2024-06-08,4,2,5,In-person,1.062
C02569,R045,D0518,P003,2024-06-11,4,1,6,Clinic Camp,1.078
C02570,R026,D0762,P001,2024-06-12,3,1,1,In-person,0.861
C02571,R008,D0697,P007,2024-06-01,1,2,4,In-person,0.901
C02572,R050,D0184,P003,2024-06-05,4,1,6,In-person,1.018
C02573,R041,D0617,P006,2024-06-15,1,1,4,In-person,0.747
C02574,R054,D0136,P002,2024-06-30,2,1,3,In-person,0.815
C02575,R018,D0437,P001,2024-06-04,3,2,4,In-person,0.922
C02576,R066,D0481,P002,2024-06-08,4,2,0,Virtual,0.952
C02577,R013,D0075,P004,2024-06-26,4,1,6,In-person,1.023
C02578,R041,D0053,P004,2024-06-02,4,2,3,In-person,1.06
C02579,R072,D0057,P004,2024-06-03,2,1,0,In-person,0.825
C02580,R024,D0568,P008,2024-06-27,1,2,2,Virtual,0.813
C02581,R005,D0598,P006,2024-06-08,4,2,2,Clinic Camp,1.18
C02582,R064,D0103,P006,2024-06-10,4,1,6,Virtual,1.126
C02583,R072,D0396,P001,2024-06-01,2,2,6,In-person,0.938
C02584,R045,D0682,P004,2024-06-13,3,2,2,In-person,0.992
C02585,R053,D0222,P005,2024-06-30,4,2,1,Clinic Camp,1.125
C02586,R058,D0423,P005,2024-06-30,1,1,0,Clinic Camp,0.659
C02587,R066,D0229,P008,2024-06-20,4,1,3,Clinic Camp,0.914
C02588,R027,D0192,P004,2024-06-21,3,2,3,In-person,1.098
C02589,R053,D0382,P003,2024-06-20,3,1,3,In-person,0.959
C02590,R002,D0303,P008,2024-06-21,1,1,1,In-person,0.814
C02591,R049,D0488,P003,2024-06-16,3,2,5,In-person,1.055
C02592,R038,D0115,P005,2024-06-07,2,2,3,Virtual,0.904
C02593,R019,D0345,P001,2024-07-27,3,2,6,Clinic Camp,0.941
C02594,R002,D0628,P002,2024-07-28,3,2,1,In-person,0.969
C02595,R042,D0316,P001,2024-07-05,4,1,1,In-person,1.037
C02596,R028,D0454,P004,2024-07-03,3,1,4,In-person,1.022
C02597,R025,D0089,P008,2024-07-25,3,2,4,In-person,1.098
C02598,R001,D0094,P001,2024-07-02,2,1,2,In-person,0.879
C02599,R024,D0620,P008,2024-07-26,2,1,3,In-person,1.011
C02600,R054,D0512,P007,2024-07-31,3,1,3,In-person,0.78
C02601,R030,D0587,P001,2024-07-02,4,2,4,In-person,1.1
C02602,R039,D0576,P001,2024-07-25,3,2,4,In-person,0.937
C02603,R037,D0075,P008,2024-07-05,3,1,1,In-person,0.992
C02604,R040,D0798,P005,2024-07-09,2,2,0,In-person,0.826
C02605,R033,D0328,P002,2024-07-17,3,1,1,In-person,0.949
C02606,R053,D0816,P008,2024-07-22,3,2,0,Clinic Camp,0.904
C02607,R038,D0381,P005,2024-07-03,3,1,3,In-person,0.938
C02608,R021,D0283,P006,2024-07-04,2,2,3,In-person,0.915
C02609,R043,D0524,P006,2024-07-09,2,2,0,Clinic Camp,0.869
C02610,R010,D0112,P002,2024-07-22,2,2,5,In-person,0.987
C02611,R011,D0555,P003,2024-07-13,2,2,5,In-person,1.034
C02612,R013,D0839,P002,2024-07-09,2,1,3,Clinic Camp,0.825
C02613,R031,D0569,P005,2024-07-05,1,2,1,In-person,0.889
C02614,R069,D0009,P008,2024-07-31,3,1,1,In-person,0.951
C02615,R048,D0523,P006,2024-07-22,4,2,6,In-person,1.085
C02616,R030,D0059,P006,2024-07-31,1,2,1,Clinic Camp,0.969
C02617,R006,D0095,P002,2024-07-16,3,1,6,In-person,1.018
C02618,R007,D0349,P005,2024-07-26,4,2,4,In-person,1.047
C02619,R064,D0344,P008,2024-07-20,4,1,4,Clinic Camp,1.041
C02620,R053,D0001,P001,2024-07-17,4,1,5,In-person,1.093
C02621,R055,D0010,P002,2024-07-15,2,2,6,Virtual,1.025
C02622,R010,D0640,P006,2024-07-16,1,2,1,In-person,0.834
C02623,R046,D0392,P001,2024-07-13,4,1,6,In-person,0.752
C02624,R026,D0184,P002,2024-07-20,3,2,0,In-person,0.863
C02625,R051,D0296,P008,2024-07-16,2,1,5,In-person,0.924
C02626,R038,D0597,P001,2024-07-31,4,2,2,In-person,0.967
C02627,R056,D0622,P004,2024-07-28,2,1,4,In-person,0.893
C02628,R019,D0218,P003,2024-07-15,3,2,5,In-person,1.101
C02629,R002,D0184,P004,2024-07-13,4,1,3,Virtual,0.965
C02630,R014,D0776,P003,2024-07-24,4,2,0,In-person,0.869
C02631,R018,D0437,P003,2024-07-20,3,1,5,Virtual,0.881
C02632,R050,D0838,P007,2024-07-08,1,1,0,In-person,0.765
C02633,R065,D0384,P001,2024-07-26,4,2,4,In-person,1.183
C02634,R070,D0066,P002,2024-07-22,2,2,3,Clinic Camp,0.757
C02635,R008,D0402,P003,2024-07-20,3,2,3,In-person,1.0
C02636,R050,D0261,P007,2024-07-25,3,1,1,Virtual,0.751
C02637,R039,D0576,P004,2024-07-08,1,1,3,Clinic Camp,0.771
C02638,R052,D0560,P001,2024-07-25,3,1,1,Clinic Camp,0.855
C02639,R053,D0052,P005,2024-07-04,2,1,1,In-person,0.987
C02640,R026,D0582,P006,2024-07-25,2,1,3,In-person,0.791
C02641,R058,D0225,P004,2024-07-19,4,2,5,In-person,1.184
C02642,R060,D0539,P001,2024-07-19,3,2,3,In-person,1.075
C02643,R019,D0345,P008,2024-07-23,2,2,6,In-person,0.962
C02644,R068,D0546,P007,2024-07-10,1,2,1,Clinic Camp,0.828
C02645,R039,D0563,P008,2024-07-24,3,2,0,In-person,0.94
C02646,R008,D0300,P008,2024-07-01,3,1,2,In-person,0.826
C02647,R057,D0181,P003,2024-07-22,1,1,0,Clinic Camp,0.644
C02648,R039,D0563,P004,2024-07-25,4,2,3,In-person,1.031
C02649,R061,D0827,P008,2024-07-01,2,2,6,Virtual,0.887
C02650,R015,D0374,P004,2024-07-22,3,2,3,Clinic Camp,0.954
C02651,R013,D0839,P007,2024-07-24,4,2,1,Clinic Camp,1.012
C02652,R054,D0167,P006,2024-07-17,3,2,4,In-person,1.025
C02653,R001,D0751,P008,2024-07-19,4,1,5,In-person,1.045
C02654,R016,D0831,P001,2024-07-02,1,1,6,In-person,0.802
C02655,R040,D0344,P006,2024-07-31,2,2,3,Virtual,0.862
C02656,R021,D0085,P007,2024-07-30,1,1,2,In-person,0.78
C02657,R061,D0489,P002,2024-07-24,1,1,3,In-person,0.827
C02658,R020,D0722,P006,2024-07-01,2,2,1,In-person,0.849
C02659,R067,D0024,P002,2024-07-14,1,2,0,In-person,0.721
C02660,R011,D0567,P008,2024-07-26,2,1,5,Clinic Camp,0.834
C02661,R042,D0675,P008,2024-07-21,1,2,0,In-person,0.785
C02662,R031,D0023,P001,2024-07-29,1,2,4,In-person,0.964
C02663,R045,D0386,P005,2024-07-20,4,1,4,In-person,1.048
C02664,R016,D0067,P004,2024-07-23,3,2,3,Virtual,0.994
C02665,R048,D0147,P008,2024-07-11,2,1,2,In-person,0.968
C02666,R035,D0428,P003,2024-07-26,3,1,6,In-person,0.955
C02667,R042,D0249,P006,2024-07-17,2,1,5,Virtual,0.983
C02668,R024,D0057,P001,2024-07-25,2,1,1,In-person,0.896
C02669,R068,D0684,P002,2024-07-07,4,2,6,Virtual,1.21
C02670,R004,D0186,P008,2024-07-09,3,1,0,In-person,0.876
C02671,R012,D0804,P004,2024-07-03,4,2,5,In-person,1.109
C02672,R025,D0113,P007,2024-07-21,2,2,2,In-person,0.906
C02673,R054,D0532,P008,2024-07-23,2,1,2,In-person,0.884
C02674,R037,D0614,P008,2024-07-09,4,1,3,In-person,0.911
C02675,R023,D0364,P001,2024-07-12,4,2,3,Clinic Camp,1.043
C02676,R030,D0450,P002,2024-07-18,1,2,0,In-person,0.933
C02677,R040,D0592,P006,2024-07-24,2,1,1,In-person,0.848
C02678,R011,D0028,P008,2024-07-10,4,2,5,Virtual,1.176
C02679,R019,D0702,P008,2024-07-16,2,1,4,In-person,0.754
C02680,R050,D0664,P006,2024-07-06,3,2,2,In-person,0.941
C02681,R033,D0717,P001,2024-07-26,4,1,3,Clinic Camp,1.001
C02682,R072,D0348,P006,2024-07-28,1,2,2,In-person,0.833
C02683,R001,D0299,P003,2024-07-23,1,2,6,In-person,0.81
C02684,R047,D0472,P007,2024-07-26,4,2,0,Clinic Camp,1.071
C02685,R006,D0591,P005,2024-07-24,4,2,4,Virtual,1.168
C02686,R064,D0787,P002,2024-07-26,4,2,2,In-person,1.023
C02687,R056,D0659,P007,2024-07-14,3,2,1,In-person,1.022
C02688,R030,D0059,P008,2024-07-07,1,2,1,In-person,0.98
C02689,R066,D0100,P005,2024-07-30,4,2,2,In-person,1.168
C02690,R008,D0784,P007,2024-07-01,1,2,1,In-person,0.799
C02691,R070,D0301,P001,2024-07-13,1,1,4,In-person,0.694
C02692,R034,D0410,P003,2024-07-23,3,1,2,In-person,0.904
C02693,R011,D0079,P002,2024-07-25,2,1,6,In-person,1.076
C02694,R026,D0151,P003,2024-07-22,4,2,1,Virtual,1.135
C02695,R066,D0368,P004,2024-07-16,4,2,2,In-person,1.046
C02696,R002,D0681,P004,2024-07-29,4,1,2,In-person,1.081
C02697,R017,D0617,P003,2024-07-08,4,1,4,In-person,1.085
C02698,R058,D0724,P005,2024-07-05,3,2,2,Virtual,0.824
C02699,R026,D0184,P002,2024-07-20,4,2,1,In-person,1.113
C02700,R033,D0181,P003,2024-07-10,4,1,2,In-person,0.966
C02701,R062,D0469,P007,2024-07-15,2,1,6,In-person,0.819
C02702,R018,D0407,P005,2024-07-15,2,1,5,Clinic Camp,0.877
C02703,R070,D0058,P001,2024-07-09,3,1,4,Clinic Camp,0.955
C02704,R041,D0462,P003,2024-07-31,4,2,6,In-person,1.054
C02705,R013,D0761,P007,2024-07-12,2,1,5,In-person,0.86
C02706,R018,D0100,P002,2024-07-21,2,1,5,Virtual,0.844
C02707,R024,D0612,P008,2024-07-05,2,1,2,Clinic Camp,0.88
C02708,R017,D0462,P003,2024-07-31,4,1,3,In-person,0.95
C02709,R010,D0367,P006,2024-07-31,3,2,6,In-person,0.912
C02710,R019,D0562,P004,2024-07-03,2,2,6,In-person,0.942
C02711,R022,D0577,P006,2024-07-20,3,1,5,In-person,0.864
C02712,R059,D0567,P007,2024-07-19,3,1,0,Virtual,0.746
C02713,R049,D0089,P002,2024-07-06,3,2,1,In-person,1.052
C02714,R070,D0228,P003,2024-07-24,3,2,3,In-person,1.058
C02715,R037,D0700,P005,2024-07-24,1,1,3,In-person,0.687
C02716,R019,D0021,P003,2024-07-27,1,1,4,In-person,0.68
C02717,R072,D0568,P004,2024-07-19,4,2,1,In-person,1.02
C02718,R013,D0341,P008,2024-07-22,3,1,5,In-person,0.834
C02719,R004,D0128,P002,2024-07-23,4,2,5,In-person,1.081
C02720,R021,D0084,P002,2024-07-24,4,1,1,In-person,0.944
C02721,R027,D0825,P005,2024-07-19,2,1,5,Virtual,0.894
C02722,R004,D0027,P001,2024-07-24,2,2,1,Virtual,0.915
C02723,R059,D0028,P001,2024-07-02,4,1,3,In-person,0.912
C02724,R023,D0029,P007,2024-07-20,1,2,6,In-person,0.914
C02725,R003,D0615,P003,2024-07-07,4,1,2,In-person,1.058
C02726,R007,D0771,P001,2024-07-13,1,2,4,In-person,0.704
C02727,R039,D0141,P006,2024-07-24,2,2,5,In-person,0.986
C02728,R053,D0731,P004,2024-07-04,2,2,3,In-person,0.83
C02729,R055,D0651,P004,2024-07-24,3,1,5,Clinic Camp,1.052
C02730,R045,D0206,P004,2024-07-09,2,1,4,In-person,0.917
C02731,R028,D0048,P002,2024-07-24,4,1,3,In-person,1.037
C02732,R047,D0378,P007,2024-07-24,4,2,0,Virtual,0.942
C02733,R065,D0053,P001,2024-07-01,3,2,5,Clinic Camp,1.051
C02734,R052,D0126,P004,2024-07-08,4,1,2,Virtual,0.986
C02735,R032,D0439,P003,2024-07-25,1,2,1,Clinic Camp,0.628
C02736,R022,D0654,P006,2024-07-11,4,1,6,In-person,1.04
C02737,R003,D0825,P005,2024-07-14,3,1,2,In-person,0.935
C02738,R016,D0534,P004,2024-07-01,1,2,2,In-person,0.723
C02739,R020,D0330,P005,2024-07-22,4,1,6,In-person,1.076
C02740,R057,D0277,P002,2024-07-03,1,2,2,In-person,0.844
C02741,R051,D0594,P002,2024-07-09,3,2,5,In-person,1.141
C02742,R058,D0111,P008,2024-07-15,3,1,3,Clinic Camp,0.871
C02743,R034,D0362,P005,2024-07-24,1,1,0,In-person,0.724
C02744,R004,D0584,P006,2024-07-16,2,1,4,In-person,0.879
C02745,R069,D0727,P008,2024-07-31,1,2,3,Clinic Camp,0.629
C02746,R024,D0050,P008,2024-07-17,4,2,5,In-person,1.072
C02747,R013,D0209,P005,2024-07-08,4,1,2,In-person,0.963
C02748,R022,D0174,P007,2024-07-06,4,1,1,In-person,0.749
C02749,R001,D0552,P005,2024-07-25,2,2,1,In-person,0.942
C02750,R066,D0135,P002,2024-07-15,2,2,3,In-person,0.931
C02751,R062,D0776,P005,2024-07-19,4,2,6,In-person,1.124
C02752,R023,D0763,P008,2024-07-12,2,1,3,In-person,0.892
C02753,R002,D0261,P008,2024-07-09,2,2,0,In-person,0.837
C02754,R063,D0332,P005,2024-07-19,1,1,5,In-person,0.803
C02755,R034,D0295,P008,2024-07-10,4,2,2,Clinic Camp,1.115
C02756,R056,D0127,P002,2024-07-31,1,1,2,In-person,0.75
C02757,R044,D0756,P001,2024-07-23,1,2,5,Clinic Camp,0.742
C02758,R003,D0671,P004,2024-07-26,4,2,0,Virtual,1.014
C02759,R052,D0278,P002,2024-07-09,4,2,0,In-person,1.015
C02760,R009,D0495,P008,2024-07-01,4,2,1,Clinic Camp,1.1
C02761,R043,D0334,P001,2024-07-02,4,2,2,In-person,1.019
C02762,R025,D0157,P005,2024-07-27,1,2,6,In-person,0.83
C02763,R064,D0344,P007,2024-07-28,2,2,4,In-person,0.864
C02764,R030,D0095,P001,2024-07-22,4,2,5,Virtual,1.215
C02765,R017,D0630,P001,2024-07-19,2,1,2,Clinic Camp,0.839
C02766,R046,D0492,P005,2024-07-07,4,1,2,Virtual,1.067
C02767,R001,D0793,P008,2024-07-24,4,2,2,In-person,1.169
C02768,R006,D0006,P001,2024-07-17,4,1,0,In-person,0.861
C02769,R040,D0534,P001,2024-07-19,4,2,3,In-person,0.998
C02770,R016,D0478,P008,2024-07-01,4,1,2,Clinic Camp,0.946
C02771,R065,D0505,P005,2024-07-17,3,2,6,In-person,1.097
C02772,R020,D0847,P006,2024-07-22,1,2,4,In-person,0.76
C02773,R029,D0310,P003,2024-07-24,2,2,6,Clinic Camp,1.014
C02774,R014,D0110,P003,2024-07-05,4,1,1,Clinic Camp,0.97
C02775,R051,D0040,P004,2024-07-01,4,2,0,In-person,0.92
C02776,R051,D0432,P002,2024-07-27,1,1,3,In-person,0.677
C02777,R044,D0314,P004,2024-07-10,3,2,3,In-person,1.03
C02778,R008,D0173,P008,2024-07-15,2,1,3,In-person,1.0
C02779,R012,D0145,P006,2024-07-20,2,2,4,In-person,0.918
C02780,R059,D0274,P007,2024-07-16,3,1,5,In-person,0.966
C02781,R047,D0077,P004,2024-07-30,2,2,2,In-person,0.858
C02782,R069,D0319,P007,2024-07-27,3,2,2,In-person,0.995
C02783,R041,D0531,P004,2024-07-13,1,1,1,In-person,0.678
C02784,R035,D0274,P005,2024-07-06,2,2,2,Clinic Camp,0.885
C02785,R063,D0114,P006,2024-07-31,4,1,4,In-person,1.188
C02786,R052,D0430,P007,2024-07-22,3,2,5,Virtual,1.039
C02787,R004,D0048,P008,2024-07-24,4,2,2,Clinic Camp,0.921
C02788,R063,D0576,P001,2024-07-15,4,1,2,Clinic Camp,1.007
C02789,R041,D0434,P007,2024-07-16,2,1,6,In-person,0.978
C02790,R015,D0332,P006,2024-07-06,2,1,2,In-person,0.87
C02791,R009,D0214,P006,2024-07-14,2,2,1,In-person,0.874
C02792,R034,D0185,P001,2024-07-17,3,2,2,In-person,0.903
C02793,R059,D0153,P004,2024-07-05,2,2,0,In-person,0.799
C02794,R041,D0486,P008,2024-07-20,2,2,2,In-person,0.891
C02795,R037,D0075,P008,2024-07-20,1,1,6,In-person,0.789
C02796,R025,D0611,P002,2024-07-27,2,2,5,Clinic Camp,0.915
C02797,R035,D0269,P004,2024-07-02,4,2,6,In-person,1.215
C02798,R021,D0455,P007,2024-07-07,2,2,2,In-person,0.98
C02799,R020,D0546,P008,2024-07-14,4,2,2,In-person,1.147
C02800,R072,D0520,P003,2024-07-28,2,2,5,Clinic Camp,0.897
C02801,R067,D0670,P007,2024-07-08,2,2,5,Virtual,0.886
C02802,R014,D0473,P007,2024-07-31,3,1,1,Clinic Camp,0.874
C02803,R044,D0722,P002,2024-07-30,1,1,5,In-person,0.833
C02804,R029,D0233,P001,2024-07-03,2,2,0,Clinic Camp,0.876
C02805,R022,D0637,P001,2024-07-12,1,1,1,Clinic Camp,0.756
C02806,R027,D0226,P002,2024-07-09,1,1,3,In-person,0.891
C02807,R051,D0615,P006,2024-07-16,3,2,4,In-person,0.995
C02808,R049,D0488,P004,2024-07-29,1,2,5,Clinic Camp,0.955
C02809,R023,D0763,P006,2024-07-12,1,2,5,Clinic Camp,0.931
C02810,R067,D0175,P001,2024-07-21,3,1,1,In-person,0.876
C02811,R043,D0449,P005,2024-07-05,2,2,2,In-person,0.967
C02812,R040,D0162,P006,2024-07-18,1,1,5,Virtual,0.739
C02813,R010,D0426,P008,2024-07-11,4,2,6,In-person,1.04
C02814,R042,D0025,P003,2024-07-29,4,1,6,Clinic Camp,1.063
C02815,R032,D0419,P005,2024-07-25,3,1,6,In-person,0.827
C02816,R006,D0006,P004,2024-07-07,3,1,4,In-person,0.963
C02817,R014,D0288,P003,2024-07-20,4,1,3,In-person,0.884
C02818,R018,D0394,P006,2024-07-11,4,1,5,In-person,1.131
C02819,R072,D0289,P005,2024-07-14,1,2,0,In-person,0.768
C02820,R065,D0434,P007,2024-07-15,1,1,6,Clinic Camp,0.934
C02821,R057,D0132,P001,2024-07-26,2,1,6,In-person,0.871
C02822,R014,D0597,P002,2024-07-09,2,1,3,In-person,0.814
C02823,R005,D0731,P005,2024-07-01,4,2,3,In-person,1.133
C02824,R047,D0340,P005,2024-07-06,3,1,3,In-person,0.927
C02825,R061,D0019,P008,2024-07-26,4,2,0,Clinic Camp,1.005
C02826,R058,D0044,P006,2024-07-10,3,2,1,Clinic Camp,0.926
C02827,R070,D0514,P001,2024-07-02,3,2,5,In-person,0.998
C02828,R029,D0828,P004,2024-07-13,4,1,0,In-person,1.109
C02829,R064,D0711,P007,2024-07-27,3,2,4,Virtual,0.878
C02830,R012,D0318,P007,2024-07-28,4,1,2,Virtual,0.86
C02831,R029,D0453,P007,2024-07-30,2,1,0,Clinic Camp,0.874
C02832,R072,D0097,P004,2024-07-22,2,2,4,In-person,1.03
C02833,R063,D0012,P001,2024-07-26,3,1,1,Virtual,0.794
C02834,R057,D0717,P002,2024-07-24,4,1,3,In-person,0.834
C02835,R055,D0456,P007,2024-07-01,1,2,6,Clinic Camp,1.01
C02836,R046,D0418,P003,2024-07-13,3,1,4,In-person,0.838
C02837,R045,D0246,P007,2024-07-17,1,2,6,In-person,0.869
C02838,R010,D0216,P001,2024-07-15,4,1,2,In-person,0.964
C02839,R037,D0839,P004,2024-07-26,3,2,2,In-person,0.89
C02840,R036,D0766,P008,2024-07-31,1,2,4,In-person,0.946
C02841,R029,D0678,P002,2024-07-17,1,1,0,In-person,0.712
C02842,R038,D0347,P001,2024-07-03,3,2,5,In-person,0.959
C02843,R035,D0600,P003,2024-07-12,1,2,2,Virtual,0.772
C02844,R003,D0226,P001,2024-07-07,1,2,3,In-person,0.958
C02845,R046,D0441,P005,2024-07-15,1,1,3,In-person,0.742
C02846,R033,D0132,P002,2024-07-08,1,1,0,In-person,0.759
C02847,R024,D0568,P002,2024-07-03,2,1,2,In-person,0.815
C02848,R032,D0129,P005,2024-07-06,3,1,0,In-person,0.71
C02849,R053,D0699,P003,2024-07-16,4,2,4,In-person,1.142
C02850,R050,D0628,P006,2024-07-05,3,2,4,In-person,1.098
C02851,R060,D0118,P008,2024-07-01,4,1,0,In-person,1.067
C02852,R043,D0449,P008,2024-07-09,4,2,0,In-person,0.858
C02853,R068,D0315,P006,2024-07-20,1,1,5,In-person,0.547
C02854,R058,D0306,P008,2024-07-20,3,2,2,In-person,1.027
C02855,R032,D0106,P006,2024-07-13,1,1,5,In-person,0.752
C02856,R054,D0643,P001,2024-07-21,4,2,4,In-person,0.968
C02857,R060,D0427,P008,2024-07-06,4,2,5,In-person,1.109
C02858,R042,D0253,P005,2024-07-23,1,2,2,In-person,0.8
C02859,R005,D0800,P001,2024-07-01,1,1,2,In-person,0.644
C02860,R026,D0662,P005,2024-07-05,2,1,5,In-person,0.863
C02861,R018,D0417,P002,2024-07-29,3,1,4,In-person,0.967
C02862,R021,D0085,P005,2024-07-15,3,2,3,In-person,1.008
C02863,R038,D0468,P006,2024-07-18,1,1,2,In-person,0.761
C02864,R038,D0597,P001,2024-07-13,3,2,4,In-person,1.047
C02865,R044,D0774,P004,2024-07-21,3,2,2,In-person,0.841
C02866,R028,D0435,P001,2024-07-24,4,1,6,In-person,1.024
C02867,R036,D0149,P001,2024-07-25,2,1,4,In-person,0.871
C02868,R031,D0579,P002,2024-07-08,1,1,2,Virtual,0.716
C02869,R057,D0107,P007,2024-07-20,3,2,5,In-person,0.964
C02870,R021,D0234,P004,2024-07-25,3,1,0,In-person,0.79
C02871,R035,D0770,P001,2024-07-13,3,2,5,In-person,1.007
C02872,R027,D0690,P006,2024-07-12,3,2,2,In-person,1.049
C02873,R033,D0811,P005,2024-07-20,1,2,1,In-person,0.94
C02874,R031,D0391,P002,2024-07-18,1,1,5,In-person,0.906
C02875,R060,D0624,P005,2024-07-08,2,1,4,In-person,0.727
C02876,R015,D0563,P002,2024-07-30,4,1,0,In-person,0.845
C02877,R024,D0178,P006,2024-07-18,3,2,1,Virtual,1.011
C02878,R013,D0782,P008,2024-07-18,3,1,3,In-person,1.008
C02879,R047,D0843,P003,2024-07-07,4,1,4,In-person,0.915
C02880,R055,D0154,P006,2024-07-21,2,2,5,In-person,0.975
C02881,R069,D0669,P001,2024-07-29,2,1,2,In-person,0.725
C02882,R025,D0388,P004,2024-07-23,3,1,5,In-person,0.962
C02883,R004,D0458,P008,2024-07-16,1,2,5,Clinic Camp,0.839
C02884,R023,D0447,P001,2024-07-20,2,1,2,In-person,0.831
C02885,R017,D0163,P008,2024-07-08,3,1,6,In-person,0.861
C02886,R060,D0139,P001,2024-07-02,2,1,6,In-person,0.757
C02887,R071,D0404,P004,2024-07-20,1,1,2,In-person,0.994
C02888,R056,D0657,P002,2024-07-06,2,1,3,Clinic Camp,0.84
C02889,R061,D0686,P001,2024-07-03,4,1,6,Clinic Camp,1.199
C02890,R066,D0211,P003,2024-07-25,2,2,3,In-person,1.045
C02891,R047,D0739,P005,2024-07-14,4,1,5,Clinic Camp,0.879
C02892,R071,D0284,P006,2024-07-27,3,1,5,Virtual,0.969
C02893,R017,D0491,P003,2024-07-27,1,1,3,In-person,0.66
C02894,R064,D0360,P004,2024-07-04,4,2,2,In-person,1.022
C02895,R009,D0424,P002,2024-07-24,3,1,3,In-person,0.753
C02896,R027,D0527,P006,2024-07-11,3,2,5,Clinic Camp,0.904
C02897,R045,D0518,P002,2024-07-22,3,2,2,In-person,0.908
C02898,R065,D0462,P007,2024-07-02,1,1,5,In-person,0.756
C02899,R045,D0386,P002,2024-07-15,2,1,1,In-person,0.801
C02900,R020,D0636,P006,2024-07-20,4,2,3,Virtual,0.981
C02901,R071,D0327,P003,2024-07-14,3,1,0,Clinic Camp,0.862
C02902,R045,D0386,P008,2024-07-18,2,2,5,Clinic Camp,1.051
C02903,R054,D0060,P003,2024-07-01,2,2,4,In-person,0.964
C02904,R006,D0744,P008,2024-07-01,3,2,0,Clinic Camp,0.935
C02905,R034,D0098,P007,2024-07-19,2,2,1,Clinic Camp,0.915
C02906,R061,D0701,P004,2024-07-13,2,1,3,Clinic Camp,0.719
C02907,R070,D0637,P004,2024-07-18,3,2,3,In-person,1.07
C02908,R059,D0826,P003,2024-07-12,2,1,0,In-person,0.684
C02909,R062,D0014,P004,2024-07-01,3,1,6,Clinic Camp,1.082
C02910,R036,D0152,P004,2024-07-22,3,1,3,In-person,0.966
C02911,R067,D0021,P002,2024-07-05,3,1,4,In-person,0.967
C02912,R008,D0419,P003,2024-07-25,3,1,5,In-person,0.988
C02913,R049,D0792,P008,2024-07-01,2,1,1,Clinic Camp,0.798
C02914,R023,D0583,P008,2024-07-29,3,1,2,In-person,0.823
C02915,R020,D0638,P001,2024-07-08,3,2,5,In-person,0.955
C02916,R062,D0693,P006,2024-07-28,2,2,5,Clinic Camp,1.1
C02917,R046,D0042,P002,2024-07-01,2,2,1,In-person,0.896
C02918,R014,D0653,P006,2024-07-14,3,1,2,In-person,0.797
C02919,R010,D0216,P005,2024-07-13,3,1,5,In-person,0.981
C02920,R009,D0673,P008,2024-07-06,2,2,2,In-person,0.933
C02921,R018,D0595,P006,2024-07-15,2,1,0,In-person,0.754
C02922,R043,D0586,P007,2024-07-07,4,1,3,In-person,0.902
C02923,R022,D0351,P007,2024-07-14,3,1,0,Virtual,0.909
C02924,R068,D0596,P006,2024-07-12,3,1,4,In-person,0.998
C02925,R064,D0422,P004,2024-07-07,2,1,6,In-person,0.914
C02926,R002,D0628,P003,2024-07-25,4,2,0,In-person,1.016
C02927,R062,D0412,P003,2024-07-17,2,1,1,In-person,0.735
C02928,R011,D0390,P003,2024-07-26,4,1,3,In-person,1.012
C02929,R042,D0195,P003,2024-07-26,1,2,1,In-person,0.767
C02930,R053,D0310,P003,2024-07-09,1,2,3,In-person,0.752
C02931,R044,D0646,P005,2024-07-10,3,1,1,Virtual,0.958
C02932,R048,D0713,P003,2024-07-30,4,1,4,Clinic Camp,0.91
C02933,R033,D0121,P003,2024-07-10,1,1,2,Virtual,0.594
C02934,R051,D0166,P006,2024-07-03,3,2,6,Virtual,1.153
C02935,R005,D0453,P003,2024-07-17,2,2,5,In-person,0.82
C02936,R049,D0613,P001,2024-07-30,1,1,6,Clinic Camp,0.787
C02937,R017,D0130,P001,2024-07-08,2,1,1,In-person,0.71
C02938,R037,D0251,P007,2024-07-20,3,1,6,In-person,0.9
C02939,R043,D0021,P008,2024-07-11,3,2,0,In-person,1.118
C02940,R060,D0062,P006,2024-07-12,4,1,1,In-person,0.93
C02941,R041,D0083,P001,2024-07-15,4,1,6,Virtual,1.057
C02942,R069,D0548,P005,2024-07-05,1,2,6,Clinic Camp,0.971
C02943,R036,D0804,P003,2024-07-12,4,2,2,Clinic Camp,0.994
C02944,R052,D0356,P003,2024-07-09,1,2,5,In-person,0.976
C02945,R052,D0169,P008,2024-07-26,4,1,0,In-person,0.95
C02946,R058,D0734,P007,2024-07-08,4,2,2,In-person,1.106
C02947,R046,D0176,P006,2024-07-27,4,1,0,Clinic Camp,0.862
C02948,R015,D0114,P005,2024-07-01,1,1,3,In-person,0.8
C02949,R050,D0156,P005,2024-07-13,1,2,6,In-person,0.907
C02950,R056,D0371,P008,2024-07-09,4,2,4,In-person,1.172
C02951,R034,D0542,P006,2024-07-14,2,2,3,In-person,0.881
C02952,R069,D0283,P005,2024-07-24,2,2,1,In-person,1.051
C02953,R067,D0399,P001,2024-07-30,2,1,4,Virtual,0.879
C02954,R041,D0425,P008,2024-07-23,1,2,2,Clinic Camp,0.826
C02955,R066,D0750,P007,2024-07-16,1,1,4,In-person,0.763
C02956,R059,D0593,P003,2024-07-16,1,1,0,In-person,0.709
C02957,R055,D0569,P003,2024-07-31,4,1,3,Clinic Camp,0.924
C02958,R003,D0296,P008,2024-07-31,1,1,3,Clinic Camp,0.817
C02959,R003,D0564,P008,2024-07-24,4,1,5,In-person,1.009
C02960,R015,D0767,P004,2024-07-06,1,2,6,Clinic Camp,1.063
C02961,R071,D0516,P002,2024-07-09,3,2,6,In-person,1.013
C02962,R011,D0691,P007,2024-07-09,2,2,2,In-person,0.896
C02963,R071,D0031,P006,2024-07-08,4,2,4,Clinic Camp,1.047
C02964,R048,D0620,P008,2024-07-30,1,1,4,Virtual,0.932
C02965,R067,D0797,P005,2024-07-05,3,2,5,In-person,0.914
C02966,R048,D0523,P005,2024-07-27,4,1,5,In-person,1.017
C02967,R007,D0780,P002,2024-07-25,2,1,0,In-person,0.805
C02968,R050,D0582,P005,2024-07-17,2,1,5,In-person,0.78
C02969,R063,D0196,P003,2024-07-10,1,2,3,Virtual,1.065
C02970,R072,D0493,P002,2024-07-09,4,1,6,Virtual,0.954
C02971,R007,D0547,P007,2024-07-21,4,2,4,In-person,1.085
C02972,R012,D0145,P003,2024-07-21,2,2,2,Clinic Camp,1.041
C02973,R062,D0115,P002,2024-07-17,3,1,1,In-person,0.838
C02974,R029,D0236,P008,2024-07-18,4,1,6,In-person,1.039
C02975,R038,D0469,P008,2024-07-26,2,1,1,Clinic Camp,0.77
C02976,R071,D0101,P004,2024-07-24,1,2,0,In-person,0.796
C02977,R056,D0633,P003,2024-07-24,1,2,0,In-person,0.887
C02978,R008,D0171,P002,2024-07-09,4,2,3,Virtual,1.03
C02979,R026,D0829,P006,2024-07-02,4,2,1,In-person,0.816
C02980,R031,D0579,P005,2024-07-15,1,1,4,In-person,0.779
C02981,R066,D0249,P005,2024-07-11,4,1,5,In-person,1.015
C02982,R044,D0355,P007,2024-07-11,4,1,2,In-person,0.972
C02983,R027,D0619,P004,2024-07-17,3,2,0,Clinic Camp,0.925
C02984,R001,D0033,P006,2024-07-29,2,1,2,In-person,0.747
C02985,R057,D0677,P006,2024-07-25,4,2,4,In-person,1.062
C02986,R028,D0413,P007,2024-07-21,4,1,5,Clinic Camp,1.151
C02987,R005,D0222,P006,2024-07-23,2,2,0,In-person,0.867
C02988,R031,D0768,P001,2024-07-13,2,1,6,In-person,0.94
C02989,R039,D0533,P005,2024-07-18,4,2,4,Clinic Camp,0.999
C02990,R049,D0113,P008,2024-07-14,4,1,3,Virtual,0.951
C02991,R032,D0537,P005,2024-07-26,3,1,1,Virtual,0.788
C02992,R036,D0361,P005,2024-07-31,3,1,6,In-person,1.061
C02993,R028,D0584,P005,2024-07-14,3,1,1,In-person,0.744
C02994,R005,D0453,P005,2024-07-23,2,1,3,Clinic Camp,0.864
C02995,R068,D0847,P004,2024-07-02,4,2,3,In-person,1.091
C02996,R048,D0726,P008,2024-07-13,2,1,3,Clinic Camp,0.856
C02997,R009,D0049,P001,2024-07-27,4,2,1,Clinic Camp,0.84
C02998,R061,D0270,P007,2024-07-22,4,2,6,Virtual,0.956
C02999,R065,D0163,P002,2024-07-17,2,1,2,In-person,0.825
C03000,R068,D0443,P002,2024-07-07,4,1,4,Virtual,0.918
C03001,R036,D0145,P005,2024-07-26,4,2,4,In-person,1.031
C03002,R032,D0480,P006,2024-07-31,2,2,1,In-person,0.854
C03003,R040,D0105,P008,2024-07-13,3,2,6,Clinic Camp,0.964
C03004,R007,D0547,P003,2024-07-26,3,1,3,Virtual,0.806
C03005,R016,D0400,P001,2024-07-19,1,1,4,In-person,0.782
C03006,R007,D0842,P003,2024-07-13,3,1,4,In-person,0.77
C03007,R015,D0767,P005,2024-07-11,3,1,3,Virtual,0.864
C03008,R022,D0464,P003,2024-07-16,3,2,4,Clinic Camp,0.959
C03009,R002,D0333,P003,2024-07-13,2,1,3,In-person,0.832
C03010,R009,D0677,P008,2024-07-20,3,2,5,Clinic Camp,1.221
C03011,R025,D0611,P005,2024-07-05,3,1,3,In-person,0.825
C03012,R012,D0145,P006,2024-07-15,4,2,5,In-person,1.133
C03013,R006,D0338,P006,2024-07-23,2,2,3,In-person,0.942
C03014,R027,D0825,P004,2024-07-27,1,1,6,In-person,0.863
C03015,R028,D0278,P006,2024-07-09,1,1,3,In-person,0.747
C03016,R012,D0047,P008,2024-07-19,4,1,4,In-person,1.107
C03017,R049,D0751,P006,2024-07-10,1,2,3,In-person,0.909
C03018,R005,D0828,P003,2024-07-25,2,2,2,Clinic Camp,0.962
C03019,R054,D0603,P007,2024-07-11,4,1,5,Clinic Camp,0.897
C03020,R035,D0567,P002,2024-07-21,1,1,4,In-person,0.79
C03021,R063,D0235,P001,2024-07-14,1,2,2,Clinic Camp,0.795
C03022,R055,D0395,P004,2024-07-09,3,2,5,Clinic Camp,0.961
C03023,R016,D0746,P005,2024-07-18,3,1,0,Clinic Camp,0.8
C03024,R030,D0744,P004,2024-07-20,1,2,0,In-person,0.796
C03025,R038,D0468,P003,2024-08-22,3,2,4,Clinic Camp,1.049
C03026,R037,D0251,P003,2024-08-25,3,1,3,Clinic Camp,0.983
C03027,R015,D0179,P008,2024-08-21,1,1,5,In-person,0.875
C03028,R015,D0004,P003,2024-08-27,2,1,4,Virtual,0.875
C03029,R038,D0468,P007,2024-08-14,2,2,5,In-person,0.964
C03030,R040,D0478,P003,2024-08-16,4,2,1,Virtual,1.002
C03031,R017,D0531,P001,2024-08-15,2,1,1,In-person,0.778
C03032,R058,D0640,P001,2024-08-18,4,1,1,In-person,0.876
C03033,R048,D0312,P002,2024-08-05,4,2,4,In-person,1.048
C03034,R052,D0169,P007,2024-08-27,1,1,4,In-person,0.81
C03035,R015,D0764,P004,2024-08-17,4,1,6,Clinic Camp,1.151
C03036,R055,D0661,P006,2024-08-18,1,1,1,In-person,0.716
C03037,R031,D0476,P008,2024-08-28,2,1,0,In-person,0.715
C03038,R066,D0025,P001,2024-08-15,1,2,6,In-person,0.986
C03039,R057,D0403,P001,2024-08-15,1,2,3,In-person,0.694
C03040,R064,D0529,P008,2024-08-18,3,1,2,In-person,0.969
C03041,R015,D0764,P005,2024-08-30,3,1,2,In-person,0.771
C03042,R051,D0527,P005,2024-08-08,3,1,6,In-person,1.011
C03043,R045,D0311,P003,2024-08-05,2,2,5,In-person,0.922
C03044,R072,D0312,P007,2024-08-04,4,2,1,Clinic Camp,1.054
C03045,R070,D0351,P006,2024-08-23,2,2,2,In-person,1.073
C03046,R028,D0005,P003,2024-08-01,3,1,6,In-person,0.891
C03047,R031,D0154,P006,2024-08-22,2,1,5,Clinic Camp,0.79
C03048,R008,D0623,P001,2024-08-28,1,2,5,In-person,0.896
C03049,R012,D0304,P002,2024-08-22,3,2,1,In-person,1.08
C03050,R004,D0680,P002,2024-08-06,4,2,4,In-person,1.096
C03051,R020,D0431,P007,2024-08-21,2,1,0,In-person,0.784
C03052,R003,D0825,P006,2024-08-14,2,1,3,Clinic Camp,0.848
C03053,R009,D0143,P001,2024-08-01,4,2,0,In-person,0.93
C03054,R063,D0179,P008,2024-08-07,1,2,1,In-person,0.832
C03055,R057,D0541,P007,2024-08-24,2,1,1,In-person,0.767
C03056,R012,D0759,P004,2024-08-18,2,1,1,In-person,0.904
C03057,R032,D0173,P002,2024-08-16,2,2,5,In-person,1.024
C03058,R044,D0511,P004,2024-08-25,2,2,2,Clinic Camp,0.8
C03059,R036,D0158,P005,2024-08-17,4,2,1,In-person,1.005
C03060,R010,D0542,P006,2024-08-31,1,2,6,In-person,0.95
C03061,R041,D0491,P003,2024-08-02,2,1,0,Virtual,0.701
C03062,R013,D0489,P001,2024-08-09,4,2,1,Clinic Camp,0.942
C03063,R037,D0199,P005,2024-08-06,1,2,5,In-person,0.853
C03064,R069,D0215,P006,2024-08-13,3,2,3,In-person,1.022
C03065,R047,D0515,P003,2024-08-29,1,1,2,Clinic Camp,0.829
C03066,R039,D0235,P006,2024-08-13,3,2,2,Clinic Camp,0.995
C03067,R065,D0561,P005,2024-08-10,3,2,4,In-person,1.209
C03068,R024,D0097,P005,2024-08-03,3,2,2,In-person,0.922
C03069,R061,D0209,P001,2024-08-13,3,1,0,In-person,0.909
C03070,R042,D0074,P003,2024-08-08,3,2,6,In-person,0.959
C03071,R025,D0033,P003,2024-08-06,3,1,6,In-person,1.087
C03072,R009,D0250,P007,2024-08-05,3,1,1,In-person,0.977
C03073,R062,D0468,P007,2024-08-20,1,1,3,In-person,0.821
C03074,R030,D0136,P007,2024-08-22,1,1,3,Virtual,0.625
C03075,R016,D0073,P004,2024-08-23,1,2,0,In-person,0.856
C03076,R004,D0719,P003,2024-08-02,3,2,2,In-person,0.91
C03077,R025,D0521,P004,2024-08-29,2,2,4,In-person,0.978
C03078,R067,D0631,P007,2024-08-16,2,1,0,In-person,0.664
C03079,R058,D0542,P005,2024-08-18,2,2,2,In-person,0.928
C03080,R050,D0151,P005,2024-08-28,4,1,1,In-person,0.91
C03081,R056,D0517,P004,2024-08-09,2,2,2,In-person,0.844
C03082,R047,D0739,P006,2024-08-16,2,1,4,In-person,0.899
C03083,R030,D0512,P007,2024-08-03,3,2,2,In-person,0.972
C03084,R027,D0716,P006,2024-08-16,4,1,5,Virtual,0.994
C03085,R010,D0755,P004,2024-08-09,3,2,3,In-person,1.053
C03086,R019,D0457,P007,2024-08-06,4,2,4,Clinic Camp,1.234
C03087,R023,D0055,P008,2024-08-20,3,2,4,In-person,1.034
C03088,R020,D0607,P007,2024-08-05,4,1,5,In-person,0.866
C03089,R033,D0791,P008,2024-08-31,3,1,1,In-person,0.743
C03090,R008,D0502,P003,2024-08-08,3,2,6,In-person,1.054
C03091,R053,D0731,P004,2024-08-03,3,2,5,In-person,1.112
C03092,R029,D0466,P002,2024-08-14,2,1,1,Clinic Camp,0.809
C03093,R066,D0368,P003,2024-08-13,1,1,0,In-person,0.751
C03094,R067,D0797,P006,2024-08-21,2,1,0,Virtual,0.775
C03095,R011,D0153,P006,2024-08-21,3,2,4,Virtual,1.089
C03096,R030,D0512,P001,2024-08-19,3,1,2,In-person,0.935
C03097,R034,D0104,P007,2024-08-18,1,1,1,In-person,0.646
C03098,R009,D0629,P002,2024-08-25,4,2,2,Virtual,1.082
C03099,R051,D0803,P002,2024-08-21,3,1,3,Virtual,0.781
C03100,R024,D0738,P005,2024-08-05,3,1,0,In-person,0.886
C03101,R061,D0150,P002,2024-08-15,2,2,3,Clinic Camp,0.901
C03102,R043,D0634,P008,2024-08-22,3,2,0,Virtual,0.953
C03103,R059,D0741,P002,2024-08-09,3,1,4,Clinic Camp,0.948
C03104,R064,D0709,P002,2024-08-27,2,1,0,In-person,0.803
C03105,R022,D0418,P007,2024-08-15,4,2,5,In-person,1.213
C03106,R013,D0087,P003,2024-08-10,1,2,1,In-person,0.821
C03107,R045,D0311,P006,2024-08-12,2,2,3,In-person,0.939
C03108,R041,D0617,P006,2024-08-20,2,1,2,In-person,0.922
C03109,R016,D0529,P002,2024-08-22,1,2,6,In-person,1.06
C03110,R055,D0429,P005,2024-08-08,1,1,5,In-person,0.799
C03111,R003,D0177,P005,2024-08-06,4,2,6,In-person,1.077
C03112,R026,D0662,P001,2024-08-03,4,2,5,Clinic Camp,1.063
C03113,R070,D0351,P007,2024-08-16,2,1,6,Virtual,0.924
C03114,R019,D0399,P007,2024-08-29,2,2,1,In-person,0.872
C03115,R035,D0785,P008,2024-08-30,2,1,2,Clinic Camp,0.676
C03116,R054,D0006,P001,2024-08-18,3,2,5,In-person,1.12
C03117,R001,D0157,P002,2024-08-17,2,2,0,In-person,0.935
C03118,R040,D0787,P007,2024-08-16,1,1,1,In-person,0.82
C03119,R055,D0769,P003,2024-08-08,2,1,5,In-person,0.978
C03120,R066,D0244,P006,2024-08-13,3,1,2,Clinic Camp,0.901
C03121,R044,D0847,P003,2024-08-30,3,1,1,In-person,0.889
C03122,R067,D0140,P002,2024-08-20,1,1,2,Clinic Camp,0.827
C03123,R054,D0059,P005,2024-08-08,4,1,5,In-person,0.913
C03124,R065,D0384,P002,2024-08-03,3,2,3,In-person,0.966
C03125,R052,D0363,P002,2024-08-24,3,2,0,In-person,0.935
C03126,R065,D0018,P005,2024-08-28,4,1,3,In-person,1.048
C03127,R023,D0116,P002,2024-08-04,3,2,5,In-person,0.987
C03128,R069,D0669,P002,2024-08-12,3,1,1,In-person,0.811
C03129,R042,D0417,P007,2024-08-27,4,1,0,In-person,0.886
C03130,R018,D0417,P005,2024-08-08,4,2,4,Virtual,1.12
C03131,R016,D0831,P005,2024-08-06,4,1,6,Virtual,1.023
C03132,R042,D0210,P002,2024-08-13,3,1,0,In-person,0.734
C03133,R042,D0694,P002,2024-08-13,1,2,4,Clinic Camp,0.772
C03134,R046,D0262,P004,2024-08-15,2,1,5,In-person,0.881
C03135,R031,D0771,P004,2024-08-30,3,1,1,In-person,0.882
C03136,R066,D0618,P004,2024-08-31,2,2,1,Clinic Camp,0.89
C03137,R062,D0190,P002,2024-08-18,1,1,3,Virtual,0.726
C03138,R033,D0181,P008,2024-08-03,2,2,4,In-person,1.005
C03139,R003,D0564,P003,2024-08-09,2,1,3,In-person,0.864
C03140,R014,D0468,P007,2024-08-06,1,1,1,Virtual,0.755
C03141,R002,D0221,P004,2024-08-01,4,2,6,In-person,1.148
C03142,R035,D0269,P004,2024-08-12,2,2,2,In-person,1.034
C03143,R005,D0816,P001,2024-08-01,4,1,3,In-person,0.892
C03144,R040,D0592,P006,2024-08-18,4,2,3,In-person,1.03
C03145,R029,D0146,P001,2024-08-09,4,1,3,In-person,0.947
C03146,R046,D0590,P006,2024-08-23,4,2,2,In-person,1.147
C03147,R022,D0102,P008,2024-08-17,2,2,2,In-person,0.876
C03148,R001,D0388,P003,2024-08-30,1,2,0,In-person,0.737
C03149,R051,D0040,P008,2024-08-16,1,1,5,In-person,0.792
C03150,R068,D0636,P006,2024-08-05,3,1,2,In-person,0.894
C03151,R037,D0087,P001,2024-08-29,1,2,0,Clinic Camp,0.896
C03152,R049,D0157,P002,2024-08-10,1,1,0,In-person,0.68
C03153,R059,D0203,P006,2024-08-24,1,2,6,In-person,0.853
C03154,R057,D0143,P006,2024-08-25,2,1,2,Clinic Camp,0.743
C03155,R022,D0063,P001,2024-08-29,2,2,4,In-person,0.914
C03156,R004,D0413,P006,2024-08-20,2,1,3,In-person,1.039
C03157,R020,D0722,P007,2024-08-16,3,1,5,In-person,0.971
C03158,R038,D0247,P001,2024-08-12,4,2,6,In-person,1.166
C03159,R032,D0633,P008,2024-08-14,3,1,5,In-person,0.94
C03160,R066,D0407,P005,2024-08-25,3,1,6,Virtual,0.969
C03161,R062,D0198,P005,2024-08-18,1,2,1,In-person,0.881
C03162,R034,D0044,P001,2024-08-02,1,1,3,In-person,0.809
C03163,R024,D0610,P005,2024-08-12,1,1,2,In-person,0.774
C03164,R028,D0027,P004,2024-08-29,4,1,5,Clinic Camp,1.011
C03165,R021,D0293,P003,2024-08-07,1,2,1,In-person,0.79
C03166,R017,D0018,P007,2024-08-15,4,1,5,In-person,1.044
C03167,R061,D0660,P002,2024-08-26,4,1,1,In-person,0.945
C03168,R045,D0832,P001,2024-08-10,4,1,4,In-person,1.163
C03169,R031,D0350,P004,2024-08-22,2,2,0,In-person,0.954
C03170,R061,D0251,P006,2024-08-25,1,1,5,In-person,0.746
C03171,R011,D0507,P002,2024-08-11,1,1,5,Clinic Camp,0.706
C03172,R054,D0532,P008,2024-08-28,4,1,3,In-person,0.942
C03173,R050,D0326,P006,2024-08-14,2,2,3,Clinic Camp,0.837
C03174,R071,D0298,P008,2024-08-10,2,1,3,In-person,0.797
C03175,R011,D0191,P004,2024-08-07,1,1,4,In-person,0.704
C03176,R047,D0187,P001,2024-08-09,2,1,3,In-person,0.808
C03177,R023,D0472,P002,2024-08-18,2,1,3,In-person,0.809
C03178,R050,D0689,P005,2024-08-07,3,1,3,In-person,0.916
C03179,R056,D0623,P005,2024-08-12,4,1,0,Virtual,0.903
C03180,R072,D0396,P006,2024-08-23,2,2,3,Clinic Camp,0.852
C03181,R040,D0592,P007,2024-08-28,2,1,3,Clinic Camp,0.931
C03182,R010,D0410,P007,2024-08-22,2,1,6,In-person,0.92
C03183,R071,D0284,P005,2024-08-17,1,2,2,Clinic Camp,0.792
C03184,R036,D0304,P001,2024-08-22,1,1,6,In-person,0.747
C03185,R033,D0424,P005,2024-08-13,1,1,6,Clinic Camp,0.701
C03186,R059,D0342,P007,2024-08-09,1,2,5,Virtual,0.767
C03187,R060,D0745,P007,2024-08-24,1,1,4,In-person,0.866
C03188,R034,D0111,P007,2024-08-05,1,2,2,In-person,0.911
C03189,R027,D0071,P001,2024-08-29,4,2,1,In-person,0.981
C03190,R047,D0378,P004,2024-08-14,1,2,5,In-person,0.999
C03191,R054,D0060,P005,2024-08-26,3,1,4,Clinic Camp,0.971
C03192,R060,D0152,P002,2024-08-04,1,2,5,In-person,0.906
C03193,R058,D0231,P004,2024-08-16,2,2,3,In-person,0.993
C03194,R013,D0015,P001,2024-08-14,3,2,6,In-person,1.097
C03195,R007,D0267,P002,2024-08-12,3,1,0,In-person,0.862
C03196,R050,D0479,P001,2024-08-16,4,2,0,In-person,0.991
C03197,R048,D0312,P008,2024-08-21,2,2,0,Virtual,0.861
C03198,R063,D0767,P007,2024-08-30,3,2,2,In-person,0.847
C03199,R006,D0095,P004,2024-08-26,2,2,1,In-person,0.824
C03200,R010,D0542,P001,2024-08-08,2,1,0,Virtual,0.924
C03201,R049,D0553,P003,2024-08-31,2,1,5,In-person,0.804
C03202,R060,D0589,P004,2024-08-16,4,2,1,In-person,0.88
C03203,R033,D0632,P002,2024-08-15,4,1,5,Clinic Camp,1.082
C03204,R070,D0058,P006,2024-08-01,2,1,4,Clinic Camp,0.872
C03205,R019,D0698,P008,2024-08-21,3,1,4,Clinic Camp,0.946
C03206,R030,D0256,P007,2024-08-28,4,1,0,In-person,0.907
C03207,R011,D0574,P007,2024-08-10,2,2,0,In-person,0.943
C03208,R043,D0218,P007,2024-08-27,2,2,0,In-person,0.992
C03209,R069,D0283,P001,2024-08-03,4,1,2,In-person,0.914
C03210,R046,D0577,P005,2024-08-30,2,2,6,In-person,1.029
C03211,R070,D0802,P005,2024-08-08,1,2,2,In-person,0.925
C03212,R064,D0730,P001,2024-08-15,3,1,1,In-person,0.822
C03213,R068,D0646,P002,2024-08-01,1,2,1,Clinic Camp,0.939
C03214,R060,D0506,P005,2024-08-28,3,1,2,In-person,0.975
C03215,R048,D0396,P006,2024-08-16,1,2,4,In-person,0.773
C03216,R065,D0818,P002,2024-08-31,2,1,5,In-person,0.998
C03217,R006,D0189,P004,2024-08-12,1,2,0,In-person,0.705
C03218,R025,D0819,P001,2024-08-02,3,1,5,Virtual,0.885
C03219,R041,D0531,P001,2024-08-22,1,2,0,In-person,0.855
C03220,R054,D0587,P005,2024-08-06,2,1,2,Clinic Camp,0.899
C03221,R008,D0502,P005,2024-08-20,4,1,4,In-person,1.0
C03222,R027,D0690,P007,2024-08-02,4,2,0,Virtual,0.96
C03223,R026,D0664,P008,2024-08-06,2,1,1,In-person,0.777
C03224,R002,D0131,P002,2024-08-20,3,1,4,Virtual,0.892
C03225,R016,D0608,P003,2024-08-21,2,1,4,Clinic Camp,0.919
C03226,R042,D0522,P007,2024-08-05,1,2,0,Virtual,0.768
C03227,R002,D0810,P001,2024-08-06,1,1,5,Clinic Camp,0.748
C03228,R002,D0829,P007,2024-08-27,4,2,2,In-person,0.928
C03229,R032,D0817,P008,2024-08-01,1,1,4,In-person,0.734
C03230,R049,D0032,P001,2024-08-08,2,1,1,In-person,0.789
C03231,R019,D0526,P002,2024-08-31,1,1,6,In-person,0.728
C03232,R017,D0788,P006,2024-08-17,4,1,5,Virtual,0.87
C03233,R014,D0786,P004,2024-08-01,1,2,4,Clinic Camp,0.95
C03234,R048,D0467,P008,2024-08-28,3,2,1,In-person,0.878
C03235,R071,D0763,P005,2024-08-11,2,1,5,In-person,0.765
C03236,R052,D0719,P006,2024-08-23,3,2,2,In-person,1.102
C03237,R032,D0106,P002,2024-08-20,1,2,4,In-person,0.94
C03238,R053,D0816,P003,2024-08-12,1,2,4,Clinic Camp,0.954
C03239,R041,D0505,P002,2024-08-12,1,1,5,Virtual,0.84
C03240,R005,D0550,P002,2024-08-18,3,1,5,In-person,1.045
C03241,R028,D0169,P001,2024-08-12,3,1,2,Clinic Camp,0.957
C03242,R008,D0705,P008,2024-08-06,4,2,0,In-person,0.982
C03243,R038,D0247,P001,2024-08-23,4,1,3,Clinic Camp,0.889
C03244,R071,D0327,P005,2024-08-21,4,2,2,In-person,0.943
C03245,R060,D0268,P005,2024-08-19,1,1,2,In-person,0.735
C03246,R007,D0780,P001,2024-08-23,3,2,3,In-person,0.906
C03247,R044,D0509,P007,2024-08-17,3,1,4,In-person,0.858
C03248,R063,D0108,P005,2024-08-29,3,2,4,In-person,1.0
C03249,R017,D0018,P002,2024-08-28,3,1,2,In-person,0.998
C03250,R070,D0848,P002,2024-08-31,3,2,4,In-person,0.891
C03251,R062,D0190,P006,2024-08-04,3,2,6,In-person,1.05
C03252,R052,D0584,P005,2024-08-04,3,1,4,In-person,0.822
C03253,R022,D0058,P004,2024-08-15,3,1,4,In-person,0.877
C03254,R053,D0816,P004,2024-08-22,1,2,1,In-person,0.892
C03255,R015,D0533,P001,2024-08-08,3,1,2,In-person,0.818
C03256,R045,D0206,P001,2024-08-04,1,1,0,In-person,0.689
C03257,R024,D0713,P005,2024-08-02,4,1,3,In-person,0.985
C03258,R067,D0218,P003,2024-08-18,4,2,0,In-person,1.066
C03259,R052,D0830,P003,2024-08-31,1,1,5,In-person,0.756
C03260,R009,D0551,P004,2024-08-15,4,1,6,In-person,1.129
C03261,R051,D0383,P005,2024-08-23,2,1,5,In-person,0.834
C03262,R025,D0032,P003,2024-08-02,3,1,1,In-person,0.907
C03263,R058,D0124,P003,2024-08-07,3,1,4,Clinic Camp,0.907
C03264,R035,D0079,P003,2024-08-22,1,2,3,In-person,0.913
C03265,R004,D0680,P006,2024-08-13,4,2,0,In-person,1.172
C03266,R067,D0041,P001,2024-08-01,3,1,5,In-person,0.918
C03267,R014,D0109,P008,2024-08-08,2,2,6,In-person,0.977
C03268,R057,D0123,P005,2024-08-25,3,2,3,In-person,0.959
C03269,R055,D0780,P002,2024-08-22,4,2,6,In-person,1.071
C03270,R019,D0797,P007,2024-08-26,3,1,0,In-person,0.794
C03271,R012,D0648,P008,2024-08-11,3,2,6,In-person,1.047
C03272,R055,D0051,P001,2024-08-29,4,2,4,In-person,1.02
C03273,R046,D0418,P002,2024-08-29,3,1,4,In-person,0.862
C03274,R052,D0781,P002,2024-08-12,1,2,3,In-person,0.601
C03275,R062,D0078,P001,2024-08-07,4,1,0,In-person,1.031
C03276,R015,D0695,P006,2024-08-30,4,2,3,In-person,1.196
C03277,R032,D0106,P002,2024-08-11,3,2,6,Clinic Camp,1.1
C03278,R018,D0644,P004,2024-08-16,1,2,3,In-person,0.784
C03279,R021,D0448,P007,2024-08-29,3,1,0,In-person,0.749
C03280,R022,D0796,P005,2024-08-09,1,2,3,In-person,0.729
C03281,R007,D0456,P006,2024-08-28,4,1,1,In-person,0.989
C03282,R057,D0717,P001,2024-08-05,4,2,2,Virtual,1.147
C03283,R028,D0680,P008,2024-08-10,1,2,4,In-person,0.885
C03284,R029,D0279,P001,2024-08-13,1,1,0,In-person,0.779
C03285,R033,D0554,P006,2024-08-15,4,2,3,In-person,1.1
C03286,R063,D0374,P006,2024-08-08,4,1,3,In-person,0.912
C03287,R013,D0272,P004,2024-08-28,4,1,5,Virtual,1.091
C03288,R030,D0708,P007,2024-08-21,1,2,0,In-person,0.876
C03289,R024,D0160,P008,2024-08-21,3,1,4,In-person,0.843
C03290,R030,D0136,P001,2024-08-23,4,2,4,In-person,1.147
C03291,R068,D0509,P008,2024-08-20,1,1,0,In-person,0.698
C03292,R004,D0658,P002,2024-08-20,2,2,0,Clinic Camp,0.849
C03293,R003,D0159,P007,2024-08-21,2,1,4,In-person,0.883
C03294,R067,D0264,P007,2024-08-23,3,1,6,Clinic Camp,0.987
C03295,R018,D0465,P005,2024-08-29,2,1,6,In-person,0.959
C03296,R044,D0509,P007,2024-08-07,2,2,5,In-person,0.892
C03297,R059,D0555,P007,2024-08-17,2,2,5,In-person,1.005
C03298,R011,D0496,P005,2024-08-06,1,2,4,In-person,0.779
C03299,R029,D0735,P002,2024-08-06,3,1,1,In-person,0.854
C03300,R047,D0747,P004,2024-08-30,3,2,3,In-person,0.985
C03301,R027,D0383,P008,2024-08-15,4,1,2,In-person,1.034
C03302,R016,D0373,P002,2024-08-22,3,1,1,In-person,0.869
C03303,R024,D0180,P008,2024-08-23,3,1,0,In-person,0.829
C03304,R043,D0359,P002,2024-08-01,2,2,0,In-person,0.984
C03305,R068,D0688,P006,2024-08-16,2,2,5,In-person,0.926
C03306,R035,D0485,P006,2024-08-06,2,2,1,In-person,0.85
C03307,R056,D0621,P002,2024-08-10,4,1,4,In-person,0.842
C03308,R044,D0431,P004,2024-08-06,2,2,2,In-person,0.889
C03309,R010,D0513,P002,2024-08-21,4,1,3,In-person,0.899
C03310,R031,D0588,P003,2024-08-05,2,1,2,Clinic Camp,0.796
C03311,R035,D0496,P008,2024-08-14,3,2,2,In-person,0.995
C03312,R014,D0776,P001,2024-08-10,2,1,3,Clinic Camp,0.747
C03313,R034,D0707,P007,2024-08-30,2,1,5,Clinic Camp,0.804
C03314,R050,D0156,P006,2024-08-25,4,2,3,In-person,0.936
C03315,R048,D0160,P006,2024-08-11,3,1,5,In-person,0.899
C03316,R039,D0814,P003,2024-08-10,2,2,6,Clinic Camp,0.902
C03317,R039,D0302,P008,2024-08-23,2,1,3,Clinic Camp,1.006
C03318,R012,D0268,P003,2024-08-20,4,2,5,In-person,1.22
C03319,R049,D0679,P005,2024-08-18,1,2,0,Clinic Camp,0.907
C03320,R058,D0423,P001,2024-08-03,4,2,3,In-person,0.96
C03321,R037,D0070,P008,2024-08-03,3,2,3,In-person,0.98
C03322,R060,D0118,P006,2024-08-20,2,1,0,In-person,0.684
C03323,R023,D0733,P002,2024-08-15,3,2,6,In-person,1.195
C03324,R001,D0672,P006,2024-08-26,4,2,5,In-person,1.166
C03325,R063,D0235,P002,2024-08-01,2,2,4,Clinic Camp,0.858
C03326,R043,D0715,P004,2024-08-06,2,1,4,Clinic Camp,0.882
C03327,R021,D0084,P005,2024-08-25,4,2,5,In-person,0.981
C03328,R012,D0804,P008,2024-08-31,2,2,5,In-person,0.949
C03329,R064,D0067,P003,2024-08-23,4,1,2,Clinic Camp,0.942
C03330,R016,D0534,P001,2024-08-01,4,1,2,In-person,1.015
C03331,R029,D0742,P004,2024-08-02,3,1,2,In-person,0.965
C03332,R050,D0628,P008,2024-08-28,1,1,6,In-person,0.82
C03333,R039,D0585,P007,2024-08-16,1,1,0,In-person,0.692
C03334,R066,D0249,P001,2024-08-16,2,1,6,In-person,0.629
C03335,R059,D0274,P001,2024-08-30,1,1,2,In-person,0.871
C03336,R035,D0269,P007,2024-08-08,4,1,5,In-person,0.957
C03337,R043,D0076,P006,2024-08-09,3,2,1,In-person,0.966
C03338,R045,D0215,P005,2024-08-22,2,2,5,In-person,1.141
C03339,R068,D0321,P001,2024-08-29,4,1,3,Clinic Camp,0.878
C03340,R031,D0661,P003,2024-08-12,1,1,6,Clinic Camp,0.82
C03341,R069,D0206,P007,2024-08-05,3,1,2,In-person,0.926
C03342,R018,D0100,P002,2024-08-02,2,1,6,In-person,0.975
C03343,R061,D0614,P002,2024-08-01,1,1,5,Clinic Camp,0.8
C03344,R057,D0495,P004,2024-08-12,2,1,0,In-person,0.874
C03345,R007,D0267,P006,2024-08-17,1,1,2,In-person,0.713
C03346,R064,D0581,P007,2024-08-16,1,2,2,In-person,0.879
C03347,R046,D0165,P005,2024-08-08,1,2,1,In-person,0.851
C03348,R051,D0671,P004,2024-08-21,1,2,6,Virtual,0.901
C03349,R007,D0023,P004,2024-08-28,3,1,0,Clinic Camp,0.876
C03350,R048,D0482,P001,2024-08-08,4,2,1,In-person,0.958
C03351,R049,D0553,P003,2024-08-21,2,1,1,In-person,0.774
C03352,R036,D0304,P002,2024-08-17,3,2,2,Virtual,0.873
C03353,R013,D0601,P001,2024-08-22,1,2,4,Clinic Camp,0.837
C03354,R006,D0338,P006,2024-08-01,4,2,0,In-person,1.101
C03355,R022,D0492,P003,2024-08-21,3,2,4,In-person,1.046
C03356,R072,D0160,P005,2024-08-24,2,1,2,In-person,0.841
C03357,R027,D0565,P002,2024-08-22,4,1,4,Virtual,0.864
C03358,R009,D0706,P005,2024-08-27,2,1,0,In-person,0.806
C03359,R069,D0807,P002,2024-08-24,2,1,6,In-person,0.883
C03360,R036,D0304,P006,2024-08-31,4,2,4,In-person,1.125
C03361,R009,D0403,P006,2024-08-21,1,2,1,In-person,0.929
C03362,R069,D0319,P003,2024-08-14,3,2,5,In-person,0.997
C03363,R037,D0700,P002,2024-08-26,3,1,3,In-person,0.879
C03364,R061,D0827,P007,2024-08-22,3,2,2,In-person,1.049
C03365,R008,D0537,P002,2024-08-18,4,2,1,In-person,0.98
C03366,R012,D0766,P002,2024-08-18,2,1,3,Virtual,0.841
C03367,R040,D0073,P003,2024-08-11,1,2,1,Clinic Camp,0.658
C03368,R003,D0667,P008,2024-08-20,2,2,5,In-person,0.935
C03369,R003,D0690,P004,2024-08-15,1,2,2,In-person,0.94
C03370,R005,D0699,P003,2024-08-05,3,1,0,In-person,0.877
C03371,R071,D0472,P005,2024-08-14,3,2,4,In-person,1.084
C03372,R020,D0756,P003,2024-08-30,4,2,5,Clinic Camp,1.177
C03373,R072,D0520,P006,2024-08-11,2,2,5,Clinic Camp,1.068
C03374,R021,D0727,P004,2024-08-21,4,1,3,In-person,0.946
C03375,R040,D0162,P005,2024-08-13,4,1,2,Clinic Camp,1.031
C03376,R026,D0662,P004,2024-08-09,4,1,1,Virtual,1.118
C03377,R032,D0433,P004,2024-08-12,3,2,2,In-person,0.974
C03378,R020,D0722,P004,2024-08-30,1,2,0,In-person,0.694
C03379,R036,D0806,P004,2024-08-04,1,2,6,Clinic Camp,0.86
C03380,R029,D0742,P008,2024-08-21,4,1,1,In-person,0.975
C03381,R001,D0157,P003,2024-08-26,4,1,5,Virtual,0.877
C03382,R065,D0470,P007,2024-08-06,4,1,2,In-person,0.895
C03383,R023,D0029,P006,2024-08-24,3,2,4,In-person,0.986
C03384,R038,D0786,P005,2024-08-20,4,1,6,In-person,1.037
C03385,R053,D0233,P003,2024-08-11,2,2,2,In-person,1.05
C03386,R006,D0591,P004,2024-08-06,1,1,6,In-person,0.873
C03387,R006,D0525,P007,2024-08-30,2,2,2,In-person,0.817
C03388,R056,D0705,P002,2024-08-07,4,1,1,In-person,1.247
C03389,R041,D0630,P005,2024-08-30,3,1,5,In-person,0.939
C03390,R001,D0672,P007,2024-08-21,4,2,0,In-person,0.876
C03391,R021,D0500,P006,2024-08-27,4,1,0,In-person,0.837
C03392,R054,D0136,P002,2024-08-10,4,1,2,Virtual,0.873
C03393,R019,D0779,P005,2024-08-01,1,2,3,Clinic Camp,0.746
C03394,R018,D0064,P002,2024-08-21,1,1,3,In-person,0.805
C03395,R023,D0340,P008,2024-08-12,2,2,0,In-person,0.657
C03396,R026,D0326,P003,2024-08-18,1,1,3,In-person,0.843
C03397,R059,D0390,P004,2024-08-15,4,1,4,In-person,1.057
C03398,R028,D0783,P007,2024-08-10,1,1,1,In-person,0.691
C03399,R041,D0163,P004,2024-08-23,2,1,3,Virtual,0.907
C03400,R038,D0473,P002,2024-08-16,3,2,2,Clinic Camp,0.889
C03401,R053,D0148,P008,2024-08-20,1,2,0,Clinic Camp,0.733
C03402,R056,D0705,P006,2024-08-21,3,2,5,In-person,1.074
C03403,R006,D0649,P005,2024-08-22,1,1,2,Clinic Camp,0.729
C03404,R044,D0431,P001,2024-08-11,4,1,6,Clinic Camp,0.978
C03405,R018,D0072,P004,2024-08-24,3,2,1,In-person,0.949
C03406,R034,D0104,P004,2024-08-07,2,1,0,In-person,0.886
C03407,R062,D0198,P003,2024-08-30,3,2,5,In-person,1.132
C03408,R036,D0361,P005,2024-08-26,2,2,6,In-person,1.012
C03409,R011,D0741,P002,2024-08-18,1,1,6,In-person,0.79
C03410,R072,D0096,P004,2024-08-06,1,1,6,Virtual,0.86
C03411,R007,D0538,P007,2024-08-29,1,2,2,In-person,0.767
C03412,R034,D0225,P006,2024-08-18,3,1,4,In-person,1.016
C03413,R017,D0046,P003,2024-08-26,3,2,0,In-person,1.016
C03414,R005,D0598,P002,2024-08-01,2,2,2,In-person,1.061
C03415,R008,D0621,P001,2024-08-11,3,1,6,In-person,0.894
C03416,R014,D0776,P003,2024-08-10,2,1,4,Clinic Camp,0.778
C03417,R005,D0453,P001,2024-08-26,1,1,5,In-person,0.844
C03418,R063,D0223,P002,2024-08-15,3,1,6,Virtual,0.936
C03419,R064,D0711,P008,2024-08-04,2,2,5,In-person,1.04
C03420,R045,D0213,P007,2024-08-20,3,2,4,In-person,1.117
C03421,R028,D0557,P005,2024-08-05,3,2,2,Clinic Camp,1.112
C03422,R043,D0779,P007,2024-08-14,1,2,3,In-person,0.859
C03423,R056,D0106,P004,2024-08-31,1,2,0,In-person,0.87
C03424,R027,D0803,P005,2024-08-14,1,2,4,In-person,0.831
C03425,R065,D0163,P008,2024-08-14,1,2,6,In-person,0.925
C03426,R001,D0440,P001,2024-08-02,1,2,1,In-person,0.814
C03427,R072,D0178,P003,2024-08-15,4,1,3,In-person,0.965
C03428,R071,D0101,P001,2024-08-30,4,1,6,Virtual,1.174
C03429,R010,D0513,P007,2024-08-30,4,2,2,In-person,0.939
C03430,R017,D0470,P007,2024-08-30,2,1,4,In-person,0.852
C03431,R055,D0461,P006,2024-08-12,2,2,5,Clinic Camp,0.964
C03432,R005,D0444,P005,2024-08-03,2,2,5,In-person,1.011
C03433,R042,D0522,P004,2024-08-08,4,1,4,In-person,0.904
C03434,R070,D0821,P001,2024-08-07,2,2,0,In-person,0.846
C03435,R039,D0387,P007,2024-08-03,3,1,0,In-person,0.802
C03436,R020,D0273,P008,2024-08-22,1,1,5,In-person,0.62
C03437,R037,D0251,P008,2024-08-17,4,1,6,In-person,1.121
C03438,R047,D0378,P003,2024-08-23,3,1,1,In-person,0.75
C03439,R002,D0151,P002,2024-08-07,4,1,3,In-person,0.846
C03440,R004,D0204,P006,2024-08-22,2,1,0,In-person,0.856
C03441,R051,D0166,P001,2024-08-03,3,2,1,In-person,0.931
C03442,R026,D0838,P001,2024-08-23,2,1,3,In-person,0.81
C03443,R002,D0329,P007,2024-08-26,2,2,0,In-person,0.848
C03444,R058,D0707,P008,2024-08-08,2,1,4,In-person,0.938
C03445,R046,D0451,P004,2024-08-11,1,1,3,In-person,0.72
C03446,R026,D0375,P005,2024-08-14,2,1,0,In-person,0.828
C03447,R013,D0782,P005,2024-08-18,3,1,4,In-person,0.831
C03448,R033,D0673,P002,2024-08-17,1,2,3,In-person,0.88
C03449,R039,D0183,P002,2024-08-04,2,1,0,In-person,0.852
C03450,R049,D0259,P003,2024-08-12,1,1,1,In-person,0.84
C03451,R014,D0549,P007,2024-08-16,3,2,3,In-person,0.87
C03452,R021,D0007,P004,2024-08-20,2,2,5,Clinic Camp,0.936
C03453,R025,D0113,P006,2024-08-20,1,2,3,In-person,0.982
C03454,R025,D0033,P002,2024-08-21,3,1,4,In-person,0.996
C03455,R053,D0699,P008,2024-08-14,4,1,3,In-person,0.958
C03456,R068,D0443,P008,2024-08-16,4,1,6,In-person,1.028
C03457,R013,D0015,P004,2024-09-11,4,1,6,Virtual,1.052
C03458,R005,D0718,P002,2024-09-09,1,2,2,In-person,0.806
C03459,R041,D0531,P008,2024-09-10,1,1,2,Clinic Camp,0.79
C03460,R014,D0597,P007,2024-09-14,4,1,4,Virtual,1.031
C03461,R036,D0149,P005,2024-09-04,3,2,6,In-person,0.959
C03462,R061,D0701,P003,2024-09-07,3,2,4,In-person,0.973
C03463,R057,D0143,P005,2024-09-04,4,1,2,In-person,0.92
C03464,R046,D0451,P003,2024-09-13,1,2,5,In-person,0.87
C03465,R067,D0471,P006,2024-09-15,3,1,1,In-person,0.89
C03466,R065,D0163,P007,2024-09-05,3,1,1,In-person,0.882
C03467,R028,D0286,P004,2024-09-05,4,2,1,In-person,0.97
C03468,R070,D0058,P001,2024-09-16,2,1,6,In-person,0.995
C03469,R024,D0389,P005,2024-09-07,3,1,6,In-person,0.958
C03470,R050,D0664,P007,2024-09-27,4,1,6,In-person,1.145
C03471,R049,D0263,P002,2024-09-05,2,2,0,In-person,0.985
C03472,R037,D0379,P008,2024-09-15,1,2,6,Clinic Camp,0.823
C03473,R053,D0833,P003,2024-09-25,2,2,1,In-person,0.849
C03474,R065,D0163,P006,2024-09-04,3,1,6,Clinic Camp,0.925
C03475,R049,D0259,P006,2024-09-14,2,1,2,In-person,0.841
C03476,R066,D0074,P002,2024-09-15,3,1,2,In-person,0.944
C03477,R057,D0495,P001,2024-09-17,2,1,4,In-person,0.864
C03478,R036,D0152,P008,2024-09-27,1,2,5,In-person,0.846
C03479,R041,D0635,P006,2024-09-18,4,2,2,In-person,1.178
C03480,R066,D0229,P006,2024-09-12,4,1,5,In-person,0.975
C03481,R009,D0629,P003,2024-09-12,3,2,0,In-person,0.999
C03482,R061,D0087,P001,2024-09-19,2,1,6,Virtual,0.885
C03483,R020,D0337,P003,2024-09-09,2,1,3,In-person,0.829
C03484,R053,D0146,P005,2024-09-21,2,1,3,In-person,0.888
C03485,R062,D0473,P006,2024-09-12,2,2,6,In-person,1.101
C03486,R006,D0006,P003,2024-09-02,1,2,0,Clinic Camp,0.824
C03487,R024,D0057,P002,2024-09-17,2,2,6,Virtual,0.939
C03488,R027,D0527,P002,2024-09-08,2,1,1,Virtual,0.916
C03489,R002,D0479,P008,2024-09-11,2,2,6,Clinic Camp,1.018
C03490,R004,D0278,P006,2024-09-10,2,2,5,In-person,0.974
C03491,R062,D0381,P008,2024-09-05,3,1,2,In-person,0.968
C03492,R029,D0401,P001,2024-09-09,4,2,0,In-person,1.036
C03493,R002,D0689,P004,2024-09-28,2,1,0,Clinic Camp,0.977
C03494,R059,D0420,P004,2024-09-10,1,2,0,In-person,0.8
C03495,R001,D0751,P004,2024-09-22,4,1,0,In-person,1.012
C03496,R021,D0206,P004,2024-09-13,1,2,4,In-person,0.907
C03497,R018,D0135,P001,2024-09-02,4,1,6,In-person,1.063
C03498,R055,D0429,P001,2024-09-26,3,2,5,In-person,1.001
C03499,R022,D0063,P007,2024-09-28,3,2,5,In-person,1.001
C03500,R060,D0624,P004,2024-09-08,2,2,6,In-person,1.018
C03501,R055,D0429,P002,2024-09-06,3,1,4,In-person,0.853
C03502,R059,D0357,P003,2024-09-28,3,1,0,Clinic Camp,0.804
C03503,R023,D0404,P008,2024-09-03,4,1,3,In-person,0.975
C03504,R054,D0060,P004,2024-09-27,1,1,5,In-person,0.899
C03505,R017,D0434,P008,2024-09-06,1,2,3,In-person,0.86
C03506,R058,D0778,P002,2024-09-27,2,2,2,In-person,0.911
C03507,R051,D0615,P001,2024-09-28,1,2,3,Virtual,0.769
C03508,R028,D0430,P005,2024-09-08,4,2,5,In-person,1.236
C03509,R045,D0386,P006,2024-09-07,1,1,2,Clinic Camp,0.835
C03510,R012,D0370,P008,2024-09-04,1,2,2,In-person,0.934
C03511,R026,D0829,P004,2024-09-24,2,2,3,Clinic Camp,0.808
C03512,R035,D0785,P002,2024-09-11,2,1,2,In-person,0.844
C03513,R032,D0419,P005,2024-09-20,2,2,1,In-person,0.813
C03514,R069,D0801,P003,2024-09-19,3,2,1,In-person,1.02
C03515,R042,D0072,P002,2024-09-16,3,1,0,Virtual,0.876
C03516,R035,D0342,P001,2024-09-08,4,1,5,In-person,1.052
C03517,R067,D0218,P006,2024-09-11,2,1,1,Clinic Camp,0.741
C03518,R010,D0513,P006,2024-09-16,4,2,6,In-person,1.035
C03519,R044,D0596,P002,2024-09-03,1,2,6,Clinic Camp,0.857
C03520,R040,D0422,P005,2024-09-13,1,1,4,Clinic Camp,0.807
C03521,R033,D0214,P008,2024-09-22,2,2,6,In-person,0.959
C03522,R025,D0488,P007,2024-09-13,1,2,6,In-person,0.928
C03523,R048,D0180,P004,2024-09-12,1,1,5,In-person,0.718
C03524,R013,D0308,P001,2024-09-26,2,1,2,Clinic Camp,0.815
C03525,R021,D0246,P006,2024-09-17,3,1,5,In-person,1.052
C03526,R023,D0747,P005,2024-09-23,2,2,2,Virtual,0.933
C03527,R007,D0661,P008,2024-09-02,2,2,0,In-person,0.902
C03528,R007,D0202,P005,2024-09-28,1,2,3,In-person,0.886
C03529,R009,D0836,P006,2024-09-24,1,1,0,In-person,0.669
C03530,R010,D0484,P005,2024-09-25,4,1,0,In-person,1.051
C03531,R031,D0391,P005,2024-09-21,1,2,0,In-person,0.829
C03532,R046,D0441,P003,2024-09-17,3,2,6,In-person,1.062
C03533,R042,D0135,P004,2024-09-16,3,1,0,In-person,0.905
C03534,R016,D0065,P003,2024-09-19,1,1,2,In-person,0.821
C03535,R051,D0296,P004,2024-09-15,1,2,5,In-person,0.79
C03536,R047,D0639,P008,2024-09-22,2,1,5,Clinic Camp,0.875
C03537,R021,D0246,P003,2024-09-11,3,2,0,In-person,1.119
C03538,R064,D0372,P004,2024-09-24,1,1,6,In-person,0.95
C03539,R071,D0850,P008,2024-09-11,4,1,6,Clinic Camp,1.019
C03540,R034,D0823,P002,2024-09-15,2,2,6,In-person,1.036
C03541,R020,D0509,P003,2024-09-03,2,2,4,In-person,0.916
C03542,R051,D0071,P004,2024-09-28,4,1,3,Clinic Camp,1.002
C03543,R034,D0490,P004,2024-09-21,1,1,1,In-person,0.691
C03544,R069,D0548,P003,2024-09-08,4,2,0,In-person,0.972
C03545,R009,D0835,P007,2024-09-02,3,2,5,In-person,0.983
C03546,R050,D0829,P004,2024-09-26,2,2,5,In-person,1.095
C03547,R057,D0554,P003,2024-09-01,1,2,5,In-person,0.852
C03548,R038,D0109,P004,2024-09-15,1,2,4,In-person,0.963
C03549,R003,D0192,P008,2024-09-01,4,2,3,In-person,1.029
C03550,R044,D0646,P008,2024-09-21,2,2,1,In-person,0.844
C03551,R010,D0423,P002,2024-09-07,4,1,0,In-person,0.951
C03552,R028,D0313,P001,2024-09-13,4,2,1,In-person,0.924
C03553,R044,D0431,P001,2024-09-18,2,2,2,In-person,0.959
C03554,R051,D0656,P004,2024-09-12,2,2,2,In-person,0.895
C03555,R053,D0401,P006,2024-09-21,2,2,3,In-person,0.88
C03556,R007,D0202,P001,2024-09-16,3,2,5,In-person,0.969
C03557,R062,D0786,P005,2024-09-13,3,1,5,Virtual,1.098
C03558,R019,D0264,P004,2024-09-10,2,1,5,In-person,0.867
C03559,R041,D0323,P008,2024-09-13,3,2,2,Clinic Camp,0.97
C03560,R047,D0039,P005,2024-09-10,3,1,6,In-person,1.028
C03561,R030,D0512,P004,2024-09-18,1,1,6,In-person,0.751
C03562,R015,D0844,P005,2024-09-23,3,2,2,In-person,1.067
C03563,R052,D0169,P002,2024-09-18,4,2,1,Virtual,1.025
C03564,R052,D0204,P004,2024-09-01,4,1,6,In-person,0.917
C03565,R056,D0188,P003,2024-09-26,2,2,6,In-person,0.936
C03566,R012,D0139,P002,2024-09-24,1,1,3,Virtual,0.676
C03567,R036,D0539,P004,2024-09-25,4,2,0,In-person,1.016
C03568,R026,D0239,P006,2024-09-02,4,2,4,In-person,1.019
C03569,R050,D0689,P005,2024-09-25,4,1,5,In-person,0.938
C03570,R065,D0452,P008,2024-09-15,2,2,3,In-person,0.947
C03571,R019,D0526,P003,2024-09-26,2,2,0,In-person,0.874
C03572,R012,D0118,P006,2024-09-24,3,2,5,In-person,1.127
C03573,R031,D0350,P005,2024-09-27,2,1,5,In-person,0.963
C03574,R001,D0346,P007,2024-09-04,4,2,6,In-person,1.123
C03575,R045,D0009,P008,2024-09-17,2,1,6,In-person,0.928
C03576,R041,D0452,P006,2024-09-22,2,1,3,In-person,0.721
C03577,R059,D0428,P004,2024-09-18,4,1,2,In-person,1.012
C03578,R020,D0431,P005,2024-09-25,2,1,1,In-person,0.831
C03579,R031,D0461,P006,2024-09-22,1,1,0,In-person,0.786
C03580,R069,D0682,P007,2024-09-02,4,2,5,Clinic Camp,1.076
C03581,R031,D0683,P002,2024-09-06,2,1,6,Virtual,0.864
C03582,R025,D0002,P007,2024-09-20,3,2,4,Clinic Camp,0.989
C03583,R059,D0567,P007,2024-09-11,3,1,6,In-person,1.073
C03584,R026,D0810,P001,2024-09-11,1,2,2,Virtual,0.859
C03585,R044,D0756,P003,2024-09-28,1,2,5,In-person,0.77
C03586,R016,D0344,P002,2024-09-03,4,1,2,In-person,1.008
C03587,R061,D0663,P005,2024-09-16,1,2,2,In-person,0.799
C03588,R049,D0679,P002,2024-09-10,2,1,4,In-person,0.939
C03589,R004,D0286,P003,2024-09-02,4,2,0,In-person,1.053
C03590,R031,D0749,P002,2024-09-12,1,2,2,Virtual,0.935
C03591,R008,D0537,P001,2024-09-13,3,2,2,Clinic Camp,1.059
C03592,R060,D0745,P004,2024-09-14,1,1,3,In-person,0.839
C03593,R040,D0592,P003,2024-09-05,3,2,5,In-person,1.121
C03594,R009,D0717,P005,2024-09-22,3,2,1,In-person,1.023
C03595,R070,D0821,P002,2024-09-11,1,2,1,In-person,0.762
C03596,R055,D0749,P003,2024-09-18,2,1,4,In-person,0.761
C03597,R072,D0348,P008,2024-09-17,3,2,0,In-person,0.874
C03598,R046,D0451,P007,2024-09-17,4,2,6,Clinic Camp,1.176
C03599,R070,D0492,P003,2024-09-16,3,2,6,In-person,0.87
C03600,R008,D0659,P002,2024-09-10,3,2,2,Clinic Camp,0.975
C03601,R045,D0283,P008,2024-09-15,2,1,4,In-person,0.831
C03602,R063,D0223,P006,2024-09-16,1,1,3,In-person,0.862
C03603,R071,D0578,P004,2024-09-01,4,2,4,In-person,1.073
C03604,R055,D0780,P006,2024-09-22,4,1,1,In-person,0.909
C03605,R039,D0795,P002,2024-09-14,1,2,6,Virtual,1.013
C03606,R049,D0094,P004,2024-09-09,2,1,6,In-person,0.881
C03607,R004,D0777,P004,2024-09-01,2,1,3,In-person,0.814
C03608,R022,D0650,P006,2024-09-10,1,1,6,In-person,0.779
C03609,R068,D0273,P002,2024-09-13,4,2,2,In-person,1.069
C03610,R032,D0106,P004,2024-09-26,1,2,5,In-person,0.863
C03611,R033,D0181,P007,2024-09-20,1,2,6,In-person,0.882
C03612,R038,D0754,P002,2024-09-13,2,1,4,In-person,0.968
C03613,R008,D0623,P001,2024-09-04,4,1,6,Virtual,1.032
C03614,R014,D0473,P007,2024-09-09,1,2,1,In-person,0.782
C03615,R062,D0504,P007,2024-09-28,2,1,0,In-person,0.7
C03616,R060,D0361,P004,2024-09-04,3,2,3,In-person,1.01
C03617,R058,D0734,P001,2024-09-19,1,2,2,In-person,0.791
C03618,R003,D0159,P005,2024-09-16,1,1,4,In-person,0.753
C03619,R005,D0241,P003,2024-09-07,1,2,2,In-person,0.768
C03620,R048,D0160,P005,2024-09-27,1,1,6,In-person,0.834
C03621,R026,D0762,P002,2024-09-12,2,1,0,Virtual,0.676
C03622,R050,D0479,P007,2024-09-20,4,1,6,In-person,1.061
C03623,R039,D0540,P006,2024-09-03,4,1,1,In-person,0.894
C03624,R016,D0787,P006,2024-09-29,3,1,2,In-person,0.943
C03625,R030,D0167,P005,2024-09-01,4,2,0,In-person,1.049
C03626,R071,D0843,P002,2024-09-10,1,1,4,In-person,0.79
C03627,R006,D0136,P008,2024-09-28,3,1,4,In-person,0.99
C03628,R017,D0606,P003,2024-09-20,2,2,6,In-person,1.103
C03629,R030,D0627,P003,2024-09-21,1,1,0,In-person,0.811
C03630,R070,D0654,P008,2024-09-10,3,2,3,In-person,0.889
C03631,R069,D0085,P001,2024-09-24,2,1,6,In-person,0.84
C03632,R034,D0778,P002,2024-09-28,4,2,0,In-person,0.971
C03633,R068,D0684,P007,2024-09-19,2,2,4,Virtual,0.993
C03634,R063,D0108,P003,2024-09-07,2,1,1,Clinic Camp,0.756
C03635,R020,D0556,P005,2024-09-28,1,1,2,In-person,0.701
C03636,R052,D0652,P005,2024-09-01,2,1,5,Virtual,0.811
C03637,R011,D0428,P007,2024-09-27,1,2,5,In-person,0.914
C03638,R061,D0266,P005,2024-09-01,3,1,0,In-person,0.901
C03639,R061,D0199,P004,2024-09-02,2,2,4,In-person,0.845
C03640,R012,D0427,P005,2024-09-02,2,2,2,In-person,0.865
C03641,R053,D0846,P006,2024-09-06,2,2,5,In-person,0.808
C03642,R011,D0555,P004,2024-09-22,4,1,5,In-person,0.819
C03643,R008,D0622,P002,2024-09-12,3,2,6,In-person,1.087
C03644,R027,D0671,P004,2024-09-03,4,1,0,In-person,0.945
C03645,R023,D0639,P008,2024-09-11,2,2,5,In-person,0.974
C03646,R013,D0270,P001,2024-09-30,2,1,6,In-person,1.015
C03647,R043,D0670,P002,2024-09-16,1,2,5,In-person,0.756
C03648,R040,D0360,P008,2024-09-22,3,2,2,In-person,0.81
C03649,R015,D0474,P007,2024-09-08,1,1,5,In-person,0.71
C03650,R011,D0342,P001,2024-09-16,4,1,0,In-person,0.75
C03651,R031,D0771,P002,2024-09-24,3,1,2,Clinic Camp,0.837
C03652,R051,D0656,P006,2024-09-21,2,2,5,In-person,1.007
C03653,R006,D0559,P007,2024-09-01,3,1,4,In-person,0.946
C03654,R008,D0439,P006,2024-09-19,4,1,1,In-person,1.02
C03655,R001,D0521,P007,2024-09-24,1,1,3,Clinic Camp,0.794
C03656,R039,D0585,P005,2024-09-05,3,1,0,In-person,0.818
C03657,R056,D0265,P008,2024-09-12,4,1,6,In-person,0.986
C03658,R032,D0657,P005,2024-09-20,3,1,3,In-person,0.939
C03659,R070,D0176,P004,2024-09-01,3,1,3,Clinic Camp,0.782
C03660,R035,D0153,P006,2024-09-22,3,1,2,In-person,0.632
C03661,R029,D0718,P004,2024-09-26,1,1,1,Virtual,0.759
C03662,R027,D0656,P005,2024-09-16,4,1,2,In-person,0.975
C03663,R057,D0287,P007,2024-09-14,2,2,3,In-person,1.05
C03664,R034,D0484,P008,2024-09-03,2,1,2,In-person,0.872
C03665,R036,D0704,P005,2024-09-22,4,2,2,In-person,1.071
C03666,R039,D0695,P001,2024-09-29,1,1,3,In-person,0.739
C03667,R023,D0843,P005,2024-09-27,2,1,3,In-person,0.769
C03668,R010,D0692,P003,2024-09-17,3,1,2,Clinic Camp,0.864
C03669,R019,D0359,P002,2024-09-02,1,1,4,Virtual,0.858
C03670,R045,D0206,P008,2024-09-09,3,2,1,Clinic Camp,0.995
C03671,R046,D0066,P004,2024-09-08,3,2,6,In-person,1.123
C03672,R068,D0556,P007,2024-09-01,2,1,4,In-person,0.861
C03673,R005,D0647,P003,2024-09-04,1,1,1,In-person,0.656
C03674,R002,D0664,P005,2024-09-18,2,2,4,Clinic Camp,1.035
C03675,R056,D0106,P006,2024-09-03,4,2,6,Clinic Camp,1.204
C03676,R071,D0571,P008,2024-09-02,3,1,5,In-person,0.955
C03677,R059,D0687,P002,2024-09-29,4,1,5,In-person,1.054
C03678,R005,D0699,P005,2024-09-19,3,1,1,In-person,0.908
C03679,R022,D0441,P004,2024-09-25,4,1,1,In-person,0.901
C03680,R056,D0106,P004,2024-09-08,4,2,3,Clinic Camp,1.043
C03681,R025,D0488,P007,2024-09-11,3,2,1,Virtual,0.885
C03682,R015,D0533,P002,2024-09-19,2,2,0,In-person,0.849
C03683,R022,D0451,P005,2024-09-21,3,1,6,In-person,1.04
C03684,R067,D0471,P004,2024-09-12,4,2,2,In-person,1.113
C03685,R066,D0405,P008,2024-09-28,2,2,5,Clinic Camp,1.005
C03686,R018,D0408,P002,2024-09-22,2,1,5,In-person,0.947
C03687,R037,D0251,P002,2024-09-07,4,1,1,In-person,0.909
C03688,R024,D0493,P001,2024-09-03,3,1,1,In-person,0.774
C03689,R022,D0176,P004,2024-09-01,1,1,4,In-person,0.769
C03690,R069,D0319,P001,2024-09-26,2,1,4,In-person,0.846
C03691,R050,D0329,P005,2024-09-25,2,1,1,In-person,0.852
C03692,R033,D0673,P002,2024-09-15,2,2,1,In-person,0.929
C03693,R067,D0772,P004,2024-09-22,4,2,4,In-person,1.163
C03694,R001,D0573,P005,2024-09-27,4,1,1,In-person,0.777
C03695,R033,D0123,P006,2024-09-05,4,1,1,In-person,0.874
C03696,R065,D0531,P001,2024-09-30,3,2,2,Clinic Camp,0.969
C03697,R072,D0289,P002,2024-09-15,3,1,2,In-person,0.924
C03698,R025,D0032,P003,2024-09-14,3,2,2,In-person,1.144
C03699,R005,D0146,P005,2024-09-05,2,2,2,Clinic Camp,0.828
C03700,R052,D0830,P008,2024-09-21,1,1,3,In-person,0.707
C03701,R009,D0328,P002,2024-09-19,1,2,3,In-person,0.82
C03702,R047,D0134,P001,2024-09-01,3,1,0,In-person,0.79
C03703,R014,D0109,P006,2024-09-20,3,1,1,In-person,0.797
C03704,R036,D0589,P008,2024-09-05,2,2,3,In-person,0.928
C03705,R033,D0706,P007,2024-09-09,1,2,5,Clinic Camp,0.969
C03706,R055,D0391,P005,2024-09-19,1,2,0,In-person,0.81
C03707,R045,D0056,P001,2024-09-24,2,2,5,Virtual,0.891
C03708,R065,D0425,P005,2024-09-05,4,1,0,In-person,0.904
C03709,R035,D0574,P004,2024-09-15,2,2,4,In-person,0.859
C03710,R020,D0193,P004,2024-09-09,4,1,1,In-person,1.017
C03711,R038,D0198,P004,2024-09-22,4,1,6,Clinic Camp,1.146
C03712,R056,D0106,P005,2024-09-25,4,1,4,In-person,0.864
C03713,R002,D0352,P006,2024-09-20,4,2,5,In-person,1.118
C03714,R023,D0116,P002,2024-09-24,1,2,5,In-person,0.828
C03715,R046,D0142,P001,2024-09-14,4,1,0,In-person,0.925
C03716,R071,D0077,P001,2024-09-18,4,2,5,In-person,1.093
C03717,R027,D0656,P004,2024-09-09,4,1,0,In-person,0.813
C03718,R010,D0353,P005,2024-09-30,1,2,3,In-person,0.951
C03719,R063,D0814,P007,2024-09-07,2,1,4,Virtual,0.84
C03720,R048,D0312,P004,2024-09-28,3,1,6,In-person,0.92
C03721,R001,D0157,P005,2024-09-23,1,1,5,In-person,0.809
C03722,R003,D0166,P008,2024-09-30,4,1,4,In-person,0.922
C03723,R021,D0807,P006,2024-09-20,2,2,6,Clinic Camp,0.963
C03724,R013,D0416,P006,2024-09-11,1,2,0,In-person,0.653
C03725,R066,D0249,P003,2024-09-09,2,2,0,Clinic Camp,0.681
C03726,R054,D0603,P002,2024-09-06,2,1,1,In-person,0.72
C03727,R034,D0409,P008,2024-09-30,3,1,1,In-person,0.825
C03728,R066,D0074,P005,2024-09-04,3,1,3,In-person,0.763
C03729,R030,D0627,P001,2024-09-25,2,1,5,Clinic Camp,0.83
C03730,R054,D0136,P004,2024-09-21,3,1,2,In-person,0.843
C03731,R005,D0148,P001,2024-09-04,4,1,6,In-person,1.023
C03732,R011,D0600,P008,2024-09-28,2,1,4,Clinic Camp,0.901
C03733,R035,D0420,P005,2024-09-05,2,2,3,In-person,1.061
C03734,R048,D0160,P007,2024-09-05,1,2,5,In-person,0.924
C03735,R004,D0045,P004,2024-09-17,2,1,3,In-person,0.755
C03736,R026,D0582,P001,2024-09-04,2,2,0,In-person,0.923
C03737,R058,D0513,P006,2024-09-04,4,2,5,In-person,1.212
C03738,R052,D0186,P006,2024-09-19,1,1,0,Clinic Camp,0.62
C03739,R067,D0345,P002,2024-09-29,3,1,3,In-person,0.819
C03740,R064,D0360,P006,2024-09-02,4,1,1,Clinic Camp,0.824
C03741,R058,D0724,P002,2024-09-20,2,2,5,Clinic Camp,0.915
C03742,R016,D0674,P006,2024-09-19,1,2,4,In-person,0.902
C03743,R065,D0323,P006,2024-09-02,3,2,6,In-person,1.167
C03744,R015,D0387,P002,2024-09-05,3,2,6,In-person,1.119
C03745,R041,D0788,P003,2024-09-14,3,1,1,In-person,0.899
C03746,R060,D0304,P002,2024-09-21,4,2,1,In-person,1.032
C03747,R002,D0156,P006,2024-09-07,1,2,1,In-person,0.849
C03748,R037,D0209,P002,2024-09-14,1,2,1,Clinic Camp,0.854
C03749,R006,D0587,P006,2024-09-15,2,2,6,In-person,1.082
C03750,R064,D0831,P004,2024-09-22,3,1,0,In-person,0.848
C03751,R007,D0350,P001,2024-09-08,4,2,2,In-person,1.067
C03752,R014,D0022,P008,2024-09-21,3,2,1,In-person,0.925
C03753,R040,D0162,P006,2024-09-25,1,1,0,In-person,0.719
C03754,R047,D0327,P003,2024-09-18,4,2,5,In-person,1.079
C03755,R019,D0041,P008,2024-09-22,2,2,3,Virtual,0.829
C03756,R024,D0050,P006,2024-09-06,4,2,6,In-person,1.188
C03757,R034,D0484,P007,2024-09-28,2,1,4,In-person,0.971
C03758,R059,D0691,P002,2024-09-10,4,1,3,In-person,0.971
C03759,R068,D0321,P001,2024-09-06,3,2,1,Clinic Camp,0.985
C03760,R013,D0341,P001,2024-09-17,3,1,4,In-person,0.991
C03761,R016,D0508,P005,2024-09-12,4,2,5,In-person,1.089
C03762,R028,D0458,P007,2024-09-14,1,2,0,Virtual,0.815
C03763,R007,D0842,P008,2024-09-25,2,2,1,Clinic Camp,0.871
C03764,R047,D0747,P008,2024-09-17,1,2,2,In-person,0.792
C03765,R047,D0280,P005,2024-09-12,4,2,0,In-person,1.052
C03766,R022,D0848,P006,2024-09-25,4,1,0,In-person,0.961
C03767,R003,D0071,P003,2024-09-12,4,1,1,In-person,1.012
C03768,R045,D0807,P001,2024-09-29,1,2,2,In-person,0.836
C03769,R055,D0168,P002,2024-09-30,2,2,3,In-person,0.828
C03770,R042,D0074,P001,2024-09-15,2,1,5,In-person,0.959
C03771,R021,D0084,P006,2024-09-24,4,2,5,In-person,1.041
C03772,R006,D0136,P005,2024-09-22,4,1,2,In-person,0.896
C03773,R003,D0383,P007,2024-09-26,4,1,3,In-person,0.931
C03774,R048,D0520,P002,2024-09-14,4,1,0,In-person,0.781
C03775,R018,D0522,P008,2024-09-13,4,1,5,In-person,0.993
C03776,R042,D0020,P006,2024-09-09,2,2,1,In-person,0.938
C03777,R035,D0274,P008,2024-09-18,3,2,0,In-person,0.905
C03778,R024,D0096,P006,2024-09-19,3,2,4,Clinic Camp,1.119
C03779,R044,D0273,P003,2024-09-14,1,1,2,In-person,0.848
C03780,R069,D0558,P006,2024-09-10,4,1,2,In-person,1.027
C03781,R027,D0615,P005,2024-09-14,1,2,3,Clinic Camp,0.699
C03782,R026,D0201,P002,2024-09-16,4,2,4,Virtual,1.197
C03783,R014,D0247,P001,2024-09-04,2,1,5,In-person,0.851
C03784,R007,D0771,P006,2024-09-20,1,2,4,In-person,1.006
C03785,R061,D0398,P001,2024-09-26,3,2,4,In-person,0.964
C03786,R029,D0222,P001,2024-09-10,2,1,5,In-person,0.859
C03787,R054,D0812,P001,2024-09-12,2,2,5,In-person,0.967
C03788,R037,D0117,P005,2024-09-03,4,2,1,In-person,0.953
C03789,R016,D0335,P008,2024-09-18,3,1,2,Clinic Camp,0.756
C03790,R071,D0571,P004,2024-09-13,3,2,3,Clinic Camp,0.802
C03791,R015,D0387,P002,2024-09-26,4,1,6,In-person,1.264
C03792,R036,D0118,P005,2024-09-28,4,1,4,In-person,0.859
C03793,R042,D0644,P004,2024-09-24,1,1,5,Virtual,0.668
C03794,R051,D0177,P005,2024-09-07,2,1,5,In-person,0.916
C03795,R057,D0673,P004,2024-09-06,4,2,6,Virtual,1.004
C03796,R038,D0288,P005,2024-09-15,4,2,3,In-person,0.935
C03797,R043,D0670,P003,2024-09-19,1,1,1,In-person,0.498
C03798,R054,D0794,P008,2024-09-01,1,2,2,In-person,0.859
C03799,R021,D0669,P005,2024-09-15,2,1,0,Clinic Camp,0.694
C03800,R017,D0788,P003,2024-09-03,3,2,4,In-person,1.063
C03801,R049,D0521,P001,2024-09-08,4,2,4,In-person,1.076
C03802,R018,D0064,P006,2024-09-11,2,2,1,Clinic Camp,0.895
C03803,R063,D0415,P004,2024-09-02,1,2,3,In-person,0.818
C03804,R011,D0428,P002,2024-09-08,3,1,5,In-person,0.918
C03805,R025,D0613,P004,2024-09-19,1,1,5,Clinic Camp,0.728
C03806,R032,D0257,P004,2024-09-30,3,2,5,In-person,0.966
C03807,R057,D0673,P007,2024-09-24,4,2,0,In-person,0.922
C03808,R028,D0313,P005,2024-09-10,3,1,2,In-person,1.007
C03809,R066,D0465,P006,2024-09-29,4,2,4,Virtual,1.05
C03810,R025,D0346,P006,2024-09-14,3,2,0,In-person,0.759
C03811,R064,D0372,P007,2024-09-11,4,2,1,Virtual,1.049
C03812,R064,D0237,P001,2024-09-26,4,1,6,Clinic Camp,0.964
C03813,R072,D0612,P004,2024-09-12,1,2,3,Clinic Camp,0.85
C03814,R050,D0131,P006,2024-09-23,3,2,4,In-person,0.99
C03815,R015,D0183,P002,2024-09-05,2,2,1,In-person,1.007
C03816,R062,D0381,P004,2024-09-10,1,1,4,In-person,0.751
C03817,R042,D0100,P004,2024-09-30,1,2,6,In-person,0.973
C03818,R028,D0777,P007,2024-09-08,1,2,6,Virtual,0.965
C03819,R004,D0285,P008,2024-09-26,1,2,1,In-person,0.709
C03820,R008,D0257,P001,2024-09-14,1,1,1,In-person,0.743
C03821,R017,D0323,P002,2024-09-29,4,1,4,In-person,0.931
C03822,R063,D0179,P007,2024-09-13,2,1,6,In-person,0.791
C03823,R037,D0489,P002,2024-09-15,1,2,0,Virtual,0.704
C03824,R024,D0389,P004,2024-09-12,2,1,1,In-person,0.864
C03825,R046,D0174,P008,2024-09-07,3,2,1,Clinic Camp,1.169
C03826,R029,D0800,P008,2024-09-26,3,2,5,In-person,0.966
C03827,R041,D0531,P008,2024-09-18,1,1,3,In-person,0.781
C03828,R017,D0452,P002,2024-09-16,1,1,5,In-person,0.825
C03829,R054,D0532,P002,2024-09-12,3,1,0,In-person,0.808
C03830,R052,D0454,P002,2024-09-24,4,1,0,Clinic Camp,1.033
C03831,R033,D0132,P007,2024-09-11,1,2,3,Clinic Camp,1.03
C03832,R012,D0759,P002,2024-09-08,4,1,2,In-person,0.908
C03833,R030,D0227,P004,2024-09-03,1,1,1,In-person,0.867
C03834,R011,D0037,P007,2024-09-27,2,1,1,In-person,0.754
C03835,R043,D0449,P004,2024-09-03,1,1,5,Clinic Camp,0.722
C03836,R053,D0800,P008,2024-09-26,2,2,0,In-person,0.859
C03837,R063,D0576,P004,2024-09-12,4,1,6,In-person,1.098
C03838,R002,D0261,P004,2024-09-01,1,2,1,In-person,0.81
C03839,R032,D0419,P008,2024-09-28,3,1,5,In-person,0.999
C03840,R038,D0487,P005,2024-09-23,2,2,4,In-person,0.96
C03841,R014,D0190,P002,2024-09-22,3,2,0,Clinic Camp,1.048
C03842,R009,D0765,P006,2024-09-17,1,2,5,Virtual,0.932
C03843,R060,D0268,P007,2024-09-23,2,1,3,In-person,0.956
C03844,R058,D0122,P007,2024-09-04,4,2,2,Clinic Camp,0.977
C03845,R027,D0088,P001,2024-09-08,3,1,0,In-person,0.834
C03846,R043,D0586,P001,2024-09-17,4,2,0,In-person,1.01
C03847,R067,D0017,P006,2024-09-23,3,1,2,Clinic Camp,0.818
C03848,R043,D0698,P006,2024-09-18,1,2,2,Clinic Camp,0.755
C03849,R010,D0778,P006,2024-09-13,2,2,5,In-person,0.991
C03850,R013,D0070,P004,2024-09-21,4,2,3,Clinic Camp,1.117
C03851,R023,D0055,P007,2024-09-02,3,2,0,In-person,0.949
C03852,R072,D0729,P005,2024-09-16,3,2,6,In-person,1.133
C03853,R038,D0109,P008,2024-09-12,4,1,1,In-person,0.85
C03854,R001,D0346,P003,2024-09-15,1,1,4,In-person,0.751
C03855,R056,D0697,P007,2024-09-04,4,1,5,In-person,0.916
C03856,R006,D0136,P002,2024-09-28,1,1,4,Clinic Camp,0.793
C03857,R062,D0549,P006,2024-09-26,4,1,2,In-person,0.995
C03858,R068,D0355,P006,2024-09-29,4,2,0,In-person,1.117
C03859,R040,D0400,P003,2024-09-26,2,1,1,Clinic Camp,0.704
C03860,R018,D0750,P001,2024-09-20,2,2,3,In-person,0.954
C03861,R019,D0562,P008,2024-09-09,1,2,6,Clinic Camp,1.023
C03862,R004,D0278,P001,2024-09-04,2,2,0,In-person,0.79
C03863,R039,D0795,P004,2024-09-19,1,2,1,In-person,0.719
C03864,R072,D0482,P001,2024-09-29,3,1,2,In-person,0.768
C03865,R032,D0170,P004,2024-09-11,1,2,5,Clinic Camp,0.94
C03866,R060,D0318,P007,2024-09-30,4,2,6,In-person,1.06
C03867,R037,D0150,P005,2024-09-05,2,2,1,In-person,0.926
C03868,R048,D0520,P002,2024-09-09,4,2,4,In-person,1.065
C03869,R019,D0712,P004,2024-09-20,2,2,6,In-person,1.122
C03870,R058,D0038,P001,2024-09-15,4,1,6,In-person,1.091
C03871,R039,D0585,P005,2024-09-23,3,1,5,In-person,0.876
C03872,R072,D0726,P001,2024-09-11,4,2,5,In-person,1.076
C03873,R029,D0846,P003,2024-09-24,3,2,1,Virtual,1.021
C03874,R040,D0535,P001,2024-09-10,2,1,2,In-person,0.731
C03875,R017,D0384,P002,2024-09-05,3,1,6,In-person,1.053
C03876,R018,D0092,P001,2024-09-18,1,2,4,In-person,0.852
C03877,R043,D0797,P008,2024-09-16,4,2,0,In-person,1.075
C03878,R049,D0346,P007,2024-09-18,3,1,0,In-person,0.834
C03879,R012,D0282,P008,2024-09-01,1,1,6,In-person,0.776
C03880,R053,D0718,P006,2024-09-13,1,2,0,Virtual,0.745
C03881,R064,D0581,P004,2024-09-03,1,1,4,Clinic Camp,0.921
C03882,R070,D0654,P002,2024-09-25,3,1,2,In-person,0.862
C03883,R020,D0756,P008,2024-09-03,3,1,1,In-person,1.114
C03884,R068,D0756,P008,2024-09-28,1,2,0,In-person,0.812
C03885,R003,D0159,P004,2024-09-02,3,1,3,Virtual,0.836
C03886,R029,D0137,P002,2024-09-19,2,2,5,Virtual,0.833
C03887,R030,D0167,P004,2024-09-11,2,1,0,In-person,0.879
C03888,R044,D0607,P004,2024-09-04,3,2,4,In-person,0.997
C03889,R022,D0463,P008,2024-10-12,4,2,4,In-person,1.148
C03890,R049,D0760,P001,2024-10-02,4,1,5,In-person,1.196
C03891,R060,D0804,P006,2024-10-22,1,1,4,In-person,0.836
C03892,R029,D0735,P007,2024-10-27,4,2,0,In-person,1.037
C03893,R038,D0078,P007,2024-10-11,3,2,2,In-person,1.074
C03894,R021,D0518,P002,2024-10-14,1,2,6,Clinic Camp,0.972
C03895,R060,D0804,P004,2024-10-05,4,1,5,In-person,0.909
C03896,R027,D0825,P003,2024-10-15,2,1,2,In-person,0.923
C03897,R050,D0303,P004,2024-10-30,2,2,6,In-person,0.974
C03898,R031,D0683,P001,2024-10-17,4,2,0,In-person,1.133
C03899,R052,D0291,P001,2024-10-28,3,1,3,In-person,0.945
C03900,R007,D0202,P001,2024-10-25,1,2,5,In-person,0.985
C03901,R032,D0366,P008,2024-10-04,1,1,4,In-person,0.764
C03902,R035,D0269,P004,2024-10-02,4,1,1,In-person,0.817
C03903,R006,D0794,P002,2024-10-12,2,1,1,Clinic Camp,0.843
C03904,R003,D0159,P007,2024-10-30,1,1,5,In-person,0.878
C03905,R008,D0171,P004,2024-10-06,1,1,6,Clinic Camp,0.773
C03906,R071,D0472,P003,2024-10-02,4,2,5,In-person,1.084
C03907,R032,D0501,P001,2024-10-30,3,1,6,Clinic Camp,0.781
C03908,R034,D0409,P004,2024-10-07,3,1,6,In-person,0.946
C03909,R072,D0097,P006,2024-10-12,3,2,6,Clinic Camp,0.948
C03910,R071,D0378,P005,2024-10-25,2,1,5,In-person,0.911
C03911,R071,D0808,P004,2024-10-04,4,1,5,In-person,1.037
C03912,R008,D0170,P005,2024-10-06,3,1,5,In-person,0.941
C03913,R032,D0642,P007,2024-10-23,3,1,2,In-person,0.992
C03914,R063,D0114,P008,2024-10-01,4,1,3,In-person,0.993
C03915,R067,D0172,P005,2024-10-23,1,1,1,In-person,0.743
C03916,R035,D0770,P002,2024-10-17,2,2,3,In-person,0.95
C03917,R017,D0384,P002,2024-10-08,4,2,3,In-person,1.017
C03918,R067,D0449,P002,2024-10-20,1,1,0,In-person,0.789
C03919,R009,D0324,P001,2024-10-10,2,1,0,In-person,0.707
C03920,R026,D0628,P005,2024-10-30,1,1,6,In-person,0.852
C03921,R011,D0397,P002,2024-10-13,3,1,3,Virtual,1.001
C03922,R039,D0374,P002,2024-10-24,4,1,0,In-person,0.838
C03923,R018,D0644,P006,2024-10-09,2,1,2,In-person,0.709
C03924,R018,D0408,P003,2024-10-26,3,1,6,In-person,0.874
C03925,R068,D0556,P007,2024-10-09,4,2,5,In-person,1.245
C03926,R046,D0654,P002,2024-10-16,4,1,5,In-person,0.961
C03927,R063,D0332,P003,2024-10-25,4,2,4,In-person,0.986
C03928,R031,D0748,P001,2024-10-29,2,1,4,In-person,0.881
C03929,R031,D0651,P005,2024-10-24,1,1,1,In-person,0.51
C03930,R050,D0790,P001,2024-10-21,3,2,5,In-person,0.954
C03931,R007,D0459,P002,2024-10-22,3,2,5,In-person,1.143
C03932,R027,D0564,P006,2024-10-13,2,2,1,In-person,0.812
C03933,R037,D0070,P008,2024-10-22,3,1,2,Clinic Camp,0.865
C03934,R043,D0076,P005,2024-10-18,3,1,5,In-person,0.964
C03935,R033,D0121,P008,2024-10-17,2,1,1,In-person,0.822
C03936,R037,D0483,P007,2024-10-10,2,1,4,Virtual,0.809
C03937,R003,D0226,P007,2024-10-11,2,2,2,Clinic Camp,0.95
C03938,R013,D0209,P008,2024-10-04,2,1,2,In-person,0.932
C03939,R055,D0543,P001,2024-10-23,3,2,1,In-person,0.873
C03940,R045,D0283,P002,2024-10-01,1,1,5,In-person,0.761
C03941,R032,D0173,P004,2024-10-04,2,1,2,In-person,0.808
C03942,R029,D0497,P005,2024-10-10,3,1,3,Clinic Camp,0.96
C03943,R057,D0510,P008,2024-10-05,1,2,1,In-person,0.821
C03944,R051,D0138,P001,2024-10-24,4,1,1,In-person,0.928
C03945,R064,D0331,P002,2024-10-04,4,1,0,In-person,0.796
C03946,R035,D0240,P003,2024-10-15,2,1,6,In-person,0.797
C03947,R059,D0593,P006,2024-10-23,3,2,2,In-person,0.991
C03948,R048,D0178,P008,2024-10-19,2,1,4,In-person,0.811
C03949,R069,D0007,P008,2024-10-19,2,2,3,In-person,0.897
C03950,R054,D0242,P006,2024-10-11,1,1,2,In-person,0.741
C03951,R059,D0428,P007,2024-10-14,4,2,5,In-person,1.287
C03952,R050,D0721,P004,2024-10-24,4,2,6,Virtual,1.078
C03953,R048,D0050,P005,2024-10-15,4,1,1,In-person,1.049
C03954,R025,D0792,P002,2024-10-22,1,1,0,In-person,0.815
C03955,R016,D0360,P005,2024-10-26,4,1,2,Clinic Camp,1.02
C03956,R064,D0360,P003,2024-10-08,3,2,0,Virtual,0.872
C03957,R054,D0006,P008,2024-10-04,3,1,0,In-person,0.861
C03958,R058,D0185,P003,2024-10-15,2,1,5,Clinic Camp,0.839
C03959,R045,D0311,P004,2024-10-12,1,1,0,In-person,0.871
C03960,R047,D0515,P004,2024-10-05,2,1,0,In-person,0.813
C03961,R029,D0720,P008,2024-10-24,1,1,2,Virtual,0.729
C03962,R044,D0546,P008,2024-10-20,4,1,3,Virtual,1.117
C03963,R026,D0151,P004,2024-10-21,4,2,3,In-person,1.036
C03964,R017,D0434,P008,2024-10-22,4,1,5,Clinic Camp,1.054
C03965,R036,D0704,P007,2024-10-14,4,2,5,In-person,1.156
C03966,R048,D0520,P007,2024-10-16,1,1,0,In-person,0.738
C03967,R005,D0550,P008,2024-10-07,3,2,5,In-person,1.021
C03968,R053,D0453,P003,2024-10-23,4,2,0,In-person,1.077
C03969,R007,D0461,P005,2024-10-30,3,2,6,In-person,0.998
C03970,R036,D0815,P003,2024-10-28,3,2,2,In-person,1.065
C03971,R008,D0502,P003,2024-10-13,2,1,6,In-person,0.865
C03972,R039,D0494,P004,2024-10-02,4,2,6,In-person,1.225
C03973,R056,D0366,P001,2024-10-28,3,1,0,In-person,0.934
C03974,R065,D0470,P002,2024-10-18,3,1,2,Virtual,0.93
C03975,R044,D0646,P007,2024-10-25,1,1,0,Virtual,0.703
C03976,R018,D0675,P002,2024-10-10,4,2,6,Clinic Camp,1.206
C03977,R041,D0617,P005,2024-10-27,3,2,3,In-person,1.04
C03978,R012,D0624,P007,2024-10-26,4,2,5,Virtual,0.843
C03979,R063,D0585,P003,2024-10-01,3,1,4,Clinic Camp,0.857
C03980,R009,D0049,P004,2024-10-18,3,1,5,In-person,0.953
C03981,R023,D0224,P008,2024-10-15,4,1,4,In-person,1.014
C03982,R059,D0240,P007,2024-10-21,1,2,0,In-person,0.857
C03983,R010,D0484,P008,2024-10-09,2,1,3,In-person,0.958
C03984,R014,D0602,P006,2024-10-04,1,2,4,In-person,0.919
C03985,R058,D0104,P008,2024-10-09,3,2,6,Virtual,0.881
C03986,R002,D0184,P004,2024-10-17,2,2,5,In-person,0.976
C03987,R070,D0418,P005,2024-10-09,1,2,3,In-person,0.951
C03988,R024,D0738,P006,2024-10-15,4,1,5,Virtual,1.019
C03989,R018,D0020,P008,2024-10-13,1,2,6,Clinic Camp,0.924
C03990,R071,D0747,P003,2024-10-22,1,1,6,In-person,0.778
C03991,R067,D0125,P007,2024-10-13,1,1,6,Virtual,0.894
C03992,R072,D0180,P005,2024-10-05,3,2,2,Clinic Camp,0.948
C03993,R028,D0445,P001,2024-10-20,2,2,3,In-person,0.971
C03994,R020,D0646,P006,2024-10-07,3,2,0,Clinic Camp,0.974
C03995,R054,D0744,P008,2024-10-10,2,1,0,In-person,0.784
C03996,R022,D0042,P004,2024-10-22,4,1,5,Clinic Camp,1.049
C03997,R055,D0023,P005,2024-10-09,2,2,2,In-person,0.922
C03998,R067,D0446,P008,2024-10-02,4,2,3,In-person,1.166
C03999,R044,D0556,P008,2024-10-12,2,1,2,Clinic Camp,0.87
C04000,R072,D0178,P004,2024-10-13,1,1,6,In-person,0.901
C04001,R019,D0526,P007,2024-10-22,2,1,6,Virtual,0.827
C04002,R001,D0219,P006,2024-10-22,1,1,5,In-person,0.734
C04003,R050,D0810,P006,2024-10-01,2,1,6,In-person,0.893
C04004,R027,D0166,P006,2024-10-24,1,2,3,In-person,0.914
C04005,R065,D0531,P003,2024-10-24,4,1,1,Clinic Camp,0.981
C04006,R039,D0387,P003,2024-10-06,3,1,4,In-person,0.862
C04007,R049,D0089,P001,2024-10-11,1,2,0,In-person,0.862
C04008,R034,D0423,P007,2024-10-24,4,1,2,Clinic Camp,0.906
C04009,R047,D0101,P003,2024-10-18,2,1,5,In-person,0.924
C04010,R011,D0496,P006,2024-10-11,1,2,1,Virtual,0.841
C04011,R026,D0662,P006,2024-10-24,1,2,3,In-person,0.836
C04012,R012,D0118,P006,2024-10-20,1,1,5,In-person,0.757
C04013,R013,D0117,P007,2024-10-16,1,1,5,Clinic Camp,0.811
C04014,R020,D0336,P007,2024-10-01,2,1,4,Virtual,0.859
C04015,R047,D0808,P001,2024-10-21,3,1,2,In-person,0.802
C04016,R015,D0183,P007,2024-10-06,2,2,1,In-person,0.936
C04017,R005,D0824,P002,2024-10-29,4,2,1,Clinic Camp,1.121
C04018,R006,D0544,P006,2024-10-06,4,2,5,In-person,1.169
C04019,R034,D0755,P006,2024-10-01,2,2,1,In-person,0.913
C04020,R040,D0709,P001,2024-10-12,3,2,4,Clinic Camp,0.976
C04021,R050,D0239,P003,2024-10-11,2,2,0,In-person,0.88
C04022,R051,D0565,P008,2024-10-11,2,1,2,Clinic Camp,0.805
C04023,R053,D0699,P002,2024-10-29,1,2,2,In-person,0.846
C04024,R051,D0080,P002,2024-10-09,3,1,5,Clinic Camp,1.015
C04025,R004,D0458,P001,2024-10-26,1,2,0,In-person,0.791
C04026,R068,D0509,P002,2024-10-06,3,1,3,In-person,0.757
C04027,R027,D0071,P006,2024-10-20,4,1,3,In-person,1.038
C04028,R037,D0701,P007,2024-10-05,2,1,2,In-person,0.848
C04029,R014,D0198,P005,2024-10-08,3,2,5,In-person,1.042
C04030,R031,D0768,P003,2024-10-05,4,1,6,Virtual,0.934
C04031,R005,D0148,P007,2024-10-11,3,2,0,In-person,0.873
C04032,R034,D0367,P003,2024-10-15,2,2,6,In-person,0.921
C04033,R028,D0286,P003,2024-10-27,4,2,6,In-person,1.071
C04034,R022,D0796,P005,2024-10-24,1,1,5,Clinic Camp,0.761
C04035,R045,D0807,P002,2024-10-22,3,2,0,Virtual,0.845
C04036,R019,D0670,P003,2024-10-16,2,2,2,Clinic Camp,1.078
C04037,R001,D0751,P007,2024-10-09,1,1,4,Clinic Camp,0.902
C04038,R028,D0584,P005,2024-10-10,3,1,1,In-person,0.89
C04039,R058,D0197,P008,2024-10-05,3,2,1,In-person,0.955
C04040,R023,D0763,P007,2024-10-21,3,1,3,In-person,1.05
C04041,R049,D0521,P003,2024-10-25,3,2,5,In-person,1.16
C04042,R037,D0252,P007,2024-10-17,2,2,1,Clinic Camp,0.829
C04043,R042,D0135,P007,2024-10-18,2,2,0,Virtual,0.89
C04044,R026,D0681,P006,2024-10-12,1,1,6,Virtual,0.803
C04045,R014,D0247,P007,2024-10-30,3,2,2,In-person,0.954
C04046,R009,D0629,P005,2024-10-28,4,2,0,In-person,0.997
C04047,R060,D0118,P008,2024-10-13,2,1,6,In-person,0.881
C04048,R007,D0547,P002,2024-10-24,2,2,1,In-person,0.905
C04049,R010,D0426,P004,2024-10-11,2,2,0,Clinic Camp,0.887
C04050,R005,D0466,P003,2024-10-04,3,2,4,In-person,1.127
C04051,R009,D0629,P001,2024-10-10,3,2,5,In-person,0.965
C04052,R052,D0830,P005,2024-10-26,2,1,0,Clinic Camp,0.857
C04053,R071,D0737,P001,2024-10-15,1,1,5,In-person,0.714
C04054,R023,D0340,P002,2024-10-27,2,2,2,Virtual,0.925
C04055,R015,D0764,P007,2024-10-11,2,2,2,In-person,0.989
C04056,R062,D0776,P002,2024-10-15,1,2,4,In-person,0.918
C04057,R024,D0097,P007,2024-10-03,2,2,0,Clinic Camp,0.845
C04058,R051,D0230,P001,2024-10-25,4,1,1,Clinic Camp,0.961
C04059,R045,D0558,P004,2024-10-10,3,2,5,In-person,1.162
C04060,R019,D0449,P001,2024-10-03,1,2,6,In-person,0.861
C04061,R057,D0123,P001,2024-10-07,4,2,6,In-person,1.163
C04062,R011,D0428,P007,2024-10-21,1,2,5,In-person,0.967
C04063,R069,D0248,P001,2024-10-26,3,1,0,Clinic Camp,0.819
C04064,R009,D0706,P008,2024-10-30,3,2,2,In-person,1.115
C04065,R049,D0521,P005,2024-10-08,3,1,5,Clinic Camp,1.106
C04066,R024,D0097,P004,2024-10-19,4,2,4,In-person,1.17
C04067,R063,D0011,P008,2024-10-15,2,1,5,In-person,0.958
C04068,R062,D0247,P004,2024-10-23,4,1,2,In-person,0.818
C04069,R023,D0116,P004,2024-10-21,3,2,4,Clinic Camp,0.906
C04070,R070,D0736,P004,2024-10-03,2,1,5,In-person,0.863
C04071,R006,D0242,P006,2024-10-05,1,2,5,In-person,0.837
C04072,R019,D0526,P007,2024-10-19,3,1,5,In-person,0.99
C04073,R041,D0083,P005,2024-10-17,2,2,0,In-person,0.642
C04074,R054,D0512,P003,2024-10-28,2,2,1,Virtual,0.938
C04075,R042,D0750,P008,2024-10-27,3,2,3,In-person,0.98
C04076,R008,D0537,P005,2024-10-02,3,2,4,In-person,0.969
C04077,R043,D0218,P007,2024-10-19,1,2,6,Clinic Camp,1.061
C04078,R020,D0676,P004,2024-10-13,2,1,2,In-person,0.791
C04079,R050,D0375,P002,2024-10-15,4,2,5,In-person,0.971
C04080,R061,D0150,P008,2024-10-03,3,2,4,Clinic Camp,1.049
C04081,R015,D0844,P006,2024-10-27,2,2,1,In-person,0.919
C04082,R029,D0828,P003,2024-10-06,4,1,1,Clinic Camp,0.924
C04083,R032,D0501,P007,2024-10-30,3,1,4,In-person,1.11
C04084,R058,D0038,P001,2024-10-29,4,1,2,In-person,0.973
C04085,R012,D0361,P008,2024-10-26,2,1,1,In-person,0.879
C04086,R012,D0427,P005,2024-10-04,1,2,1,In-person,0.844
C04087,R013,D0782,P005,2024-10-13,3,1,1,In-person,0.97
C04088,R061,D0614,P001,2024-10-01,4,1,0,In-person,0.894
C04089,R051,D0177,P002,2024-10-19,3,1,1,In-person,0.783
C04090,R013,D0341,P006,2024-10-27,2,2,6,In-person,1.039
C04091,R004,D0169,P005,2024-10-17,1,2,1,In-person,0.842
C04092,R035,D0428,P002,2024-10-01,1,2,2,In-person,0.9
C04093,R048,D0467,P006,2024-10-10,4,1,3,In-person,0.925
C04094,R067,D0449,P006,2024-10-06,1,1,4,In-person,0.82
C04095,R042,D0369,P003,2024-10-14,3,1,2,In-person,0.758
C04096,R030,D0450,P006,2024-10-12,3,1,5,Virtual,0.902
C04097,R048,D0610,P008,2024-10-26,2,1,5,Virtual,0.814
C04098,R055,D0461,P004,2024-10-07,4,2,3,Clinic Camp,1.104
C04099,R010,D0038,P002,2024-10-10,3,1,6,Clinic Camp,0.919
C04100,R008,D0623,P008,2024-10-08,4,1,2,Clinic Camp,0.846
C04101,R021,D0500,P008,2024-10-28,2,1,3,In-person,0.789
C04102,R066,D0475,P004,2024-10-10,3,1,4,In-person,0.97
C04103,R038,D0597,P004,2024-10-31,4,2,1,In-person,1.038
C04104,R012,D0149,P007,2024-10-21,4,2,0,Clinic Camp,0.95
C04105,R065,D0818,P001,2024-10-10,2,2,6,In-person,1.045
C04106,R006,D0837,P003,2024-10-19,2,2,0,Clinic Camp,0.995
C04107,R070,D0102,P005,2024-10-04,4,2,0,Virtual,1.083
C04108,R056,D0255,P006,2024-10-29,3,1,0,In-person,0.665
C04109,R005,D0233,P006,2024-10-30,2,1,3,Virtual,0.853
C04110,R055,D0780,P003,2024-10-10,2,1,1,In-person,0.787
C04111,R063,D0795,P007,2024-10-06,4,1,1,In-person,0.775
C04112,R022,D0176,P006,2024-10-14,3,2,6,In-person,0.945
C04113,R036,D0589,P005,2024-10-24,4,2,6,Virtual,1.182
C04114,R066,D0210,P008,2024-10-20,3,2,6,Virtual,1.063
C04115,R004,D0027,P001,2024-10-02,4,1,2,In-person,0.962
C04116,R043,D0172,P006,2024-10-01,2,1,0,In-person,0.728
C04117,R020,D0099,P008,2024-10-08,4,1,6,In-person,1.115
C04118,R056,D0659,P006,2024-10-24,1,1,3,Clinic Camp,0.666
C04119,R059,D0687,P005,2024-10-09,3,2,6,Clinic Camp,0.977
C04120,R017,D0130,P003,2024-10-28,2,2,1,In-person,0.863
C04121,R066,D0408,P003,2024-10-10,3,2,6,In-person,0.926
C04122,R052,D0200,P005,2024-10-28,4,2,2,In-person,0.975
C04123,R069,D0455,P008,2024-10-29,1,2,5,Virtual,0.975
C04124,R039,D0767,P004,2024-10-23,1,1,0,Clinic Camp,0.642
C04125,R013,D0701,P001,2024-10-06,3,1,5,In-person,1.002
C04126,R040,D0709,P004,2024-10-03,2,2,3,In-person,0.975
C04127,R057,D0214,P001,2024-10-06,3,2,6,In-person,1.035
C04128,R036,D0152,P008,2024-10-20,2,1,1,In-person,0.684
C04129,R067,D0081,P005,2024-10-22,1,1,1,In-person,0.733
C04130,R001,D0094,P002,2024-10-31,4,2,4,In-person,0.913
C04131,R026,D0628,P005,2024-10-30,3,2,5,In-person,0.988
C04132,R025,D0609,P005,2024-10-10,3,2,6,Virtual,1.067
C04133,R006,D0794,P005,2024-10-13,1,2,0,Clinic Camp,0.87
C04134,R062,D0078,P005,2024-10-24,1,1,0,In-person,0.698
C04135,R038,D0198,P008,2024-10-24,3,2,2,In-person,0.927
C04136,R035,D0600,P007,2024-10-10,1,1,0,In-person,0.655
C04137,R040,D0545,P003,2024-10-01,2,1,2,In-person,0.779
C04138,R070,D0351,P002,2024-10-03,4,2,3,In-person,1.114
C04139,R002,D0156,P008,2024-10-26,4,2,6,In-person,1.146
C04140,R054,D0525,P006,2024-10-11,3,1,0,Clinic Camp,0.848
C04141,R046,D0142,P001,2024-10-23,1,2,2,In-person,0.886
C04142,R064,D0438,P005,2024-10-25,1,2,2,In-person,0.836
C04143,R002,D0810,P001,2024-10-28,1,2,3,In-person,0.747
C04144,R041,D0130,P001,2024-10-16,2,1,2,In-person,0.727
C04145,R023,D0077,P002,2024-10-20,3,2,4,Virtual,1.06
C04146,R041,D0606,P003,2024-10-07,3,1,5,In-person,0.83
C04147,R060,D0047,P001,2024-10-30,2,2,4,In-person,0.912
C04148,R068,D0847,P007,2024-10-28,4,1,4,In-person,0.983
C04149,R017,D0617,P004,2024-10-13,1,1,0,In-person,0.627
C04150,R001,D0346,P005,2024-10-12,2,2,6,Virtual,0.845
C04151,R069,D0248,P007,2024-10-23,3,2,3,In-person,0.9
C04152,R056,D0402,P007,2024-10-13,1,2,1,Clinic Camp,0.673
C04153,R045,D0283,P007,2024-10-23,4,1,4,In-person,1.041
C04154,R021,D0727,P002,2024-10-03,4,1,3,In-person,1.006
C04155,R016,D0674,P006,2024-10-09,3,2,6,In-person,0.987
C04156,R057,D0181,P008,2024-10-25,3,2,4,In-person,0.903
C04157,R063,D0141,P001,2024-10-29,1,2,6,Virtual,1.001
C04158,R030,D0544,P007,2024-10-01,1,1,6,Virtual,0.853
C04159,R020,D0636,P007,2024-10-25,1,2,1,In-person,0.768
C04160,R033,D0677,P007,2024-10-03,1,2,2,Clinic Camp,0.931
C04161,R064,D0344,P004,2024-10-27,3,2,1,In-person,0.969
C04162,R007,D0460,P002,2024-10-08,4,2,1,In-person,1.053
C04163,R052,D0126,P006,2024-10-12,3,1,4,Clinic Camp,0.839
C04164,R016,D0400,P005,2024-10-23,4,2,6,In-person,0.997
C04165,R031,D0579,P006,2024-10-27,4,1,3,In-person,0.848
C04166,R014,D0247,P003,2024-10-13,3,1,5,In-person,1.107
C04167,R012,D0282,P002,2024-10-10,1,2,5,In-person,0.824
C04168,R069,D0311,P008,2024-10-31,4,1,1,Clinic Camp,0.943
C04169,R051,D0716,P005,2024-10-30,3,1,5,In-person,0.977
C04170,R059,D0555,P007,2024-10-17,3,1,3,Clinic Camp,0.902
C04171,R001,D0793,P008,2024-10-01,4,1,0,In-person,0.908
C04172,R042,D0064,P004,2024-10-31,3,2,5,In-person,1.016
C04173,R053,D0742,P003,2024-10-20,1,2,6,In-person,0.946
C04174,R062,D0022,P008,2024-10-18,4,2,1,Clinic Camp,0.945
C04175,R033,D0277,P006,2024-10-04,4,2,1,Clinic Camp,0.993
C04176,R017,D0452,P006,2024-10-31,1,1,5,In-person,0.616
C04177,R004,D0204,P008,2024-10-23,2,1,6,Clinic Camp,0.739
C04178,R053,D0846,P002,2024-10-07,1,2,1,Clinic Camp,0.714
C04179,R001,D0792,P003,2024-10-12,3,1,3,In-person,0.972
C04180,R052,D0430,P001,2024-10-11,1,1,4,In-person,0.76
C04181,R047,D0340,P004,2024-10-27,2,1,5,In-person,0.926
C04182,R025,D0672,P004,2024-10-15,3,1,0,In-person,0.881
C04183,R022,D0577,P004,2024-10-28,4,2,1,In-person,1.049
C04184,R041,D0470,P002,2024-10-22,2,2,6,Clinic Camp,0.902
C04185,R016,D0709,P007,2024-10-12,4,2,3,Virtual,1.07
C04186,R002,D0184,P004,2024-10-13,1,1,5,In-person,0.82
C04187,R038,D0247,P004,2024-10-26,1,1,0,In-person,0.886
C04188,R056,D0106,P007,2024-10-16,1,1,0,In-person,0.682
C04189,R015,D0108,P004,2024-10-22,3,1,5,In-person,0.999
C04190,R053,D0148,P008,2024-10-04,2,2,2,In-person,0.896
C04191,R042,D0417,P002,2024-10-14,1,2,6,In-person,0.852
C04192,R062,D0693,P007,2024-10-18,4,2,3,In-person,1.134
C04193,R011,D0530,P008,2024-10-11,2,1,5,In-person,1.021
C04194,R002,D0333,P007,2024-10-27,3,1,3,In-person,0.925
C04195,R032,D0265,P008,2024-10-07,3,2,4,Virtual,0.957
C04196,R055,D0144,P006,2024-10-27,1,2,4,In-person,0.909
C04197,R070,D0463,P005,2024-10-02,3,1,0,In-person,0.872
C04198,R004,D0155,P007,2024-10-14,4,1,5,In-person,1.187
C04199,R018,D0618,P008,2024-10-17,2,2,6,Virtual,1.037
C04200,R044,D0431,P005,2024-10-08,4,1,2,In-person,0.881
C04201,R003,D0226,P006,2024-10-17,2,2,2,In-person,1.008
C04202,R061,D0015,P001,2024-10-28,2,1,4,In-person,0.914
C04203,R058,D0124,P008,2024-10-14,1,1,4,In-person,0.857
C04204,R040,D0043,P007,2024-10-17,1,2,2,Virtual,0.872
C04205,R065,D0606,P002,2024-10-30,1,1,1,In-person,0.809
C04206,R033,D0406,P003,2024-10-29,3,1,6,Clinic Camp,0.993
C04207,R028,D0599,P002,2024-10-01,1,1,5,Clinic Camp,0.78
C04208,R034,D0409,P003,2024-10-23,3,2,4,In-person,1.023
C04209,R033,D0840,P008,2024-10-27,2,1,2,Virtual,0.807
C04210,R047,D0639,P004,2024-10-30,1,1,2,In-person,0.773
C04211,R040,D0105,P004,2024-10-25,4,1,2,Clinic Camp,0.962
C04212,R039,D0108,P007,2024-10-03,3,1,4,In-person,0.897
C04213,R004,D0728,P003,2024-10-24,2,2,0,In-person,0.855
C04214,R005,D0236,P008,2024-10-27,3,2,4,In-person,1.012
C04215,R030,D0665,P007,2024-10-17,4,2,4,In-person,0.94
C04216,R043,D0526,P003,2024-10-01,2,2,1,In-person,0.97
C04217,R028,D0557,P006,2024-10-06,1,1,1,In-person,0.756
C04218,R037,D0199,P004,2024-10-09,3,1,1,In-person,0.819
C04219,R042,D0244,P003,2024-10-27,2,1,6,In-person,0.935
C04220,R010,D0409,P008,2024-10-04,3,1,6,In-person,0.917
C04221,R024,D0026,P004,2024-10-24,1,2,5,In-person,0.849
C04222,R062,D0288,P001,2024-10-06,4,2,4,In-person,1.112
C04223,R027,D0527,P004,2024-10-26,1,1,6,In-person,0.932
C04224,R022,D0165,P005,2024-10-01,2,2,5,In-person,0.982
C04225,R036,D0268,P002,2024-10-08,3,2,2,In-person,0.914
C04226,R021,D0832,P006,2024-10-04,3,2,2,In-person,0.948
C04227,R014,D0247,P002,2024-10-18,2,2,4,In-person,1.01
C04228,R053,D0816,P001,2024-10-25,4,2,2,In-person,1.078
C04229,R014,D0754,P005,2024-10-13,2,2,3,In-person,1.001
C04230,R070,D0514,P002,2024-10-17,3,1,6,In-person,0.989
C04231,R038,D0110,P007,2024-10-20,2,2,6,In-person,1.04
C04232,R020,D0315,P001,2024-10-15,2,2,4,In-person,1.103
C04233,R057,D0836,P004,2024-10-24,4,2,2,In-person,0.938
C04234,R025,D0002,P001,2024-10-09,2,1,3,Clinic Camp,1.027
C04235,R031,D0461,P004,2024-10-06,2,1,2,In-person,0.891
C04236,R003,D0594,P008,2024-10-06,4,2,2,Virtual,1.256
C04237,R025,D0751,P006,2024-10-06,1,1,2,In-person,0.667
C04238,R024,D0713,P005,2024-10-02,2,2,3,In-person,0.955
C04239,R038,D0247,P002,2024-10-02,2,1,3,In-person,0.847
C04240,R060,D0427,P003,2024-10-02,2,2,4,In-person,1.013
C04241,R016,D0534,P004,2024-10-05,3,1,6,In-person,0.996
C04242,R003,D0822,P005,2024-10-20,2,1,3,In-person,0.863
C04243,R055,D0536,P002,2024-10-08,4,1,1,Virtual,1.0
C04244,R006,D0136,P008,2024-10-19,4,1,1,In-person,0.929
C04245,R043,D0779,P006,2024-10-03,1,1,4,In-person,0.741
C04246,R054,D0532,P003,2024-10-25,3,2,6,In-person,1.084
C04247,R040,D0162,P001,2024-10-12,2,2,2,In-person,0.865
C04248,R011,D0203,P005,2024-10-14,3,2,0,In-person,0.93
C04249,R061,D0117,P004,2024-10-21,2,1,0,In-person,0.665
C04250,R028,D0560,P006,2024-10-31,4,1,1,Virtual,0.942
C04251,R017,D0788,P005,2024-10-25,4,2,6,In-person,1.044
C04252,R019,D0359,P006,2024-10-13,1,2,5,In-person,0.887
C04253,R044,D0193,P007,2024-10-11,1,1,5,In-person,0.713
C04254,R058,D0724,P005,2024-10-11,1,2,2,In-person,0.834
C04255,R010,D0426,P006,2024-10-03,4,2,6,In-person,1.19
C04256,R035,D0530,P003,2024-10-11,1,1,2,In-person,0.698
C04257,R056,D0129,P008,2024-10-24,3,1,2,Clinic Camp,0.811
C04258,R048,D0738,P004,2024-10-09,2,2,6,Clinic Camp,1.041
C04259,R045,D0009,P006,2024-10-13,2,1,5,In-person,0.943
C04260,R030,D0587,P008,2024-10-03,3,1,2,In-person,0.92
C04261,R037,D0416,P003,2024-10-08,4,2,4,In-person,1.045
C04262,R071,D0404,P001,2024-10-03,3,1,2,In-person,0.836
C04263,R066,D0408,P002,2024-10-15,3,1,4,In-person,0.895
C04264,R023,D0322,P002,2024-10-10,3,1,0,In-person,0.845
C04265,R025,D0552,P001,2024-10-31,1,2,0,Clinic Camp,0.662
C04266,R046,D0262,P005,2024-10-19,3,2,6,In-person,0.969
C04267,R016,D0422,P003,2024-10-12,2,2,0,Virtual,0.97
C04268,R011,D0593,P001,2024-10-17,1,1,2,In-person,0.763
C04269,R029,D0718,P002,2024-10-30,2,2,1,Clinic Camp,0.986
C04270,R065,D0083,P003,2024-10-06,1,1,0,In-person,0.791
C04271,R049,D0849,P003,2024-10-08,2,2,5,In-person,0.935
C04272,R066,D0072,P008,2024-10-17,1,2,1,In-person,0.794
C04273,R019,D0175,P006,2024-10-04,3,2,5,Clinic Camp,1.107
C04274,R041,D0425,P006,2024-10-17,2,2,3,Clinic Camp,0.985
C04275,R008,D0366,P006,2024-10-05,3,1,4,In-person,1.001
C04276,R060,D0304,P007,2024-10-27,3,1,4,In-person,0.921
C04277,R072,D0289,P003,2024-10-24,4,2,1,In-person,1.039
C04278,R024,D0385,P001,2024-10-02,1,1,3,In-person,0.744
C04279,R030,D0649,P005,2024-10-17,3,1,5,Virtual,0.936
C04280,R064,D0709,P001,2024-10-07,2,1,1,In-person,0.743
C04281,R046,D0262,P002,2024-10-19,2,1,0,In-person,0.774
C04282,R013,D0199,P007,2024-10-17,4,2,2,In-person,1.033
C04283,R052,D0458,P005,2024-10-30,1,2,6,In-person,0.871
C04284,R046,D0063,P006,2024-10-06,2,2,2,In-person,0.969
C04285,R007,D0459,P005,2024-10-16,4,1,2,Clinic Camp,0.843
C04286,R021,D0206,P005,2024-10-30,2,2,0,In-person,0.897
C04287,R047,D0498,P003,2024-10-04,1,2,5,Clinic Camp,0.816
C04288,R029,D0054,P002,2024-10-08,1,1,2,Clinic Camp,0.678
C04289,R068,D0688,P003,2024-10-23,2,2,1,Clinic Camp,0.827
C04290,R002,D0239,P007,2024-10-04,1,1,0,In-person,0.748
C04291,R046,D0418,P008,2024-10-07,3,2,2,Clinic Camp,0.795
C04292,R034,D0410,P001,2024-10-30,1,2,1,In-person,0.831
C04293,R009,D0403,P005,2024-10-19,4,1,3,In-person,0.978
C04294,R064,D0400,P004,2024-10-02,2,2,2,Clinic Camp,0.828
C04295,R061,D0199,P005,2024-10-27,1,2,3,In-person,0.869
C04296,R003,D0671,P002,2024-10-17,1,1,2,In-person,0.649
C04297,R068,D0511,P001,2024-10-15,3,1,0,In-person,0.846
C04298,R015,D0179,P002,2024-10-31,3,2,5,In-person,0.93
C04299,R049,D0219,P002,2024-10-10,1,1,3,In-person,0.928
C04300,R066,D0369,P001,2024-10-12,2,1,1,In-person,0.867
C04301,R072,D0620,P003,2024-10-18,4,2,0,In-person,1.03
C04302,R069,D0807,P006,2024-10-08,4,1,6,In-person,0.952
C04303,R015,D0302,P008,2024-10-04,3,2,6,Virtual,1.026
C04304,R043,D0345,P006,2024-10-05,3,1,1,In-person,0.849
C04305,R027,D0138,P002,2024-10-10,3,2,2,In-person,0.995
C04306,R018,D0407,P003,2024-10-03,2,2,4,In-person,0.974
C04307,R044,D0321,P003,2024-10-16,1,2,3,Virtual,0.872
C04308,R059,D0691,P002,2024-10-31,3,2,5,In-person,1.057
C04309,R057,D0495,P008,2024-10-08,3,2,4,In-person,0.998
C04310,R065,D0163,P006,2024-10-02,4,1,1,In-person,0.965
C04311,R030,D0812,P004,2024-10-02,1,1,5,In-person,0.749
C04312,R026,D0723,P004,2024-10-06,4,1,6,In-person,0.943
C04313,R072,D0289,P003,2024-10-19,2,1,0,In-person,0.928
C04314,R033,D0123,P004,2024-10-15,2,1,5,In-person,0.903
C04315,R061,D0199,P006,2024-10-13,4,2,4,Clinic Camp,1.226
C04316,R039,D0302,P008,2024-10-24,3,2,6,In-person,1.026
C04317,R010,D0271,P004,2024-10-13,1,2,6,Clinic Camp,1.101
C04318,R021,D0682,P002,2024-10-20,2,1,0,Virtual,0.786
C04319,R068,D0847,P008,2024-10-31,3,1,3,Clinic Camp,0.996
C04320,R036,D0704,P003,2024-10-06,1,2,0,Clinic Camp,0.803
C04321,R059,D0732,P001,2024-11-04,1,1,0,Clinic Camp,0.723
C04322,R047,D0077,P005,2024-11-07,2,2,6,In-person,0.969
C04323,R004,D0155,P007,2024-11-05,3,1,1,In-person,0.829
C04324,R013,D0761,P003,2024-11-25,1,2,0,In-person,0.878
C04325,R001,D0573,P003,2024-11-27,3,2,6,In-person,1.047
C04326,R070,D0174,P003,2024-11-17,3,1,2,In-person,0.952
C04327,R020,D0684,P007,2024-11-04,2,1,0,In-person,0.852
C04328,R035,D0191,P008,2024-11-26,3,1,1,Clinic Camp,0.981
C04329,R015,D0585,P007,2024-11-28,3,2,0,In-person,0.974
C04330,R071,D0747,P002,2024-11-13,2,2,4,Clinic Camp,0.821
C04331,R045,D0319,P007,2024-11-21,4,2,6,In-person,1.092
C04332,R055,D0569,P003,2024-11-19,3,2,2,In-person,0.974
C04333,R006,D0643,P007,2024-11-16,4,2,6,In-person,1.119
C04334,R021,D0740,P008,2024-11-11,3,1,2,In-person,0.991
C04335,R007,D0538,P006,2024-11-09,4,1,3,In-person,1.065
C04336,R023,D0260,P008,2024-11-09,2,1,1,Clinic Camp,0.786
C04337,R049,D0133,P002,2024-11-11,1,2,0,Clinic Camp,0.994
C04338,R046,D0262,P006,2024-11-23,1,1,1,Clinic Camp,0.7
C04339,R056,D0129,P001,2024-11-25,4,2,4,In-person,1.061
C04340,R003,D0619,P006,2024-11-04,4,1,0,In-person,0.833
C04341,R059,D0357,P003,2024-11-02,2,1,5,In-person,0.745
C04342,R024,D0568,P008,2024-11-15,2,2,6,In-person,0.884
C04343,R065,D0046,P004,2024-11-24,1,1,2,In-person,0.827
C04344,R063,D0223,P007,2024-11-17,4,2,1,In-person,1.087
C04345,R036,D0318,P003,2024-11-25,2,1,1,Clinic Camp,0.727
C04346,R048,D0057,P001,2024-11-22,2,1,2,Clinic Camp,0.824
C04347,R054,D0710,P006,2024-11-22,1,1,6,Clinic Camp,0.883
C04348,R018,D0414,P002,2024-11-17,1,1,2,In-person,0.583
C04349,R058,D0692,P006,2024-11-02,4,1,5,In-person,1.152
C04350,R022,D0654,P004,2024-11-06,1,1,2,Clinic Camp,0.83
C04351,R020,D0086,P008,2024-11-23,1,1,3,In-person,0.829
C04352,R059,D0741,P003,2024-11-10,4,1,3,In-person,1.07
C04353,R072,D0057,P004,2024-11-22,3,2,6,In-person,0.885
C04354,R039,D0764,P006,2024-11-11,1,2,3,In-person,0.837
C04355,R015,D0540,P007,2024-11-01,2,1,4,Clinic Camp,0.953
C04356,R013,D0686,P002,2024-11-21,3,2,5,Clinic Camp,1.029
C04357,R067,D0446,P006,2024-11-27,1,1,6,In-person,0.877
C04358,R037,D0075,P004,2024-11-14,4,1,6,In-person,1.144
C04359,R045,D0085,P008,2024-11-04,4,2,0,In-person,1.066
C04360,R027,D0138,P006,2024-11-13,4,1,0,Clinic Camp,0.899
C04361,R016,D0674,P007,2024-11-29,3,2,3,In-person,1.04
C04362,R009,D0495,P003,2024-11-10,4,2,2,Clinic Camp,0.912
C04363,R023,D0182,P003,2024-11-03,2,2,4,In-person,0.981
C04364,R062,D0109,P007,2024-11-24,3,1,3,Virtual,0.964
C04365,R051,D0080,P001,2024-11-08,3,2,2,Virtual,0.988
C04366,R061,D0199,P005,2024-11-02,3,1,0,Virtual,0.943
C04367,R002,D0689,P008,2024-11-21,4,2,2,In-person,1.068
C04368,R055,D0768,P008,2024-11-11,1,1,3,Clinic Camp,0.776
C04369,R031,D0543,P006,2024-11-05,2,1,4,In-person,0.999
C04370,R066,D0758,P004,2024-11-02,4,2,1,In-person,0.951
C04371,R009,D0324,P007,2024-11-06,1,2,4,In-person,0.983
C04372,R012,D0282,P001,2024-11-05,2,1,4,Clinic Camp,0.957
C04373,R030,D0627,P007,2024-11-01,4,1,1,In-person,1.006
C04374,R009,D0123,P002,2024-11-12,3,1,6,In-person,0.926
C04375,R039,D0795,P006,2024-11-25,2,2,3,In-person,0.951
C04376,R024,D0610,P003,2024-11-12,2,1,1,Clinic Camp,0.734
C04377,R030,D0059,P007,2024-11-02,1,1,4,In-person,0.737
C04378,R056,D0212,P005,2024-11-27,3,1,1,In-person,0.879
C04379,R005,D0598,P008,2024-11-19,1,2,4,In-person,0.801
C04380,R010,D0566,P007,2024-11-29,1,1,4,In-person,0.763
C04381,R067,D0140,P008,2024-11-18,1,1,3,In-person,0.676
C04382,R066,D0522,P002,2024-11-15,4,2,1,In-person,1.08
C04383,R010,D0306,P004,2024-11-16,4,2,1,In-person,1.159
C04384,R063,D0540,P004,2024-11-01,1,1,1,In-person,0.904
C04385,R027,D0296,P001,2024-11-12,4,1,0,In-person,0.837
C04386,R072,D0385,P001,2024-11-14,4,1,6,In-person,0.959
C04387,R052,D0291,P001,2024-11-09,3,2,5,In-person,1.026
C04388,R058,D0104,P007,2024-11-26,1,2,3,Virtual,0.92
C04389,R033,D0143,P004,2024-11-29,3,2,5,In-person,1.023
C04390,R035,D0191,P007,2024-11-15,3,2,4,In-person,1.098
C04391,R062,D0685,P007,2024-11-24,4,1,4,Clinic Camp,1.044
C04392,R002,D0329,P001,2024-11-07,2,2,5,In-person,0.828
C04393,R005,D0310,P007,2024-11-28,3,2,3,In-person,1.008
C04394,R060,D0804,P002,2024-11-22,4,2,3,In-person,0.974
C04395,R026,D0790,P004,2024-11-23,3,1,0,In-person,0.814
C04396,R069,D0206,P008,2024-11-18,3,2,4,Virtual,0.988
C04397,R068,D0337,P003,2024-11-25,4,1,3,Virtual,1.042
C04398,R029,D0382,P008,2024-11-17,2,1,1,In-person,0.805
C04399,R048,D0620,P005,2024-11-29,1,1,3,In-person,0.736
C04400,R053,D0647,P001,2024-11-20,4,2,5,In-person,1.277
C04401,R035,D0507,P007,2024-11-14,1,2,3,In-person,0.792
C04402,R009,D0207,P001,2024-11-07,3,1,3,In-person,0.936
C04403,R055,D0429,P006,2024-11-28,4,1,1,In-person,1.0
C04404,R024,D0026,P004,2024-11-02,4,1,5,In-person,1.032
C04405,R049,D0613,P002,2024-11-02,3,2,0,In-person,0.877
C04406,R037,D0782,P005,2024-11-01,2,1,5,In-person,0.803
C04407,R007,D0683,P003,2024-11-04,1,2,6,Virtual,0.967
C04408,R035,D0342,P001,2024-11-08,1,1,1,Clinic Camp,0.821
C04409,R060,D0376,P005,2024-11-15,2,1,3,In-person,0.839
C04410,R061,D0827,P001,2024-11-09,4,1,4,In-person,0.895
C04411,R071,D0327,P005,2024-11-14,3,1,6,Virtual,0.968
C04412,R032,D0657,P002,2024-11-14,2,1,2,Virtual,0.946
C04413,R008,D0501,P007,2024-11-14,2,1,4,Clinic Camp,0.78
C04414,R033,D0406,P008,2024-11-02,2,2,0,In-person,0.853
C04415,R057,D0541,P008,2024-11-17,4,1,5,In-person,1.024
C04416,R041,D0163,P008,2024-11-09,2,2,5,In-person,1.056
C04417,R059,D0397,P001,2024-11-17,4,2,1,In-person,0.994
C04418,R038,D0247,P005,2024-11-02,1,1,0,In-person,0.758
C04419,R027,D0667,P002,2024-11-27,2,1,0,In-person,0.9
C04420,R036,D0539,P001,2024-11-22,3,2,5,In-person,0.92
C04421,R070,D0301,P004,2024-11-11,3,2,4,In-person,0.916
C04422,R066,D0644,P004,2024-11-11,1,1,2,Virtual,0.747
C04423,R034,D0306,P003,2024-11-10,3,2,3,Clinic Camp,1.081
C04424,R025,D0819,P001,2024-11-30,4,1,3,In-person,1.009
C04425,R021,D0499,P004,2024-11-22,1,1,0,Clinic Camp,0.804
C04426,R072,D0713,P002,2024-11-14,2,2,3,In-person,0.797
C04427,R067,D0799,P001,2024-11-20,2,2,4,In-person,0.979
C04428,R034,D0216,P004,2024-11-02,2,2,4,In-person,0.723
C04429,R006,D0227,P001,2024-11-25,2,2,1,Virtual,1.003
C04430,R036,D0766,P008,2024-11-18,4,1,6,In-person,1.132
C04431,R062,D0190,P007,2024-11-10,4,2,0,In-person,0.993
C04432,R005,D0718,P008,2024-11-21,3,2,6,Clinic Camp,0.872
C04433,R045,D0194,P001,2024-11-01,4,1,6,Virtual,1.02
C04434,R021,D0740,P004,2024-11-15,4,1,5,Clinic Camp,1.108
C04435,R009,D0632,P007,2024-11-29,1,2,3,In-person,0.896
C04436,R017,D0486,P005,2024-11-23,2,1,1,Virtual,0.955
C04437,R019,D0399,P003,2024-11-02,4,2,2,In-person,1.031
C04438,R004,D0454,P007,2024-11-18,2,2,3,In-person,1.095
C04439,R052,D0291,P003,2024-11-21,3,2,0,In-person,0.787
C04440,R001,D0346,P008,2024-11-16,2,1,4,In-person,0.8
C04441,R011,D0203,P001,2024-11-10,1,2,6,In-person,0.813
C04442,R016,D0105,P006,2024-11-21,3,2,5,Clinic Camp,1.098
C04443,R040,D0730,P001,2024-11-13,2,2,6,In-person,0.89
C04444,R057,D0706,P008,2024-11-29,4,2,3,In-person,1.153
C04445,R013,D0272,P003,2024-11-26,4,2,1,In-person,1.092
C04446,R047,D0737,P001,2024-11-28,1,1,0,Clinic Camp,0.733
C04447,R071,D0498,P007,2024-11-13,2,1,3,In-person,0.834
C04448,R032,D0502,P008,2024-11-21,2,1,0,In-person,0.704
C04449,R028,D0126,P008,2024-11-05,3,2,4,Virtual,1.069
C04450,R049,D0521,P004,2024-11-23,2,1,5,In-person,0.838
C04451,R051,D0088,P001,2024-11-23,3,1,0,In-person,0.92
C04452,R041,D0561,P002,2024-11-24,4,2,3,In-person,1.192
C04453,R003,D0080,P001,2024-11-01,3,2,3,In-person,0.977
C04454,R069,D0386,P001,2024-11-14,1,2,2,In-person,0.95
C04455,R005,D0310,P002,2024-11-09,2,1,1,In-person,0.821
C04456,R031,D0168,P005,2024-11-28,4,1,4,In-person,1.048
C04457,R060,D0376,P007,2024-11-17,2,2,1,In-person,0.79
C04458,R064,D0237,P005,2024-11-19,4,2,0,Virtual,0.963
C04459,R020,D0321,P002,2024-11-14,4,2,4,In-person,1.034
C04460,R017,D0725,P005,2024-11-04,2,1,0,Clinic Camp,0.896
C04461,R021,D0246,P002,2024-11-19,2,2,2,In-person,0.886
C04462,R043,D0345,P004,2024-11-19,1,2,0,In-person,0.858
C04463,R001,D0002,P008,2024-11-12,1,1,3,In-person,0.766
C04464,R010,D0197,P002,2024-11-19,2,2,1,In-person,0.868
C04465,R055,D0391,P007,2024-11-12,2,2,1,In-person,0.778
C04466,R017,D0561,P003,2024-11-20,2,1,2,In-person,0.671
C04467,R012,D0139,P006,2024-11-11,3,1,3,In-person,0.885
C04468,R052,D0777,P003,2024-11-24,1,1,5,Clinic Camp,0.786
C04469,R059,D0093,P002,2024-11-27,2,1,6,Clinic Camp,0.826
C04470,R068,D0636,P004,2024-11-15,4,1,4,In-person,1.012
C04471,R026,D0003,P004,2024-11-01,3,2,3,In-person,1.159
C04472,R012,D0766,P005,2024-11-21,1,2,4,In-person,1.0
C04473,R065,D0561,P002,2024-11-29,1,2,3,In-person,0.861
C04474,R009,D0775,P008,2024-11-22,4,2,0,In-person,1.02
C04475,R044,D0774,P006,2024-11-11,3,2,3,Virtual,1.05
C04476,R044,D0688,P007,2024-11-17,4,2,5,Virtual,1.125
C04477,R046,D0464,P007,2024-11-11,4,2,5,Virtual,1.156
C04478,R030,D0710,P006,2024-11-24,2,2,0,In-person,0.897
C04479,R003,D0088,P002,2024-11-22,3,2,4,Clinic Camp,1.024
C04480,R025,D0609,P005,2024-11-19,2,2,0,Clinic Camp,0.823
C04481,R026,D0838,P008,2024-11-12,3,1,0,In-person,0.883
C04482,R071,D0298,P001,2024-11-06,3,2,0,In-person,0.763
C04483,R064,D0831,P004,2024-11-19,3,1,0,In-person,0.875
C04484,R063,D0387,P002,2024-11-11,4,1,0,In-person,0.758
C04485,R008,D0439,P007,2024-11-28,3,2,4,In-person,1.037
C04486,R018,D0244,P008,2024-11-02,1,2,6,In-person,0.833
C04487,R011,D0091,P001,2024-11-26,2,2,5,Clinic Camp,1.066
C04488,R047,D0747,P007,2024-11-24,3,2,5,In-person,1.041
C04489,R070,D0590,P003,2024-11-16,3,2,0,In-person,0.944
C04490,R020,D0431,P008,2024-11-30,4,1,6,Clinic Camp,1.064
C04491,R028,D0783,P001,2024-11-22,2,1,3,Clinic Camp,0.769
C04492,R062,D0115,P002,2024-11-02,4,1,0,Virtual,1.014
C04493,R024,D0610,P006,2024-11-12,2,1,4,Virtual,0.911
C04494,R017,D0462,P007,2024-11-26,1,2,4,In-person,0.832
C04495,R050,D0628,P001,2024-11-24,2,1,2,In-person,0.735
C04496,R037,D0019,P002,2024-11-05,1,2,5,In-person,0.86
C04497,R036,D0539,P003,2024-11-06,2,2,4,In-person,0.933
C04498,R032,D0605,P001,2024-11-28,1,1,4,Clinic Camp,0.695
C04499,R014,D0786,P007,2024-11-02,1,1,2,Virtual,0.709
C04500,R053,D0290,P006,2024-11-29,3,1,6,Virtual,0.911
C04501,R006,D0060,P006,2024-11-17,3,1,4,In-person,0.906
C04502,R042,D0064,P004,2024-11-25,1,2,3,In-person,0.838
C04503,R022,D0102,P006,2024-11-07,3,2,5,In-person,1.069
C04504,R038,D0247,P005,2024-11-11,3,2,1,In-person,0.96
C04505,R018,D0645,P006,2024-11-22,1,1,6,In-person,0.85
C04506,R069,D0194,P004,2024-11-05,3,1,5,In-person,0.96
C04507,R051,D0138,P006,2024-11-04,2,1,4,In-person,0.836
C04508,R010,D0038,P006,2024-11-19,4,1,1,In-person,0.993
C04509,R061,D0266,P006,2024-11-01,3,2,2,Virtual,0.756
C04510,R054,D0587,P007,2024-11-29,1,1,6,In-person,0.789
C04511,R070,D0176,P003,2024-11-21,3,1,5,In-person,0.894
C04512,R002,D0352,P008,2024-11-22,1,1,0,In-person,0.72
C04513,R064,D0331,P001,2024-11-16,3,2,5,In-person,0.979
C04514,R007,D0696,P004,2024-11-19,2,2,0,Clinic Camp,0.914
C04515,R031,D0023,P004,2024-11-29,2,2,2,Virtual,0.964
C04516,R022,D0165,P007,2024-11-01,3,1,2,In-person,0.775
C04517,R039,D0474,P001,2024-11-08,4,1,2,In-person,0.974
C04518,R050,D0762,P002,2024-11-21,3,2,3,In-person,0.892
C04519,R023,D0322,P004,2024-11-04,1,1,1,Virtual,0.766
C04520,R051,D0080,P007,2024-11-08,2,1,4,In-person,0.815
C04521,R004,D0413,P004,2024-11-01,3,2,4,Clinic Camp,0.948
C04522,R015,D0196,P006,2024-11-02,1,1,5,Clinic Camp,0.663
C04523,R024,D0289,P002,2024-11-14,2,2,3,Clinic Camp,0.917
C04524,R033,D0835,P008,2024-11-20,2,1,3,In-person,0.741
C04525,R045,D0807,P007,2024-11-04,2,2,0,In-person,0.751
C04526,R012,D0164,P001,2024-11-30,4,1,2,In-person,0.971
C04527,R018,D0414,P006,2024-11-24,4,1,3,In-person,1.052
C04528,R004,D0363,P002,2024-11-20,4,1,2,In-person,0.988
C04529,R029,D0833,P005,2024-11-03,4,2,6,Clinic Camp,1.004
C04530,R065,D0788,P006,2024-11-16,4,2,1,In-person,1.017
C04531,R040,D0360,P008,2024-11-28,1,1,0,Virtual,0.764
C04532,R023,D0029,P001,2024-11-08,2,1,6,In-person,0.877
C04533,R026,D0003,P003,2024-11-17,1,1,3,In-person,0.79
C04534,R008,D0106,P006,2024-11-17,4,2,0,In-person,0.975
C04535,R050,D0721,P003,2024-11-21,4,2,6,In-person,1.087
C04536,R056,D0623,P006,2024-11-28,1,2,1,Clinic Camp,0.765
C04537,R057,D0765,P002,2024-11-04,1,1,6,In-person,0.867
C04538,R004,D0155,P002,2024-11-02,1,1,2,In-person,0.8
C04539,R014,D0022,P005,2024-11-03,4,1,2,In-person,0.912
C04540,R042,D0100,P006,2024-11-09,4,1,1,In-person,0.998
C04541,R053,D0598,P002,2024-11-11,2,1,1,In-person,0.684
C04542,R063,D0004,P007,2024-11-27,1,1,5,In-person,0.786
C04543,R060,D0624,P007,2024-11-16,2,1,2,Virtual,0.708
C04544,R064,D0730,P001,2024-11-23,3,2,3,In-person,0.903
C04545,R064,D0105,P003,2024-11-18,1,2,2,In-person,0.727
C04546,R037,D0614,P005,2024-11-29,2,1,2,In-person,0.764
C04547,R023,D0447,P004,2024-11-10,3,1,3,Clinic Camp,0.954
C04548,R066,D0750,P003,2024-11-21,4,1,2,Virtual,0.95
C04549,R023,D0187,P005,2024-11-09,1,1,4,In-person,0.735
C04550,R046,D0165,P008,2024-11-08,1,1,3,In-person,0.75
C04551,R007,D0010,P003,2024-11-30,2,1,5,In-person,0.705
C04552,R002,D0681,P002,2024-11-01,2,1,5,In-person,0.916
C04553,R025,D0760,P006,2024-11-09,4,2,4,In-person,0.902
C04554,R040,D0043,P005,2024-11-12,4,2,0,In-person,0.953
C04555,R046,D0418,P006,2024-11-05,2,2,6,Clinic Camp,0.972
C04556,R026,D0681,P006,2024-11-24,2,2,4,In-person,0.978
C04557,R042,D0618,P007,2024-11-11,3,1,5,In-person,0.959
C04558,R071,D0808,P006,2024-11-14,4,2,4,In-person,1.078
C04559,R042,D0481,P005,2024-11-10,1,2,3,In-person,0.971
C04560,R055,D0769,P004,2024-11-27,2,2,3,In-person,1.085
C04561,R034,D0823,P004,2024-11-13,3,2,0,In-person,0.941
C04562,R029,D0828,P003,2024-11-24,4,1,6,In-person,1.02
C04563,R064,D0400,P004,2024-11-19,2,2,5,In-person,0.947
C04564,R066,D0368,P005,2024-11-29,2,2,6,Clinic Camp,0.929
C04565,R017,D0452,P006,2024-11-19,3,2,4,In-person,1.042
C04566,R043,D0797,P007,2024-11-30,2,2,1,In-person,0.99
C04567,R016,D0335,P004,2024-11-21,4,1,2,In-person,0.757
C04568,R010,D0566,P006,2024-11-02,3,2,6,In-person,1.034
C04569,R014,D0504,P004,2024-11-05,4,2,1,Clinic Camp,1.147
C04570,R062,D0022,P003,2024-11-24,3,2,4,In-person,1.043
C04571,R011,D0428,P002,2024-11-02,4,2,4,In-person,1.115
C04572,R031,D0232,P003,2024-11-06,4,2,1,In-person,0.9
C04573,R042,D0522,P006,2024-11-24,1,2,0,In-person,0.856
C04574,R065,D0462,P002,2024-11-11,4,2,0,Virtual,1.091
C04575,R038,D0325,P001,2024-11-07,1,2,5,In-person,0.906
C04576,R058,D0044,P003,2024-11-06,2,1,2,In-person,0.764
C04577,R007,D0168,P008,2024-11-10,1,2,1,Virtual,0.853
C04578,R016,D0608,P002,2024-11-26,1,2,6,Virtual,0.825
C04579,R056,D0659,P002,2024-11-14,3,2,4,In-person,0.918
C04580,R070,D0228,P004,2024-11-29,1,1,0,In-person,0.774
C04581,R069,D0727,P004,2024-11-22,1,1,2,Virtual,0.834
C04582,R047,D0447,P008,2024-11-09,2,1,3,In-person,0.775
C04583,R028,D0285,P002,2024-11-05,4,2,3,Clinic Camp,0.971
C04584,R057,D0380,P004,2024-11-29,4,2,5,In-person,1.03
C04585,R063,D0563,P003,2024-11-28,4,2,5,Clinic Camp,1.116
C04586,R058,D0734,P002,2024-11-04,1,2,0,In-person,0.707
C04587,R069,D0319,P003,2024-11-10,1,2,2,Clinic Camp,0.939
C04588,R050,D0303,P003,2024-11-23,2,1,4,In-person,0.815
C04589,R007,D0661,P006,2024-11-30,2,1,0,Virtual,0.809
C04590,R048,D0396,P007,2024-11-28,1,1,3,In-person,0.705
C04591,R070,D0301,P002,2024-11-09,3,2,0,In-person,0.987
C04592,R060,D0370,P004,2024-11-27,2,2,4,Clinic Camp,0.995
C04593,R063,D0415,P003,2024-11-22,2,1,0,In-person,0.646
C04594,R044,D0273,P007,2024-11-14,1,2,5,In-person,0.836
C04595,R027,D0071,P001,2024-11-12,2,1,3,In-person,0.821
C04596,R018,D0465,P004,2024-11-25,2,2,6,Clinic Camp,0.936
C04597,R043,D0125,P003,2024-11-26,1,1,0,In-person,0.78
C04598,R050,D0375,P003,2024-11-28,4,2,6,In-person,1.07
C04599,R065,D0617,P008,2024-11-14,4,1,2,In-person,1.013
C04600,R052,D0200,P005,2024-11-09,4,2,3,In-person,1.103
C04601,R003,D0230,P004,2024-11-27,3,1,4,In-person,0.913
C04602,R052,D0830,P007,2024-11-10,3,2,4,In-person,1.073
C04603,R015,D0011,P007,2024-11-23,1,1,6,Clinic Camp,0.695
C04604,R025,D0666,P002,2024-11-16,2,1,5,Virtual,0.865
C04605,R032,D0188,P004,2024-11-18,1,1,1,Clinic Camp,0.666
C04606,R027,D0773,P004,2024-11-07,3,2,1,In-person,0.949
C04607,R003,D0281,P004,2024-11-08,4,1,6,In-person,0.99
C04608,R054,D0006,P003,2024-11-20,3,2,5,In-person,1.035
C04609,R034,D0542,P007,2024-11-08,1,1,6,In-person,0.819
C04610,R019,D0081,P008,2024-11-21,3,2,6,Clinic Camp,1.059
C04611,R039,D0235,P001,2024-11-30,4,2,4,Clinic Camp,1.096
C04612,R066,D0405,P007,2024-11-03,1,1,6,In-person,0.864
C04613,R027,D0667,P007,2024-11-28,3,2,5,In-person,0.929
C04614,R003,D0296,P003,2024-11-06,2,2,6,In-person,1.019
C04615,R030,D0744,P004,2024-11-05,4,1,3,In-person,0.853
C04616,R033,D0406,P001,2024-11-26,3,2,6,In-person,0.824
C04617,R019,D0264,P003,2024-11-07,4,2,0,In-person,1.168
C04618,R021,D0246,P002,2024-11-20,3,2,6,In-person,0.973
C04619,R019,D0698,P008,2024-11-04,4,2,6,In-person,1.082
C04620,R062,D0549,P001,2024-11-03,2,1,5,Clinic Camp,0.721
C04621,R044,D0193,P003,2024-11-07,3,2,6,In-person,1.012
C04622,R052,D0584,P004,2024-11-16,2,1,2,In-person,0.833
C04623,R019,D0345,P008,2024-11-09,3,1,2,In-person,0.905
C04624,R039,D0235,P007,2024-11-07,3,2,0,In-person,0.843
C04625,R057,D0121,P008,2024-11-26,1,2,1,Clinic Camp,0.783
C04626,R021,D0832,P003,2024-11-06,4,2,6,In-person,1.148
C04627,R049,D0032,P003,2024-11-03,3,1,0,Clinic Camp,0.869
C04628,R011,D0845,P005,2024-11-04,2,1,1,Virtual,0.808
C04629,R001,D0033,P003,2024-11-27,3,1,3,In-person,0.965
C04630,R024,D0396,P001,2024-11-15,3,2,2,In-person,0.967
C04631,R018,D0074,P007,2024-11-30,2,2,6,In-person,1.089
C04632,R037,D0308,P001,2024-11-25,3,1,0,Clinic Camp,0.827
C04633,R006,D0710,P002,2024-11-09,3,1,0,In-person,0.906
C04634,R034,D0410,P008,2024-11-24,4,2,1,Clinic Camp,1.086
C04635,R016,D0478,P006,2024-11-14,1,1,4,In-person,0.651
C04636,R022,D0082,P006,2024-11-17,1,2,2,Clinic Camp,0.871
C04637,R067,D0797,P002,2024-11-16,2,1,5,Clinic Camp,0.819
C04638,R045,D0248,P003,2024-11-23,4,2,0,Clinic Camp,0.929
C04639,R048,D0467,P002,2024-11-07,1,2,2,In-person,0.802
C04640,R036,D0806,P006,2024-11-02,4,2,4,Clinic Camp,1.095
C04641,R028,D0445,P005,2024-11-22,2,1,4,In-person,0.727
C04642,R035,D0626,P003,2024-11-29,1,1,3,In-person,0.766
C04643,R015,D0141,P006,2024-11-18,2,1,3,Clinic Camp,0.817
C04644,R071,D0340,P007,2024-11-04,4,2,0,In-person,1.093
C04645,R049,D0521,P006,2024-11-04,4,1,0,In-person,0.869
C04646,R047,D0116,P001,2024-11-17,3,1,0,In-person,0.945
C04647,R004,D0286,P005,2024-11-27,3,1,3,Clinic Camp,0.935
C04648,R041,D0630,P002,2024-11-19,4,1,6,Virtual,1.025
C04649,R068,D0774,P003,2024-11-10,4,1,0,In-person,1.022
C04650,R046,D0654,P008,2024-11-19,4,1,0,In-person,1.074
C04651,R046,D0802,P004,2024-11-05,4,1,4,In-person,0.975
C04652,R035,D0845,P007,2024-11-15,4,1,3,Virtual,0.915
C04653,R025,D0133,P002,2024-11-30,1,1,2,In-person,0.78
C04654,R041,D0635,P008,2024-11-19,1,1,0,Virtual,0.596
C04655,R042,D0417,P003,2024-11-04,3,1,5,Clinic Camp,0.836
C04656,R028,D0680,P002,2024-11-07,4,2,4,In-person,1.187
C04657,R069,D0500,P003,2024-11-02,2,2,4,Clinic Camp,0.988
C04658,R029,D0120,P002,2024-11-13,4,2,1,Clinic Camp,0.959
C04659,R056,D0501,P005,2024-11-08,4,2,6,Virtual,1.35
C04660,R048,D0580,P002,2024-11-30,1,1,0,In-person,0.599
C04661,R005,D0120,P002,2024-11-10,2,1,5,In-person,0.92
C04662,R001,D0488,P006,2024-11-02,1,1,5,In-person,0.736
C04663,R037,D0489,P001,2024-11-14,1,1,5,In-person,0.942
C04664,R057,D0403,P004,2024-11-23,3,1,4,In-person,0.88
C04665,R006,D0708,P006,2024-11-21,1,2,2,In-person,0.813
C04666,R029,D0120,P004,2024-11-30,3,2,3,In-person,0.849
C04667,R020,D0337,P001,2024-11-11,3,2,3,Virtual,1.161
C04668,R055,D0780,P002,2024-11-16,2,1,6,In-person,0.839
C04669,R054,D0532,P008,2024-11-17,1,1,5,In-person,0.838
C04670,R030,D0167,P007,2024-11-01,1,1,3,Virtual,0.764
C04671,R043,D0076,P003,2024-11-01,2,1,5,In-person,0.826
C04672,R015,D0474,P007,2024-11-24,1,1,6,In-person,0.64
C04673,R054,D0812,P001,2024-11-12,4,2,4,In-person,1.064
C04674,R011,D0037,P001,2024-11-21,1,1,2,Virtual,0.724
C04675,R040,D0103,P008,2024-11-29,1,1,0,Virtual,0.736
C04676,R044,D0355,P006,2024-11-08,1,1,6,In-person,0.99
C04677,R036,D0152,P005,2024-11-24,3,1,0,In-person,0.902
C04678,R022,D0082,P003,2024-11-07,3,2,3,In-person,1.063
C04679,R002,D0239,P007,2024-11-23,3,1,0,In-person,0.826
C04680,R038,D0504,P005,2024-11-05,2,2,6,In-person,0.873
C04681,R013,D0686,P004,2024-11-10,2,2,0,In-person,0.848
C04682,R054,D0254,P004,2024-11-15,3,1,4,Clinic Camp,0.863
C04683,R031,D0588,P003,2024-11-15,1,1,5,Virtual,0.796
C04684,R061,D0686,P005,2024-11-01,2,2,5,Clinic Camp,0.92
C04685,R002,D0003,P006,2024-11-26,1,1,3,In-person,0.63
C04686,R072,D0620,P007,2024-11-01,2,1,4,In-person,0.953
C04687,R049,D0133,P004,2024-11-27,4,1,3,Virtual,0.963
C04688,R058,D0490,P003,2024-11-07,4,1,5,In-person,0.984
C04689,R033,D0706,P005,2024-11-22,3,2,0,In-person,0.852
C04690,R014,D0693,P005,2024-11-22,3,1,6,In-person,0.92
C04691,R032,D0419,P003,2024-11-14,2,2,5,In-person,0.891
C04692,R005,D0647,P001,2024-11-17,3,2,6,In-person,0.952
C04693,R061,D0015,P003,2024-11-03,4,2,0,In-person,1.023
C04694,R068,D0443,P001,2024-11-28,3,2,1,In-person,0.92
C04695,R013,D0827,P001,2024-11-04,1,2,1,In-person,0.878
C04696,R012,D0149,P008,2024-11-20,3,1,2,In-person,0.857
C04697,R034,D0104,P007,2024-11-01,1,1,5,Clinic Camp,0.809
C04698,R031,D0588,P001,2024-11-23,2,2,5,In-person,0.967
C04699,R059,D0485,P003,2024-11-11,1,1,4,In-person,0.813
C04700,R014,D0412,P003,2024-11-15,1,1,2,In-person,0.679
C04701,R022,D0174,P008,2024-11-01,4,2,0,In-person,1.082
C04702,R011,D0191,P004,2024-11-07,3,2,4,In-person,0.918
C04703,R032,D0623,P003,2024-11-14,2,2,0,In-person,0.873
C04704,R043,D0264,P006,2024-11-22,2,2,1,Virtual,0.792
C04705,R013,D0660,P004,2024-11-18,3,1,2,In-person,0.876
C04706,R030,D0512,P002,2024-11-08,3,2,5,In-person,1.101
C04707,R072,D0312,P003,2024-11-18,1,2,4,In-person,0.916
C04708,R044,D0321,P002,2024-11-07,2,2,0,In-person,0.955
C04709,R008,D0605,P006,2024-11-17,4,1,1,In-person,0.914
C04710,R025,D0259,P008,2024-11-17,3,1,5,Clinic Camp,1.013
C04711,R038,D0754,P007,2024-11-07,4,1,4,In-person,0.937
C04712,R029,D0382,P004,2024-11-07,3,2,4,In-person,0.975
C04713,R014,D0685,P004,2024-11-16,2,1,2,Clinic Camp,0.826
C04714,R006,D0512,P001,2024-11-18,3,1,5,In-person,1.008
C04715,R016,D0373,P003,2024-11-30,1,2,4,Clinic Camp,0.828
C04716,R038,D0412,P001,2024-11-15,3,2,0,In-person,0.996
C04717,R060,D0370,P006,2024-11-14,3,2,5,In-person,1.048
C04718,R061,D0308,P008,2024-11-15,2,2,2,Virtual,0.933
C04719,R041,D0725,P002,2024-11-27,2,2,5,Clinic Camp,0.892
C04720,R040,D0581,P006,2024-11-10,1,2,4,In-person,0.841
C04721,R026,D0119,P005,2024-11-12,1,2,1,Clinic Camp,0.811
C04722,R048,D0050,P004,2024-11-12,1,2,0,In-person,0.827
C04723,R067,D0017,P006,2024-11-19,3,1,0,In-person,0.785
C04724,R041,D0561,P006,2024-11-21,1,1,1,In-person,0.625
C04725,R058,D0112,P003,2024-11-15,3,2,0,Virtual,0.769
C04726,R012,D0318,P007,2024-11-08,1,1,4,In-person,0.842
C04727,R068,D0688,P006,2024-11-21,4,1,1,In-person,1.014
C04728,R051,D0138,P003,2024-11-09,3,2,3,In-person,0.833
C04729,R045,D0085,P006,2024-11-27,2,2,2,Virtual,0.912
C04730,R047,D0055,P006,2024-11-19,3,1,4,In-person,0.892
C04731,R008,D0265,P001,2024-11-14,1,1,0,In-person,0.807
C04732,R053,D0054,P002,2024-11-07,3,2,2,Virtual,0.959
C04733,R033,D0554,P003,2024-11-23,3,1,5,Virtual,0.984
C04734,R039,D0576,P001,2024-11-19,2,1,1,In-person,0.764
C04735,R051,D0166,P004,2024-11-27,3,2,5,Clinic Camp,0.975
C04736,R028,D0363,P004,2024-11-22,4,2,1,In-person,1.089
C04737,R019,D0218,P007,2024-11-24,2,1,4,In-person,0.938
C04738,R053,D0054,P002,2024-11-03,2,2,1,In-person,0.786
C04739,R008,D0439,P005,2024-11-01,2,1,2,Clinic Camp,0.907
C04740,R068,D0638,P006,2024-11-20,3,1,3,Clinic Camp,0.826
C04741,R001,D0157,P004,2024-11-01,1,2,4,Virtual,0.685
C04742,R040,D0674,P008,2024-11-27,4,1,3,Clinic Camp,0.975
C04743,R017,D0818,P003,2024-11-27,2,2,4,Clinic Camp,0.983
C04744,R053,D0052,P004,2024-11-18,4,2,2,Clinic Camp,0.925
C04745,R010,D0104,P001,2024-11-22,4,1,4,In-person,0.833
C04746,R065,D0384,P004,2024-11-13,1,2,0,In-person,0.76
C04747,R056,D0659,P001,2024-11-29,1,2,0,In-person,0.75
C04748,R020,D0273,P008,2024-11-02,1,2,1,In-person,0.928
C04749,R050,D0352,P002,2024-11-09,3,2,6,In-person,1.049
C04750,R067,D0457,P007,2024-11-21,2,2,4,Clinic Camp,1.001
C04751,R072,D0096,P001,2024-11-24,1,1,2,Virtual,0.763
C04752,R043,D0021,P003,2024-11-08,3,1,4,In-person,1.047
C04753,R024,D0096,P001,2024-12-25,2,1,1,Virtual,0.727
C04754,R062,D0022,P003,2024-12-15,4,2,5,In-person,1.093
C04755,R009,D0424,P005,2024-12-27,4,2,2,In-person,0.92
C04756,R050,D0829,P004,2024-12-09,4,1,4,Clinic Camp,1.057
C04757,R031,D0391,P005,2024-12-22,3,2,1,In-person,1.047
C04758,R064,D0331,P007,2024-12-07,3,2,0,In-person,1.01
C04759,R056,D0255,P001,2024-12-05,1,1,6,In-person,0.808
C04760,R040,D0831,P004,2024-12-22,4,1,4,In-person,0.873
C04761,R006,D0820,P005,2024-12-22,2,2,4,In-person,0.935
C04762,R058,D0484,P005,2024-12-10,1,2,4,In-person,0.818
C04763,R062,D0412,P002,2024-12-19,1,2,6,Clinic Camp,0.982
C04764,R046,D0102,P002,2024-12-30,2,2,0,In-person,0.836
C04765,R059,D0785,P004,2024-12-11,2,2,6,In-person,0.942
C04766,R043,D0017,P006,2024-12-16,1,1,3,In-person,0.938
C04767,R029,D0137,P008,2024-12-07,4,2,4,In-person,1.146
C04768,R017,D0531,P003,2024-12-17,2,2,6,Clinic Camp,1.064
C04769,R042,D0135,P005,2024-12-28,2,2,5,Clinic Camp,0.919
C04770,R036,D0139,P003,2024-12-20,3,2,2,In-person,0.888
C04771,R069,D0499,P001,2024-12-05,2,1,6,In-person,0.973
C04772,R047,D0031,P004,2024-12-23,4,2,0,Virtual,1.129
C04773,R034,D0185,P003,2024-12-14,3,2,1,In-person,0.855
C04774,R006,D0591,P002,2024-12-01,3,2,1,In-person,0.917
C04775,R051,D0166,P006,2024-12-20,4,2,1,Clinic Camp,0.955
C04776,R010,D0566,P003,2024-12-10,1,1,4,In-person,0.821
C04777,R052,D0126,P002,2024-12-31,1,2,2,In-person,0.923
C04778,R059,D0555,P004,2024-12-31,3,1,5,Virtual,0.911
C04779,R019,D0024,P008,2024-12-21,3,2,4,In-person,0.982
C04780,R036,D0704,P006,2024-12-20,1,2,4,Clinic Camp,0.715
C04781,R066,D0595,P004,2024-12-10,1,1,5,In-person,0.724
C04782,R013,D0663,P007,2024-12-03,4,1,2,In-person,1.077
C04783,R002,D0239,P001,2024-12-02,1,1,2,In-person,0.785
C04784,R070,D0174,P003,2024-12-15,2,2,0,In-person,0.944
C04785,R048,D0738,P005,2024-12-10,1,2,5,In-person,0.861
C04786,R018,D0522,P004,2024-12-30,2,1,1,In-person,0.776
C04787,R010,D0111,P006,2024-12-10,3,1,4,In-person,0.923
C04788,R037,D0019,P006,2024-12-07,3,1,5,In-person,0.966
C04789,R011,D0357,P004,2024-12-26,1,1,2,In-person,0.856
C04790,R066,D0465,P008,2024-12-26,1,2,1,In-person,0.764
C04791,R067,D0334,P008,2024-12-12,4,2,4,In-person,1.071
C04792,R060,D0759,P004,2024-12-03,2,1,2,In-person,0.753
C04793,R003,D0527,P008,2024-12-04,2,1,5,Clinic Camp,0.713
C04794,R056,D0834,P006,2024-12-17,4,2,3,In-person,1.138
C04795,R046,D0736,P002,2024-12-27,4,2,2,In-person,1.186
C04796,R057,D0403,P001,2024-12-12,2,1,5,In-person,0.931
C04797,R026,D0762,P001,2024-12-01,1,1,2,In-person,0.764
C04798,R065,D0462,P002,2024-12-12,2,1,5,In-person,1.018
C04799,R071,D0029,P003,2024-12-01,2,2,4,In-person,0.979
C04800,R037,D0251,P001,2024-12-14,3,2,6,In-person,1.112
C04801,R022,D0351,P005,2024-12-15,3,1,3,Clinic Camp,0.915
C04802,R046,D0848,P004,2024-12-23,2,2,0,In-person,0.893
C04803,R036,D0766,P005,2024-12-03,2,2,1,In-person,0.877
C04804,R054,D0136,P005,2024-12-15,3,2,0,In-person,1.007
C04805,R009,D0035,P003,2024-12-06,3,2,5,In-person,0.943
C04806,R024,D0396,P005,2024-12-15,3,2,1,In-person,0.992
C04807,R068,D0546,P008,2024-12-31,4,1,1,In-person,0.87
C04808,R039,D0576,P003,2024-12-23,3,1,4,In-person,0.963
C04809,R072,D0178,P003,2024-12-27,3,2,1,In-person,1.15
C04810,R019,D0702,P005,2024-12-02,2,2,6,In-person,1.034
C04811,R001,D0346,P007,2024-12-24,4,1,6,Clinic Camp,1.122
C04812,R029,D0279,P005,2024-12-27,1,2,3,In-person,0.926
C04813,R020,D0443,P007,2024-12-21,1,1,4,Clinic Camp,0.596
C04814,R031,D0771,P001,2024-12-25,3,2,2,Virtual,0.965
C04815,R026,D0326,P001,2024-12-02,3,2,3,In-person,1.03
C04816,R017,D0491,P004,2024-12-23,2,1,3,Clinic Camp,0.667
C04817,R025,D0792,P002,2024-12-26,3,2,2,Clinic Camp,0.953
C04818,R054,D0006,P001,2024-12-08,1,2,3,Clinic Camp,0.848
C04819,R037,D0379,P002,2024-12-15,3,2,1,In-person,0.859
C04820,R034,D0513,P003,2024-12-14,2,2,4,In-person,0.864
C04821,R066,D0703,P008,2024-12-04,3,2,0,In-person,1.047
C04822,R051,D0080,P007,2024-12-04,2,1,6,In-person,0.602
C04823,R052,D0560,P003,2024-12-10,3,2,6,In-person,1.07
C04824,R072,D0612,P008,2024-12-04,1,1,1,Virtual,0.821
C04825,R058,D0225,P007,2024-12-16,4,1,0,Clinic Camp,0.918
C04826,R044,D0676,P003,2024-12-02,2,2,3,In-person,1.037
C04827,R072,D0389,P004,2024-12-01,1,1,0,In-person,0.676
C04828,R032,D0605,P008,2024-12-20,4,2,2,In-person,0.974
C04829,R017,D0434,P004,2024-12-08,1,2,5,In-person,0.889
C04830,R047,D0116,P003,2024-12-12,3,2,2,In-person,0.945
C04831,R034,D0641,P008,2024-12-11,1,1,6,Clinic Camp,0.772
C04832,R023,D0182,P006,2024-12-15,4,1,0,Virtual,0.906
C04833,R007,D0232,P004,2024-12-15,1,2,4,In-person,0.809
C04834,R065,D0725,P007,2024-12-05,2,1,3,In-person,0.767
C04835,R022,D0802,P006,2024-12-01,3,2,1,In-person,0.868
C04836,R004,D0435,P003,2024-12-14,4,2,3,Virtual,1.097
C04837,R041,D0491,P004,2024-12-18,2,2,1,In-person,0.808
C04838,R069,D0248,P001,2024-12-24,2,1,4,In-person,0.753
C04839,R055,D0543,P001,2024-12-07,2,1,6,In-person,0.802
C04840,R035,D0555,P008,2024-12-03,4,2,3,In-person,1.08
C04841,R049,D0521,P001,2024-12-19,4,2,4,In-person,1.136
C04842,R020,D0636,P007,2024-12-28,1,2,4,In-person,0.932
C04843,R051,D0564,P002,2024-12-08,4,1,5,In-person,1.027
C04844,R042,D0694,P005,2024-12-03,4,1,3,Clinic Camp,1.017
C04845,R053,D0647,P006,2024-12-13,3,2,3,In-person,0.99
C04846,R067,D0334,P008,2024-12-18,2,1,0,In-person,0.816
C04847,R065,D0531,P003,2024-12-20,2,2,5,In-person,0.995
C04848,R030,D0189,P008,2024-12-04,4,1,6,In-person,0.97
C04849,R061,D0117,P004,2024-12-21,2,2,6,In-person,0.892
C04850,R067,D0702,P007,2024-12-11,2,1,5,In-person,0.978
C04851,R038,D0473,P001,2024-12-01,2,1,2,In-person,0.826
C04852,R059,D0037,P003,2024-12-29,1,2,4,Virtual,0.956
C04853,R038,D0325,P005,2024-12-17,2,1,2,Virtual,0.728
C04854,R027,D0825,P006,2024-12-10,1,1,6,In-person,0.786
C04855,R030,D0591,P007,2024-12-26,1,1,0,In-person,0.6
C04856,R069,D0740,P003,2024-12-25,2,1,6,Clinic Camp,0.94
C04857,R048,D0467,P005,2024-12-07,4,2,5,Clinic Camp,1.051
C04858,R045,D0008,P005,2024-12-30,4,1,6,In-person,0.984
C04859,R039,D0141,P008,2024-12-17,2,2,1,In-person,1.044
C04860,R010,D0068,P001,2024-12-09,4,1,3,In-person,1.027
C04861,R017,D0606,P001,2024-12-14,1,2,1,In-person,0.87
C04862,R063,D0585,P005,2024-12-06,3,1,4,Clinic Camp,0.826
C04863,R010,D0306,P001,2024-12-27,3,1,4,Clinic Camp,0.773
C04864,R044,D0646,P002,2024-12-09,2,2,4,In-person,1.02
C04865,R020,D0556,P005,2024-12-14,2,1,5,In-person,0.691
C04866,R019,D0634,P003,2024-12-03,3,2,0,In-person,0.9
C04867,R051,D0616,P003,2024-12-30,2,2,2,In-person,0.841
C04868,R040,D0400,P003,2024-12-10,3,2,1,In-person,0.884
C04869,R062,D0504,P006,2024-12-21,1,2,6,In-person,0.873
C04870,R012,D0282,P003,2024-12-11,3,1,3,In-person,0.82
C04871,R012,D0704,P007,2024-12-18,1,2,1,In-person,0.721
C04872,R027,D0803,P002,2024-12-18,2,1,2,In-person,0.836
C04873,R060,D0152,P001,2024-12-10,3,1,3,In-person,0.989
C04874,R059,D0574,P002,2024-12-14,4,2,2,Clinic Camp,0.907
C04875,R053,D0090,P008,2024-12-19,2,1,4,In-person,0.868
C04876,R068,D0355,P003,2024-12-07,1,1,5,In-person,0.843
C04877,R029,D0647,P001,2024-12-05,1,2,4,In-person,0.908
C04878,R032,D0265,P003,2024-12-06,3,1,4,In-person,0.904
C04879,R040,D0309,P006,2024-12-13,4,2,4,In-person,1.034
C04880,R017,D0434,P003,2024-12-07,4,2,2,Virtual,1.107
C04881,R027,D0088,P004,2024-12-09,4,2,4,Clinic Camp,1.109
C04882,R068,D0607,P001,2024-12-22,2,1,0,In-person,0.628
C04883,R015,D0114,P006,2024-12-21,2,2,5,In-person,0.942
C04884,R057,D0277,P002,2024-12-30,4,1,2,In-person,0.96
C04885,R061,D0251,P001,2024-12-24,4,2,5,In-person,1.013
C04886,R033,D0840,P006,2024-12-14,2,1,1,In-person,0.779
C04887,R045,D0832,P008,2024-12-29,2,2,6,In-person,1.017
C04888,R050,D0131,P005,2024-12-29,1,1,3,In-person,0.698
C04889,R008,D0173,P008,2024-12-07,1,2,6,Clinic Camp,0.927
C04890,R048,D0568,P004,2024-12-06,3,2,2,In-person,0.897
C04891,R046,D0228,P005,2024-12-28,3,1,3,Clinic Camp,0.805
C04892,R010,D0484,P003,2024-12-28,3,1,4,In-person,0.971
C04893,R007,D0769,P005,2024-12-27,2,1,4,In-person,0.946
C04894,R032,D0188,P008,2024-12-15,1,2,1,Clinic Camp,0.723
C04895,R014,D0776,P006,2024-12-27,2,2,2,In-person,0.982
C04896,R051,D0071,P001,2024-12-24,4,1,1,Clinic Camp,0.937
C04897,R029,D0222,P005,2024-12-23,4,2,4,In-person,0.905
C04898,R041,D0470,P004,2024-12-19,1,2,2,In-person,0.721
C04899,R049,D0792,P005,2024-12-09,2,2,0,In-person,0.919
C04900,R016,D0478,P005,2024-12-24,3,2,2,In-person,0.846
C04901,R004,D0155,P005,2024-12-28,1,1,2,Clinic Camp,0.697
C04902,R031,D0292,P007,2024-12-28,2,2,3,In-person,0.917
C04903,R066,D0595,P007,2024-12-19,1,2,6,Clinic Camp,0.944
C04904,R013,D0398,P008,2024-12-02,2,2,6,In-person,0.993
C04905,R060,D0047,P005,2024-12-23,4,1,4,In-person,1.117
C04906,R011,D0485,P003,2024-12-08,4,2,6,In-person,1.053
C04907,R031,D0429,P002,2024-12-07,1,1,0,Clinic Camp,0.718
C04908,R059,D0028,P007,2024-12-03,3,2,6,Clinic Camp,1.084
C04909,R022,D0174,P008,2024-12-05,4,2,3,In-person,1.121
C04910,R005,D0828,P001,2024-12-16,4,2,2,In-person,1.13
C04911,R012,D0648,P002,2024-12-09,1,2,2,In-person,0.801
C04912,R052,D0048,P006,2024-12-12,2,1,2,Clinic Camp,0.868
C04913,R027,D0040,P002,2024-12-16,4,1,5,In-person,0.936
C04914,R060,D0304,P001,2024-12-17,4,2,3,Virtual,1.058
C04915,R072,D0385,P008,2024-12-13,2,2,0,In-person,0.91
C04916,R040,D0400,P001,2024-12-15,2,2,6,In-person,1.056
C04917,R016,D0545,P002,2024-12-28,1,2,4,In-person,0.918
C04918,R060,D0149,P008,2024-12-09,4,2,2,Clinic Camp,1.053
C04919,R001,D0032,P001,2024-12-01,1,1,4,In-person,0.776
C04920,R006,D0603,P007,2024-12-25,2,1,2,In-person,0.86
C04921,R018,D0694,P005,2024-12-03,1,1,4,In-person,0.957
C04922,R053,D0137,P005,2024-12-25,4,1,0,In-person,0.988
C04923,R011,D0357,P007,2024-12-11,1,2,1,In-person,0.849
C04924,R072,D0493,P001,2024-12-27,3,2,2,In-person,0.866
C04925,R014,D0110,P001,2024-12-06,1,2,5,Clinic Camp,0.822
C04926,R008,D0659,P002,2024-12-06,2,2,5,Clinic Camp,0.934
C04927,R054,D0189,P004,2024-12-13,3,2,5,Clinic Camp,1.103
C04928,R016,D0438,P008,2024-12-13,3,2,3,In-person,0.919
C04929,R071,D0284,P001,2024-12-23,3,1,2,In-person,0.937
C04930,R027,D0616,P004,2024-12-21,2,2,3,Virtual,0.934
C04931,R007,D0232,P004,2024-12-31,2,2,1,In-person,0.916
C04932,R066,D0072,P002,2024-12-21,4,2,3,In-person,1.047
C04933,R070,D0418,P003,2024-12-07,3,2,4,In-person,0.964
C04934,R035,D0741,P002,2024-12-03,3,2,6,Clinic Camp,0.97
C04935,R037,D0483,P002,2024-12-09,4,1,2,In-person,1.005
C04936,R023,D0583,P005,2024-12-31,1,1,0,In-person,0.704
C04937,R011,D0420,P008,2024-12-24,4,2,2,In-person,0.96
C04938,R003,D0138,P004,2024-12-23,4,1,5,In-person,1.028
C04939,R068,D0443,P006,2024-12-09,2,1,3,Virtual,1.108
C04940,R043,D0799,P006,2024-12-15,1,2,2,Clinic Camp,0.82
C04941,R054,D0665,P007,2024-12-22,2,2,3,Clinic Camp,1.056
C04942,R012,D0648,P007,2024-12-30,2,2,1,In-person,0.681
C04943,R024,D0289,P008,2024-12-19,4,1,5,In-person,0.988
C04944,R046,D0463,P007,2024-12-01,2,2,4,In-person,1.018
C04945,R005,D0598,P008,2024-12-27,4,1,6,In-person,1.029
C04946,R013,D0489,P008,2024-12-29,1,1,0,In-person,0.659
C04947,R011,D0770,P006,2024-12-02,4,1,4,Clinic Camp,0.99
C04948,R046,D0514,P004,2024-12-13,4,2,0,In-person,1.089
C04949,R065,D0163,P003,2024-12-31,3,1,0,In-person,1.021
C04950,R002,D0201,P005,2024-12-30,1,2,5,Clinic Camp,0.975
C04951,R021,D0500,P007,2024-12-30,3,1,2,In-person,0.846
C04952,R035,D0741,P007,2024-12-31,4,2,2,Clinic Camp,1.027
C04953,R049,D0819,P005,2024-12-01,4,1,1,In-person,0.92
C04954,R002,D0628,P001,2024-12-05,2,1,0,In-person,0.711
C04955,R071,D0404,P003,2024-12-16,2,2,4,In-person,0.93
C04956,R047,D0733,P005,2024-12-19,2,2,3,In-person,0.902
C04957,R017,D0818,P004,2024-12-13,1,1,4,Virtual,0.686
C04958,R038,D0014,P004,2024-12-09,3,2,1,Clinic Camp,1.025
C04959,R057,D0277,P003,2024-12-08,4,1,6,In-person,1.062
C04960,R001,D0294,P001,2024-12-19,2,2,0,In-person,0.819
C04961,R030,D0559,P004,2024-12-31,4,1,3,In-person,0.986
C04962,R019,D0218,P004,2024-12-26,1,1,3,Clinic Camp,0.687
C04963,R071,D0280,P007,2024-12-06,1,2,0,In-person,0.756
C04964,R019,D0017,P001,2024-12-05,4,1,4,In-person,1.047
C04965,R042,D0020,P004,2024-12-09,1,1,4,Clinic Camp,0.82
C04966,R070,D0392,P007,2024-12-23,2,2,3,In-person,0.883
C04967,R058,D0823,P003,2024-12-01,4,2,2,In-person,1.071
C04968,R039,D0208,P003,2024-12-22,2,2,6,In-person,0.972
C04969,R032,D0257,P001,2024-12-18,2,1,1,Clinic Camp,0.718
C04970,R042,D0211,P005,2024-12-21,1,1,5,In-person,0.787
C04971,R004,D0783,P007,2024-12-27,3,1,2,Virtual,0.921
C04972,R023,D0516,P004,2024-12-19,2,1,2,In-person,0.84
C04973,R021,D0503,P004,2024-12-20,1,2,1,In-person,0.683
C04974,R035,D0203,P006,2024-12-15,2,1,4,In-person,0.865
C04975,R055,D0769,P004,2024-12-21,1,2,1,In-person,0.82
C04976,R029,D0148,P004,2024-12-12,4,1,2,In-person,0.804
C04977,R021,D0807,P007,2024-12-03,3,2,3,In-person,0.929
C04978,R053,D0833,P003,2024-12-01,4,1,0,In-person,0.959
C04979,R008,D0501,P007,2024-12-23,4,1,5,In-person,1.121
C04980,R024,D0713,P003,2024-12-20,4,1,2,In-person,0.825
C04981,R059,D0845,P005,2024-12-13,3,1,6,In-person,1.036
C04982,R034,D0410,P003,2024-12-24,1,1,4,In-person,0.632
C04983,R005,D0720,P006,2024-12-15,1,1,1,Clinic Camp,0.84
C04984,R013,D0416,P004,2024-12-08,1,2,4,In-person,0.853
C04985,R026,D0375,P002,2024-12-19,1,1,3,Clinic Camp,0.707
C04986,R003,D0226,P006,2024-12-12,4,1,3,In-person,1.002
C04987,R013,D0489,P008,2024-12-31,1,2,5,In-person,0.813
C04988,R003,D0205,P001,2024-12-23,1,2,4,Virtual,0.913
C04989,R033,D0181,P005,2024-12-24,4,1,6,In-person,1.018
C04990,R023,D0224,P006,2024-12-22,2,2,6,Virtual,0.673
C04991,R031,D0010,P006,2024-12-22,2,1,5,Virtual,0.805
C04992,R004,D0781,P002,2024-12-24,2,1,3,In-person,0.849
C04993,R050,D0221,P001,2024-12-14,4,1,3,In-person,1.059
C04994,R025,D0679,P005,2024-12-26,2,2,6,In-person,1.005
C04995,R025,D0388,P006,2024-12-02,4,1,6,In-person,1.112
C04996,R026,D0303,P003,2024-12-21,4,2,2,In-person,0.974
C04997,R070,D0165,P003,2024-12-17,2,1,4,Clinic Camp,0.91
C04998,R005,D0735,P005,2024-12-01,3,1,4,Virtual,0.982
C04999,R015,D0387,P004,2024-12-21,1,1,0,In-person,0.58
C05000,R047,D0340,P004,2024-12-01,4,1,0,In-person,1.008
C05001,R020,D0636,P006,2024-12-22,4,2,0,Virtual,1.036
C05002,R009,D0757,P008,2024-12-17,1,1,1,In-person,0.705
C05003,R004,D0454,P007,2024-12-19,1,2,6,In-person,0.884
C05004,R030,D0512,P001,2024-12-19,1,1,2,In-person,0.663
C05005,R055,D0768,P003,2024-12-10,4,1,6,Clinic Camp,1.078
C05006,R065,D0725,P001,2024-12-20,1,1,3,In-person,0.788
C05007,R056,D0817,P007,2024-12-07,2,1,3,In-person,0.881
C05008,R014,D0078,P006,2024-12-24,2,1,1,In-person,0.804
C05009,R024,D0713,P002,2024-12-03,2,2,4,In-person,0.958
C05010,R008,D0212,P007,2024-12-05,1,1,4,In-person,0.758
C05011,R038,D0487,P005,2024-12-22,2,1,2,In-person,0.902
C05012,R028,D0454,P001,2024-12-02,4,1,5,In-person,1.059
C05013,R052,D0200,P002,2024-12-31,2,2,4,In-person,0.956
C05014,R070,D0042,P007,2024-12-01,4,1,4,In-person,0.981
C05015,R035,D0785,P003,2024-12-17,3,2,3,In-person,0.853
C05016,R043,D0772,P005,2024-12-31,4,1,4,In-person,0.833
C05017,R029,D0146,P008,2024-12-21,3,1,2,In-person,0.857
C05018,R057,D0551,P003,2024-12-20,2,2,6,In-person,1.079
C05019,R015,D0114,P001,2024-12-22,2,2,3,In-person,0.868
C05020,R025,D0552,P001,2024-12-22,2,2,1,In-person,0.835
C05021,R004,D0276,P008,2024-12-06,3,1,3,Virtual,0.826
C05022,R021,D0558,P005,2024-12-10,2,2,6,In-person,0.875
C05023,R049,D0552,P003,2024-12-06,2,1,6,Clinic Camp,0.815
C05024,R057,D0406,P001,2024-12-07,2,2,2,In-person,0.928
C05025,R022,D0514,P006,2024-12-07,4,2,6,In-person,1.079
C05026,R044,D0509,P001,2024-12-20,3,2,2,Clinic Camp,0.933
C05027,R066,D0020,P001,2024-12-29,4,1,1,Clinic Camp,0.888
C05028,R023,D0498,P005,2024-12-18,4,1,1,In-person,0.957
C05029,R036,D0745,P006,2024-12-01,3,1,1,Clinic Camp,0.899
C05030,R041,D0470,P005,2024-12-22,1,1,2,In-person,0.596
C05031,R041,D0130,P008,2024-12-17,4,2,2,In-person,0.985
C05032,R037,D0015,P003,2024-12-25,2,1,2,In-person,0.809
C05033,R005,D0241,P005,2024-12-12,2,2,0,In-person,0.905
C05034,R069,D0669,P003,2024-12-14,2,2,2,In-person,0.916
C05035,R024,D0289,P003,2024-12-21,1,1,3,Clinic Camp,0.83
C05036,R028,D0783,P002,2024-12-22,3,1,2,In-person,0.773
C05037,R031,D0350,P007,2024-12-07,1,2,3,In-person,0.887
C05038,R022,D0351,P006,2024-12-19,3,2,1,In-person,1.122
C05039,R018,D0595,P006,2024-12-30,4,1,0,In-person,0.924
C05040,R055,D0543,P002,2024-12-03,2,2,6,In-person,0.985
C05041,R040,D0065,P001,2024-12-11,2,2,6,In-person,1.02
C05042,R035,D0079,P007,2024-12-17,3,1,2,In-person,0.842
C05043,R018,D0135,P006,2024-12-29,4,1,5,Virtual,0.934
C05044,R009,D0791,P001,2024-12-31,1,1,0,In-person,0.715
C05045,R018,D0020,P006,2024-12-19,2,2,1,Clinic Camp,0.756
C05046,R071,D0039,P008,2024-12-17,2,2,3,In-person,0.956
C05047,R064,D0608,P007,2024-12-13,1,2,4,In-person,0.917
C05048,R026,D0628,P003,2024-12-14,1,2,4,In-person,0.744
C05049,R030,D0837,P003,2024-12-23,3,1,2,Clinic Camp,0.899
C05050,R045,D0206,P007,2024-12-17,4,2,6,In-person,1.101
C05051,R012,D0624,P004,2024-12-18,3,2,4,In-person,1.13
C05052,R005,D0120,P006,2024-12-27,1,1,2,In-person,0.851
C05053,R013,D0416,P008,2024-12-05,2,1,3,Clinic Camp,0.901
C05054,R032,D0171,P004,2024-12-30,4,1,2,Clinic Camp,1.053
C05055,R043,D0772,P005,2024-12-22,4,2,0,Clinic Camp,0.981
C05056,R039,D0332,P004,2024-12-19,1,1,0,In-person,0.731
C05057,R043,D0175,P005,2024-12-18,3,1,3,In-person,0.884
C05058,R057,D0841,P001,2024-12-18,3,1,0,In-person,0.77
C05059,R030,D0060,P008,2024-12-18,2,1,6,In-person,0.895
C05060,R036,D0759,P005,2024-12-11,2,2,6,In-person,0.971
C05061,R002,D0375,P002,2024-12-23,3,1,5,In-person,0.924
C05062,R002,D0664,P005,2024-12-08,4,2,5,In-person,1.095
C05063,R016,D0331,P004,2024-12-21,2,1,4,In-person,0.857
C05064,R010,D0724,P007,2024-12-17,4,2,5,In-person,1.171
C05065,R020,D0443,P007,2024-12-12,4,2,5,In-person,1.053
C05066,R028,D0297,P004,2024-12-25,1,2,3,In-person,0.752
C05067,R067,D0399,P006,2024-12-10,2,2,5,In-person,1.014
C05068,R015,D0208,P001,2024-12-21,2,1,1,In-person,0.867
C05069,R033,D0277,P008,2024-12-08,3,2,6,In-person,1.077
C05070,R033,D0123,P005,2024-12-07,1,1,4,In-person,0.691
C05071,R050,D0352,P006,2024-12-18,2,2,0,In-person,0.859
C05072,R064,D0422,P006,2024-12-31,1,2,1,In-person,0.841
C05073,R022,D0301,P003,2024-12-10,1,2,0,In-person,0.715
C05074,R061,D0839,P006,2024-12-04,2,1,1,In-person,0.737
C05075,R003,D0088,P004,2024-12-04,3,1,5,In-person,0.928
C05076,R033,D0835,P006,2024-12-16,2,2,5,In-person,1.055
C05077,R003,D0716,P001,2024-12-25,2,2,6,Virtual,0.996
C05078,R056,D0106,P002,2024-12-23,2,2,0,In-person,0.824
C05079,R041,D0561,P008,2024-12-07,3,2,3,In-person,0.978
C05080,R020,D0315,P006,2024-12-26,3,2,5,Clinic Camp,0.977
C05081,R007,D0023,P002,2024-12-06,3,1,6,In-person,0.925
C05082,R032,D0659,P002,2024-12-18,1,2,0,In-person,0.858
C05083,R044,D0193,P005,2024-12-27,1,1,4,In-person,0.628
C05084,R042,D0229,P001,2024-12-26,2,1,0,In-person,0.885
C05085,R009,D0121,P004,2024-12-22,1,1,0,Virtual,0.885
C05086,R064,D0105,P003,2024-12-11,3,1,5,Clinic Camp,0.953
C05087,R021,D0009,P002,2024-12-24,3,1,6,Virtual,0.892
C05088,R048,D0620,P003,2024-12-12,2,1,1,In-person,0.891
C05089,R041,D0046,P003,2024-12-11,2,2,5,In-person,0.982
C05090,R006,D0649,P001,2024-12-17,1,1,6,In-person,0.776
C05091,R053,D0137,P006,2024-12-20,2,1,3,In-person,0.756
C05092,R008,D0705,P003,2024-12-07,2,2,1,In-person,0.856
C05093,R053,D0742,P001,2024-12-29,1,2,5,In-person,0.905
C05094,R045,D0500,P001,2024-12-27,3,1,3,In-person,0.976
C05095,R070,D0654,P008,2024-12-09,2,1,2,Virtual,0.839
C05096,R065,D0384,P001,2024-12-08,3,1,6,Clinic Camp,0.994
C05097,R063,D0695,P008,2024-12-03,3,1,4,In-person,0.895
C05098,R062,D0190,P002,2024-12-13,1,2,1,Clinic Camp,0.886
C05099,R050,D0628,P001,2024-12-06,4,1,2,Clinic Camp,0.939
C05100,R069,D0801,P005,2024-12-29,1,2,2,In-person,0.983
C05101,R055,D0651,P007,2024-12-28,3,1,3,In-person,0.852
C05102,R062,D0198,P001,2024-12-26,4,1,1,In-person,0.97
C05103,R068,D0646,P003,2024-12-09,3,2,4,In-person,1.187
C05104,R026,D0790,P007,2024-12-22,3,1,3,In-person,0.987
C05105,R033,D0811,P001,2024-12-16,2,2,0,In-person,0.93
C05106,R001,D0666,P002,2024-12-09,1,2,0,In-person,0.824
C05107,R014,D0602,P003,2024-12-17,3,1,0,Clinic Camp,0.854
C05108,R069,D0669,P007,2024-12-06,4,1,1,In-person,0.924
C05109,R064,D0592,P007,2024-12-30,4,1,0,In-person,0.875
C05110,R049,D0094,P006,2024-12-06,1,2,4,Clinic Camp,0.749
C05111,R051,D0690,P006,2024-12-10,1,2,4,Clinic Camp,0.923
C05112,R037,D0087,P001,2024-12-07,4,1,0,Clinic Camp,0.797
C05113,R015,D0415,P002,2024-12-17,3,2,2,In-person,1.028
C05114,R023,D0284,P008,2024-12-21,2,1,2,In-person,0.791
C05115,R061,D0117,P006,2024-12-30,1,2,3,In-person,0.778
C05116,R056,D0265,P002,2024-12-13,2,2,4,In-person,1.054
C05117,R055,D0144,P006,2024-12-07,1,1,3,In-person,0.648
C05118,R058,D0295,P006,2024-12-01,1,2,2,In-person,0.783
C05119,R011,D0397,P006,2024-12-19,1,2,0,Virtual,0.754
C05120,R050,D0329,P008,2024-12-31,4,1,5,In-person,1.022
C05121,R025,D0089,P005,2024-12-02,1,1,5,In-person,0.751
C05122,R016,D0529,P001,2024-12-31,3,1,6,Clinic Camp,1.075
C05123,R018,D0100,P007,2024-12-09,2,1,4,In-person,0.742
C05124,R063,D0764,P001,2024-12-29,4,1,2,In-person,1.283
C05125,R036,D0047,P006,2024-12-03,1,2,4,In-person,0.787
C05126,R006,D0059,P007,2024-12-28,4,2,6,In-person,1.35
C05127,R025,D0259,P002,2024-12-11,1,1,0,In-person,0.797
C05128,R047,D0322,P007,2024-12-09,4,2,3,Virtual,1.055
C05129,R028,D0783,P007,2024-12-07,1,1,4,In-person,0.8
C05130,R006,D0532,P006,2024-12-05,1,2,6,Virtual,0.878
C05131,R028,D0286,P003,2024-12-25,1,1,3,In-person,0.792
C05132,R043,D0712,P002,2024-12-03,4,1,6,In-person,0.969
C05133,R015,D0183,P006,2024-12-15,2,1,5,In-person,0.927
C05134,R064,D0746,P002,2024-12-30,2,1,5,In-person,0.885
C05135,R008,D0419,P006,2024-12-13,4,2,0,In-person,0.931
C05136,R038,D0288,P002,2024-12-26,2,2,3,In-person,0.958
C05137,R052,D0276,P003,2024-12-22,3,1,5,In-person,0.969
C05138,R034,D0016,P005,2024-12-25,2,1,0,In-person,0.723
C05139,R038,D0549,P002,2024-12-30,1,1,6,Clinic Camp,0.784
C05140,R068,D0556,P007,2024-12-04,4,2,4,In-person,1.123
C05141,R063,D0533,P006,2024-12-10,2,2,5,Clinic Camp,1.047
C05142,R061,D0489,P001,2024-12-10,4,1,4,In-person,0.981
C05143,R016,D0065,P007,2024-12-03,2,1,6,In-person,0.962
C05144,R021,D0740,P006,2024-12-04,4,2,6,Clinic Camp,1.211
C05145,R063,D0387,P007,2024-12-04,1,1,0,Clinic Camp,0.814
C05146,R045,D0518,P005,2024-12-30,3,2,6,In-person,1.081
C05147,R052,D0027,P006,2024-12-27,2,1,3,In-person,0.762
C05148,R071,D0583,P004,2024-12-19,4,1,3,In-person,1.045
C05149,R012,D0624,P002,2024-12-27,2,1,1,In-person,0.783
C05150,R044,D0355,P002,2024-12-11,4,2,2,In-person,1.087
C05151,R054,D0812,P003,2024-12-15,2,1,3,Clinic Camp,0.784
C05152,R002,D0662,P003,2024-12-28,2,1,3,In-person,0.786
C05153,R067,D0772,P007,2024-12-05,3,2,4,In-person,0.956
C05154,R072,D0612,P005,2024-12-05,3,1,4,In-person,0.816
C05155,R040,D0237,P004,2024-12-17,2,1,5,In-person,0.823
C05156,R019,D0799,P006,2024-12-08,1,1,4,In-person,0.699
C05157,R056,D0623,P006,2024-12-21,1,2,6,In-person,0.953
C05158,R062,D0115,P008,2024-12-20,3,2,6,Clinic Camp,0.963
C05159,R045,D0669,P003,2024-12-11,1,2,6,In-person,0.854
C05160,R034,D0295,P002,2024-12-04,3,2,5,Clinic Camp,1.03
C05161,R048,D0620,P001,2024-12-03,4,1,1,In-person,1.083
C05162,R042,D0100,P002,2024-12-14,4,1,6,Virtual,0.973
C05163,R027,D0192,P005,2024-12-10,3,1,6,In-person,0.847
C05164,R048,D0305,P007,2024-12-02,2,1,2,Virtual,0.711
C05165,R044,D0443,P005,2024-12-22,3,1,6,Virtual,0.889
C05166,R001,D0573,P008,2024-12-30,1,2,3,In-person,0.801
C05167,R049,D0157,P006,2024-12-31,4,1,5,In-person,1.194
C05168,R014,D0597,P008,2024-12-04,1,1,2,In-person,0.823
C05169,R063,D0004,P003,2024-12-06,3,1,1,In-person,0.843
C05170,R028,D0278,P003,2024-12-14,2,2,2,In-person,1.054
C05171,R058,D0484,P007,2024-12-29,1,1,1,In-person,0.679
C05172,R007,D0343,P006,2024-12-18,1,1,0,In-person,0.677
C05173,R007,D0456,P004,2024-12-15,3,1,3,In-person,0.866
C05174,R060,D0539,P008,2024-12-29,3,2,6,Clinic Camp,1.13
C05175,R009,D0214,P007,2024-12-21,1,1,0,Clinic Camp,0.704
C05176,R061,D0827,P003,2024-12-31,1,2,2,Clinic Camp,0.957
C05177,R039,D0764,P005,2024-12-27,3,1,1,In-person,0.903
C05178,R067,D0797,P004,2024-12-31,3,2,1,Virtual,1.031
C05179,R058,D0353,P004,2024-12-18,2,2,0,In-person,0.725
C05180,R001,D0294,P007,2024-12-12,1,1,1,In-person,0.592
C05181,R014,D0786,P006,2024-12-02,1,1,3,In-person,0.631
C05182,R047,D0578,P001,2024-12-23,1,2,2,In-person,0.802
C05183,R039,D0695,P005,2024-12-09,1,2,4,In-person,0.749
C05184,R054,D0167,P006,2024-12-01,3,1,5,Virtual,1.039
C05185,R051,D0716,P005,2025-01-25,2,2,0,Clinic Camp,0.854
C05186,R056,D0480,P003,2025-01-14,1,2,2,In-person,0.885
C05187,R029,D0720,P006,2025-01-18,3,1,6,In-person,0.919
C05188,R042,D0645,P008,2025-01-25,3,2,1,In-person,1.024
C05189,R061,D0036,P001,2025-01-11,1,2,0,In-person,0.643
C05190,R008,D0170,P005,2025-01-26,3,1,1,Clinic Camp,0.864
C05191,R052,D0045,P008,2025-01-19,1,1,2,In-person,0.786
C05192,R072,D0520,P004,2025-01-18,3,1,1,In-person,0.915
C05193,R011,D0770,P003,2025-01-09,2,2,3,In-person,0.899
C05194,R029,D0013,P002,2025-01-25,1,2,1,Clinic Camp,0.681
C05195,R048,D0097,P002,2025-01-08,4,1,4,In-person,1.073
C05196,R017,D0470,P004,2025-01-20,1,1,6,Clinic Camp,0.787
C05197,R026,D0326,P007,2025-01-26,4,2,2,In-person,1.022
C05198,R043,D0041,P002,2025-01-04,2,2,3,In-person,1.102
C05199,R045,D0499,P002,2025-01-13,3,2,4,In-person,1.02
C05200,R025,D0792,P008,2025-01-22,3,2,0,Clinic Camp,0.898
C05201,R049,D0133,P008,2025-01-09,2,2,2,In-person,0.86
C05202,R063,D0004,P002,2025-01-01,3,1,4,In-person,0.974
C05203,R068,D0315,P004,2025-01-13,2,2,1,In-person,0.822
C05204,R068,D0314,P004,2025-01-16,3,2,2,In-person,1.017
C05205,R026,D0333,P003,2025-01-29,1,1,3,In-person,0.852
C05206,R055,D0154,P002,2025-01-26,2,1,6,In-person,0.881
C05207,R006,D0338,P001,2025-01-06,1,1,0,In-person,0.789
C05208,R056,D0171,P005,2025-01-09,2,2,4,In-person,0.936
C05209,R047,D0519,P001,2025-01-06,1,1,6,In-person,0.763
C05210,R025,D0440,P005,2025-01-29,2,2,6,In-person,0.845
C05211,R045,D0009,P001,2025-01-11,4,1,3,In-person,0.996
C05212,R020,D0086,P002,2025-01-28,2,1,2,In-person,0.84
C05213,R007,D0461,P001,2025-01-02,2,1,1,In-person,0.877
C05214,R066,D0414,P004,2025-01-18,4,2,1,In-person,1.099
C05215,R047,D0116,P003,2025-01-03,1,2,5,In-person,1.055
C05216,R004,D0278,P003,2025-01-18,3,1,0,In-person,0.804
C05217,R025,D0573,P003,2025-01-01,3,2,5,In-person,1.058
C05218,R062,D0412,P008,2025-01-05,2,2,6,In-person,0.923
C05219,R020,D0193,P004,2025-01-05,2,2,3,In-person,0.998
C05220,R024,D0312,P007,2025-01-22,3,2,5,In-person,0.956
C05221,R072,D0147,P002,2025-01-20,2,2,6,In-person,1.051
C05222,R022,D0802,P004,2025-01-18,2,1,5,In-person,0.811
C05223,R050,D0723,P001,2025-01-07,3,2,3,Clinic Camp,1.055
C05224,R030,D0254,P003,2025-01-09,2,2,3,Virtual,1.021
C05225,R001,D0157,P001,2025-01-12,4,2,1,In-person,0.904
C05226,R023,D0101,P001,2025-01-31,2,2,0,In-person,0.762
C05227,R045,D0558,P002,2025-01-22,3,1,5,Clinic Camp,0.959
C05228,R041,D0725,P002,2025-01-01,3,2,3,In-person,1.004
C05229,R068,D0330,P003,2025-01-01,4,2,6,In-person,1.095
C05230,R030,D0591,P006,2025-01-11,2,2,5,In-person,0.922
C05231,R039,D0183,P002,2025-01-07,1,1,1,In-person,0.66
C05232,R071,D0763,P005,2025-01-13,2,2,6,In-person,1.004
C05233,R036,D0268,P003,2025-01-31,3,1,0,In-person,0.773
C05234,R057,D0121,P004,2025-01-07,2,1,0,In-person,0.809
C05235,R037,D0701,P008,2025-01-19,4,2,4,In-person,1.036
C05236,R028,D0781,P004,2025-01-15,1,1,4,In-person,0.748
C05237,R010,D0238,P003,2025-01-21,2,1,5,In-person,0.967
C05238,R032,D0705,P002,2025-01-17,4,2,4,In-person,1.158
C05239,R067,D0172,P002,2025-01-16,4,2,1,Clinic Camp,0.948
C05240,R071,D0224,P007,2025-01-09,1,1,1,In-person,0.658
C05241,R006,D0544,P006,2025-01-30,4,2,6,Clinic Camp,1.18
C05242,R031,D0543,P003,2025-01-09,2,2,2,In-person,0.791
C05243,R060,D0318,P004,2025-01-05,3,2,1,In-person,1.074
C05244,R035,D0687,P005,2025-01-03,1,1,0,In-person,0.721
C05245,R019,D0698,P001,2025-01-03,1,2,5,In-person,0.844
C05246,R027,D0138,P008,2025-01-11,3,1,5,In-person,0.941
C05247,R072,D0738,P007,2025-01-26,2,2,6,In-person,1.087
C05248,R008,D0188,P005,2025-01-05,1,1,5,In-person,0.63
C05249,R050,D0375,P006,2025-01-01,3,1,1,In-person,0.95
C05250,R031,D0456,P001,2025-01-17,1,1,0,In-person,0.806
C05251,R028,D0313,P008,2025-01-18,4,1,3,In-person,0.948
C05252,R017,D0083,P006,2025-01-18,1,1,3,In-person,0.758
C05253,R058,D0225,P008,2025-01-01,1,2,0,In-person,0.811
C05254,R013,D0019,P007,2025-01-07,2,1,6,In-person,0.947
C05255,R053,D0833,P005,2025-01-11,2,1,4,In-person,0.794
C05256,R040,D0105,P003,2025-01-23,3,2,4,Clinic Camp,1.011
C05257,R070,D0411,P006,2025-01-21,1,1,3,Virtual,0.756
C05258,R057,D0207,P005,2025-01-26,4,2,6,In-person,1.172
C05259,R019,D0125,P004,2025-01-17,2,2,5,Virtual,1.174
C05260,R043,D0345,P006,2025-01-13,3,2,4,In-person,0.953
C05261,R052,D0783,P008,2025-01-18,4,1,3,In-person,0.98
C05262,R032,D0442,P002,2025-01-12,4,2,5,In-person,1.039
C05263,R038,D0776,P005,2025-01-05,3,2,2,In-person,0.937
C05264,R034,D0641,P007,2025-01-18,1,2,6,In-person,0.822
C05265,R022,D0392,P003,2025-01-10,3,1,0,In-person,0.728
C05266,R036,D0806,P003,2025-01-09,2,2,0,In-person,0.965
C05267,R009,D0287,P001,2025-01-23,3,1,0,In-person,0.878
C05268,R047,D0378,P003,2025-01-03,1,2,2,In-person,0.843
C05269,R066,D0475,P005,2025-01-01,3,2,3,Clinic Camp,0.924
C05270,R027,D0594,P008,2025-01-12,4,1,6,In-person,1.022
C05271,R036,D0766,P005,2025-01-19,3,1,6,In-person,0.865
C05272,R069,D0085,P003,2025-01-27,4,1,0,Virtual,0.918
C05273,R002,D0352,P007,2025-01-17,1,2,5,Virtual,0.917
C05274,R028,D0458,P002,2025-01-09,3,2,1,In-person,0.915
C05275,R056,D0366,P002,2025-01-11,1,1,2,In-person,0.685
C05276,R066,D0675,P005,2025-01-12,1,1,6,Clinic Camp,0.779
C05277,R001,D0259,P007,2025-01-11,4,1,6,In-person,1.093
C05278,R015,D0208,P002,2025-01-21,1,1,5,In-person,0.816
C05279,R030,D0256,P001,2025-01-25,2,2,1,In-person,0.759
C05280,R062,D0549,P006,2025-01-22,1,2,0,Clinic Camp,0.858
C05281,R054,D0136,P005,2025-01-12,2,1,6,In-person,0.931
C05282,R011,D0153,P006,2025-01-09,1,2,1,In-person,0.833
C05283,R060,D0745,P004,2025-01-03,2,2,1,In-person,1.02
C05284,R064,D0237,P001,2025-01-25,3,1,3,In-person,0.906
C05285,R045,D0056,P003,2025-01-30,3,1,1,In-person,0.902
C05286,R052,D0245,P004,2025-01-02,4,2,4,In-person,1.12
C05287,R033,D0324,P004,2025-01-05,1,2,6,Clinic Camp,0.978
C05288,R068,D0086,P008,2025-01-07,2,1,2,In-person,0.798
C05289,R028,D0658,P002,2025-01-25,3,2,3,In-person,0.942
C05290,R071,D0077,P003,2025-01-07,1,1,6,In-person,0.896
C05291,R046,D0351,P002,2025-01-01,1,2,6,In-person,0.982
C05292,R026,D0201,P005,2025-01-11,2,2,0,In-person,0.972
C05293,R043,D0218,P007,2025-01-12,4,1,5,In-person,1.043
C05294,R055,D0023,P008,2025-01-13,3,2,0,In-person,0.808
C05295,R053,D0828,P002,2025-01-16,3,2,1,In-person,0.971
C05296,R041,D0788,P004,2025-01-08,3,1,4,Clinic Camp,0.925
C05297,R044,D0193,P006,2025-01-01,4,2,0,In-person,1.108
C05298,R044,D0315,P001,2025-01-04,3,1,1,In-person,0.953
C05299,R054,D0794,P006,2025-01-23,3,2,3,In-person,1.043
C05300,R060,D0361,P002,2025-01-21,2,1,2,Virtual,0.65
C05301,R057,D0061,P001,2025-01-09,4,2,3,In-person,0.998
C05302,R018,D0092,P001,2025-01-30,1,1,6,In-person,0.789
C05303,R045,D0293,P008,2025-01-17,2,1,2,In-person,0.789
C05304,R064,D0478,P006,2025-01-25,2,2,2,Clinic Camp,0.919
C05305,R058,D0426,P007,2025-01-25,1,1,1,Virtual,0.846
C05306,R016,D0105,P006,2025-01-10,3,2,6,Virtual,1.11
C05307,R065,D0434,P007,2025-01-19,4,2,1,In-person,0.954
C05308,R023,D0224,P004,2025-01-19,1,1,0,In-person,0.644
C05309,R007,D0476,P007,2025-01-15,4,2,3,In-person,0.99
C05310,R004,D0278,P001,2025-01-20,4,1,5,In-person,1.001
C05311,R071,D0134,P005,2025-01-11,4,2,0,Clinic Camp,1.074
C05312,R033,D0765,P007,2025-01-04,1,2,4,Clinic Camp,0.949
C05313,R021,D0455,P008,2025-01-02,4,2,3,In-person,1.034
C05314,R012,D0376,P003,2025-01-14,2,1,5,In-person,0.868
C05315,R029,D0120,P002,2025-01-29,3,1,0,In-person,0.984
C05316,R005,D0052,P006,2025-01-07,2,1,6,Clinic Camp,0.769
C05317,R046,D0650,P001,2025-01-19,3,2,6,Virtual,1.099
C05318,R002,D0838,P007,2025-01-06,3,2,4,In-person,1.054
C05319,R059,D0530,P006,2025-01-20,4,1,4,In-person,0.968
C05320,R057,D0049,P006,2025-01-06,2,1,4,In-person,0.851
C05321,R056,D0442,P003,2025-01-14,1,2,1,In-person,0.852
C05322,R024,D0180,P001,2025-01-26,3,1,6,Clinic Camp,0.934
C05323,R003,D0071,P005,2025-01-12,4,1,5,Clinic Camp,0.959
C05324,R022,D0082,P003,2025-01-29,1,1,5,In-person,0.743
C05325,R015,D0377,P004,2025-01-02,4,1,3,In-person,1.123
C05326,R012,D0361,P002,2025-01-03,4,1,0,In-person,0.885
C05327,R067,D0471,P003,2025-01-06,3,2,3,In-person,1.01
C05328,R048,D0523,P007,2025-01-08,4,2,3,In-person,1.127
C05329,R001,D0219,P008,2025-01-14,2,1,1,In-person,0.781
C05330,R020,D0330,P003,2025-01-29,1,2,6,In-person,0.911
C05331,R004,D0458,P002,2025-01-08,3,1,2,In-person,0.926
C05332,R043,D0140,P001,2025-01-12,3,2,6,Clinic Camp,0.98
C05333,R058,D0068,P002,2025-01-02,4,2,6,In-person,0.995
C05334,R056,D0659,P001,2025-01-23,1,1,0,Clinic Camp,0.652
C05335,R020,D0315,P006,2025-01-17,1,1,1,Virtual,0.866
C05336,R031,D0154,P006,2025-01-02,3,2,2,In-person,0.93
C05337,R018,D0522,P007,2025-01-15,2,2,4,In-person,0.952
C05338,R021,D0448,P003,2025-01-07,1,2,0,In-person,0.694
C05339,R012,D0145,P007,2025-01-14,3,1,1,Clinic Camp,0.975
C05340,R051,D0714,P002,2025-01-09,1,1,5,In-person,0.776
C05341,R041,D0323,P002,2025-01-25,4,1,3,In-person,0.938
C05342,R006,D0603,P008,2025-01-02,2,1,3,In-person,0.823
C05343,R006,D0603,P008,2025-01-19,3,1,3,In-person,1.105
C05344,R024,D0612,P005,2025-01-25,3,1,6,In-person,0.993
C05345,R017,D0606,P005,2025-01-01,3,1,0,In-person,0.837
C05346,R040,D0581,P006,2025-01-29,2,2,3,Virtual,0.693
C05347,R023,D0039,P007,2025-01-24,1,1,0,In-person,0.818
C05348,R008,D0784,P002,2025-01-09,3,2,0,In-person,0.884
C05349,R038,D0109,P001,2025-01-15,2,1,3,Clinic Camp,0.766
C05350,R017,D0323,P002,2025-01-22,4,1,6,Clinic Camp,0.967
C05351,R001,D0388,P003,2025-01-17,4,1,2,In-person,1.073
C05352,R021,D0215,P002,2025-01-24,1,1,5,In-person,0.797
C05353,R013,D0416,P005,2025-01-28,2,1,6,Virtual,0.766
C05354,R032,D0129,P002,2025-01-12,2,1,0,In-person,0.764
C05355,R008,D0439,P005,2025-01-04,2,2,4,Clinic Camp,0.875
C05356,R054,D0256,P006,2025-01-14,3,1,6,Virtual,0.987
C05357,R036,D0589,P001,2025-01-19,2,1,6,In-person,0.857
C05358,R002,D0375,P003,2025-01-25,1,1,5,In-person,0.674
C05359,R048,D0580,P005,2025-01-09,2,1,6,Virtual,0.881
C05360,R023,D0116,P001,2025-01-29,4,1,4,In-person,0.987
C05361,R032,D0817,P006,2025-01-02,2,1,0,In-person,0.68
C05362,R067,D0345,P007,2025-01-18,2,2,6,In-person,0.821
C05363,R030,D0256,P003,2025-01-14,4,2,6,Clinic Camp,1.141
C05364,R027,D0564,P001,2025-01-22,1,2,1,In-person,0.796
C05365,R050,D0156,P005,2025-01-09,2,1,6,In-person,0.871
C05366,R040,D0709,P007,2025-01-29,1,2,4,In-person,0.932
C05367,R032,D0265,P003,2025-01-01,3,2,3,In-person,0.839
C05368,R022,D0802,P007,2025-01-26,4,2,5,In-person,1.105
C05369,R009,D0132,P007,2025-01-16,2,1,4,In-person,0.905
C05370,R038,D0752,P003,2025-01-16,4,1,5,In-person,0.995
C05371,R061,D0270,P005,2025-01-10,4,2,2,In-person,0.933
C05372,R031,D0543,P001,2025-01-13,3,2,2,In-person,0.923
C05373,R070,D0736,P005,2025-01-14,1,1,0,Virtual,0.674
C05374,R044,D0273,P008,2025-01-10,1,1,6,Clinic Camp,0.692
C05375,R066,D0249,P008,2025-01-01,1,2,1,In-person,0.848
C05376,R053,D0828,P002,2025-01-13,2,2,0,In-person,0.87
C05377,R039,D0114,P006,2025-01-13,2,1,0,In-person,0.729
C05378,R029,D0090,P001,2025-01-23,1,2,2,In-person,0.915
C05379,R016,D0438,P003,2025-01-15,4,2,3,In-person,1.022
C05380,R049,D0002,P007,2025-01-18,3,1,5,Clinic Camp,1.058
C05381,R009,D0841,P006,2025-01-15,3,1,4,In-person,0.9
C05382,R005,D0824,P004,2025-01-14,3,1,5,In-person,0.864
C05383,R062,D0115,P008,2025-01-23,3,2,0,In-person,0.866
C05384,R053,D0146,P007,2025-01-21,4,1,0,In-person,0.927
C05385,R059,D0668,P001,2025-01-31,2,1,1,In-person,0.712
C05386,R069,D0386,P001,2025-01-16,1,2,2,In-person,0.848
C05387,R019,D0702,P006,2025-01-01,2,2,0,Clinic Camp,0.838
C05388,R016,D0798,P008,2025-01-19,1,1,6,In-person,0.784
C05389,R003,D0281,P002,2025-01-13,4,2,6,In-person,1.115
C05390,R005,D0233,P005,2025-01-03,3,2,3,Virtual,1.074
C05391,R017,D0505,P007,2025-01-27,2,1,5,In-person,0.827
C05392,R009,D0554,P007,2025-01-20,1,1,1,In-person,0.743
C05393,R068,D0443,P006,2025-01-20,3,2,0,Virtual,0.976
C05394,R045,D0234,P008,2025-01-20,3,2,6,In-person,0.951
C05395,R049,D0219,P008,2025-01-31,4,2,5,Virtual,1.142
C05396,R012,D0427,P007,2025-01-22,1,1,5,In-person,0.865
C05397,R055,D0456,P006,2025-01-23,3,2,5,In-person,1.107
C05398,R051,D0383,P008,2025-01-24,2,1,4,In-person,0.763
C05399,R015,D0108,P001,2025-01-23,1,1,5,Clinic Camp,0.717
C05400,R015,D0767,P001,2025-01-22,1,2,6,In-person,0.904
C05401,R020,D0638,P005,2025-01-03,2,1,6,In-person,0.879
C05402,R053,D0824,P006,2025-01-13,3,1,6,In-person,0.96
C05403,R037,D0686,P008,2025-01-09,1,2,3,In-person,0.825
C05404,R036,D0539,P006,2025-01-28,4,2,5,Virtual,1.115
C05405,R060,D0268,P002,2025-01-19,4,1,1,In-person,0.734
C05406,R029,D0625,P008,2025-01-16,4,1,2,In-person,1.009
C05407,R041,D0491,P001,2025-01-17,4,2,6,In-person,1.236
C05408,R048,D0726,P001,2025-01-22,2,2,2,Virtual,0.862
C05409,R006,D0189,P006,2025-01-24,2,1,5,In-person,0.886
C05410,R048,D0026,P008,2025-01-07,1,1,3,In-person,0.898
C05411,R014,D0109,P005,2025-01-31,4,2,1,In-person,1.031
C05412,R056,D0188,P002,2025-01-24,4,2,2,In-person,1.07
C05413,R059,D0574,P001,2025-01-07,1,2,4,Clinic Camp,1.019
C05414,R069,D0084,P008,2025-01-19,4,1,0,In-person,1.083
C05415,R009,D0123,P003,2025-01-14,1,1,3,In-person,0.679
C05416,R016,D0372,P006,2025-01-12,4,1,0,In-person,0.887
C05417,R040,D0608,P003,2025-01-27,1,2,3,Clinic Camp,0.925
C05418,R063,D0332,P002,2025-01-09,3,2,2,In-person,1.016
C05419,R015,D0196,P006,2025-01-26,4,2,4,In-person,1.138
C05420,R028,D0258,P006,2025-01-20,4,2,5,In-person,0.89
C05421,R007,D0696,P004,2025-01-26,1,1,0,Clinic Camp,0.554
C05422,R013,D0272,P005,2025-01-24,1,2,0,Clinic Camp,0.943
C05423,R049,D0299,P004,2025-01-20,1,1,3,Clinic Camp,0.826
C05424,R049,D0672,P005,2025-01-06,4,1,5,In-person,1.038
C05425,R072,D0312,P007,2025-01-31,1,1,1,In-person,0.629
C05426,R036,D0304,P006,2025-01-20,2,1,5,In-person,0.837
C05427,R042,D0595,P003,2025-01-12,2,1,0,Clinic Camp,0.826
C05428,R070,D0243,P002,2025-01-08,2,2,2,In-person,0.795
C05429,R010,D0362,P006,2025-01-04,2,1,3,Clinic Camp,0.778
C05430,R033,D0629,P006,2025-01-10,2,2,4,In-person,0.972
C05431,R014,D0115,P003,2025-01-05,1,1,2,In-person,0.793
C05432,R003,D0138,P007,2025-01-28,2,1,6,Clinic Camp,0.846
C05433,R042,D0675,P004,2025-01-14,4,1,3,In-person,1.053
C05434,R028,D0276,P003,2025-01-20,1,2,4,In-person,0.948
C05435,R001,D0294,P005,2025-01-25,4,1,0,In-person,0.777
C05436,R047,D0498,P002,2025-01-30,2,2,6,In-person,1.109
C05437,R037,D0036,P006,2025-01-15,2,1,3,Clinic Camp,0.927
C05438,R048,D0050,P008,2025-01-02,2,2,3,In-person,0.941
C05439,R035,D0397,P008,2025-01-19,4,1,1,Virtual,0.927
C05440,R011,D0826,P004,2025-01-30,4,1,4,In-person,1.055
C05441,R011,D0530,P003,2025-01-12,4,2,0,In-person,1.053
C05442,R018,D0414,P004,2025-01-04,1,2,3,In-person,0.832
C05443,R014,D0487,P001,2025-01-23,4,1,5,In-person,1.139
C05444,R006,D0744,P006,2025-01-20,3,2,5,In-person,0.862
C05445,R065,D0630,P004,2025-01-05,1,1,4,In-person,0.729
C05446,R046,D0042,P001,2025-01-01,2,1,2,In-person,0.852
C05447,R026,D0479,P005,2025-01-17,4,2,3,In-person,1.06
C05448,R044,D0546,P006,2025-01-05,3,1,1,Virtual,0.924
C05449,R064,D0309,P002,2025-01-06,3,2,4,In-person,0.9
C05450,R066,D0758,P004,2025-01-10,2,1,1,In-person,0.778
C05451,R042,D0211,P008,2025-01-15,1,2,2,Clinic Camp,0.928
C05452,R010,D0692,P006,2025-01-26,4,1,5,Clinic Camp,0.891
C05453,R007,D0144,P007,2025-01-14,4,2,0,In-person,0.991
C05454,R021,D0499,P004,2025-01-26,2,1,2,In-person,0.774
C05455,R070,D0590,P004,2025-01-19,1,2,2,In-person,0.865
C05456,R037,D0341,P004,2025-01-13,3,1,6,Clinic Camp,0.989
C05457,R008,D0171,P004,2025-01-16,4,2,5,In-person,1.108
C05458,R004,D0128,P002,2025-01-05,1,2,2,In-person,0.813
C05459,R043,D0524,P001,2025-01-31,3,1,4,Virtual,0.927
C05460,R005,D0800,P007,2025-01-10,4,1,1,In-person,0.925
C05461,R018,D0414,P005,2025-01-28,2,2,5,In-person,0.957
C05462,R021,D0056,P005,2025-01-20,1,2,2,In-person,0.953
C05463,R057,D0717,P005,2025-01-10,1,2,6,In-person,0.812
C05464,R051,D0383,P004,2025-01-16,1,1,6,Clinic Camp,0.845
C05465,R034,D0068,P008,2025-01-04,4,2,1,In-person,0.953
C05466,R025,D0299,P004,2025-01-20,2,2,2,In-person,1.062
C05467,R005,D0148,P005,2025-01-03,1,1,6,In-person,0.825
C05468,R017,D0818,P005,2025-01-20,4,2,0,Virtual,0.909
C05469,R023,D0763,P002,2025-01-07,4,2,4,In-person,1.063
C05470,R064,D0073,P002,2025-01-04,1,1,3,In-person,0.647
C05471,R044,D0556,P002,2025-01-07,3,1,3,Clinic Camp,0.853
C05472,R007,D0010,P003,2025-01-03,2,2,4,In-person,0.991
C05473,R054,D0512,P002,2025-01-28,1,2,3,In-person,0.963
C05474,R055,D0202,P002,2025-01-30,1,2,2,In-person,0.922
C05475,R061,D0614,P008,2025-01-29,3,2,3,In-person,0.986
C05476,R042,D0064,P003,2025-01-23,4,2,6,In-person,1.164
C05477,R064,D0746,P007,2025-01-08,4,2,0,In-person,1.075
C05478,R041,D0163,P004,2025-01-24,3,2,1,Clinic Camp,1.138
C05479,R063,D0196,P007,2025-01-24,4,1,0,Virtual,0.872
C05480,R018,D0694,P007,2025-01-08,1,2,4,In-person,0.993
C05481,R019,D0772,P007,2025-01-26,1,1,2,In-person,0.659
C05482,R010,D0069,P003,2025-01-31,1,2,0,Virtual,0.894
C05483,R027,D0088,P001,2025-01-12,1,2,1,In-person,0.768
C05484,R068,D0722,P003,2025-01-19,4,1,1,Virtual,0.883
C05485,R002,D0838,P006,2025-01-28,1,2,0,In-person,0.777
C05486,R024,D0389,P006,2025-01-09,2,1,5,In-person,0.808
C05487,R025,D0113,P006,2025-01-31,4,1,0,Clinic Camp,0.954
C05488,R027,D0159,P008,2025-01-10,4,2,6,In-person,1.216
C05489,R014,D0198,P002,2025-01-31,1,2,6,In-person,0.739
C05490,R031,D0579,P004,2025-01-08,1,1,6,In-person,0.804
C05491,R004,D0126,P004,2025-01-23,1,2,1,In-person,0.731
C05492,R012,D0589,P002,2025-01-17,1,2,1,In-person,0.89
C05493,R053,D0731,P006,2025-01-12,2,1,6,In-person,1.002
C05494,R021,D0084,P001,2025-01-14,2,1,4,In-person,0.838
C05495,R050,D0838,P008,2025-01-08,4,1,3,Clinic Camp,0.918
C05496,R046,D0848,P001,2025-01-21,2,1,6,Virtual,0.759
C05497,R047,D0260,P001,2025-01-31,2,2,1,Clinic Camp,1.044
C05498,R024,D0096,P002,2025-01-19,2,2,2,In-person,1.012
C05499,R004,D0278,P008,2025-01-09,3,2,1,In-person,0.8
C05500,R058,D0124,P007,2025-01-21,2,1,5,Virtual,0.922
C05501,R003,D0205,P008,2025-01-14,1,2,1,In-person,0.729
C05502,R062,D0754,P007,2025-01-29,2,2,0,In-person,0.829
C05503,R052,D0155,P008,2025-01-09,3,2,2,In-person,0.876
C05504,R039,D0223,P004,2025-01-17,2,2,3,In-person,0.764
C05505,R054,D0665,P001,2025-01-16,3,1,1,In-person,0.864
C05506,R040,D0067,P004,2025-01-28,2,1,6,In-person,1.04
C05507,R062,D0022,P002,2025-01-04,4,2,5,Virtual,1.026
C05508,R065,D0384,P002,2025-01-20,4,2,6,In-person,1.189
C05509,R012,D0813,P006,2025-01-26,3,2,2,Virtual,1.06
C05510,R003,D0714,P002,2025-01-12,4,2,2,Clinic Camp,1.104
C05511,R007,D0771,P003,2025-01-16,1,1,3,In-person,0.924
C05512,R069,D0740,P004,2025-01-10,3,2,6,In-person,1.124
C05513,R049,D0089,P001,2025-01-14,2,1,3,Clinic Camp,0.978
C05514,R025,D0346,P006,2025-01-30,4,1,2,In-person,0.864
C05515,R055,D0476,P007,2025-01-12,1,2,4,In-person,0.932
C05516,R067,D0081,P005,2025-01-07,1,1,0,Virtual,0.831
C05517,R026,D0838,P001,2025-01-18,1,1,6,In-person,0.756
C05518,R030,D0587,P007,2025-01-15,3,1,4,Virtual,0.643
C05519,R026,D0762,P004,2025-01-25,4,2,3,In-person,0.963
C05520,R070,D0176,P003,2025-01-02,4,1,0,Clinic Camp,0.862
C05521,R042,D0481,P008,2025-01-28,2,1,2,In-person,0.861
C05522,R059,D0091,P007,2025-01-22,1,2,4,In-person,0.827
C05523,R002,D0003,P004,2025-01-27,4,1,6,In-person,1.028
C05524,R030,D0591,P004,2025-01-13,3,1,3,Virtual,0.856
C05525,R061,D0030,P008,2025-01-14,1,2,6,Clinic Camp,0.898
C05526,R038,D0247,P002,2025-01-11,3,2,3,Clinic Camp,0.989
C05527,R033,D0757,P004,2025-01-26,4,1,5,Virtual,0.959
C05528,R064,D0436,P005,2025-01-03,4,2,0,Clinic Camp,1.076
C05529,R014,D0325,P003,2025-01-17,4,1,5,In-person,1.12
C05530,R050,D0239,P003,2025-01-09,4,2,1,Virtual,0.936
C05531,R010,D0490,P001,2025-01-20,3,1,2,In-person,0.903
C05532,R039,D0814,P003,2025-01-30,3,1,2,Clinic Camp,0.772
C05533,R013,D0614,P003,2025-01-21,1,2,3,Clinic Camp,0.714
C05534,R031,D0391,P007,2025-01-02,3,1,4,In-person,1.005
C05535,R058,D0271,P003,2025-01-13,4,2,2,In-person,1.207
C05536,R016,D0073,P002,2025-01-01,4,1,0,In-person,0.894
C05537,R059,D0153,P007,2025-01-16,4,1,4,In-person,1.139
C05538,R050,D0239,P003,2025-01-06,1,2,2,In-person,0.784
C05539,R015,D0302,P008,2025-01-22,1,2,5,Virtual,0.871
C05540,R051,D0825,P001,2025-01-17,4,1,4,In-person,1.125
C05541,R046,D0736,P001,2025-01-10,4,2,2,Clinic Camp,0.973
C05542,R013,D0070,P008,2025-01-27,3,1,0,Clinic Camp,0.923
C05543,R034,D0216,P001,2025-01-24,4,1,3,In-person,0.946
C05544,R035,D0079,P001,2025-01-20,3,1,5,In-person,0.882
C05545,R024,D0050,P006,2025-01-11,1,1,5,In-person,0.759
C05546,R072,D0312,P003,2025-01-09,3,1,2,Clinic Camp,0.713
C05547,R002,D0829,P004,2025-01-19,2,2,1,In-person,0.989
C05548,R070,D0142,P004,2025-01-25,4,2,0,Clinic Camp,1.028
C05549,R019,D0586,P003,2025-01-26,2,1,4,In-person,0.84
C05550,R019,D0345,P004,2025-01-25,1,2,1,Clinic Camp,0.763
C05551,R037,D0379,P003,2025-01-01,2,2,5,Clinic Camp,0.985
C05552,R060,D0804,P002,2025-01-31,2,1,4,Clinic Camp,0.923
C05553,R033,D0765,P002,2025-01-08,4,1,0,In-person,0.898
C05554,R062,D0693,P001,2025-01-01,1,2,4,In-person,0.949
C05555,R063,D0332,P005,2025-01-18,4,2,1,In-person,1.05
C05556,R016,D0065,P005,2025-01-15,1,1,6,In-person,0.811
C05557,R039,D0844,P001,2025-01-04,1,1,0,In-person,0.783
C05558,R010,D0823,P004,2025-01-07,2,1,2,In-person,0.775
C05559,R029,D0800,P006,2025-01-07,3,1,0,In-person,0.75
C05560,R040,D0422,P001,2025-01-14,4,2,4,In-person,1.078
C05561,R063,D0196,P003,2025-01-24,3,1,3,In-person,0.907
C05562,R063,D0141,P008,2025-01-22,1,1,3,Clinic Camp,0.746
C05563,R055,D0395,P004,2025-01-01,2,2,4,In-person,1.037
C05564,R022,D0243,P001,2025-01-06,4,1,6,Virtual,1.068
C05565,R069,D0215,P005,2025-01-19,3,1,2,In-person,0.877
C05566,R035,D0826,P004,2025-01-25,1,2,3,In-person,0.854
C05567,R052,D0458,P002,2025-01-02,3,1,4,Clinic Camp,0.928
C05568,R014,D0190,P001,2025-01-11,3,1,6,Clinic Camp,1.0
C05569,R034,D0426,P008,2025-01-04,2,1,1,In-person,0.802
C05570,R001,D0613,P007,2025-01-16,3,1,3,Clinic Camp,0.892
C05571,R018,D0405,P006,2025-01-13,2,1,5,Clinic Camp,0.763
C05572,R072,D0729,P001,2025-01-06,1,2,1,In-person,0.761
C05573,R054,D0820,P007,2025-01-30,4,2,2,Clinic Camp,1.068
C05574,R013,D0272,P004,2025-01-24,2,1,3,In-person,0.849
C05575,R041,D0462,P004,2025-01-17,2,1,4,In-person,0.733
C05576,R032,D0255,P008,2025-01-24,1,2,4,In-person,0.827
C05577,R023,D0639,P004,2025-01-10,2,2,0,In-person,0.796
C05578,R060,D0809,P002,2025-01-29,3,2,1,In-person,1.067
C05579,R061,D0489,P002,2025-01-13,4,2,5,In-person,1.12
C05580,R011,D0203,P008,2025-01-12,4,1,4,In-person,1.026
C05581,R038,D0469,P005,2025-01-18,4,2,3,In-person,1.059
C05582,R071,D0639,P005,2025-01-18,4,1,2,In-person,0.906
C05583,R035,D0037,P005,2025-01-20,3,2,6,In-person,1.012
C05584,R020,D0596,P002,2025-01-26,4,2,6,Virtual,1.157
C05585,R027,D0616,P004,2025-01-09,2,1,2,In-person,0.795
C05586,R035,D0496,P008,2025-01-22,3,2,2,In-person,1.016
C05587,R067,D0562,P002,2025-01-07,3,2,6,In-person,1.059
C05588,R005,D0816,P008,2025-01-08,2,1,2,In-person,0.84
C05589,R033,D0123,P003,2025-01-16,3,2,2,In-person,1.004
C05590,R067,D0471,P003,2025-01-17,3,2,6,Clinic Camp,1.006
C05591,R065,D0617,P001,2025-01-20,2,2,0,In-person,0.845
C05592,R034,D0641,P006,2025-01-05,4,2,4,In-person,1.155
C05593,R061,D0307,P003,2025-01-26,1,2,4,In-person,1.018
C05594,R052,D0830,P004,2025-01-18,2,1,2,Clinic Camp,0.889
C05595,R058,D0216,P005,2025-01-19,2,2,1,In-person,0.665
C05596,R065,D0462,P006,2025-01-24,4,2,6,Clinic Camp,1.057
C05597,R044,D0688,P008,2025-01-22,3,1,5,In-person,0.949
C05598,R057,D0380,P005,2025-01-14,4,1,6,In-person,0.94
C05599,R066,D0249,P002,2025-01-16,4,1,2,In-person,0.864
C05600,R022,D0451,P006,2025-01-08,2,2,6,Virtual,0.945
C05601,R039,D0494,P001,2025-01-18,3,2,5,Clinic Camp,1.058
C05602,R008,D0817,P007,2025-01-07,1,2,1,In-person,0.867
C05603,R011,D0555,P003,2025-01-20,1,2,3,Clinic Camp,0.825
C05604,R047,D0134,P006,2025-01-13,2,2,2,In-person,0.87
C05605,R059,D0037,P002,2025-01-08,2,1,3,In-person,0.767
C05606,R071,D0843,P004,2025-01-15,3,2,1,In-person,0.999
C05607,R043,D0359,P006,2025-01-29,3,2,5,Virtual,1.065
C05608,R069,D0194,P005,2025-01-18,1,1,3,In-person,0.837
C05609,R038,D0190,P001,2025-01-11,2,1,4,In-person,0.862
C05610,R046,D0066,P001,2025-01-14,2,1,4,Virtual,0.747
C05611,R009,D0181,P008,2025-01-19,1,1,4,In-person,0.754
C05612,R051,D0671,P005,2025-01-05,3,1,5,In-person,1.009
C05613,R003,D0616,P007,2025-01-18,4,1,4,In-person,0.853
C05614,R037,D0416,P001,2025-01-02,4,2,3,In-person,1.057
C05615,R065,D0018,P004,2025-01-27,4,1,4,In-person,1.015
C05616,R034,D0490,P005,2025-01-19,4,2,4,In-person,1.242
C05617,R043,D0797,P008,2025-02-04,4,2,5,In-person,1.052
C05618,R050,D0810,P006,2025-02-14,1,1,3,Virtual,0.754
C05619,R024,D0312,P006,2025-02-25,2,1,2,In-person,0.951
C05620,R070,D0464,P003,2025-02-28,3,1,1,In-person,0.821
C05621,R053,D0241,P008,2025-02-04,4,2,1,Virtual,1.114
C05622,R021,D0789,P003,2025-02-08,2,1,4,In-person,0.883
C05623,R003,D0803,P003,2025-02-05,3,2,5,In-person,1.012
C05624,R064,D0309,P006,2025-02-11,4,2,2,In-person,1.082
C05625,R016,D0436,P008,2025-02-25,3,2,3,In-person,0.982
C05626,R018,D0210,P007,2025-02-20,1,2,2,In-person,1.017
C05627,R069,D0499,P002,2025-02-08,1,1,6,Clinic Camp,0.653
C05628,R020,D0336,P007,2025-02-10,2,2,6,Clinic Camp,0.955
C05629,R058,D0513,P003,2025-02-18,1,1,6,In-person,0.798
C05630,R045,D0832,P002,2025-02-17,3,1,6,In-person,0.947
C05631,R038,D0752,P008,2025-02-13,1,2,6,In-person,0.994
C05632,R012,D0149,P008,2025-02-12,4,2,3,In-person,1.028
C05633,R009,D0123,P003,2025-02-27,4,2,3,In-person,1.103
C05634,R069,D0682,P001,2025-02-15,4,1,2,In-person,0.975
C05635,R023,D0055,P002,2025-02-22,3,1,5,In-person,1.007
C05636,R047,D0322,P005,2025-02-27,1,1,2,In-person,0.735
C05637,R037,D0839,P001,2025-02-10,4,1,2,In-person,0.982
C05638,R052,D0313,P002,2025-02-22,1,2,6,Virtual,0.898
C05639,R064,D0043,P002,2025-02-23,3,2,0,Clinic Camp,0.861
C05640,R033,D0840,P008,2025-02-07,4,1,0,In-person,1.048
C05641,R010,D0513,P003,2025-02-07,1,1,5,In-person,0.739
C05642,R013,D0251,P004,2025-02-05,2,2,4,In-person,0.904
C05643,R029,D0598,P004,2025-02-18,2,1,5,In-person,0.801
C05644,R002,D0628,P001,2025-02-22,1,1,3,In-person,0.796
C05645,R005,D0497,P005,2025-02-22,1,2,0,In-person,0.762
C05646,R016,D0798,P008,2025-02-11,4,2,2,In-person,1.167
C05647,R021,D0669,P007,2025-02-20,4,2,6,Virtual,1.161
C05648,R026,D0221,P003,2025-02-01,1,2,4,In-person,0.85
C05649,R030,D0837,P001,2025-02-19,2,1,6,In-person,0.815
C05650,R028,D0783,P007,2025-02-14,2,1,0,In-person,0.771
C05651,R003,D0071,P007,2025-02-24,1,2,2,In-person,0.878
C05652,R056,D0300,P008,2025-02-28,1,1,4,In-person,0.778
C05653,R049,D0573,P005,2025-02-16,3,1,0,Clinic Camp,0.839
C05654,R031,D0768,P004,2025-02-18,2,1,3,In-person,0.752
C05655,R026,D0681,P007,2025-02-26,4,2,6,In-person,1.297
C05656,R071,D0472,P006,2025-02-10,2,1,1,In-person,0.782
C05657,R016,D0344,P007,2025-02-05,3,2,0,In-person,0.83
C05658,R041,D0053,P003,2025-02-15,2,2,4,Clinic Camp,0.856
C05659,R055,D0768,P008,2025-02-10,1,1,1,In-person,0.7
C05660,R030,D0544,P001,2025-02-18,3,2,1,In-person,1.114
C05661,R027,D0383,P001,2025-02-22,3,2,3,In-person,0.98
C05662,R071,D0850,P006,2025-02-15,3,1,4,In-person,0.892
C05663,R054,D0161,P005,2025-02-09,1,2,5,In-person,0.958
C05664,R054,D0227,P005,2025-02-16,3,2,0,In-person,1.013
C05665,R036,D0804,P008,2025-02-13,3,1,5,In-person,0.993
C05666,R056,D0265,P007,2025-02-06,2,2,4,In-person,0.958
C05667,R062,D0776,P006,2025-02-22,3,2,4,In-person,0.924
C05668,R011,D0732,P002,2025-02-10,1,2,1,In-person,0.758
C05669,R055,D0144,P001,2025-02-16,1,2,5,In-person,0.763
C05670,R041,D0462,P002,2025-02-26,1,2,0,Clinic Camp,0.782
C05671,R026,D0689,P005,2025-02-06,2,2,4,In-person,0.908
C05672,R019,D0446,P006,2025-02-12,4,1,0,Virtual,0.878
C05673,R040,D0237,P007,2025-02-05,1,1,4,Clinic Camp,0.804
C05674,R018,D0025,P001,2025-02-13,2,1,3,Virtual,0.781
C05675,R055,D0010,P003,2025-02-09,2,1,1,Clinic Camp,0.771
C05676,R029,D0146,P003,2025-02-26,4,2,1,Clinic Camp,0.989
C05677,R013,D0199,P006,2025-02-09,3,2,3,In-person,0.991
C05678,R046,D0228,P001,2025-02-18,1,2,2,Clinic Camp,0.865
C05679,R019,D0712,P007,2025-02-04,2,1,3,In-person,0.726
C05680,R067,D0449,P001,2025-02-13,3,1,3,Clinic Camp,0.94
C05681,R070,D0082,P005,2025-02-24,1,2,0,In-person,0.821
C05682,R026,D0131,P008,2025-02-19,1,1,3,In-person,0.797
C05683,R064,D0103,P002,2025-02-08,3,2,2,Virtual,0.987
C05684,R036,D0282,P006,2025-02-28,4,2,2,In-person,1.075
C05685,R028,D0572,P005,2025-02-23,3,1,1,In-person,0.835
C05686,R058,D0044,P007,2025-02-12,1,1,1,Clinic Camp,0.763
C05687,R035,D0397,P005,2025-02-28,4,1,0,Virtual,1.012
C05688,R024,D0385,P007,2025-02-06,1,2,4,Clinic Camp,0.832
C05689,R023,D0101,P004,2025-02-10,4,1,3,In-person,0.937
C05690,R015,D0011,P002,2025-02-27,2,2,5,In-person,1.01
C05691,R001,D0157,P006,2025-02-28,2,1,1,In-person,0.754
C05692,R042,D0100,P008,2025-02-24,4,1,2,In-person,0.898
C05693,R016,D0674,P004,2025-02-06,2,2,1,In-person,0.922
C05694,R001,D0793,P007,2025-02-07,3,2,6,In-person,1.014
C05695,R006,D0591,P008,2025-02-19,3,1,5,Clinic Camp,1.038
C05696,R032,D0623,P006,2025-02-02,1,2,1,In-person,0.781
C05697,R045,D0558,P007,2025-02-28,4,1,5,In-person,0.944
C05698,R039,D0767,P005,2025-02-27,2,2,6,In-person,0.978
C05699,R014,D0078,P007,2025-02-23,2,2,4,Clinic Camp,0.977
C05700,R030,D0837,P003,2025-02-28,2,2,6,In-person,1.004
C05701,R012,D0370,P005,2025-02-07,4,2,1,In-person,1.071
C05702,R014,D0469,P001,2025-02-25,3,1,2,In-person,0.842
C05703,R066,D0618,P002,2025-02-08,3,1,4,Clinic Camp,1.013
C05704,R052,D0356,P005,2025-02-04,3,1,3,In-person,0.772
C05705,R059,D0269,P006,2025-02-08,2,1,4,Virtual,0.79
C05706,R035,D0028,P001,2025-02-22,3,1,6,In-person,0.961
C05707,R011,D0191,P001,2025-02-27,4,2,1,In-person,0.972
C05708,R067,D0041,P001,2025-02-18,1,2,6,In-person,0.883
C05709,R023,D0298,P005,2025-02-07,1,2,0,In-person,0.721
C05710,R047,D0639,P003,2025-02-17,1,2,3,In-person,0.837
C05711,R011,D0354,P001,2025-02-15,4,2,3,In-person,1.101
C05712,R024,D0482,P007,2025-02-15,3,2,5,In-person,0.987
C05713,R042,D0135,P005,2025-02-10,2,1,2,In-person,0.746
C05714,R052,D0430,P001,2025-02-04,1,2,5,Virtual,0.853
C05715,R070,D0821,P006,2025-02-11,3,2,1,In-person,1.046
C05716,R065,D0384,P008,2025-02-25,3,1,6,Clinic Camp,1.046
C05717,R022,D0411,P004,2025-02-12,3,2,1,Clinic Camp,0.92
C05718,R045,D0807,P008,2025-02-01,3,1,4,In-person,0.963
C05719,R044,D0596,P004,2025-02-10,1,2,3,In-person,0.853
C05720,R059,D0390,P001,2025-02-13,3,2,0,Clinic Camp,1.043
C05721,R058,D0098,P001,2025-02-17,3,2,3,In-person,1.009
C05722,R043,D0779,P001,2025-02-18,2,1,6,In-person,0.872
C05723,R054,D0587,P003,2025-02-12,2,2,3,In-person,1.052
C05724,R064,D0067,P004,2025-02-05,3,2,4,In-person,0.938
C05725,R044,D0556,P004,2025-02-13,2,1,6,In-person,0.914
C05726,R048,D0738,P004,2025-02-01,4,2,2,In-person,1.155
C05727,R001,D0793,P007,2025-02-15,1,2,0,In-person,0.853
C05728,R071,D0134,P001,2025-02-13,1,2,4,Virtual,0.811
C05729,R008,D0419,P008,2025-02-10,4,2,5,Virtual,1.035
C05730,R048,D0738,P002,2025-02-19,3,2,0,Clinic Camp,0.827
C05731,R043,D0698,P008,2025-02-22,4,1,2,In-person,1.075
C05732,R007,D0536,P002,2025-02-08,1,1,2,In-person,0.655
C05733,R072,D0289,P001,2025-02-15,1,1,5,Virtual,0.857
C05734,R004,D0584,P001,2025-02-15,4,2,6,Clinic Camp,1.004
C05735,R033,D0541,P003,2025-02-15,4,1,5,In-person,1.215
C05736,R033,D0495,P008,2025-02-12,4,1,2,In-person,0.848
C05737,R051,D0803,P004,2025-02-06,4,2,4,In-person,1.085
C05738,R018,D0316,P002,2025-02-05,1,1,1,In-person,0.825
C05739,R021,D0500,P006,2025-02-01,1,2,4,In-person,0.816
C05740,R005,D0013,P005,2025-02-02,2,1,6,Virtual,0.933
C05741,R038,D0597,P006,2025-02-23,4,2,4,In-person,1.059
C05742,R006,D0544,P006,2025-02-02,3,2,5,Clinic Camp,1.061
C05743,R051,D0716,P007,2025-02-24,1,2,5,In-person,0.976
C05744,R053,D0279,P002,2025-02-26,3,1,3,In-person,0.87
C05745,R057,D0835,P004,2025-02-07,4,2,0,In-person,1.13
C05746,R017,D0491,P006,2025-02-13,1,2,6,In-person,0.936
C05747,R009,D0181,P005,2025-02-11,3,2,2,In-person,1.132
C05748,R063,D0141,P008,2025-02-12,3,1,6,In-person,0.891
C05749,R050,D0184,P008,2025-02-11,4,1,5,Clinic Camp,0.959
C05750,R053,D0241,P007,2025-02-10,3,1,4,In-person,0.903
C05751,R053,D0497,P002,2025-02-20,2,1,3,In-person,0.737
C05752,R042,D0675,P005,2025-02-12,4,2,1,In-person,1.102
C05753,R047,D0850,P007,2025-02-06,2,2,0,In-person,0.864
C05754,R023,D0519,P003,2025-02-11,3,1,6,In-person,0.866
C05755,R051,D0432,P006,2025-02-28,4,2,6,In-person,1.052
C05756,R012,D0539,P002,2025-02-28,3,1,4,In-person,0.852
C05757,R036,D0282,P002,2025-02-02,3,2,6,Clinic Camp,1.122
C05758,R007,D0292,P002,2025-02-17,4,2,1,In-person,1.065
C05759,R022,D0441,P008,2025-02-28,3,2,3,Virtual,0.983
C05760,R014,D0685,P008,2025-02-06,2,2,1,In-person,0.859
C05761,R053,D0052,P007,2025-02-02,3,2,3,In-person,0.975
C05762,R059,D0093,P003,2025-02-06,2,1,6,In-person,1.03
C05763,R042,D0135,P007,2025-02-09,3,1,2,In-person,0.867
C05764,R017,D0163,P002,2025-02-27,1,2,2,Clinic Camp,0.905
C05765,R054,D0161,P002,2025-02-08,1,1,3,Clinic Camp,0.738
C05766,R039,D0114,P003,2025-02-10,2,1,3,In-person,0.969
C05767,R069,D0007,P002,2025-02-08,1,1,6,In-person,0.72
C05768,R068,D0337,P006,2025-02-11,3,1,2,In-person,0.951
C05769,R058,D0542,P006,2025-02-28,1,2,1,Clinic Camp,0.757
C05770,R062,D0110,P001,2025-02-03,2,2,2,Clinic Camp,1.083
C05771,R050,D0261,P001,2025-02-13,1,2,2,In-person,0.892
C05772,R061,D0839,P004,2025-02-18,4,2,2,In-person,0.91
C05773,R071,D0116,P001,2025-02-04,4,1,6,In-person,0.953
C05774,R001,D0849,P007,2025-02-02,1,2,3,In-person,0.909
C05775,R042,D0405,P004,2025-02-28,2,1,2,In-person,0.869
C05776,R022,D0590,P004,2025-02-08,4,2,0,In-person,1.057
C05777,R067,D0220,P001,2025-02-07,2,2,6,In-person,0.991
C05778,R017,D0425,P006,2025-02-10,4,1,1,Clinic Camp,0.912
C05779,R052,D0291,P006,2025-02-03,1,1,2,In-person,0.833
C05780,R027,D0138,P007,2025-02-05,2,2,4,In-person,0.873
C05781,R057,D0277,P005,2025-02-01,4,2,0,Clinic Camp,1.014
C05782,R012,D0806,P003,2025-02-15,1,1,2,In-person,0.696
C05783,R015,D0004,P001,2025-02-13,1,1,6,In-person,0.762
C05784,R009,D0541,P003,2025-02-08,3,2,0,In-person,0.903
C05785,R002,D0664,P005,2025-02-26,1,2,1,In-person,0.759
C05786,R036,D0145,P001,2025-02-09,2,2,0,In-person,0.914
C05787,R031,D0154,P001,2025-02-01,4,2,4,In-person,0.964
C05788,R072,D0467,P002,2025-02-03,4,1,0,In-person,0.954
C05789,R057,D0207,P001,2025-02-21,1,1,0,In-person,0.659
C05790,R060,D0815,P001,2025-02-15,2,2,3,In-person,0.926
C05791,R046,D0142,P004,2025-02-08,4,2,5,In-person,1.087
C05792,R056,D0171,P006,2025-02-07,2,2,6,Virtual,0.938
C05793,R063,D0223,P004,2025-02-07,2,2,1,In-person,0.985
C05794,R067,D0220,P001,2025-02-12,3,1,4,In-person,0.892
C05795,R022,D0102,P003,2025-02-20,4,1,5,In-person,1.066
C05796,R041,D0531,P001,2025-02-18,1,2,5,Clinic Camp,0.947
C05797,R068,D0337,P005,2025-02-21,1,2,6,In-person,0.886
C05798,R018,D0407,P002,2025-02-02,1,2,0,Clinic Camp,0.699
C05799,R027,D0192,P004,2025-02-16,2,2,0,In-person,0.799
C05800,R014,D0078,P008,2025-02-22,2,2,4,In-person,1.044
C05801,R055,D0051,P005,2025-02-06,2,2,2,In-person,0.945
C05802,R036,D0062,P007,2025-02-17,2,1,5,In-person,0.881
C05803,R061,D0701,P003,2025-02-01,3,1,5,In-person,0.895
C05804,R046,D0176,P008,2025-02-26,2,1,3,In-person,0.973
C05805,R061,D0251,P006,2025-02-21,4,1,6,In-person,0.959
C05806,R049,D0553,P005,2025-02-18,2,1,6,In-person,0.899
C05807,R045,D0056,P005,2025-02-17,1,1,2,Clinic Camp,0.786
C05808,R010,D0423,P005,2025-02-19,4,2,0,In-person,0.906
C05809,R007,D0476,P002,2025-02-12,3,1,6,In-person,0.897
C05810,R050,D0721,P003,2025-02-28,1,1,6,Clinic Camp,0.781
C05811,R015,D0108,P006,2025-02-06,1,2,6,In-person,0.977
C05812,R007,D0010,P004,2025-02-23,1,2,0,In-person,0.765
C05813,R025,D0672,P007,2025-02-22,4,2,5,In-person,0.985
C05814,R072,D0312,P005,2025-02-24,3,2,6,In-person,0.925
C05815,R029,D0052,P001,2025-02-02,4,1,2,Clinic Camp,0.895
C05816,R031,D0536,P006,2025-02-13,2,1,5,In-person,0.751
C05817,R001,D0440,P005,2025-02-18,1,2,3,In-person,0.915
C05818,R065,D0788,P003,2025-02-18,2,2,3,Clinic Camp,0.989
C05819,R028,D0781,P007,2025-02-20,1,2,5,In-person,0.891
C05820,R028,D0363,P003,2025-02-18,1,2,4,Clinic Camp,0.851
C05821,R018,D0100,P001,2025-02-07,4,2,4,In-person,1.141
C05822,R030,D0649,P001,2025-02-24,2,1,1,Clinic Camp,0.854
C05823,R025,D0133,P008,2025-02-14,4,2,2,Clinic Camp,0.967
C05824,R005,D0742,P004,2025-02-28,3,2,4,Clinic Camp,0.944
C05825,R054,D0587,P004,2025-02-15,3,1,3,In-person,0.961
C05826,R027,D0230,P003,2025-02-16,4,2,2,In-person,1.068
C05827,R070,D0848,P006,2025-02-17,2,2,5,In-person,1.009
C05828,R004,D0358,P005,2025-02-25,2,1,2,In-person,0.744
C05829,R008,D0402,P008,2025-02-26,4,1,3,In-person,0.914
C05830,R011,D0191,P008,2025-02-17,4,1,2,In-person,0.993
C05831,R039,D0533,P008,2025-02-16,2,1,3,In-person,0.779
C05832,R059,D0269,P003,2025-02-02,4,2,3,In-person,0.942
C05833,R013,D0075,P005,2025-02-02,4,2,2,In-person,0.993
C05834,R066,D0074,P003,2025-02-21,1,2,5,In-person,0.874
C05835,R034,D0426,P006,2025-02-10,4,1,1,In-person,1.074
C05836,R038,D0754,P006,2025-02-13,1,2,5,In-person,0.823
C05837,R039,D0196,P003,2025-02-18,4,1,0,In-person,0.915
C05838,R004,D0200,P007,2025-02-07,4,1,1,In-person,1.101
C05839,R006,D0587,P003,2025-02-10,4,1,2,In-person,0.869
C05840,R031,D0168,P008,2025-02-02,2,1,2,In-person,0.869
C05841,R068,D0099,P007,2025-02-22,4,1,4,In-person,0.935
C05842,R030,D0591,P001,2025-02-15,3,1,6,In-person,0.99
C05843,R061,D0341,P004,2025-02-06,1,1,5,In-person,0.987
C05844,R052,D0027,P004,2025-02-17,4,1,3,In-person,1.037
C05845,R062,D0190,P007,2025-02-05,4,1,0,In-person,0.932
C05846,R020,D0315,P006,2025-02-22,2,1,6,Clinic Camp,0.812
C05847,R037,D0601,P001,2025-02-07,1,1,2,Virtual,0.732
C05848,R068,D0636,P007,2025-02-08,3,2,4,In-person,0.967
C05849,R041,D0606,P002,2025-02-25,2,2,5,In-person,0.844
C05850,R034,D0069,P003,2025-02-21,3,1,4,In-person,0.752
C05851,R031,D0749,P002,2025-02-20,2,2,0,In-person,0.804
C05852,R019,D0140,P002,2025-02-17,1,2,1,In-person,0.815
C05853,R009,D0841,P005,2025-02-15,1,2,6,In-person,0.998
C05854,R064,D0730,P001,2025-02-06,3,1,5,In-person,0.881
C05855,R035,D0420,P001,2025-02-09,2,2,4,In-person,0.957
C05856,R021,D0669,P007,2025-02-27,1,1,3,In-person,0.628
C05857,R008,D0605,P003,2025-02-26,3,2,6,In-person,0.984
C05858,R071,D0639,P006,2025-02-21,4,1,5,In-person,0.814
C05859,R040,D0043,P008,2025-02-25,1,2,5,In-person,1.069
C05860,R032,D0170,P001,2025-02-23,1,2,6,In-person,0.924
C05861,R003,D0773,P007,2025-02-12,2,1,6,Clinic Camp,0.901
C05862,R063,D0695,P001,2025-02-21,4,2,6,In-person,1.161
C05863,R023,D0515,P007,2025-02-22,2,1,4,In-person,1.055
C05864,R056,D0300,P003,2025-02-04,4,2,1,Virtual,0.993
C05865,R027,D0296,P002,2025-02-26,3,2,1,Virtual,0.88
C05866,R037,D0270,P002,2025-02-14,4,1,1,In-person,1.098
C05867,R008,D0433,P003,2025-02-09,3,2,5,In-person,0.932
C05868,R037,D0483,P006,2025-02-14,2,2,2,Clinic Camp,1.01
C05869,R045,D0558,P006,2025-02-10,3,2,1,In-person,0.952
C05870,R019,D0334,P006,2025-02-10,1,1,5,In-person,0.835
C05871,R025,D0751,P001,2025-02-16,4,2,3,Virtual,0.949
C05872,R029,D0054,P008,2025-02-28,1,2,1,Clinic Camp,1.025
C05873,R032,D0642,P004,2025-02-12,3,1,2,Clinic Camp,0.855
C05874,R034,D0490,P001,2025-02-07,3,2,3,In-person,0.938
C05875,R006,D0532,P008,2025-02-22,1,1,5,In-person,0.844
C05876,R047,D0298,P007,2025-02-09,2,2,0,In-person,0.818
C05877,R029,D0310,P001,2025-02-16,3,2,5,Clinic Camp,1.064
C05878,R010,D0231,P004,2025-02-08,4,2,0,Clinic Camp,0.909
C05879,R056,D0784,P008,2025-02-06,2,1,6,In-person,0.9
C05880,R048,D0026,P006,2025-02-08,1,1,0,Clinic Camp,0.662
C05881,R056,D0537,P002,2025-02-10,1,1,1,In-person,0.665
C05882,R065,D0818,P006,2025-02-27,3,2,2,Clinic Camp,0.901
C05883,R010,D0367,P002,2025-02-19,4,2,6,In-person,1.189
C05884,R002,D0662,P003,2025-02-20,2,2,2,In-person,0.878
C05885,R003,D0594,P002,2025-02-02,1,2,5,In-person,0.875
C05886,R062,D0468,P006,2025-02-01,1,2,1,In-person,0.852
C05887,R010,D0426,P008,2025-02-10,4,2,2,Clinic Camp,1.137
C05888,R039,D0767,P001,2025-02-25,3,1,3,In-person,0.83
C05889,R007,D0588,P005,2025-02-01,1,1,0,In-person,0.728
C05890,R068,D0722,P002,2025-02-22,2,1,0,In-person,0.707
C05891,R020,D0556,P007,2025-02-23,3,1,2,Virtual,0.869
C05892,R004,D0599,P002,2025-02-08,3,1,5,In-person,1.025
C05893,R022,D0736,P003,2025-02-04,2,2,0,In-person,0.682
C05894,R042,D0195,P002,2025-02-05,3,2,5,In-person,0.956
C05895,R030,D0744,P007,2025-02-03,4,2,4,In-person,1.063
C05896,R009,D0632,P001,2025-02-24,4,2,1,Virtual,1.058
C05897,R069,D0311,P005,2025-02-23,4,2,0,In-person,1.108
C05898,R044,D0676,P001,2025-02-19,2,1,3,In-person,0.698
C05899,R034,D0111,P005,2025-02-03,1,1,3,Virtual,0.877
C05900,R035,D0593,P007,2025-02-27,2,1,0,Virtual,0.822
C05901,R011,D0530,P007,2025-02-20,1,1,4,Clinic Camp,0.763
C05902,R014,D0752,P001,2025-02-24,3,2,5,Virtual,0.912
C05903,R032,D0517,P007,2025-02-11,3,1,3,In-person,0.858
C05904,R058,D0367,P003,2025-02-06,2,1,3,Clinic Camp,0.916
C05905,R065,D0486,P006,2025-02-24,1,2,6,Clinic Camp,0.91
C05906,R025,D0552,P008,2025-02-02,3,1,2,Virtual,0.872
C05907,R015,D0767,P001,2025-02-06,1,1,1,Clinic Camp,0.65
C05908,R045,D0669,P003,2025-02-05,2,2,5,In-person,1.019
C05909,R065,D0053,P007,2025-02-03,4,1,3,In-person,0.962
C05910,R071,D0404,P002,2025-02-16,4,2,6,Virtual,1.099
C05911,R060,D0268,P003,2025-02-07,3,1,6,In-person,0.95
C05912,R053,D0137,P005,2025-02-28,2,1,5,Virtual,0.818
C05913,R051,D0716,P008,2025-02-27,1,1,2,In-person,0.681
C05914,R060,D0804,P003,2025-02-05,3,1,5,In-person,0.818
C05915,R057,D0836,P004,2025-02-24,2,2,3,Clinic Camp,0.874
C05916,R057,D0324,P007,2025-02-02,3,2,5,In-person,0.886
C05917,R069,D0293,P001,2025-02-09,1,1,6,In-person,0.857
C05918,R072,D0610,P003,2025-02-19,4,1,5,Clinic Camp,0.957
C05919,R060,D0152,P003,2025-02-06,4,2,3,In-person,1.033
C05920,R063,D0011,P004,2025-02-03,2,2,6,In-person,0.975
C05921,R057,D0328,P005,2025-02-05,1,2,6,In-person,0.844
C05922,R061,D0483,P002,2025-02-19,2,2,1,In-person,0.794
C05923,R014,D0412,P004,2025-02-07,2,1,6,In-person,0.906
C05924,R052,D0200,P008,2025-02-07,4,2,3,Virtual,1.215
C05925,R066,D0405,P007,2025-02-06,1,1,1,Clinic Camp,0.801
C05926,R022,D0802,P008,2025-02-25,1,2,2,Virtual,0.938
C05927,R032,D0265,P006,2025-02-25,4,1,5,Clinic Camp,0.906
C05928,R064,D0372,P005,2025-02-23,1,1,2,In-person,0.731
C05929,R032,D0300,P002,2025-02-01,1,1,4,Clinic Camp,0.766
C05930,R049,D0259,P002,2025-02-08,4,1,3,In-person,1.088
C05931,R012,D0589,P005,2025-02-25,3,2,6,Virtual,1.121
C05932,R070,D0301,P004,2025-02-16,2,2,0,In-person,0.857
C05933,R036,D0539,P007,2025-02-02,2,2,4,In-person,0.759
C05934,R026,D0003,P001,2025-02-07,3,2,2,In-person,0.883
C05935,R021,D0503,P008,2025-02-24,4,1,5,Virtual,1.061
C05936,R038,D0109,P002,2025-02-25,2,2,6,Virtual,0.952
C05937,R006,D0338,P004,2025-02-12,1,1,2,In-person,0.737
C05938,R062,D0752,P003,2025-02-05,1,2,6,Clinic Camp,0.957
C05939,R060,D0282,P008,2025-02-03,4,2,4,In-person,1.173
C05940,R072,D0523,P006,2025-02-07,4,2,0,In-person,0.948
C05941,R005,D0290,P001,2025-02-23,4,2,5,In-person,1.147
C05942,R033,D0811,P007,2025-02-24,3,2,3,Clinic Camp,1.123
C05943,R041,D0788,P006,2025-02-08,1,1,6,In-person,0.932
C05944,R004,D0728,P001,2025-02-28,1,1,3,Clinic Camp,0.722
C05945,R013,D0270,P007,2025-02-25,1,1,1,Virtual,0.752
C05946,R048,D0289,P001,2025-02-28,2,1,1,Clinic Camp,0.858
C05947,R044,D0596,P004,2025-02-22,4,1,0,In-person,0.922
C05948,R044,D0688,P002,2025-02-17,3,1,4,Clinic Camp,0.902
C05949,R043,D0449,P001,2025-02-28,2,1,6,Clinic Camp,0.75
C05950,R029,D0718,P005,2025-02-20,3,2,4,In-person,0.943
C05951,R033,D0791,P006,2025-02-24,4,2,4,Virtual,1.026
C05952,R066,D0595,P004,2025-02-12,2,2,0,In-person,0.769
C05953,R002,D0326,P003,2025-02-07,4,2,0,In-person,1.019
C05954,R068,D0321,P005,2025-02-17,1,2,3,In-person,0.923
C05955,R046,D0392,P002,2025-02-12,2,1,3,In-person,0.8
C05956,R035,D0530,P001,2025-02-10,1,2,2,In-person,0.66
C05957,R028,D0680,P002,2025-02-20,1,2,6,In-person,0.899
C05958,R039,D0208,P001,2025-02-18,1,1,2,In-person,0.768
C05959,R051,D0159,P007,2025-02-09,2,1,6,In-person,0.905
C05960,R027,D0217,P005,2025-02-07,3,1,1,In-person,0.81
C05961,R001,D0553,P002,2025-02-16,3,1,2,In-person,0.79
C05962,R049,D0157,P005,2025-02-10,2,1,2,In-person,0.887
C05963,R016,D0372,P004,2025-02-07,2,2,5,In-person,0.988
C05964,R072,D0178,P001,2025-02-07,1,1,2,Virtual,0.692
C05965,R069,D0832,P008,2025-02-19,3,2,3,In-person,0.874
C05966,R049,D0488,P008,2025-02-12,4,2,0,In-person,1.028
C05967,R017,D0606,P007,2025-02-10,3,2,2,In-person,0.904
C05968,R034,D0362,P007,2025-02-04,4,1,1,Clinic Camp,0.969
C05969,R024,D0026,P005,2025-02-02,4,1,5,In-person,1.023
C05970,R047,D0224,P007,2025-02-20,4,1,5,In-person,1.176
C05971,R037,D0700,P005,2025-02-28,1,1,1,In-person,0.722
C05972,R065,D0470,P002,2025-02-10,1,2,6,Clinic Camp,1.068
C05973,R055,D0588,P002,2025-02-24,2,2,2,In-person,0.913
C05974,R012,D0745,P007,2025-02-17,1,1,5,In-person,0.747
C05975,R015,D0415,P004,2025-02-09,1,1,1,In-person,0.644
C05976,R020,D0556,P006,2025-02-16,1,2,6,Clinic Camp,0.838
C05977,R034,D0122,P002,2025-02-04,1,2,0,In-person,0.834
C05978,R008,D0257,P004,2025-02-10,2,2,2,In-person,0.916
C05979,R025,D0094,P001,2025-02-21,2,2,2,In-person,0.759
C05980,R055,D0349,P002,2025-02-24,4,1,1,In-person,1.02
C05981,R060,D0589,P001,2025-02-07,4,1,6,In-person,1.146
C05982,R024,D0726,P002,2025-02-26,1,1,2,Virtual,0.598
C05983,R002,D0333,P005,2025-02-17,2,2,2,Clinic Camp,0.987
C05984,R003,D0594,P001,2025-02-07,3,2,0,Virtual,1.075
C05985,R016,D0711,P002,2025-02-22,2,2,4,In-person,0.798
C05986,R044,D0636,P006,2025-02-25,2,2,1,In-person,0.851
C05987,R040,D0331,P002,2025-02-08,3,2,1,In-person,0.89
C05988,R024,D0180,P005,2025-02-03,2,1,6,Clinic Camp,0.966
C05989,R031,D0547,P007,2025-02-08,3,1,6,In-person,0.925
C05990,R066,D0229,P007,2025-02-22,1,1,0,In-person,0.674
C05991,R040,D0331,P001,2025-02-02,2,2,4,In-person,0.976
C05992,R026,D0582,P002,2025-02-09,2,1,5,In-person,0.995
C05993,R028,D0445,P006,2025-02-09,2,1,6,In-person,0.883
C05994,R019,D0175,P003,2025-02-01,2,1,1,In-person,0.76
C05995,R048,D0050,P004,2025-02-17,2,1,2,Clinic Camp,0.793
C05996,R050,D0721,P004,2025-02-23,4,1,1,In-person,0.991
C05997,R063,D0302,P005,2025-02-05,1,2,3,In-person,0.747
C05998,R005,D0598,P004,2025-02-25,4,1,4,Virtual,0.991
C05999,R013,D0087,P001,2025-02-27,2,2,1,In-person,0.813
C06000,R049,D0263,P001,2025-02-25,3,1,0,Clinic Camp,0.754
C06001,R038,D0487,P001,2025-02-21,1,1,0,In-person,0.554
C06002,R017,D0083,P003,2025-02-13,4,1,1,In-person,0.897
C06003,R048,D0289,P007,2025-02-06,3,2,4,In-person,1.098
C06004,R059,D0600,P008,2025-02-26,4,1,1,In-person,0.779
C06005,R015,D0585,P004,2025-02-15,4,2,5,In-person,1.143
C06006,R007,D0391,P001,2025-02-13,4,1,4,In-person,0.94
C06007,R020,D0193,P001,2025-02-11,2,2,1,In-person,0.803
C06008,R010,D0038,P007,2025-02-07,2,1,6,In-person,0.916
C06009,R011,D0507,P003,2025-02-11,1,1,4,In-person,0.887
C06010,R043,D0586,P008,2025-02-23,3,2,6,In-person,1.168
C06011,R063,D0474,P005,2025-02-16,4,1,4,In-person,1.015
C06012,R043,D0345,P008,2025-02-12,3,2,4,In-person,1.006
C06013,R009,D0035,P002,2025-02-04,3,2,3,In-person,1.025
C06014,R058,D0122,P007,2025-02-12,2,1,4,In-person,1.05
C06015,R035,D0037,P005,2025-02-07,3,2,5,In-person,1.007
C06016,R040,D0422,P004,2025-02-12,2,1,6,In-person,0.979
C06017,R006,D0254,P005,2025-02-05,4,1,4,In-person,0.945
C06018,R061,D0030,P003,2025-02-27,3,2,5,In-person,0.964
C06019,R020,D0596,P005,2025-02-05,3,1,6,In-person,1.1
C06020,R046,D0262,P007,2025-02-04,3,1,4,In-person,0.922
C06021,R066,D0753,P007,2025-02-19,3,2,5,In-person,1.048
C06022,R047,D0327,P008,2025-02-10,2,2,1,In-person,0.932
C06023,R023,D0055,P004,2025-02-28,2,2,6,In-person,0.907
C06024,R013,D0604,P007,2025-02-12,2,1,6,Virtual,0.853
C06025,R067,D0631,P008,2025-02-19,4,2,2,Virtual,0.995
C06026,R059,D0785,P001,2025-02-24,1,1,6,In-person,0.845
C06027,R046,D0577,P004,2025-02-28,3,2,5,Clinic Camp,1.059
C06028,R004,D0285,P006,2025-02-23,4,1,1,In-person,0.89
C06029,R033,D0632,P004,2025-02-17,1,2,6,Clinic Camp,1.07
C06030,R005,D0731,P001,2025-02-23,3,2,4,Clinic Camp,1.01
C06031,R062,D0468,P006,2025-02-08,3,2,1,In-person,0.966
C06032,R050,D0721,P004,2025-02-25,2,2,0,In-person,0.977
C06033,R054,D0820,P005,2025-02-25,1,2,3,Clinic Camp,0.784
C06034,R041,D0606,P001,2025-02-11,3,1,3,Clinic Camp,0.862
C06035,R019,D0449,P001,2025-02-02,3,2,6,In-person,1.071
C06036,R070,D0418,P005,2025-02-20,4,1,3,In-person,0.856
C06037,R002,D0762,P008,2025-02-03,1,1,2,In-person,0.727
C06038,R038,D0752,P006,2025-02-01,4,2,2,Clinic Camp,1.21
C06039,R040,D0331,P008,2025-02-27,3,1,3,Clinic Camp,1.05
C06040,R017,D0018,P007,2025-02-16,2,2,1,In-person,0.96
C06041,R018,D0644,P003,2025-02-19,2,1,5,In-person,0.965
C06042,R067,D0172,P001,2025-02-25,4,1,0,In-person,0.959
C06043,R051,D0825,P005,2025-02-27,3,2,5,In-person,0.995
C06044,R021,D0008,P005,2025-02-27,3,2,1,In-person,1.089
C06045,R037,D0761,P007,2025-02-04,3,1,1,In-person,0.792
C06046,R003,D0619,P005,2025-02-10,2,2,6,In-person,1.055
C06047,R025,D0263,P008,2025-02-22,2,1,2,Clinic Camp,0.775
C06048,R008,D0127,P007,2025-02-01,4,1,4,In-person,0.956
C06049,R022,D0655,P005,2025-03-08,2,2,2,In-person,0.949
C06050,R071,D0077,P005,2025-03-16,1,2,6,In-person,1.071
C06051,R072,D0057,P001,2025-03-11,2,2,1,In-person,1.002
C06052,R064,D0674,P007,2025-03-06,1,1,3,In-person,0.791
C06053,R068,D0638,P006,2025-03-28,3,2,0,In-person,0.945
C06054,R042,D0092,P008,2025-03-14,3,1,3,In-person,0.967
C06055,R055,D0391,P001,2025-03-13,4,2,5,Clinic Camp,1.209
C06056,R068,D0636,P002,2025-03-21,3,2,3,Clinic Camp,0.853
C06057,R043,D0562,P006,2025-03-21,2,1,5,In-person,0.86
C06058,R063,D0235,P004,2025-03-16,3,2,5,In-person,0.946
C06059,R015,D0332,P005,2025-03-28,3,1,6,In-person,0.941
C06060,R012,D0118,P004,2025-03-10,3,1,6,In-person,0.857
C06061,R001,D0002,P006,2025-03-27,4,2,6,In-person,0.974
C06062,R029,D0833,P006,2025-03-27,1,2,3,Clinic Camp,0.748
C06063,R016,D0309,P002,2025-03-01,3,2,6,In-person,1.004
C06064,R006,D0812,P007,2025-03-24,4,1,4,In-person,1.039
C06065,R068,D0086,P004,2025-03-05,2,1,0,In-person,0.715
C06066,R048,D0738,P005,2025-03-16,2,2,0,In-person,0.801
C06067,R032,D0433,P005,2025-03-29,2,1,2,In-person,0.848
C06068,R072,D0612,P006,2025-03-07,2,2,3,In-person,0.947
C06069,R072,D0620,P003,2025-03-18,4,1,0,In-person,1.056
C06070,R071,D0284,P001,2025-03-25,2,1,4,In-person,0.927
C06071,R065,D0606,P002,2025-03-15,2,2,4,Virtual,0.86
C06072,R064,D0360,P008,2025-03-03,3,2,4,In-person,0.958
C06073,R014,D0653,P002,2025-03-03,2,1,6,In-person,0.948
C06074,R052,D0783,P002,2025-03-17,3,2,2,Virtual,0.905
C06075,R024,D0612,P007,2025-03-01,3,1,0,Clinic Camp,0.824
C06076,R021,D0548,P002,2025-03-01,1,2,6,In-person,0.771
C06077,R043,D0334,P004,2025-03-30,1,1,3,In-person,0.659
C06078,R058,D0069,P003,2025-03-17,1,1,4,Clinic Camp,0.883
C06079,R027,D0527,P006,2025-03-15,3,2,3,In-person,1.007
C06080,R042,D0092,P005,2025-03-04,4,1,3,In-person,0.924
C06081,R003,D0527,P005,2025-03-25,4,2,1,Clinic Camp,0.989
C06082,R010,D0707,P005,2025-03-16,3,1,3,In-person,1.041
C06083,R054,D0095,P007,2025-03-07,4,1,5,In-person,0.957
C06084,R057,D0811,P005,2025-03-24,4,1,0,Clinic Camp,0.958
C06085,R006,D0587,P005,2025-03-08,3,1,2,Virtual,0.956
C06086,R040,D0065,P008,2025-03-16,2,1,6,Virtual,1.004
C06087,R040,D0581,P001,2025-03-18,4,1,2,In-person,0.888
C06088,R007,D0010,P007,2025-03-09,3,1,1,In-person,0.756
C06089,R008,D0517,P002,2025-03-28,4,2,6,In-person,1.03
C06090,R069,D0386,P003,2025-03-22,1,1,0,In-person,0.768
C06091,R057,D0706,P001,2025-03-09,4,1,1,Clinic Camp,1.097
C06092,R060,D0318,P005,2025-03-05,2,2,3,In-person,0.985
C06093,R002,D0151,P007,2025-03-11,4,2,2,In-person,0.993
C06094,R052,D0291,P004,2025-03-15,2,2,2,In-person,1.001
C06095,R066,D0595,P006,2025-03-18,4,1,5,Clinic Camp,0.972
C06096,R066,D0753,P004,2025-03-13,3,1,3,In-person,0.837
C06097,R050,D0201,P007,2025-03-02,1,2,3,In-person,0.827
C06098,R030,D0256,P008,2025-03-21,1,1,4,In-person,0.736
C06099,R027,D0716,P006,2025-03-12,1,1,4,Virtual,0.726
C06100,R045,D0234,P003,2025-03-11,2,1,4,Virtual,0.95
C06101,R031,D0292,P007,2025-03-18,1,2,3,In-person,0.813
C06102,R040,D0709,P001,2025-03-26,3,2,3,Clinic Camp,0.867
C06103,R063,D0377,P008,2025-03-01,3,2,1,In-person,1.005
C06104,R056,D0502,P007,2025-03-30,3,2,2,In-person,0.9
C06105,R019,D0446,P006,2025-03-20,4,1,1,In-person,0.864
C06106,R042,D0417,P005,2025-03-17,4,1,0,Clinic Camp,0.976
C06107,R054,D0242,P003,2025-03-02,4,1,5,In-person,0.952
C06108,R063,D0576,P004,2025-03-23,3,1,5,Clinic Camp,0.904
C06109,R002,D0303,P001,2025-03-23,4,1,1,In-person,0.941
C06110,R046,D0441,P003,2025-03-18,4,2,3,Clinic Camp,1.041
C06111,R054,D0167,P005,2025-03-25,4,2,6,In-person,1.084
C06112,R045,D0007,P003,2025-03-26,2,1,3,In-person,0.647
C06113,R037,D0398,P007,2025-03-27,3,2,0,In-person,0.926
C06114,R049,D0094,P007,2025-03-11,4,1,4,In-person,1.121
C06115,R027,D0803,P005,2025-03-21,2,2,6,In-person,1.028
C06116,R046,D0821,P003,2025-03-02,3,2,1,In-person,0.928
C06117,R034,D0216,P003,2025-03-18,3,2,6,In-person,1.086
C06118,R026,D0239,P005,2025-03-05,1,2,5,In-person,0.94
C06119,R030,D0532,P006,2025-03-10,1,1,0,Virtual,0.643
C06120,R055,D0232,P002,2025-03-21,3,2,6,In-person,1.149
C06121,R028,D0680,P004,2025-03-14,4,1,4,Clinic Camp,1.005
C06122,R025,D0089,P004,2025-03-27,3,1,1,In-person,0.843
C06123,R060,D0370,P003,2025-03-03,3,2,5,In-person,1.157
C06124,R056,D0212,P002,2025-03-31,1,2,5,In-person,0.725
C06125,R013,D0686,P007,2025-03-22,1,1,4,Virtual,0.688
C06126,R019,D0081,P004,2025-03-14,3,1,6,In-person,1.009
C06127,R046,D0392,P005,2025-03-01,3,1,6,In-person,1.012
C06128,R064,D0709,P001,2025-03-02,1,1,2,Clinic Camp,0.878
C06129,R033,D0380,P003,2025-03-13,3,1,0,In-person,0.67
C06130,R058,D0111,P002,2025-03-18,1,1,5,In-person,0.869
C06131,R060,D0149,P003,2025-03-16,4,1,6,In-person,0.928
C06132,R044,D0596,P007,2025-03-10,1,2,2,Clinic Camp,0.87
C06133,R042,D0074,P005,2025-03-21,4,2,3,Virtual,1.059
C06134,R005,D0290,P008,2025-03-20,1,2,3,In-person,0.922
C06135,R067,D0526,P004,2025-03-11,2,1,2,In-person,0.797
C06136,R046,D0301,P007,2025-03-11,4,2,3,Clinic Camp,1.145
C06137,R045,D0727,P002,2025-03-14,4,1,3,In-person,0.908
C06138,R072,D0523,P007,2025-03-24,2,2,6,In-person,0.971
C06139,R048,D0097,P005,2025-03-19,1,1,2,Virtual,0.761
C06140,R016,D0709,P001,2025-03-04,1,1,1,In-person,0.862
C06141,R033,D0835,P006,2025-03-29,2,1,3,In-person,0.901
C06142,R068,D0315,P004,2025-03-07,3,1,0,In-person,0.866
C06143,R018,D0253,P001,2025-03-21,2,1,1,In-person,0.849
C06144,R069,D0283,P007,2025-03-01,4,2,4,In-person,1.169
C06145,R034,D0271,P005,2025-03-08,4,1,5,Clinic Camp,1.04
C06146,R020,D0509,P005,2025-03-18,2,2,0,In-person,0.788
C06147,R035,D0770,P005,2025-03-27,4,1,2,Clinic Camp,1.006
C06148,R061,D0489,P001,2025-03-18,2,1,1,In-person,0.796
C06149,R010,D0724,P003,2025-03-02,1,1,3,In-person,0.736
C06150,R022,D0262,P006,2025-03-30,4,1,4,In-person,0.929
C06151,R015,D0387,P003,2025-03-09,3,2,6,In-person,1.094
C06152,R025,D0089,P008,2025-03-12,2,1,6,In-person,0.929
C06153,R015,D0196,P003,2025-03-04,4,2,6,Virtual,1.042
C06154,R030,D0559,P004,2025-03-22,4,2,2,Clinic Camp,0.958
C06155,R005,D0146,P004,2025-03-14,4,2,5,Virtual,1.251
C06156,R035,D0826,P001,2025-03-07,4,2,2,In-person,1.115
C06157,R021,D0215,P007,2025-03-20,2,1,0,In-person,0.787
C06158,R061,D0075,P002,2025-03-07,3,2,6,Virtual,1.096
C06159,R004,D0599,P004,2025-03-17,1,1,6,In-person,0.781
C06160,R051,D0088,P008,2025-03-21,3,2,1,In-person,0.944
C06161,R018,D0244,P008,2025-03-26,2,2,1,In-person,0.89
C06162,R049,D0133,P002,2025-03-22,4,1,6,Virtual,1.105
C06163,R016,D0545,P004,2025-03-18,4,1,3,Clinic Camp,0.861
C06164,R027,D0714,P005,2025-03-02,2,1,5,Virtual,0.788
C06165,R018,D0135,P006,2025-03-08,2,1,6,In-person,0.79
C06166,R048,D0348,P003,2025-03-18,1,1,3,Clinic Camp,0.832
C06167,R065,D0462,P005,2025-03-17,3,1,0,In-person,0.842
C06168,R050,D0664,P007,2025-03-17,2,2,4,In-person,0.869
C06169,R030,D0256,P007,2025-03-23,4,1,0,Virtual,0.902
C06170,R052,D0363,P007,2025-03-29,4,2,4,In-person,1.031
C06171,R050,D0375,P008,2025-03-16,2,2,4,In-person,0.827
C06172,R062,D0014,P007,2025-03-05,3,2,3,In-person,1.095
C06173,R053,D0550,P005,2025-03-14,3,2,3,Virtual,0.982
C06174,R039,D0474,P008,2025-03-08,4,1,6,In-person,1.131
C06175,R043,D0799,P004,2025-03-17,4,1,2,In-person,0.84
C06176,R009,D0424,P006,2025-03-19,2,1,5,Clinic Camp,0.91
C06177,R042,D0694,P008,2025-03-17,2,1,5,In-person,0.755
C06178,R063,D0235,P001,2025-03-19,3,2,6,Virtual,1.244
C06179,R021,D0518,P008,2025-03-10,2,1,6,In-person,0.75
C06180,R022,D0796,P007,2025-03-06,1,1,4,In-person,0.926
C06181,R020,D0273,P008,2025-03-27,2,1,6,In-person,0.886
C06182,R051,D0565,P007,2025-03-13,2,1,4,In-person,0.837
C06183,R049,D0793,P002,2025-03-07,3,2,0,In-person,0.987
C06184,R018,D0408,P003,2025-03-31,3,2,0,Clinic Camp,0.865
C06185,R064,D0746,P001,2025-03-02,1,2,4,Clinic Camp,0.935
C06186,R034,D0271,P005,2025-03-11,1,1,3,Clinic Camp,0.833
C06187,R070,D0796,P004,2025-03-23,1,1,6,In-person,0.819
C06188,R010,D0426,P004,2025-03-13,4,1,3,Clinic Camp,0.994
C06189,R071,D0364,P006,2025-03-27,2,1,1,In-person,0.952
C06190,R003,D0177,P007,2025-03-12,3,1,5,Clinic Camp,0.992
C06191,R038,D0110,P001,2025-03-20,3,2,3,In-person,0.931
C06192,R062,D0247,P008,2025-03-14,2,2,6,Clinic Camp,1.038
C06193,R007,D0661,P003,2025-03-15,4,1,0,Clinic Camp,0.877
C06194,R036,D0370,P007,2025-03-16,1,2,0,Virtual,0.741
C06195,R030,D0339,P005,2025-03-31,3,2,0,In-person,0.981
C06196,R017,D0462,P004,2025-03-24,2,2,6,In-person,0.897
C06197,R028,D0285,P002,2025-03-12,4,2,0,In-person,1.014
C06198,R061,D0686,P002,2025-03-13,1,2,4,In-person,0.926
C06199,R067,D0345,P006,2025-03-13,4,1,4,In-person,1.145
C06200,R070,D0411,P003,2025-03-23,4,1,6,In-person,1.079
C06201,R009,D0510,P002,2025-03-19,3,2,4,In-person,0.894
C06202,R032,D0537,P001,2025-03-17,2,2,0,In-person,0.765
C06203,R049,D0294,P007,2025-03-14,3,1,0,Clinic Camp,0.988
C06204,R023,D0039,P004,2025-03-13,1,2,0,Virtual,0.749
C06205,R052,D0557,P003,2025-03-18,1,1,4,In-person,0.661
C06206,R048,D0467,P003,2025-03-26,3,1,3,In-person,0.824
C06207,R064,D0534,P005,2025-03-30,2,2,0,In-person,0.934
C06208,R041,D0486,P004,2025-03-02,2,1,0,Clinic Camp,0.789
C06209,R011,D0485,P005,2025-03-08,2,2,1,In-person,0.94
C06210,R008,D0817,P003,2025-03-22,3,1,3,Virtual,0.901
C06211,R068,D0086,P003,2025-03-05,3,1,6,In-person,0.87
C06212,R020,D0099,P007,2025-03-19,3,2,5,In-person,0.887
C06213,R017,D0788,P004,2025-03-14,4,2,3,Virtual,0.997
C06214,R001,D0792,P008,2025-03-06,4,1,2,In-person,0.966
C06215,R041,D0452,P007,2025-03-16,2,1,5,In-person,0.775
C06216,R033,D0495,P006,2025-03-16,1,2,6,In-person,0.987
C06217,R029,D0421,P005,2025-03-23,1,2,2,In-person,0.756
C06218,R070,D0848,P007,2025-03-26,3,1,3,In-person,0.772
C06219,R047,D0340,P001,2025-03-30,4,2,0,In-person,1.01
C06220,R070,D0637,P004,2025-03-14,2,1,0,Clinic Camp,0.841
C06221,R039,D0235,P006,2025-03-22,4,2,6,Virtual,1.237
C06222,R001,D0299,P001,2025-03-25,2,2,1,Virtual,0.759
C06223,R041,D0531,P002,2025-03-31,4,1,1,In-person,1.052
C06224,R053,D0382,P001,2025-03-21,2,1,2,In-person,0.831
C06225,R017,D0018,P004,2025-03-08,1,1,2,In-person,0.696
C06226,R004,D0169,P005,2025-03-11,3,2,1,In-person,1.012
C06227,R063,D0764,P004,2025-03-07,3,2,4,In-person,1.12
C06228,R072,D0312,P001,2025-03-07,2,1,4,Virtual,0.718
C06229,R053,D0090,P004,2025-03-10,2,1,4,In-person,0.818
C06230,R045,D0801,P008,2025-03-16,3,2,6,In-person,1.004
C06231,R019,D0799,P001,2025-03-25,3,2,6,In-person,1.098
C06232,R028,D0356,P007,2025-03-10,1,1,1,In-person,0.845
C06233,R034,D0426,P003,2025-03-06,3,1,6,Virtual,0.964
C06234,R013,D0660,P001,2025-03-04,2,2,4,Virtual,0.919
C06235,R062,D0022,P001,2025-03-07,4,1,1,In-person,0.974
C06236,R034,D0197,P001,2025-03-14,2,2,2,In-person,0.887
C06237,R060,D0506,P004,2025-03-13,1,1,1,In-person,0.554
C06238,R047,D0447,P004,2025-03-13,1,1,5,In-person,0.841
C06239,R067,D0220,P005,2025-03-10,4,2,4,In-person,1.161
C06240,R059,D0028,P001,2025-03-15,3,1,5,Clinic Camp,1.026
C06241,R017,D0788,P006,2025-03-21,1,1,1,In-person,0.636
C06242,R045,D0499,P006,2025-03-02,3,1,3,Virtual,0.953
C06243,R001,D0666,P001,2025-03-28,1,1,3,In-person,0.887
C06244,R044,D0443,P006,2025-03-10,4,1,4,In-person,1.194
C06245,R059,D0485,P001,2025-03-05,4,2,2,Clinic Camp,1.084
C06246,R024,D0385,P004,2025-03-06,4,2,0,In-person,1.089
C06247,R038,D0381,P006,2025-03-17,2,1,6,In-person,0.809
C06248,R053,D0647,P007,2025-03-17,1,2,2,In-person,0.746
C06249,R011,D0845,P005,2025-03-03,2,2,6,Clinic Camp,1.057
C06250,R020,D0684,P004,2025-03-16,3,1,2,In-person,0.723
C06251,R013,D0601,P007,2025-03-07,2,1,1,In-person,0.81
C06252,R015,D0004,P002,2025-03-29,2,2,3,In-person,1.038
C06253,R010,D0362,P002,2025-03-10,1,2,0,In-person,0.857
C06254,R060,D0813,P004,2025-03-31,3,2,3,In-person,1.05
C06255,R049,D0346,P001,2025-03-18,1,1,6,In-person,0.814
C06256,R005,D0497,P001,2025-03-30,4,2,1,Clinic Camp,0.995
C06257,R025,D0263,P003,2025-03-18,4,2,1,In-person,1.2
C06258,R062,D0115,P002,2025-03-04,3,1,0,In-person,0.949
C06259,R020,D0638,P006,2025-03-20,1,1,1,In-person,0.796
C06260,R004,D0276,P005,2025-03-15,3,2,2,In-person,0.978
C06261,R011,D0530,P004,2025-03-26,4,2,1,Clinic Camp,0.981
C06262,R057,D0541,P004,2025-03-13,3,1,4,In-person,1.008
C06263,R005,D0742,P001,2025-03-06,4,1,2,In-person,0.931
C06264,R029,D0828,P004,2025-03-04,4,2,2,In-person,1.052
C06265,R003,D0564,P001,2025-03-24,4,1,1,In-person,0.987
C06266,R033,D0061,P003,2025-03-08,1,2,4,In-person,0.889
C06267,R071,D0472,P006,2025-03-21,4,1,2,In-person,1.08
C06268,R046,D0736,P008,2025-03-05,4,2,4,Clinic Camp,0.976
C06269,R016,D0422,P003,2025-03-03,3,2,0,Virtual,0.945
C06270,R058,D0409,P003,2025-03-23,1,1,4,Clinic Camp,0.953
C06271,R004,D0584,P006,2025-03-11,2,1,5,In-person,0.942
C06272,R025,D0388,P008,2025-03-18,4,1,4,In-person,0.976
C06273,R012,D0361,P003,2025-03-01,4,2,1,Virtual,1.092
C06274,R014,D0412,P007,2025-03-06,1,1,4,In-person,0.778
C06275,R002,D0762,P003,2025-03-03,2,1,5,In-person,0.987
C06276,R022,D0418,P006,2025-03-09,3,2,3,Virtual,1.06
C06277,R032,D0366,P002,2025-03-09,1,2,4,In-person,0.803
C06278,R042,D0414,P003,2025-03-12,1,1,5,In-person,0.819
C06279,R056,D0621,P008,2025-03-08,3,1,3,In-person,0.937
C06280,R048,D0726,P004,2025-03-15,3,2,1,In-person,0.995
C06281,R038,D0752,P001,2025-03-28,1,2,6,In-person,0.933
C06282,R039,D0695,P007,2025-03-03,2,1,2,In-person,0.861
C06283,R007,D0661,P002,2025-03-28,3,2,2,In-person,1.01
C06284,R024,D0385,P001,2025-03-13,4,2,4,Virtual,1.024
C06285,R013,D0252,P007,2025-03-18,4,1,1,Virtual,0.901
C06286,R031,D0536,P003,2025-03-21,2,1,2,In-person,0.796
C06287,R040,D0581,P002,2025-03-23,3,1,4,Clinic Camp,0.93
C06288,R065,D0470,P008,2025-03-30,3,1,5,In-person,0.92
C06289,R051,D0177,P003,2025-03-31,1,2,0,In-person,0.888
C06290,R036,D0047,P006,2025-03-04,3,1,5,In-person,0.863
C06291,R070,D0063,P003,2025-03-13,1,1,1,In-person,0.589
C06292,R057,D0328,P005,2025-03-17,1,1,6,In-person,0.975
C06293,R065,D0617,P006,2025-03-17,2,1,6,Clinic Camp,0.823
C06294,R026,D0721,P007,2025-03-31,2,2,4,In-person,1.03
C06295,R040,D0674,P004,2025-03-21,1,1,6,In-person,0.867
C06296,R069,D0548,P005,2025-03-13,1,1,1,In-person,0.665
C06297,R009,D0035,P007,2025-03-29,3,1,3,In-person,0.893
C06298,R053,D0816,P007,2025-03-23,1,1,0,In-person,0.687
C06299,R006,D0820,P006,2025-03-25,4,2,3,In-person,1.093
C06300,R055,D0749,P004,2025-03-20,1,1,4,In-person,0.721
C06301,R018,D0369,P005,2025-03-02,3,1,3,Clinic Camp,0.89
C06302,R055,D0267,P008,2025-03-31,1,1,0,In-person,0.707
C06303,R015,D0767,P002,2025-03-23,3,1,0,In-person,0.938
C06304,R067,D0125,P006,2025-03-05,1,2,6,Clinic Camp,0.875
C06305,R059,D0687,P007,2025-03-08,2,1,1,In-person,0.72
C06306,R021,D0807,P004,2025-03-11,3,2,3,In-person,0.95
C06307,R071,D0763,P007,2025-03-08,1,1,4,In-person,0.811
C06308,R028,D0358,P004,2025-03-20,1,1,1,In-person,0.586
C06309,R023,D0737,P007,2025-03-17,3,2,2,In-person,1.072
C06310,R028,D0658,P006,2025-03-07,3,2,4,In-person,1.014
C06311,R036,D0815,P001,2025-03-22,2,2,1,Virtual,0.923
C06312,R056,D0371,P007,2025-03-09,1,2,5,In-person,0.908
C06313,R037,D0483,P006,2025-03-05,2,2,4,In-person,0.889
C06314,R041,D0630,P002,2025-03-30,1,2,6,In-person,0.821
C06315,R050,D0201,P006,2025-03-10,3,1,3,In-person,0.848
C06316,R068,D0315,P005,2025-03-08,2,2,5,In-person,0.84
C06317,R021,D0283,P008,2025-03-23,2,1,2,In-person,0.844
C06318,R066,D0253,P003,2025-03-24,2,1,4,Clinic Camp,0.839
C06319,R029,D0718,P003,2025-03-05,1,1,6,Clinic Camp,0.695
C06320,R006,D0812,P001,2025-03-02,4,2,5,In-person,1.051
C06321,R019,D0081,P007,2025-03-27,2,2,5,In-person,1.012
C06322,R002,D0261,P008,2025-03-16,3,1,3,In-person,1.007
C06323,R035,D0785,P006,2025-03-15,2,2,4,In-person,0.839
C06324,R043,D0524,P003,2025-03-14,1,2,4,In-person,1.045
C06325,R017,D0163,P008,2025-03-19,3,2,1,In-person,0.881
C06326,R031,D0543,P003,2025-03-21,3,2,1,In-person,0.822
C06327,R031,D0768,P006,2025-03-03,1,2,4,Virtual,1.013
C06328,R008,D0402,P005,2025-03-09,4,1,4,In-person,0.909
C06329,R005,D0444,P007,2025-03-30,4,1,4,In-person,1.114
C06330,R026,D0628,P008,2025-03-06,4,2,4,In-person,1.029
C06331,R014,D0693,P003,2025-03-29,2,2,4,In-person,0.919
C06332,R026,D0479,P001,2025-03-13,3,1,3,Virtual,0.8
C06333,R008,D0817,P002,2025-03-06,1,2,4,In-person,0.974
C06334,R034,D0566,P006,2025-03-19,3,2,2,In-person,1.067
C06335,R039,D0332,P003,2025-03-21,1,1,1,Virtual,0.675
C06336,R025,D0488,P002,2025-03-11,4,2,4,In-person,1.076
C06337,R031,D0588,P007,2025-03-25,4,1,2,In-person,1.009
C06338,R058,D0044,P006,2025-03-02,1,2,5,In-person,0.852
C06339,R035,D0240,P002,2025-03-04,3,2,6,In-person,1.157
C06340,R014,D0190,P006,2025-03-20,3,1,2,In-person,0.878
C06341,R005,D0731,P006,2025-03-18,4,1,0,Clinic Camp,0.878
C06342,R014,D0685,P008,2025-03-22,2,1,0,In-person,0.653
C06343,R023,D0733,P008,2025-03-27,4,1,4,In-person,0.889
C06344,R054,D0095,P008,2025-03-29,2,2,6,In-person,1.025
C06345,R012,D0268,P008,2025-03-16,2,1,6,Clinic Camp,0.907
C06346,R031,D0350,P007,2025-03-16,3,2,6,In-person,1.113
C06347,R044,D0034,P006,2025-03-29,3,2,0,In-person,0.895
C06348,R037,D0199,P005,2025-03-30,1,1,0,In-person,0.579
C06349,R012,D0361,P007,2025-03-02,3,2,6,In-person,1.008
C06350,R027,D0773,P008,2025-03-16,2,1,4,In-person,1.015
C06351,R032,D0188,P001,2025-03-29,4,2,6,Clinic Camp,1.041
C06352,R032,D0659,P002,2025-03-02,4,1,6,In-person,1.025
C06353,R015,D0743,P004,2025-03-31,2,2,5,In-person,0.767
C06354,R020,D0273,P003,2025-03-24,4,2,2,In-person,1.004
C06355,R021,D0213,P005,2025-03-05,4,1,4,In-person,0.959
C06356,R047,D0340,P003,2025-03-20,3,2,4,In-person,1.039
C06357,R054,D0820,P007,2025-03-14,3,2,6,Clinic Camp,1.023
C06358,R066,D0618,P008,2025-03-11,4,1,6,Clinic Camp,0.907
C06359,R023,D0843,P003,2025-03-20,4,1,1,In-person,0.885
C06360,R013,D0251,P007,2025-03-23,2,2,6,In-person,0.962
C06361,R027,D0773,P001,2025-03-28,1,2,4,In-person,0.792
C06362,R050,D0829,P007,2025-03-13,3,1,5,Clinic Camp,0.872
C06363,R017,D0491,P006,2025-03-05,2,2,2,Virtual,0.986
C06364,R072,D0097,P006,2025-03-27,2,1,3,Virtual,0.784
C06365,R052,D0245,P004,2025-03-11,1,2,6,In-person,0.943
C06366,R024,D0096,P001,2025-03-24,3,1,0,In-person,0.836
C06367,R051,D0690,P007,2025-03-25,4,2,3,In-person,0.966
C06368,R047,D0280,P001,2025-03-02,3,1,6,In-person,0.931
C06369,R048,D0568,P004,2025-03-13,1,1,5,In-person,0.823
C06370,R023,D0224,P002,2025-03-03,1,1,1,In-person,0.867
C06371,R064,D0831,P007,2025-03-19,3,1,1,In-person,0.806
C06372,R006,D0665,P005,2025-03-25,1,1,3,In-person,0.757
C06373,R028,D0286,P005,2025-03-18,1,2,1,Clinic Camp,0.891
C06374,R047,D0364,P003,2025-03-11,1,2,6,Clinic Camp,1.009
C06375,R066,D0064,P007,2025-03-31,1,1,5,In-person,0.748
C06376,R014,D0109,P002,2025-03-03,2,2,6,Virtual,0.966
C06377,R038,D0786,P006,2025-03-05,2,1,2,Clinic Camp,0.905
C06378,R024,D0612,P008,2025-03-12,1,1,1,In-person,0.769
C06379,R039,D0743,P003,2025-03-30,4,2,3,Clinic Camp,1.147
C06380,R061,D0489,P006,2025-03-28,4,2,0,Clinic Camp,1.104
C06381,R058,D0122,P003,2025-03-18,2,1,5,In-person,0.914
C06382,R032,D0171,P008,2025-03-30,2,2,6,In-person,0.989
C06383,R009,D0677,P008,2025-03-29,4,1,1,In-person,0.884
C06384,R060,D0282,P003,2025-03-19,4,1,1,In-person,0.918
C06385,R011,D0028,P002,2025-03-04,4,1,2,Virtual,0.942
C06386,R004,D0005,P001,2025-03-28,3,1,5,Virtual,1.036
C06387,R003,D0564,P006,2025-03-20,4,1,2,In-person,0.97
C06388,R069,D0727,P008,2025-03-05,3,2,5,In-person,1.045
C06389,R051,D0230,P002,2025-03-27,3,1,6,In-person,0.878
C06390,R057,D0841,P007,2025-03-13,1,1,3,In-person,0.86
C06391,R046,D0301,P007,2025-03-25,3,1,0,In-person,0.789
C06392,R018,D0522,P004,2025-03-09,2,2,6,In-person,0.955
C06393,R016,D0331,P002,2025-03-01,3,2,2,In-person,1.081
C06394,R039,D0494,P006,2025-03-15,3,2,4,Virtual,1.083
C06395,R041,D0323,P005,2025-03-15,1,1,6,In-person,0.75
C06396,R037,D0663,P007,2025-03-27,2,2,6,In-person,0.892
C06397,R069,D0311,P005,2025-03-04,3,1,5,In-person,0.924
C06398,R003,D0071,P001,2025-03-29,1,2,2,In-person,0.79
C06399,R019,D0172,P002,2025-03-05,4,2,4,In-person,0.965
C06400,R059,D0357,P004,2025-03-29,4,2,2,In-person,0.986
C06401,R063,D0374,P004,2025-03-22,1,1,3,Clinic Camp,0.544
C06402,R035,D0269,P003,2025-03-12,1,2,2,Clinic Camp,0.908
C06403,R016,D0508,P008,2025-03-30,1,2,5,Clinic Camp,0.957
C06404,R001,D0819,P003,2025-03-12,2,2,5,Virtual,1.073
C06405,R008,D0622,P006,2025-03-20,3,2,6,In-person,1.076
C06406,R067,D0220,P003,2025-03-01,1,2,1,Clinic Camp,0.782
C06407,R007,D0579,P008,2025-03-04,4,2,6,In-person,1.2
C06408,R070,D0821,P008,2025-03-11,2,2,1,In-person,0.832
C06409,R022,D0174,P007,2025-03-08,2,1,4,Clinic Camp,0.746
C06410,R065,D0163,P007,2025-03-08,3,2,1,In-person,0.946
C06411,R044,D0086,P006,2025-03-12,4,2,5,In-person,1.133
C06412,R002,D0762,P005,2025-03-19,1,1,5,In-person,0.735
C06413,R036,D0766,P005,2025-03-04,2,1,5,Clinic Camp,0.786
C06414,R026,D0329,P001,2025-03-24,2,1,1,Virtual,0.765
C06415,R038,D0752,P008,2025-03-27,2,2,5,Clinic Camp,0.993
C06416,R059,D0574,P008,2025-03-26,2,1,1,In-person,0.786
C06417,R055,D0842,P005,2025-03-07,4,2,5,In-person,1.311
C06418,R062,D0754,P007,2025-03-28,1,1,3,In-person,0.753
C06419,R054,D0820,P004,2025-03-05,2,2,1,In-person,0.948
C06420,R057,D0324,P001,2025-03-04,2,2,6,In-person,0.862
C06421,R010,D0426,P007,2025-03-23,3,2,5,In-person,1.077
C06422,R010,D0111,P005,2025-03-24,4,2,1,In-person,0.991
C06423,R067,D0772,P008,2025-03-04,4,1,2,In-person,0.955
C06424,R009,D0277,P002,2025-03-13,2,1,5,In-person,1.005
C06425,R036,D0370,P004,2025-03-13,2,1,1,In-person,0.768
C06426,R055,D0543,P006,2025-03-23,4,1,3,Clinic Camp,0.869
C06427,R043,D0698,P002,2025-03-16,1,2,0,In-person,0.708
C06428,R037,D0614,P008,2025-03-19,1,2,0,In-person,0.814
C06429,R008,D0817,P005,2025-03-03,4,1,1,In-person,0.947
C06430,R044,D0646,P002,2025-03-31,4,2,4,In-person,1.088
C06431,R026,D0721,P006,2025-03-18,3,2,3,Clinic Camp,0.891
C06432,R019,D0471,P008,2025-03-21,2,1,2,In-person,0.978
C06433,R059,D0397,P003,2025-03-15,4,2,1,In-person,1.145
C06434,R053,D0824,P005,2025-03-08,4,1,5,In-person,1.02
C06435,R003,D0230,P006,2025-03-21,4,1,4,In-person,0.87
C06436,R040,D0529,P002,2025-03-09,4,1,6,In-person,1.155
C06437,R022,D0228,P005,2025-03-07,3,1,6,In-person,1.049
C06438,R029,D0444,P005,2025-03-18,2,2,4,In-person,0.95
C06439,R001,D0299,P003,2025-03-12,2,2,0,Virtual,0.966
C06440,R013,D0199,P003,2025-03-28,3,1,6,In-person,0.918
C06441,R033,D0765,P006,2025-03-21,2,1,0,In-person,0.703
C06442,R025,D0672,P007,2025-03-12,4,2,4,In-person,1.095
C06443,R062,D0597,P004,2025-03-02,1,1,1,In-person,0.604
C06444,R058,D0068,P002,2025-03-11,1,1,5,Virtual,0.711
C06445,R052,D0204,P007,2025-03-04,2,1,5,In-person,0.914
C06446,R033,D0207,P002,2025-03-07,1,1,5,Virtual,0.819
C06447,R007,D0588,P001,2025-03-09,4,1,1,Virtual,0.827
C06448,R061,D0761,P003,2025-03-21,4,2,4,Clinic Camp,1.049
C06449,R012,D0318,P007,2025-03-04,4,1,1,In-person,0.831
C06450,R071,D0280,P007,2025-03-06,2,1,6,In-person,0.849
C06451,R023,D0447,P003,2025-03-02,4,2,1,In-person,0.98
C06452,R049,D0849,P005,2025-03-29,1,1,5,In-person,0.879
C06453,R009,D0317,P008,2025-03-31,4,2,1,In-person,1.015
C06454,R036,D0164,P006,2025-03-10,1,1,2,In-person,0.727
C06455,R029,D0466,P007,2025-03-15,1,1,5,In-person,0.769
C06456,R030,D0812,P001,2025-03-10,4,1,6,In-person,0.89
C06457,R044,D0646,P002,2025-03-17,3,2,4,In-person,1.004
C06458,R051,D0527,P001,2025-03-18,2,1,2,In-person,0.855
C06459,R037,D0614,P008,2025-03-08,1,1,2,Clinic Camp,0.765
C06460,R047,D0029,P003,2025-03-20,2,2,4,Clinic Camp,0.997
C06461,R004,D0584,P004,2025-03-01,3,2,3,In-person,1.053
C06462,R041,D0053,P005,2025-03-20,1,2,1,In-person,0.994
C06463,R011,D0390,P005,2025-03-24,4,1,4,In-person,0.902
C06464,R002,D0303,P001,2025-03-02,3,1,3,In-person,0.923
C06465,R011,D0593,P008,2025-03-23,4,2,6,In-person,1.146
C06466,R069,D0213,P004,2025-03-23,1,2,0,Clinic Camp,0.774
C06467,R056,D0257,P008,2025-03-31,4,2,5,Clinic Camp,1.049
C06468,R006,D0794,P007,2025-03-25,4,2,5,In-person,1.14
C06469,R061,D0308,P006,2025-03-01,2,2,5,In-person,0.992
C06470,R056,D0623,P006,2025-03-03,3,2,4,In-person,0.928
C06471,R038,D0473,P008,2025-03-05,3,2,6,In-person,0.904
C06472,R050,D0628,P003,2025-03-19,4,2,2,In-person,1.007
C06473,R024,D0523,P003,2025-03-23,2,2,2,In-person,0.852
C06474,R007,D0579,P006,2025-03-21,4,2,6,In-person,1.166
C06475,R035,D0770,P002,2025-03-11,3,1,0,In-person,0.776
C06476,R065,D0617,P007,2025-03-07,1,1,5,In-person,0.786
C06477,R066,D0244,P001,2025-03-02,2,2,5,Virtual,0.823
C06478,R043,D0125,P008,2025-03-12,1,1,4,In-person,0.658
C06479,R012,D0804,P003,2025-03-10,4,2,0,In-person,0.948
C06480,R045,D0248,P001,2025-03-10,2,2,4,In-person,0.922
C06481,R040,D0344,P005,2025-04-03,2,2,3,In-person,0.858
C06482,R008,D0171,P003,2025-04-09,2,2,0,In-person,0.881
C06483,R046,D0451,P003,2025-04-26,3,2,5,In-person,0.894
C06484,R056,D0477,P004,2025-04-08,4,1,5,In-person,0.993
C06485,R001,D0751,P005,2025-04-27,4,2,3,Clinic Camp,1.048
C06486,R048,D0580,P002,2025-04-03,4,2,1,In-person,0.912
C06487,R070,D0590,P001,2025-04-20,2,1,2,In-person,0.834
C06488,R014,D0469,P004,2025-04-04,3,1,3,In-person,0.73
C06489,R050,D0762,P003,2025-04-12,3,1,3,Clinic Camp,0.849
C06490,R006,D0837,P005,2025-04-29,2,1,4,Virtual,0.915
C06491,R060,D0766,P006,2025-04-24,4,2,1,Clinic Camp,0.85
C06492,R013,D0252,P005,2025-04-16,4,2,5,In-person,1.154
C06493,R044,D0330,P001,2025-04-19,4,2,0,In-person,0.917
C06494,R071,D0029,P008,2025-04-20,4,2,6,In-person,1.071
C06495,R053,D0846,P006,2025-04-24,1,2,2,Virtual,0.949
C06496,R003,D0656,P001,2025-04-18,1,1,5,Virtual,0.75
C06497,R003,D0803,P007,2025-04-16,3,2,0,Clinic Camp,1.069
C06498,R051,D0671,P008,2025-04-03,3,2,4,Clinic Camp,0.988
C06499,R057,D0380,P005,2025-04-29,2,1,6,In-person,0.881
C06500,R036,D0145,P007,2025-04-17,1,1,6,In-person,0.885
C06501,R029,D0013,P008,2025-04-09,2,2,3,Clinic Camp,0.968
C06502,R062,D0653,P008,2025-04-05,1,1,2,In-person,0.758
C06503,R070,D0228,P008,2025-04-19,1,2,6,In-person,0.871
C06504,R055,D0395,P002,2025-04-24,1,1,4,In-person,0.658
C06505,R065,D0630,P001,2025-04-25,3,2,6,Virtual,0.928
C06506,R063,D0377,P006,2025-04-27,3,2,1,In-person,1.063
C06507,R001,D0819,P006,2025-04-27,2,1,3,In-person,0.97
C06508,R040,D0478,P005,2025-04-19,3,1,2,In-person,0.896
C06509,R028,D0658,P002,2025-04-29,3,2,2,In-person,0.834
C06510,R003,D0138,P008,2025-04-03,1,2,6,Clinic Camp,0.846
C06511,R038,D0347,P004,2025-04-12,2,1,6,Clinic Camp,0.822
C06512,R004,D0186,P006,2025-04-15,1,1,4,Clinic Camp,0.738
C06513,R005,D0052,P005,2025-04-21,1,2,0,In-person,0.729
C06514,R033,D0841,P008,2025-04-09,1,2,3,In-person,0.896
C06515,R030,D0532,P006,2025-04-09,4,2,3,In-person,1.084
C06516,R027,D0230,P006,2025-04-28,4,2,4,Virtual,1.208
C06517,R003,D0230,P007,2025-04-20,1,2,1,In-person,0.787
C06518,R013,D0150,P001,2025-04-20,4,1,4,In-person,1.008
C06519,R072,D0096,P006,2025-04-06,2,1,5,Clinic Camp,0.929
C06520,R063,D0795,P005,2025-04-16,1,2,3,In-person,0.936
C06521,R014,D0109,P007,2025-04-13,1,1,5,In-person,0.701
C06522,R058,D0238,P002,2025-04-19,4,1,1,In-person,0.97
C06523,R046,D0102,P005,2025-04-28,2,2,4,In-person,0.954
C06524,R001,D0793,P003,2025-04-09,3,2,3,In-person,1.018
C06525,R034,D0112,P001,2025-04-25,2,2,2,In-person,0.911
C06526,R069,D0283,P005,2025-04-20,2,2,2,In-person,1.043
C06527,R017,D0606,P001,2025-04-15,4,1,3,In-person,0.903
C06528,R048,D0482,P001,2025-04-29,4,2,3,In-person,0.988
C06529,R056,D0402,P005,2025-04-05,3,2,4,In-person,0.946
C06530,R065,D0491,P008,2025-04-21,4,1,6,Clinic Camp,1.005
C06531,R010,D0295,P006,2025-04-12,1,2,4,In-person,0.895
C06532,R061,D0209,P001,2025-04-21,4,1,3,In-person,0.938
C06533,R012,D0539,P001,2025-04-05,1,1,6,In-person,0.899
C06534,R055,D0395,P004,2025-04-23,1,2,1,In-person,0.818
C06535,R009,D0840,P004,2025-04-03,4,2,1,In-person,1.02
C06536,R060,D0370,P001,2025-04-11,2,1,0,In-person,0.674
C06537,R054,D0649,P003,2025-04-28,1,2,1,In-person,0.964
C06538,R015,D0183,P002,2025-04-19,1,2,0,In-person,0.796
C06539,R020,D0636,P005,2025-04-15,1,2,1,In-person,0.949
C06540,R037,D0398,P006,2025-04-10,4,1,4,Virtual,0.942
C06541,R066,D0522,P004,2025-04-03,1,2,4,In-person,0.938
C06542,R058,D0306,P005,2025-04-04,4,1,4,In-person,0.947
C06543,R053,D0699,P002,2025-04-22,4,2,6,In-person,1.264
C06544,R009,D0061,P007,2025-04-09,1,2,6,In-person,0.998
C06545,R006,D0627,P001,2025-04-03,3,2,2,In-person,1.044
C06546,R043,D0670,P005,2025-04-14,3,1,1,Clinic Camp,0.81
C06547,R015,D0377,P003,2025-04-12,2,1,2,In-person,0.969
C06548,R068,D0086,P004,2025-04-29,3,1,6,Virtual,1.121
C06549,R038,D0473,P005,2025-04-07,1,1,6,In-person,0.788
C06550,R034,D0575,P006,2025-04-09,4,1,1,In-person,0.951
C06551,R067,D0399,P008,2025-04-05,4,1,1,Clinic Camp,1.012
C06552,R068,D0099,P005,2025-04-06,1,2,5,In-person,0.732
C06553,R072,D0312,P002,2025-04-17,1,2,6,In-person,1.0
C06554,R046,D0848,P005,2025-04-07,2,2,6,In-person,1.06
C06555,R060,D0164,P005,2025-04-22,2,1,6,In-person,0.843
C06556,R026,D0375,P007,2025-04-25,4,2,1,In-person,0.853
C06557,R065,D0425,P005,2025-04-15,4,1,5,In-person,1.037
C06558,R024,D0568,P007,2025-04-08,1,2,4,In-person,0.781
C06559,R042,D0369,P006,2025-04-25,1,2,2,Clinic Camp,0.709
C06560,R023,D0298,P005,2025-04-29,3,1,0,Virtual,0.88
C06561,R032,D0502,P003,2025-04-28,2,1,4,In-person,0.957
C06562,R024,D0482,P003,2025-04-28,4,2,2,In-person,1.028
C06563,R013,D0308,P001,2025-04-25,3,1,2,Clinic Camp,0.981
C06564,R049,D0219,P005,2025-04-23,2,1,0,In-person,0.833
C06565,R006,D0095,P008,2025-04-29,3,2,0,In-person,0.83
C06566,R030,D0627,P001,2025-04-11,2,2,1,In-person,0.844
C06567,R011,D0354,P008,2025-04-28,2,1,0,In-person,0.866
C06568,R039,D0494,P007,2025-04-01,3,2,6,In-person,1.003
C06569,R072,D0312,P004,2025-04-25,2,2,0,In-person,0.936
C06570,R008,D0659,P003,2025-04-11,3,1,2,Clinic Camp,0.853
C06571,R033,D0673,P005,2025-04-09,2,1,6,In-person,0.946
C06572,R067,D0345,P007,2025-04-21,3,2,0,In-person,0.974
C06573,R021,D0246,P001,2025-04-06,2,2,4,In-person,0.922
C06574,R027,D0667,P004,2025-04-30,3,2,1,In-person,1.013
C06575,R004,D0005,P001,2025-04-22,2,2,2,In-person,0.733
C06576,R025,D0032,P006,2025-04-01,1,2,3,In-person,0.767
C06577,R041,D0053,P001,2025-04-26,2,2,4,In-person,0.905
C06578,R034,D0225,P003,2025-04-04,2,1,5,In-person,0.964
C06579,R026,D0352,P006,2025-04-25,2,1,4,In-person,0.736
C06580,R031,D0349,P007,2025-04-25,2,1,0,In-person,0.777
C06581,R033,D0143,P002,2025-04-20,2,2,1,Virtual,0.913
C06582,R040,D0344,P005,2025-04-19,2,1,4,Virtual,0.872
C06583,R032,D0442,P002,2025-04-25,2,1,2,In-person,0.808
C06584,R045,D0234,P005,2025-04-26,2,1,0,In-person,0.73
C06585,R012,D0528,P001,2025-04-22,3,2,3,In-person,0.974
C06586,R054,D0338,P007,2025-04-06,2,1,2,Clinic Camp,0.894
C06587,R054,D0812,P001,2025-04-20,3,1,5,In-person,0.885
C06588,R068,D0847,P005,2025-04-07,2,2,6,In-person,0.805
C06589,R060,D0589,P004,2025-04-02,4,1,0,Clinic Camp,0.957
C06590,R004,D0413,P002,2025-04-05,2,1,5,In-person,0.99
C06591,R037,D0019,P005,2025-04-14,3,1,6,Virtual,0.874
C06592,R050,D0628,P002,2025-04-29,2,1,4,Clinic Camp,0.961
C06593,R041,D0434,P005,2025-04-02,3,1,4,Clinic Camp,0.964
C06594,R007,D0349,P006,2025-04-03,3,2,3,In-person,0.901
C06595,R051,D0671,P004,2025-04-03,1,1,3,In-person,0.708
C06596,R062,D0022,P003,2025-04-06,3,1,0,Clinic Camp,0.79
C06597,R009,D0214,P004,2025-04-17,4,1,1,In-person,0.952
C06598,R042,D0595,P008,2025-04-25,2,2,4,Clinic Camp,0.927
C06599,R054,D0812,P007,2025-04-02,3,2,3,In-person,1.082
C06600,R013,D0341,P001,2025-04-25,1,1,1,Clinic Camp,0.796
C06601,R052,D0363,P003,2025-04-28,4,2,2,Clinic Camp,0.922
C06602,R056,D0817,P001,2025-04-03,4,1,4,In-person,0.878
C06603,R032,D0170,P002,2025-04-14,4,2,1,In-person,1.077
C06604,R053,D0444,P007,2025-04-25,3,2,1,Clinic Camp,0.917
C06605,R035,D0240,P007,2025-04-21,1,1,6,In-person,0.804
C06606,R052,D0320,P004,2025-04-06,2,2,3,In-person,0.968
C06607,R005,D0824,P006,2025-04-05,4,1,3,Virtual,1.043
C06608,R004,D0435,P003,2025-04-14,1,1,0,Clinic Camp,0.611
C06609,R065,D0818,P004,2025-04-26,3,2,0,Clinic Camp,0.762
C06610,R035,D0485,P007,2025-04-29,1,2,4,In-person,0.863
C06611,R037,D0701,P003,2025-04-15,3,1,2,In-person,0.818
C06612,R066,D0100,P003,2025-04-16,3,1,1,Virtual,0.873
C06613,R016,D0344,P002,2025-04-17,2,2,1,In-person,0.881
C06614,R061,D0199,P002,2025-04-15,3,1,5,In-person,0.862
C06615,R072,D0610,P001,2025-04-20,2,2,6,In-person,1.145
C06616,R017,D0470,P007,2025-04-09,3,2,1,In-person,0.959
C06617,R002,D0201,P007,2025-04-17,4,1,1,In-person,0.892
C06618,R009,D0143,P004,2025-04-19,2,1,5,In-person,0.878
C06619,R055,D0395,P005,2025-04-17,1,2,3,In-person,0.896
C06620,R066,D0100,P002,2025-04-30,4,1,5,Clinic Camp,0.959
C06621,R028,D0557,P001,2025-04-23,3,2,5,In-person,1.216
C06622,R035,D0732,P005,2025-04-23,2,1,5,Clinic Camp,0.748
C06623,R011,D0826,P002,2025-04-25,1,2,1,In-person,0.702
C06624,R064,D0309,P007,2025-04-16,1,2,3,Clinic Camp,0.726
C06625,R028,D0313,P003,2025-04-10,2,2,3,In-person,0.924
C06626,R039,D0387,P006,2025-04-17,4,1,6,In-person,1.066
C06627,R001,D0488,P003,2025-04-28,3,1,4,In-person,0.896
C06628,R034,D0306,P002,2025-04-27,2,2,5,In-person,0.998
C06629,R015,D0183,P005,2025-04-11,4,2,6,In-person,1.155
C06630,R031,D0154,P002,2025-04-15,2,1,4,Clinic Camp,0.823
C06631,R026,D0329,P004,2025-04-09,4,1,4,In-person,1.026
C06632,R067,D0041,P003,2025-04-01,2,2,3,Clinic Camp,0.908
C06633,R043,D0024,P008,2025-04-10,3,1,0,In-person,0.817
C06634,R044,D0546,P005,2025-04-04,2,1,5,In-person,0.83
C06635,R048,D0620,P006,2025-04-11,3,2,2,In-person,0.995
C06636,R030,D0544,P005,2025-04-02,1,2,0,Virtual,0.897
C06637,R015,D0004,P008,2025-04-10,4,1,2,In-person,0.86
C06638,R028,D0658,P004,2025-04-22,2,2,2,Virtual,0.868
C06639,R023,D0519,P007,2025-04-26,3,2,2,In-person,0.989
C06640,R051,D0217,P008,2025-04-27,3,2,1,In-person,1.099
C06641,R019,D0175,P008,2025-04-17,3,2,6,In-person,1.083
C06642,R047,D0763,P006,2025-04-17,3,1,6,Clinic Camp,0.893
C06643,R021,D0319,P008,2025-04-30,4,1,0,In-person,0.846
C06644,R061,D0075,P006,2025-04-17,4,2,3,Virtual,1.143
C06645,R004,D0258,P003,2025-04-03,4,1,2,In-person,0.931
C06646,R017,D0323,P002,2025-04-29,1,1,5,In-person,0.702
C06647,R059,D0390,P002,2025-04-19,4,1,3,In-person,1.055
C06648,R031,D0391,P005,2025-04-20,3,2,4,In-person,1.037
C06649,R005,D0497,P002,2025-04-03,3,1,0,In-person,0.754
C06650,R024,D0289,P002,2025-04-15,4,2,4,Clinic Camp,0.975
C06651,R059,D0567,P006,2025-04-14,3,1,3,In-person,0.731
C06652,R014,D0468,P003,2025-04-25,4,1,6,Clinic Camp,0.978
C06653,R058,D0755,P006,2025-04-12,3,2,0,In-person,0.964
C06654,R047,D0737,P008,2025-04-11,1,1,2,In-person,0.823
C06655,R042,D0249,P001,2025-04-21,3,1,5,In-person,0.974
C06656,R059,D0037,P006,2025-04-01,2,1,1,In-person,0.694
C06657,R005,D0550,P007,2025-04-23,3,1,1,Clinic Camp,0.845
C06658,R029,D0279,P002,2025-04-01,2,1,2,In-person,0.93
C06659,R048,D0726,P007,2025-04-08,1,1,3,Clinic Camp,0.723
C06660,R032,D0419,P005,2025-04-15,3,1,0,In-person,0.912
C06661,R027,D0205,P006,2025-04-06,1,1,4,In-person,0.834
C06662,R016,D0360,P001,2025-04-02,1,2,5,In-person,0.951
C06663,R022,D0736,P004,2025-04-13,2,2,2,In-person,0.94
C06664,R066,D0074,P003,2025-04-22,3,1,1,In-person,0.929
C06665,R046,D0821,P002,2025-04-08,1,2,2,In-person,0.717
C06666,R036,D0158,P007,2025-04-09,2,2,4,In-person,1.063
C06667,R008,D0659,P005,2025-04-21,2,1,3,In-person,0.689
C06668,R038,D0469,P008,2025-04-29,4,1,4,In-person,1.017
C06669,R017,D0491,P002,2025-04-16,1,1,5,In-person,0.796
C06670,R006,D0167,P006,2025-04-17,4,2,6,In-person,1.068
C06671,R063,D0576,P005,2025-04-25,1,2,3,In-person,0.776
C06672,R063,D0533,P006,2025-04-02,3,2,5,Clinic Camp,1.074
C06673,R038,D0412,P003,2025-04-30,4,2,3,Clinic Camp,1.128
C06674,R057,D0403,P006,2025-04-15,4,1,0,Clinic Camp,0.912
C06675,R021,D0499,P002,2025-04-12,3,2,4,In-person,0.989
C06676,R006,D0525,P007,2025-04-19,2,1,6,Clinic Camp,0.991
C06677,R052,D0783,P004,2025-04-28,4,1,2,In-person,0.922
C06678,R029,D0013,P004,2025-04-29,4,2,3,Virtual,1.061
C06679,R061,D0199,P005,2025-04-24,1,2,5,In-person,0.874
C06680,R060,D0804,P001,2025-04-15,2,1,5,In-person,1.068
C06681,R043,D0698,P003,2025-04-05,2,1,0,In-person,0.713
C06682,R067,D0264,P002,2025-04-06,4,2,0,In-person,1.077
C06683,R057,D0424,P008,2025-04-26,1,1,3,Virtual,0.628
C06684,R014,D0014,P004,2025-04-04,1,1,0,In-person,0.633
C06685,R047,D0116,P001,2025-04-15,1,2,6,In-person,0.883
C06686,R045,D0807,P001,2025-04-13,4,1,4,Clinic Camp,0.982
C06687,R031,D0569,P008,2025-04-22,1,1,4,In-person,0.76
C06688,R022,D0058,P002,2025-04-11,2,2,4,In-person,0.934
C06689,R069,D0669,P001,2025-04-22,3,2,3,Clinic Camp,0.939
C06690,R001,D0346,P002,2025-04-16,2,1,0,In-person,0.883
C06691,R031,D0538,P002,2025-04-27,1,2,5,In-person,0.81
C06692,R049,D0760,P001,2025-04-06,2,1,3,In-person,0.894
C06693,R013,D0700,P008,2025-04-23,4,2,2,In-person,1.1
C06694,R010,D0098,P001,2025-04-22,2,1,3,Virtual,0.758
C06695,R070,D0262,P006,2025-04-25,3,2,3,Virtual,0.965
C06696,R010,D0185,P007,2025-04-15,2,2,6,In-person,0.978
C06697,R054,D0812,P006,2025-04-10,1,1,1,In-person,0.862
C06698,R025,D0672,P002,2025-04-16,1,1,1,In-person,0.698
C06699,R018,D0437,P006,2025-04-30,4,2,0,Virtual,1.3
C06700,R020,D0086,P003,2025-04-06,4,1,4,Clinic Camp,1.053
C06701,R036,D0759,P004,2025-04-20,3,2,0,In-person,0.967
C06702,R039,D0415,P003,2025-04-07,4,1,5,In-person,1.081
C06703,R003,D0205,P007,2025-04-24,2,1,5,In-person,0.733
C06704,R029,D0421,P005,2025-04-13,4,2,4,In-person,1.176
C06705,R044,D0443,P002,2025-04-26,3,2,3,In-person,0.888
C06706,R014,D0247,P004,2025-04-05,4,1,2,Clinic Camp,1.026
C06707,R054,D0794,P007,2025-04-04,3,2,6,In-person,1.001
C06708,R020,D0774,P008,2025-04-29,4,1,5,In-person,0.946
C06709,R011,D0037,P008,2025-04-11,3,2,1,In-person,1.1
C06710,R026,D0829,P002,2025-04-03,4,1,1,In-person,0.93
C06711,R040,D0372,P007,2025-04-26,4,1,1,Virtual,0.816
C06712,R071,D0733,P005,2025-04-13,4,2,3,In-person,1.142
C06713,R056,D0633,P006,2025-04-28,2,2,4,In-person,0.844
C06714,R043,D0524,P004,2025-04-14,1,1,1,Clinic Camp,0.837
C06715,R046,D0637,P006,2025-04-23,2,1,0,Clinic Camp,0.779
C06716,R041,D0561,P003,2025-04-18,3,2,2,In-person,0.874
C06717,R019,D0712,P005,2025-04-15,4,1,3,Clinic Camp,1.04
C06718,R070,D0351,P002,2025-04-15,4,2,4,In-person,1.124
C06719,R032,D0623,P004,2025-04-08,3,1,0,In-person,0.68
C06720,R061,D0839,P004,2025-04-23,3,2,4,Clinic Camp,1.007
C06721,R042,D0750,P007,2025-04-16,4,2,1,In-person,1.052
C06722,R045,D0085,P006,2025-04-01,1,1,2,Virtual,0.765
C06723,R040,D0436,P006,2025-04-12,4,2,3,Virtual,1.049
C06724,R003,D0527,P003,2025-04-13,3,1,0,In-person,0.91
C06725,R016,D0534,P004,2025-04-27,3,1,3,Clinic Camp,0.95
C06726,R027,D0615,P004,2025-04-13,2,1,0,Clinic Camp,0.782
C06727,R063,D0764,P007,2025-04-18,3,1,1,In-person,0.849
C06728,R071,D0404,P002,2025-04-03,4,2,3,In-person,1.076
C06729,R030,D0627,P001,2025-04-12,2,1,1,Virtual,0.75
C06730,R017,D0725,P005,2025-04-09,1,1,3,In-person,0.682
C06731,R067,D0041,P007,2025-04-15,1,1,1,In-person,0.638
C06732,R057,D0554,P006,2025-04-27,1,1,3,In-person,0.756
C06733,R005,D0310,P007,2025-04-29,2,1,0,In-person,0.711
C06734,R020,D0774,P004,2025-04-09,1,2,1,In-person,0.805
C06735,R023,D0447,P002,2025-04-19,2,1,6,In-person,0.994
C06736,R022,D0464,P006,2025-04-29,3,1,2,Clinic Camp,0.869
C06737,R024,D0580,P001,2025-04-07,3,1,4,Virtual,0.933
C06738,R041,D0323,P008,2025-04-14,3,1,0,In-person,0.832
C06739,R058,D0367,P006,2025-04-16,3,1,0,Clinic Camp,0.955
C06740,R019,D0670,P005,2025-04-01,1,1,5,In-person,0.933
C06741,R038,D0653,P002,2025-04-14,4,2,2,Clinic Camp,1.008
C06742,R053,D0222,P003,2025-04-04,2,2,2,In-person,0.964
C06743,R023,D0737,P008,2025-04-10,1,2,1,In-person,0.985
C06744,R069,D0085,P001,2025-04-04,4,1,1,In-person,0.845
C06745,R022,D0176,P001,2025-04-23,2,2,1,In-person,0.966
C06746,R020,D0722,P003,2025-04-26,2,2,5,In-person,0.821
C06747,R007,D0547,P002,2025-04-09,2,1,6,In-person,0.89
C06748,R012,D0506,P006,2025-04-02,3,2,0,In-person,0.929
C06749,R019,D0471,P001,2025-04-15,3,1,0,Clinic Camp,0.713
C06750,R071,D0843,P007,2025-04-04,1,2,4,In-person,0.959
C06751,R047,D0182,P007,2025-04-14,1,1,6,In-person,0.83
C06752,R041,D0384,P002,2025-04-17,4,1,2,In-person,0.882
C06753,R010,D0353,P005,2025-04-15,2,1,5,In-person,0.896
C06754,R005,D0742,P006,2025-04-16,4,1,0,In-person,0.992
C06755,R063,D0415,P007,2025-04-18,3,1,5,In-person,0.798
C06756,R051,D0656,P006,2025-04-05,3,1,6,In-person,0.706
C06757,R012,D0766,P008,2025-04-21,2,2,3,Virtual,0.921
C06758,R045,D0789,P001,2025-04-21,4,1,4,In-person,0.931
C06759,R021,D0311,P005,2025-04-05,3,1,1,Clinic Camp,0.975
C06760,R035,D0420,P007,2025-04-14,4,1,5,In-person,0.98
C06761,R064,D0067,P002,2025-04-09,2,1,5,In-person,0.895
C06762,R062,D0078,P002,2025-04-12,3,1,5,In-person,0.925
C06763,R016,D0436,P001,2025-04-24,2,1,5,In-person,0.746
C06764,R068,D0676,P008,2025-04-18,4,1,0,In-person,0.922
C06765,R057,D0775,P007,2025-04-28,4,1,3,Clinic Camp,0.868
C06766,R024,D0348,P001,2025-04-18,2,2,3,Virtual,0.814
C06767,R027,D0565,P002,2025-04-02,1,2,0,Virtual,0.712
C06768,R027,D0690,P004,2025-04-22,1,1,5,In-person,0.705
C06769,R009,D0277,P008,2025-04-03,2,1,1,In-person,0.781
C06770,R028,D0155,P007,2025-04-11,1,1,2,Clinic Camp,0.715
C06771,R062,D0754,P008,2025-04-29,4,1,0,In-person,0.943
C06772,R036,D0506,P007,2025-04-30,2,2,5,In-person,0.834
C06773,R011,D0153,P006,2025-04-05,1,2,1,In-person,0.798
C06774,R069,D0213,P003,2025-04-30,3,1,3,In-person,0.865
C06775,R052,D0278,P005,2025-04-30,2,1,3,In-person,0.85
C06776,R050,D0201,P004,2025-04-27,1,2,0,In-person,0.82
C06777,R068,D0443,P008,2025-04-25,2,1,5,In-person,0.883
C06778,R037,D0686,P004,2025-04-03,3,2,0,In-person,0.861
C06779,R045,D0558,P007,2025-04-04,3,2,4,In-person,1.014
C06780,R022,D0802,P002,2025-04-19,1,2,1,In-person,0.777
C06781,R047,D0737,P006,2025-04-04,3,1,4,In-person,1.027
C06782,R056,D0300,P004,2025-04-08,4,1,1,In-person,0.947
C06783,R061,D0030,P004,2025-04-30,3,2,5,Clinic Camp,1.036
C06784,R045,D0085,P007,2025-04-28,4,2,3,In-person,0.962
C06785,R056,D0642,P004,2025-04-08,4,2,4,In-person,1.035
C06786,R009,D0287,P001,2025-04-17,2,1,6,Clinic Camp,0.909
C06787,R022,D0590,P004,2025-04-17,2,1,3,In-person,0.828
C06788,R002,D0333,P008,2025-04-08,2,2,5,In-person,0.953
C06789,R050,D0790,P008,2025-04-08,2,1,5,In-person,0.73
C06790,R071,D0378,P005,2025-04-14,1,1,2,In-person,0.681
C06791,R033,D0811,P006,2025-04-19,4,1,2,In-person,0.934
C06792,R024,D0178,P003,2025-04-25,3,1,4,Virtual,1.018
C06793,R039,D0585,P007,2025-04-26,1,2,6,In-person,0.757
C06794,R007,D0476,P005,2025-04-01,4,2,0,In-person,0.926
C06795,R008,D0212,P001,2025-04-20,4,1,0,Clinic Camp,0.768
C06796,R058,D0122,P008,2025-04-19,3,1,1,Virtual,0.894
C06797,R046,D0228,P007,2025-04-02,4,2,4,In-person,1.177
C06798,R016,D0105,P001,2025-04-26,4,1,2,In-person,0.985
C06799,R033,D0836,P004,2025-04-18,4,1,3,In-person,1.02
C06800,R052,D0200,P006,2025-04-22,4,2,2,In-person,0.963
C06801,R072,D0482,P006,2025-04-20,1,2,2,In-person,0.866
C06802,R059,D0530,P002,2025-04-11,1,2,5,In-person,0.828
C06803,R001,D0521,P001,2025-04-07,3,2,3,In-person,0.999
C06804,R053,D0598,P008,2025-04-12,3,2,2,In-person,1.016
C06805,R006,D0812,P008,2025-04-23,4,1,0,In-person,0.897
C06806,R065,D0818,P006,2025-04-20,3,2,2,In-person,1.042
C06807,R064,D0730,P006,2025-04-19,2,1,5,Clinic Camp,0.857
C06808,R057,D0403,P006,2025-04-04,4,2,0,Clinic Camp,1.032
C06809,R053,D0699,P004,2025-04-01,3,2,2,Virtual,1.127
C06810,R033,D0143,P006,2025-04-21,3,2,1,In-person,0.998
C06811,R007,D0768,P003,2025-04-29,2,2,3,Clinic Camp,0.864
C06812,R039,D0179,P001,2025-04-11,4,2,5,Virtual,1.062
C06813,R050,D0151,P003,2025-04-14,1,1,5,In-person,0.87
C06814,R040,D0709,P003,2025-04-29,4,1,2,In-person,1.039
C06815,R065,D0606,P003,2025-04-07,4,2,4,Clinic Camp,1.079
C06816,R069,D0084,P004,2025-04-16,3,2,5,In-person,0.908
C06817,R049,D0819,P002,2025-04-03,4,2,5,In-person,1.024
C06818,R030,D0095,P004,2025-04-08,4,1,4,Clinic Camp,1.006
C06819,R007,D0023,P004,2025-04-12,1,2,0,In-person,0.846
C06820,R062,D0776,P002,2025-04-21,1,1,2,In-person,0.826
C06821,R025,D0157,P004,2025-04-10,1,2,1,Clinic Camp,0.655
C06822,R016,D0309,P006,2025-04-14,2,1,4,In-person,0.922
C06823,R049,D0679,P004,2025-04-09,3,2,1,In-person,1.072
C06824,R036,D0539,P001,2025-04-05,1,1,0,In-person,0.519
C06825,R015,D0387,P006,2025-04-24,1,1,6,In-person,0.818
C06826,R026,D0838,P005,2025-04-21,3,1,0,Clinic Camp,0.911
C06827,R013,D0036,P004,2025-04-20,3,1,5,Clinic Camp,0.827
C06828,R034,D0734,P001,2025-04-18,2,1,6,In-person,0.848
C06829,R031,D0343,P001,2025-04-04,3,2,5,In-person,1.075
C06830,R051,D0615,P001,2025-04-16,3,1,3,In-person,0.862
C06831,R021,D0246,P007,2025-04-22,2,2,3,In-person,0.895
C06832,R064,D0335,P003,2025-04-15,1,1,5,Clinic Camp,0.818
C06833,R055,D0350,P004,2025-04-22,4,2,1,Virtual,0.934
C06834,R029,D0497,P006,2025-04-10,3,2,2,In-person,0.891
C06835,R019,D0715,P006,2025-04-16,1,1,2,In-person,0.783
C06836,R055,D0154,P001,2025-04-12,1,2,1,In-person,0.894
C06837,R069,D0503,P008,2025-04-30,2,1,3,In-person,0.866
C06838,R025,D0760,P003,2025-04-06,1,2,2,In-person,0.945
C06839,R018,D0522,P007,2025-04-09,4,1,0,In-person,0.954
C06840,R023,D0850,P007,2025-04-21,4,1,0,In-person,1.068
C06841,R019,D0017,P005,2025-04-02,1,1,4,In-person,0.787
C06842,R039,D0235,P002,2025-04-16,1,2,3,In-person,0.874
C06843,R018,D0369,P005,2025-04-01,2,1,5,In-person,0.902
C06844,R035,D0496,P002,2025-04-16,4,2,0,In-person,0.96
C06845,R048,D0289,P007,2025-04-10,3,1,2,Clinic Camp,0.824
C06846,R008,D0257,P007,2025-04-06,4,1,2,In-person,0.884
C06847,R044,D0722,P007,2025-04-15,1,1,4,In-person,0.738
C06848,R025,D0157,P007,2025-04-10,1,1,3,In-person,0.93
C06849,R015,D0814,P002,2025-04-03,2,1,3,In-person,0.98
C06850,R059,D0037,P001,2025-04-16,4,2,6,Virtual,1.092
C06851,R044,D0443,P006,2025-04-17,4,1,0,In-person,0.886
C06852,R048,D0493,P005,2025-04-20,2,2,6,In-person,0.806
C06853,R002,D0838,P007,2025-04-28,2,2,1,In-person,0.808
C06854,R020,D0676,P006,2025-04-22,1,2,0,In-person,0.735
C06855,R070,D0042,P007,2025-04-24,2,2,3,In-person,0.889
C06856,R002,D0689,P003,2025-04-20,3,2,1,In-person,0.912
C06857,R025,D0263,P001,2025-04-21,1,1,5,In-person,0.817
C06858,R026,D0762,P001,2025-04-24,4,1,5,In-person,1.072
C06859,R011,D0668,P004,2025-04-20,3,2,2,In-person,0.918
C06860,R004,D0186,P001,2025-04-16,2,1,5,In-person,0.985
C06861,R044,D0355,P005,2025-04-22,2,1,1,In-person,0.826
C06862,R042,D0644,P004,2025-04-29,2,2,2,In-person,0.977
C06863,R012,D0809,P003,2025-04-15,4,2,0,In-person,0.975
C06864,R038,D0487,P005,2025-04-07,3,2,4,Clinic Camp,1.056
C06865,R068,D0315,P006,2025-04-13,1,2,5,Virtual,0.926
C06866,R062,D0347,P001,2025-04-01,2,1,5,Clinic Camp,0.987
C06867,R010,D0640,P004,2025-04-10,4,1,2,In-person,1.008
C06868,R032,D0502,P008,2025-04-27,2,2,5,In-person,1.028
C06869,R051,D0166,P003,2025-04-03,4,1,4,In-person,0.95
C06870,R010,D0185,P007,2025-04-27,3,2,4,Clinic Camp,1.108
C06871,R014,D0115,P003,2025-04-17,4,2,1,Clinic Camp,0.926
C06872,R030,D0512,P003,2025-04-10,3,1,5,In-person,0.894
C06873,R002,D0333,P007,2025-04-15,3,2,5,Clinic Camp,1.053
C06874,R059,D0507,P003,2025-04-27,2,1,6,In-person,0.796
C06875,R037,D0827,P007,2025-04-04,1,1,2,In-person,0.672
C06876,R058,D0484,P006,2025-04-17,4,1,3,Virtual,0.9
C06877,R018,D0414,P007,2025-04-09,2,2,0,Virtual,0.9
C06878,R055,D0395,P007,2025-04-17,1,1,4,Clinic Camp,0.769
C06879,R011,D0567,P008,2025-04-24,2,2,3,In-person,1.001
C06880,R029,D0833,P005,2025-04-28,2,1,5,In-person,1.02
C06881,R008,D0106,P008,2025-04-08,1,2,5,In-person,0.912
C06882,R064,D0360,P001,2025-04-20,4,2,6,In-person,1.077
C06883,R023,D0039,P004,2025-04-13,2,1,6,In-person,0.917
C06884,R017,D0163,P004,2025-04-16,2,2,1,In-person,0.816
C06885,R012,D0118,P001,2025-04-05,3,1,6,In-person,0.953
C06886,R071,D0498,P007,2025-04-26,3,2,0,Clinic Camp,1.137
C06887,R060,D0766,P007,2025-04-06,2,1,3,In-person,0.818
C06888,R052,D0781,P006,2025-04-02,4,2,6,In-person,1.142
C06889,R007,D0292,P006,2025-04-23,4,2,4,In-person,1.069
C06890,R034,D0513,P005,2025-04-13,2,1,6,Clinic Camp,0.855
C06891,R043,D0220,P004,2025-04-03,3,1,3,In-person,0.942
C06892,R042,D0244,P006,2025-04-21,1,1,4,In-person,0.68
C06893,R049,D0573,P008,2025-04-09,2,2,3,In-person,0.911
C06894,R047,D0519,P003,2025-04-30,2,1,6,In-person,0.779
C06895,R018,D0414,P003,2025-04-30,2,2,0,Clinic Camp,0.994
C06896,R050,D0131,P001,2025-04-17,4,1,2,In-person,1.035
C06897,R064,D0373,P008,2025-04-15,3,1,4,In-person,0.861
C06898,R072,D0180,P005,2025-04-14,2,1,3,Virtual,0.686
C06899,R037,D0015,P005,2025-04-19,2,2,6,In-person,1.017
C06900,R049,D0032,P003,2025-04-28,3,2,4,In-person,1.009
C06901,R028,D0313,P001,2025-04-20,1,2,0,Virtual,0.98
C06902,R043,D0041,P007,2025-04-03,1,2,4,Virtual,0.984
C06903,R002,D0689,P007,2025-04-06,3,2,2,In-person,1.027
C06904,R021,D0008,P003,2025-04-19,2,1,3,In-person,0.792
C06905,R035,D0240,P007,2025-04-12,3,1,0,In-person,0.829
C06906,R036,D0815,P005,2025-04-15,4,1,6,In-person,1.052
C06907,R018,D0481,P006,2025-04-13,2,1,2,In-person,0.844
C06908,R066,D0408,P002,2025-04-18,3,1,5,Clinic Camp,0.883
C06909,R041,D0018,P005,2025-04-07,2,2,3,In-person,0.815
C06910,R067,D0021,P002,2025-04-03,4,1,6,Clinic Camp,1.182
C06911,R066,D0703,P002,2025-04-08,1,2,2,In-person,0.839
C06912,R070,D0650,P003,2025-04-21,3,1,0,In-person,0.884
C06913,R024,D0729,P002,2025-05-19,2,2,3,In-person,0.855
C06914,R069,D0682,P008,2025-05-26,4,2,0,In-person,1.119
C06915,R049,D0002,P001,2025-05-04,1,1,5,In-person,0.883
C06916,R042,D0644,P008,2025-05-05,1,1,6,In-person,0.823
C06917,R013,D0307,P002,2025-05-05,4,1,1,Clinic Camp,0.955
C06918,R048,D0523,P007,2025-05-18,3,1,0,In-person,0.873
C06919,R020,D0431,P003,2025-05-18,3,1,5,In-person,0.948
C06920,R009,D0677,P008,2025-05-05,4,1,4,In-person,1.037
C06921,R046,D0655,P005,2025-05-14,2,2,5,In-person,0.99
C06922,R048,D0738,P004,2025-05-02,1,1,3,In-person,0.75
C06923,R014,D0469,P002,2025-05-19,4,2,4,Virtual,0.989
C06924,R050,D0239,P004,2025-05-18,1,2,1,In-person,0.816
C06925,R028,D0435,P005,2025-05-01,3,1,2,In-person,0.946
C06926,R036,D0376,P008,2025-05-03,2,2,4,In-person,0.996
C06927,R058,D0112,P003,2025-05-22,1,1,6,In-person,0.923
C06928,R020,D0646,P001,2025-05-28,4,1,2,Clinic Camp,1.069
C06929,R025,D0033,P003,2025-05-27,4,1,2,Clinic Camp,1.012
C06930,R068,D0431,P002,2025-05-18,1,2,4,In-person,0.887
C06931,R029,D0678,P008,2025-05-17,4,1,0,Clinic Camp,0.947
C06932,R010,D0734,P002,2025-05-26,4,1,4,In-person,0.946
C06933,R043,D0526,P008,2025-05-27,3,1,0,Clinic Camp,0.914
C06934,R028,D0830,P001,2025-05-29,4,1,4,Clinic Camp,1.098
C06935,R029,D0742,P007,2025-05-13,1,1,6,In-person,0.901
C06936,R051,D0192,P004,2025-05-15,1,2,6,In-person,0.953
C06937,R062,D0693,P001,2025-05-03,4,2,1,Clinic Camp,1.009
C06938,R055,D0391,P005,2025-05-06,2,2,4,Clinic Camp,0.914
C06939,R005,D0598,P006,2025-05-12,1,1,3,In-person,0.751
C06940,R003,D0166,P007,2025-05-26,4,2,3,In-person,1.006
C06941,R028,D0363,P002,2025-05-14,2,2,4,In-person,0.964
C06942,R004,D0458,P005,2025-05-19,4,2,6,In-person,0.894
C06943,R070,D0796,P005,2025-05-27,4,2,4,Clinic Camp,1.039
C06944,R019,D0779,P004,2025-05-15,2,2,3,In-person,0.929
C06945,R010,D0640,P008,2025-05-11,4,1,4,Virtual,1.192
C06946,R016,D0478,P004,2025-05-23,2,1,3,In-person,0.834
C06947,R062,D0752,P004,2025-05-10,3,2,2,Clinic Camp,0.979
C06948,R054,D0095,P005,2025-05-13,2,1,5,In-person,0.803
C06949,R068,D0847,P008,2025-05-28,1,1,4,In-person,0.92
C06950,R071,D0134,P007,2025-05-14,1,1,3,In-person,0.699
C06951,R037,D0270,P006,2025-05-08,2,1,0,In-person,0.943
C06952,R004,D0728,P001,2025-05-26,3,2,1,In-person,0.899
C06953,R016,D0581,P003,2025-05-20,4,1,1,In-person,1.013
C06954,R065,D0635,P001,2025-05-24,1,2,4,Clinic Camp,0.867
C06955,R053,D0678,P001,2025-05-11,3,1,0,Clinic Camp,0.805
C06956,R052,D0435,P007,2025-05-25,3,1,2,In-person,0.967
C06957,R051,D0159,P007,2025-05-30,4,2,3,Clinic Camp,1.17
C06958,R027,D0825,P001,2025-05-06,4,1,5,Virtual,0.995
C06959,R035,D0567,P004,2025-05-06,1,2,1,In-person,0.816
C06960,R007,D0579,P003,2025-05-18,1,2,4,In-person,0.839
C06961,R050,D0329,P001,2025-05-23,4,2,3,In-person,1.082
C06962,R072,D0729,P004,2025-05-01,3,2,5,Virtual,0.942
C06963,R065,D0462,P001,2025-05-18,1,2,1,Virtual,0.603
C06964,R002,D0184,P006,2025-05-04,4,2,4,In-person,0.932
C06965,R049,D0113,P008,2025-05-31,2,2,2,In-person,0.888
C06966,R059,D0593,P004,2025-05-23,2,1,1,In-person,0.712
C06967,R010,D0566,P002,2025-05-31,4,2,0,Clinic Camp,1.001
C06968,R043,D0140,P004,2025-05-07,4,1,2,In-person,0.915
C06969,R044,D0638,P008,2025-05-25,2,2,3,In-person,0.867
C06970,R037,D0839,P002,2025-05-12,3,1,0,In-person,0.798
C06971,R039,D0415,P006,2025-05-04,3,2,5,Clinic Camp,1.107
C06972,R051,D0822,P001,2025-05-15,1,2,4,In-person,0.891
C06973,R007,D0202,P003,2025-05-15,3,1,2,In-person,1.011
C06974,R057,D0324,P004,2025-05-16,1,2,0,In-person,0.808
C06975,R008,D0501,P004,2025-05-27,4,2,4,In-person,0.929
C06976,R029,D0290,P002,2025-05-09,4,1,0,Clinic Camp,0.836
C06977,R032,D0170,P007,2025-05-20,1,1,2,In-person,0.755
C06978,R069,D0311,P006,2025-05-07,3,1,1,In-person,0.887
C06979,R044,D0337,P004,2025-05-28,1,1,1,In-person,0.681
C06980,R057,D0181,P004,2025-05-15,1,2,5,In-person,0.826
C06981,R016,D0365,P001,2025-05-25,3,2,2,In-person,0.927
C06982,R026,D0329,P006,2025-05-09,4,2,1,In-person,1.016
C06983,R023,D0747,P002,2025-05-10,4,2,2,In-person,1.042
C06984,R056,D0442,P003,2025-05-31,2,2,1,In-person,0.8
C06985,R049,D0346,P007,2025-05-07,4,2,5,In-person,1.12
C06986,R037,D0270,P006,2025-05-18,3,2,3,In-person,1.013
C06987,R026,D0582,P006,2025-05-10,2,1,1,In-person,0.789
C06988,R033,D0250,P003,2025-05-13,2,1,2,Virtual,0.761
C06989,R036,D0804,P005,2025-05-22,3,1,6,In-person,1.012
C06990,R017,D0452,P001,2025-05-25,2,2,4,In-person,1.048
C06991,R038,D0381,P002,2025-05-15,2,1,4,Virtual,0.816
C06992,R067,D0024,P007,2025-05-20,2,2,5,In-person,0.91
C06993,R032,D0697,P004,2025-05-02,2,2,2,In-person,0.943
C06994,R069,D0319,P006,2025-05-08,2,1,2,Clinic Camp,0.722
C06995,R036,D0145,P007,2025-05-24,1,2,6,Virtual,0.806
C06996,R014,D0110,P008,2025-05-21,4,2,3,Virtual,1.012
C06997,R063,D0235,P001,2025-05-02,2,2,1,In-person,0.913
C06998,R011,D0668,P005,2025-05-28,2,1,6,In-person,0.818
C06999,R056,D0170,P008,2025-05-13,1,2,5,In-person,0.888
C07000,R054,D0136,P002,2025-05-10,3,1,2,In-person,0.725
C07001,R023,D0447,P007,2025-05-15,2,1,1,In-person,0.847
C07002,R012,D0376,P005,2025-05-13,1,1,4,In-person,0.897
C07003,R043,D0797,P003,2025-05-16,2,1,3,In-person,0.761
C07004,R013,D0660,P007,2025-05-06,4,2,1,In-person,1.064
C07005,R044,D0636,P007,2025-05-05,4,2,0,In-person,0.993
C07006,R029,D0279,P002,2025-05-31,4,1,5,In-person,1.018
C07007,R046,D0464,P006,2025-05-24,1,1,5,In-person,0.78
C07008,R048,D0482,P008,2025-05-12,3,2,6,In-person,1.024
C07009,R038,D0247,P006,2025-05-27,4,2,2,In-person,0.979
C07010,R041,D0434,P005,2025-05-25,3,1,4,Virtual,0.835
C07011,R023,D0808,P002,2025-05-22,4,1,4,In-person,1.08
C07012,R056,D0480,P004,2025-05-23,1,2,1,In-person,0.684
C07013,R052,D0320,P008,2025-05-30,2,2,6,In-person,0.977
C07014,R021,D0682,P007,2025-05-26,2,2,2,Clinic Camp,0.901
C07015,R001,D0219,P004,2025-05-08,3,2,0,In-person,0.936
C07016,R061,D0117,P003,2025-05-23,1,2,1,In-person,0.871
C07017,R009,D0841,P007,2025-05-05,2,1,6,In-person,0.858
C07018,R038,D0685,P008,2025-05-16,3,1,0,In-person,0.902
C07019,R060,D0361,P003,2025-05-03,1,1,3,In-person,0.923
C07020,R070,D0821,P007,2025-05-06,2,2,3,In-person,0.912
C07021,R010,D0231,P003,2025-05-23,3,2,5,In-person,0.867
C07022,R059,D0574,P007,2025-05-12,1,1,5,In-person,0.789
C07023,R034,D0038,P008,2025-05-06,3,1,3,In-person,0.885
C07024,R040,D0545,P006,2025-05-31,2,2,4,In-person,0.974
C07025,R022,D0142,P004,2025-05-30,2,2,5,In-person,0.8
C07026,R019,D0172,P003,2025-05-08,2,1,5,In-person,0.896
C07027,R035,D0687,P001,2025-05-19,4,2,6,In-person,1.084
C07028,R067,D0140,P001,2025-05-10,3,1,4,In-person,0.986
C07029,R044,D0509,P007,2025-05-25,3,1,2,In-person,0.845
C07030,R058,D0734,P006,2025-05-22,4,1,3,In-person,1.043
C07031,R017,D0788,P002,2025-05-14,2,1,5,In-person,0.749
C07032,R023,D0340,P005,2025-05-29,1,2,2,In-person,0.837
C07033,R046,D0063,P008,2025-05-23,1,1,6,In-person,0.74
C07034,R012,D0268,P006,2025-05-05,2,2,3,In-person,0.885
C07035,R071,D0515,P008,2025-05-14,4,1,5,In-person,1.228
C07036,R026,D0303,P001,2025-05-26,2,1,3,Clinic Camp,0.758
C07037,R011,D0600,P001,2025-05-17,4,1,6,In-person,0.998
C07038,R035,D0845,P006,2025-05-04,3,1,4,In-person,0.831
C07039,R030,D0591,P005,2025-05-24,3,1,5,In-person,0.915
C07040,R048,D0493,P006,2025-05-15,1,2,5,In-person,0.878
C07041,R009,D0495,P008,2025-05-08,4,1,2,In-person,0.897
C07042,R013,D0087,P001,2025-05-26,4,1,2,In-person,1.082
C07043,R057,D0541,P008,2025-05-28,3,2,5,In-person,1.122
C07044,R071,D0808,P001,2025-05-19,4,2,3,Clinic Camp,0.988
C07045,R036,D0648,P005,2025-05-23,1,1,4,In-person,0.847
C07046,R004,D0584,P007,2025-05-08,2,1,3,Clinic Camp,0.796
C07047,R050,D0762,P006,2025-05-24,4,1,0,In-person,0.822
C07048,R018,D0316,P002,2025-05-29,3,1,3,In-person,0.847
C07049,R025,D0294,P005,2025-05-08,3,1,1,In-person,0.768
C07050,R070,D0821,P008,2025-05-30,2,2,0,In-person,0.945
C07051,R008,D0439,P002,2025-05-03,3,2,1,Virtual,0.888
C07052,R047,D0578,P008,2025-05-14,2,2,2,Clinic Camp,1.009
C07053,R033,D0554,P006,2025-05-03,3,1,5,Clinic Camp,0.951
C07054,R061,D0070,P001,2025-05-14,1,2,1,In-person,0.786
C07055,R037,D0251,P003,2025-05-21,3,1,5,In-person,0.9
C07056,R068,D0337,P007,2025-05-27,4,1,1,In-person,1.078
C07057,R024,D0147,P003,2025-05-05,1,2,5,In-person,0.891
C07058,R015,D0585,P008,2025-05-28,2,1,3,Clinic Camp,0.794
C07059,R007,D0780,P004,2025-05-31,3,2,0,In-person,1.008
C07060,R021,D0807,P003,2025-05-03,1,1,0,Virtual,0.757
C07061,R033,D0181,P007,2025-05-30,1,2,0,In-person,0.721
C07062,R009,D0380,P007,2025-05-29,1,2,2,In-person,0.836
C07063,R072,D0160,P002,2025-05-01,1,2,2,In-person,0.691
C07064,R041,D0046,P007,2025-05-02,4,2,0,In-person,1.007
C07065,R041,D0505,P003,2025-05-23,1,1,4,In-person,0.807
C07066,R008,D0659,P008,2025-05-14,3,2,5,Virtual,1.066
C07067,R063,D0012,P001,2025-05-09,2,1,5,Virtual,0.79
C07068,R008,D0537,P006,2025-05-13,3,2,1,Clinic Camp,0.899
C07069,R071,D0031,P002,2025-05-11,4,1,6,In-person,1.048
C07070,R021,D0727,P006,2025-05-31,4,2,2,Virtual,1.146
C07071,R003,D0080,P008,2025-05-08,1,2,1,Virtual,0.825
C07072,R051,D0296,P006,2025-05-03,1,2,0,In-person,0.755
C07073,R043,D0076,P004,2025-05-26,2,2,5,In-person,1.038
C07074,R003,D0296,P007,2025-05-27,4,2,1,In-person,1.038
C07075,R004,D0297,P002,2025-05-28,4,2,4,In-person,1.096
C07076,R014,D0469,P005,2025-05-31,3,1,3,In-person,0.968
C07077,R024,D0612,P008,2025-05-02,4,1,6,In-person,1.02
C07078,R042,D0758,P003,2025-05-24,1,1,5,In-person,0.725
C07079,R008,D0366,P001,2025-05-09,3,2,5,Virtual,1.018
C07080,R037,D0782,P004,2025-05-14,4,2,3,In-person,1.153
C07081,R048,D0348,P004,2025-05-14,4,2,3,In-person,1.215
C07082,R066,D0074,P007,2025-05-31,3,2,1,In-person,0.861
C07083,R031,D0543,P007,2025-05-17,3,1,5,In-person,1.071
C07084,R032,D0622,P003,2025-05-07,1,2,5,In-person,0.861
C07085,R019,D0218,P007,2025-05-03,3,1,2,In-person,0.888
C07086,R059,D0530,P002,2025-05-19,1,2,0,In-person,0.936
C07087,R002,D0329,P002,2025-05-26,2,1,5,Clinic Camp,0.837
C07088,R062,D0110,P005,2025-05-23,1,2,5,In-person,0.868
C07089,R040,D0372,P006,2025-05-29,2,1,5,In-person,0.819
C07090,R012,D0361,P007,2025-05-02,1,2,0,In-person,0.803
C07091,R009,D0287,P005,2025-05-13,2,2,5,In-person,0.985
C07092,R061,D0761,P002,2025-05-19,1,2,2,In-person,0.781
C07093,R044,D0431,P006,2025-05-27,4,1,1,In-person,1.054
C07094,R053,D0598,P004,2025-05-10,3,2,3,In-person,0.934
C07095,R057,D0035,P003,2025-05-21,3,2,5,In-person,1.07
C07096,R021,D0234,P003,2025-05-07,3,1,5,In-person,0.942
C07097,R023,D0747,P007,2025-05-19,4,1,1,In-person,1.037
C07098,R015,D0767,P002,2025-05-25,3,2,6,Clinic Camp,0.984
C07099,R066,D0758,P005,2025-05-26,3,1,5,In-person,0.986
C07100,R030,D0059,P001,2025-05-15,1,1,6,In-person,1.012
C07101,R067,D0715,P006,2025-05-15,3,2,6,In-person,0.933
C07102,R014,D0198,P002,2025-05-28,2,2,3,In-person,0.852
C07103,R013,D0015,P008,2025-05-17,1,2,0,Clinic Camp,0.967
C07104,R062,D0078,P008,2025-05-11,2,2,0,In-person,0.859
C07105,R039,D0585,P007,2025-05-09,2,2,4,Clinic Camp,0.951
C07106,R035,D0530,P003,2025-05-23,1,1,0,Clinic Camp,0.683
C07107,R032,D0501,P007,2025-05-23,3,2,4,In-person,1.144
C07108,R041,D0725,P002,2025-05-17,4,2,0,In-person,0.881
C07109,R006,D0095,P003,2025-05-05,1,2,5,In-person,0.989
C07110,R015,D0012,P002,2025-05-06,1,2,1,In-person,0.7
C07111,R069,D0801,P001,2025-05-08,4,1,0,Clinic Camp,0.795
C07112,R018,D0417,P003,2025-05-01,3,1,2,Virtual,0.799
C07113,R061,D0660,P005,2025-05-15,1,2,6,In-person,0.898
C07114,R007,D0476,P007,2025-05-13,2,1,3,In-person,0.777
C07115,R020,D0273,P001,2025-05-12,1,1,6,In-person,0.756
C07116,R019,D0449,P004,2025-05-29,4,1,1,In-person,0.864
C07117,R033,D0840,P006,2025-05-08,3,2,4,In-person,0.939
C07118,R011,D0093,P002,2025-05-26,1,1,1,Virtual,0.653
C07119,R022,D0082,P006,2025-05-06,1,2,3,In-person,0.873
C07120,R068,D0337,P005,2025-05-19,3,1,2,Clinic Camp,0.835
C07121,R033,D0403,P005,2025-05-27,3,1,4,Clinic Camp,0.709
C07122,R010,D0426,P001,2025-05-26,3,2,4,In-person,1.009
C07123,R054,D0161,P002,2025-05-19,1,2,0,Clinic Camp,0.86
C07124,R047,D0808,P008,2025-05-07,4,1,4,In-person,0.97
C07125,R064,D0105,P008,2025-05-12,1,2,5,Clinic Camp,0.789
C07126,R034,D0112,P004,2025-05-14,1,1,2,In-person,0.806
C07127,R018,D0753,P005,2025-05-27,3,1,0,Clinic Camp,0.74
C07128,R069,D0248,P005,2025-05-12,3,1,2,Virtual,0.86
C07129,R041,D0491,P005,2025-05-26,2,2,2,In-person,0.904
C07130,R019,D0359,P006,2025-05-30,3,2,5,In-person,1.116
C07131,R039,D0196,P005,2025-05-04,3,2,0,In-person,0.986
C07132,R056,D0477,P002,2025-05-30,2,1,2,In-person,0.835
C07133,R036,D0745,P001,2025-05-18,1,1,5,In-person,0.874
C07134,R046,D0042,P007,2025-05-19,3,2,6,Clinic Camp,0.955
C07135,R053,D0800,P006,2025-05-10,3,2,4,Clinic Camp,1.138
C07136,R044,D0314,P002,2025-05-11,4,1,0,In-person,0.675
C07137,R052,D0777,P001,2025-05-17,2,2,4,In-person,1.056
C07138,R064,D0798,P002,2025-05-07,2,1,0,In-person,0.713
C07139,R028,D0781,P005,2025-05-23,1,1,0,In-person,0.74
C07140,R050,D0662,P005,2025-05-21,2,1,4,In-person,0.968
C07141,R047,D0763,P002,2025-05-01,3,1,2,Clinic Camp,0.931
C07142,R031,D0749,P002,2025-05-07,2,1,0,In-person,0.81
C07143,R058,D0426,P002,2025-05-16,3,2,2,Virtual,1.045
C07144,R014,D0752,P004,2025-05-24,1,1,2,Clinic Camp,0.628
C07145,R002,D0303,P002,2025-05-10,4,2,4,Clinic Camp,0.976
C07146,R030,D0710,P004,2025-05-28,4,2,6,In-person,1.14
C07147,R048,D0726,P001,2025-05-17,4,2,0,In-person,0.994
C07148,R018,D0437,P008,2025-05-17,3,2,4,In-person,0.987
C07149,R051,D0138,P008,2025-05-04,3,2,4,In-person,1.111
C07150,R024,D0160,P003,2025-05-20,1,1,6,Virtual,0.91
C07151,R061,D0087,P007,2025-05-26,1,2,2,In-person,0.762
C07152,R049,D0521,P005,2025-05-07,2,1,1,In-person,0.833
C07153,R058,D0295,P001,2025-05-17,4,1,6,In-person,0.903
C07154,R027,D0714,P003,2025-05-01,1,1,0,In-person,0.583
C07155,R046,D0176,P001,2025-05-07,3,1,3,In-person,0.833
C07156,R019,D0081,P006,2025-05-03,4,1,4,In-person,0.988
C07157,R027,D0594,P007,2025-05-24,4,2,0,In-person,0.958
C07158,R055,D0168,P005,2025-05-31,3,1,2,In-person,0.922
C07159,R068,D0774,P001,2025-05-02,3,1,0,In-person,0.849
C07160,R015,D0012,P002,2025-05-22,1,2,5,In-person,0.979
C07161,R002,D0352,P004,2025-05-19,1,2,1,In-person,0.862
C07162,R017,D0788,P002,2025-05-22,2,1,4,In-person,0.769
C07163,R050,D0479,P001,2025-05-16,4,1,1,In-person,1.01
C07164,R021,D0682,P003,2025-05-31,1,1,4,In-person,0.713
C07165,R006,D0450,P005,2025-05-02,4,1,5,Clinic Camp,1.043
C07166,R034,D0566,P001,2025-05-05,2,2,0,In-person,0.831
C07167,R003,D0656,P008,2025-05-08,1,2,5,In-person,0.996
C07168,R021,D0386,P004,2025-05-25,1,1,4,In-person,0.84
C07169,R053,D0090,P002,2025-05-03,3,1,0,In-person,0.795
C07170,R022,D0821,P001,2025-05-04,1,2,1,Clinic Camp,0.787
C07171,R047,D0031,P008,2025-05-23,3,1,5,Virtual,1.202
C07172,R063,D0235,P005,2025-05-13,4,2,3,In-person,0.963
C07173,R025,D0609,P007,2025-05-22,3,2,0,In-person,0.882
C07174,R065,D0617,P007,2025-05-12,2,1,4,In-person,0.798
C07175,R038,D0469,P008,2025-05-03,4,2,5,In-person,1.007
C07176,R035,D0390,P008,2025-05-19,1,1,3,In-person,0.68
C07177,R060,D0361,P007,2025-05-04,1,1,0,In-person,0.701
C07178,R006,D0837,P007,2025-05-15,1,2,0,Clinic Camp,0.838
C07179,R011,D0354,P007,2025-05-28,1,1,2,In-person,0.619
C07180,R035,D0732,P003,2025-05-06,4,1,3,In-person,0.934
C07181,R012,D0062,P005,2025-05-07,1,2,5,In-person,0.826
C07182,R005,D0647,P008,2025-05-30,1,2,4,In-person,0.778
C07183,R001,D0611,P007,2025-05-10,4,1,1,Virtual,1.018
C07184,R039,D0540,P001,2025-05-12,4,1,4,In-person,0.931
C07185,R025,D0346,P001,2025-05-22,1,1,0,In-person,0.6
C07186,R031,D0579,P002,2025-05-04,2,2,1,In-person,0.958
C07187,R001,D0388,P006,2025-05-02,3,1,5,In-person,1.04
C07188,R005,D0570,P004,2025-05-27,2,1,6,In-person,0.907
C07189,R066,D0694,P006,2025-05-30,4,2,4,In-person,1.007
C07190,R032,D0605,P002,2025-05-31,1,1,3,In-person,0.742
C07191,R059,D0626,P001,2025-05-01,4,1,6,In-person,0.976
C07192,R047,D0843,P007,2025-05-17,3,2,2,Clinic Camp,0.972
C07193,R022,D0165,P003,2025-05-27,1,2,4,In-person,0.929
C07194,R034,D0410,P001,2025-05-27,3,2,4,In-person,1.01
C07195,R067,D0562,P002,2025-05-12,1,1,0,Virtual,0.71
C07196,R027,D0619,P003,2025-05-16,4,1,6,In-person,0.987
C07197,R005,D0120,P004,2025-05-05,4,2,4,In-person,1.135
C07198,R026,D0689,P008,2025-05-05,1,2,1,In-person,0.847
C07199,R010,D0112,P002,2025-05-12,3,2,5,In-person,0.883
C07200,R016,D0373,P005,2025-05-08,2,2,2,In-person,0.763
C07201,R059,D0600,P003,2025-05-31,1,1,0,Clinic Camp,0.683
C07202,R067,D0175,P004,2025-05-03,3,1,4,In-person,1.0
C07203,R070,D0082,P003,2025-05-17,1,2,0,Clinic Camp,0.893
C07204,R040,D0535,P003,2025-05-18,1,2,4,In-person,0.933
C07205,R016,D0335,P005,2025-05-02,4,1,4,In-person,0.98
C07206,R043,D0702,P005,2025-05-14,2,1,1,In-person,0.915
C07207,R031,D0769,P002,2025-05-30,4,2,5,Virtual,1.042
C07208,R011,D0354,P002,2025-05-04,3,2,3,In-person,0.967
C07209,R063,D0576,P002,2025-05-05,3,2,2,Virtual,0.862
C07210,R004,D0200,P008,2025-05-06,2,2,0,Clinic Camp,0.842
C07211,R042,D0750,P003,2025-05-02,2,1,5,Clinic Camp,0.801
C07212,R066,D0210,P005,2025-05-28,1,1,1,In-person,0.851
C07213,R051,D0716,P004,2025-05-02,3,2,1,In-person,1.065
C07214,R003,D0671,P003,2025-05-09,3,1,1,In-person,0.873
C07215,R055,D0350,P001,2025-05-26,1,2,3,In-person,0.891
C07216,R022,D0654,P004,2025-05-31,2,1,6,In-person,0.84
C07217,R072,D0493,P008,2025-05-05,4,1,5,Clinic Camp,0.807
C07218,R064,D0535,P008,2025-05-12,2,1,5,In-person,0.809
C07219,R069,D0248,P003,2025-05-06,2,1,1,In-person,0.858
C07220,R065,D0163,P005,2025-05-06,1,2,4,In-person,0.907
C07221,R072,D0523,P003,2025-05-30,1,2,2,In-person,0.805
C07222,R006,D0059,P008,2025-05-11,4,2,3,Clinic Camp,1.123
C07223,R039,D0235,P005,2025-05-19,2,1,4,Clinic Camp,0.814
C07224,R042,D0092,P008,2025-05-05,2,2,1,In-person,0.797
C07225,R002,D0003,P007,2025-05-09,1,2,2,In-person,0.895
C07226,R053,D0001,P003,2025-05-12,4,1,2,In-person,0.907
C07227,R030,D0095,P004,2025-05-19,2,1,6,Virtual,0.97
C07228,R045,D0801,P005,2025-05-28,3,2,6,In-person,0.888
C07229,R045,D0669,P002,2025-05-08,3,2,6,In-person,1.002
C07230,R052,D0830,P007,2025-05-20,2,1,3,In-person,0.882
C07231,R041,D0053,P005,2025-05-16,2,1,4,In-person,0.892
C07232,R005,D0846,P002,2025-05-25,1,2,5,In-person,0.872
C07233,R055,D0543,P004,2025-05-11,3,1,5,In-person,0.963
C07234,R065,D0617,P007,2025-05-14,3,2,4,In-person,1.023
C07235,R054,D0744,P004,2025-05-20,1,2,6,In-person,0.789
C07236,R057,D0250,P006,2025-05-14,1,1,2,In-person,0.717
C07237,R060,D0704,P008,2025-05-24,2,2,4,In-person,0.96
C07238,R039,D0533,P003,2025-05-01,3,2,4,In-person,1.052
C07239,R052,D0297,P008,2025-05-11,3,1,5,In-person,0.935
C07240,R068,D0511,P004,2025-05-06,1,2,6,In-person,0.864
C07241,R045,D0206,P005,2025-05-05,3,2,0,In-person,0.833
C07242,R012,D0149,P007,2025-05-02,3,1,5,In-person,1.0
C07243,R058,D0734,P001,2025-05-12,1,1,5,In-person,0.851
C07244,R040,D0592,P006,2025-05-07,2,2,6,In-person,1.057
C07245,R033,D0510,P005,2025-05-24,4,1,1,Clinic Camp,0.852
C07246,R025,D0611,P006,2025-05-16,2,1,4,In-person,0.862
C07247,R071,D0322,P008,2025-05-25,1,2,0,In-person,0.745
C07248,R056,D0257,P004,2025-05-28,4,1,0,In-person,0.924
C07249,R046,D0802,P008,2025-05-25,1,2,4,In-person,1.105
C07250,R064,D0831,P005,2025-05-14,1,2,6,In-person,0.98
C07251,R066,D0195,P002,2025-05-31,1,1,1,In-person,0.668
C07252,R045,D0682,P006,2025-05-12,4,2,5,Clinic Camp,1.08
C07253,R052,D0313,P002,2025-05-26,3,2,0,Clinic Camp,0.911
C07254,R028,D0560,P008,2025-05-06,1,1,0,Clinic Camp,0.72
C07255,R007,D0154,P002,2025-05-31,1,2,4,In-person,0.75
C07256,R001,D0440,P004,2025-05-10,4,1,1,In-person,0.964
C07257,R001,D0094,P007,2025-05-20,1,1,0,In-person,0.541
C07258,R025,D0679,P001,2025-05-11,4,1,6,In-person,0.894
C07259,R045,D0283,P004,2025-05-08,2,2,6,Virtual,1.138
C07260,R024,D0178,P005,2025-05-11,1,2,0,In-person,0.771
C07261,R056,D0621,P003,2025-05-19,2,1,6,In-person,1.002
C07262,R026,D0829,P006,2025-05-04,2,1,0,Clinic Camp,0.715
C07263,R050,D0303,P003,2025-05-07,1,2,5,In-person,0.722
C07264,R061,D0604,P003,2025-05-29,2,2,5,In-person,0.876
C07265,R001,D0611,P003,2025-05-03,3,2,2,In-person,1.191
C07266,R026,D0352,P005,2025-05-23,2,2,0,In-person,0.757
C07267,R023,D0733,P008,2025-05-10,3,1,3,In-person,1.046
C07268,R071,D0077,P002,2025-05-10,4,1,6,In-person,1.056
C07269,R038,D0752,P004,2025-05-12,1,1,0,In-person,0.72
C07270,R058,D0238,P002,2025-05-12,3,2,5,In-person,0.97
C07271,R072,D0050,P002,2025-05-22,1,1,4,In-person,0.71
C07272,R014,D0786,P008,2025-05-25,1,1,6,Virtual,0.863
C07273,R062,D0653,P006,2025-05-12,2,1,1,Virtual,0.904
C07274,R013,D0686,P008,2025-05-06,2,1,4,In-person,0.868
C07275,R015,D0114,P006,2025-05-01,4,2,3,Clinic Camp,1.123
C07276,R032,D0623,P006,2025-05-23,2,1,4,Clinic Camp,0.818
C07277,R029,D0678,P006,2025-05-29,4,2,1,Virtual,1.202
C07278,R006,D0794,P006,2025-05-02,4,1,3,In-person,0.993
C07279,R027,D0230,P007,2025-05-19,2,2,6,In-person,1.141
C07280,R070,D0802,P003,2025-05-07,1,2,5,In-person,0.813
C07281,R002,D0681,P001,2025-05-07,4,2,1,Clinic Camp,1.024
C07282,R005,D0233,P004,2025-05-26,2,2,0,In-person,0.956
C07283,R042,D0195,P001,2025-05-08,2,1,2,In-person,0.827
C07284,R024,D0726,P001,2025-05-10,3,2,1,In-person,0.999
C07285,R017,D0531,P001,2025-05-04,2,2,1,Virtual,0.81
C07286,R020,D0193,P001,2025-05-29,3,1,1,Clinic Camp,0.836
C07287,R008,D0171,P006,2025-05-29,4,1,3,Virtual,0.904
C07288,R043,D0702,P005,2025-05-29,1,2,0,In-person,0.793
C07289,R064,D0162,P008,2025-05-08,3,1,6,In-person,0.943
C07290,R070,D0165,P003,2025-05-06,2,2,0,In-person,0.828
C07291,R040,D0529,P003,2025-05-30,3,1,1,Clinic Camp,0.919
C07292,R006,D0744,P004,2025-05-20,4,2,3,In-person,0.979
C07293,R049,D0294,P007,2025-05-09,3,2,0,In-person,0.768
C07294,R062,D0549,P008,2025-05-02,2,2,3,In-person,0.878
C07295,R034,D0513,P006,2025-05-25,4,2,0,In-person,1.182
C07296,R028,D0435,P005,2025-05-25,3,2,6,In-person,1.089
C07297,R038,D0549,P008,2025-05-01,1,1,4,In-person,0.714
C07298,R060,D0158,P002,2025-05-15,1,2,2,In-person,0.872
C07299,R034,D0426,P004,2025-05-15,2,2,4,In-person,0.931
C07300,R004,D0005,P002,2025-05-15,3,1,3,Clinic Camp,0.935
C07301,R009,D0677,P002,2025-05-12,2,2,5,In-person,1.03
C07302,R020,D0684,P004,2025-05-11,1,1,5,Virtual,0.815
C07303,R017,D0617,P007,2025-05-11,4,2,5,In-person,1.11
C07304,R065,D0018,P003,2025-05-29,1,1,6,In-person,0.937
C07305,R013,D0761,P007,2025-05-31,1,1,0,In-person,0.753
C07306,R053,D0401,P005,2025-05-04,2,1,5,In-person,0.886
C07307,R031,D0144,P006,2025-05-23,1,1,6,In-person,0.821
C07308,R040,D0438,P002,2025-05-18,3,1,1,In-person,0.823
C07309,R016,D0508,P007,2025-05-08,2,1,5,In-person,0.77
C07310,R007,D0429,P002,2025-05-06,4,1,4,In-person,1.046
C07311,R060,D0704,P003,2025-05-24,1,2,4,In-person,0.974
C07312,R027,D0564,P007,2025-05-12,2,1,4,Clinic Camp,0.886
C07313,R018,D0195,P006,2025-05-05,3,2,2,In-person,1.021
C07314,R055,D0547,P003,2025-05-31,3,1,6,Virtual,0.887
C07315,R022,D0176,P003,2025-05-29,2,1,5,In-person,0.822
C07316,R067,D0076,P004,2025-05-13,4,1,3,Virtual,0.871
C07317,R057,D0250,P004,2025-05-14,4,1,4,In-person,0.972
C07318,R011,D0770,P001,2025-05-14,3,1,6,In-person,1.037
C07319,R012,D0528,P002,2025-05-06,3,2,2,In-person,0.92
C07320,R015,D0223,P002,2025-05-04,3,2,6,In-person,1.042
C07321,R063,D0235,P002,2025-05-09,2,2,0,In-person,0.926
C07322,R018,D0675,P003,2025-05-12,3,1,5,In-person,1.037
C07323,R003,D0616,P001,2025-05-05,4,1,4,In-person,0.86
C07324,R047,D0639,P006,2025-05-02,1,2,4,In-person,0.834
C07325,R054,D0587,P006,2025-05-29,1,2,4,In-person,0.813
C07326,R064,D0831,P002,2025-05-28,2,1,3,In-person,0.764
C07327,R036,D0624,P008,2025-05-10,3,2,1,In-person,0.927
C07328,R042,D0368,P005,2025-05-20,1,2,1,In-person,0.662
C07329,R055,D0292,P003,2025-05-05,3,2,6,In-person,1.019
C07330,R017,D0046,P002,2025-05-29,1,1,2,In-person,0.749
C07331,R030,D0665,P004,2025-05-26,1,1,1,In-person,0.645
C07332,R060,D0809,P008,2025-05-06,2,1,0,In-person,0.741
C07333,R030,D0603,P001,2025-05-07,1,2,2,In-person,0.838
C07334,R066,D0394,P001,2025-05-11,3,2,5,Clinic Camp,1.04
C07335,R020,D0273,P004,2025-05-03,3,2,2,In-person,0.845
C07336,R054,D0591,P008,2025-05-11,3,1,3,Clinic Camp,0.96
C07337,R059,D0203,P003,2025-05-21,3,2,4,In-person,1.07
C07338,R072,D0493,P006,2025-05-23,3,2,4,Clinic Camp,0.953
C07339,R063,D0208,P005,2025-05-01,3,1,0,In-person,0.984
C07340,R037,D0701,P002,2025-05-11,3,2,2,In-person,1.012
C07341,R049,D0793,P008,2025-05-26,1,1,4,In-person,0.807
C07342,R029,D0222,P002,2025-05-27,3,1,4,In-person,0.977
C07343,R045,D0246,P005,2025-05-18,1,1,2,In-person,0.663
C07344,R031,D0769,P006,2025-05-23,1,2,1,In-person,0.79
C07345,R037,D0015,P006,2025-06-08,4,1,1,Virtual,0.987
C07346,R026,D0375,P007,2025-06-27,1,2,0,Virtual,0.736
C07347,R045,D0084,P006,2025-06-15,1,2,0,In-person,0.772
C07348,R072,D0348,P006,2025-06-21,2,2,6,In-person,1.026
C07349,R057,D0049,P002,2025-06-08,4,1,2,In-person,0.981
C07350,R038,D0110,P003,2025-06-06,4,1,2,In-person,0.958
C07351,R067,D0345,P003,2025-06-16,3,2,3,In-person,0.999
C07352,R044,D0086,P003,2025-06-16,1,1,3,In-person,0.75
C07353,R055,D0696,P001,2025-06-18,3,2,0,In-person,1.008
C07354,R051,D0565,P001,2025-06-25,4,2,6,In-person,1.285
C07355,R031,D0459,P004,2025-06-24,2,2,3,In-person,0.947
C07356,R054,D0525,P006,2025-06-10,2,1,3,Clinic Camp,0.937
C07357,R043,D0712,P008,2025-06-14,4,1,3,Virtual,0.939
C07358,R046,D0655,P008,2025-06-03,1,2,6,In-person,0.853
C07359,R031,D0023,P004,2025-06-24,4,1,6,In-person,0.965
C07360,R055,D0579,P008,2025-06-05,2,1,0,Clinic Camp,0.707
C07361,R067,D0399,P004,2025-06-03,3,1,4,Virtual,0.899
C07362,R055,D0683,P004,2025-06-16,2,2,1,In-person,0.959
C07363,R007,D0683,P002,2025-06-28,3,2,0,Clinic Camp,1.02
C07364,R051,D0656,P006,2025-06-12,4,2,3,In-person,1.023
C07365,R037,D0601,P003,2025-06-06,2,1,3,In-person,0.808
C07366,R028,D0200,P004,2025-06-06,1,1,3,In-person,0.764
C07367,R065,D0635,P008,2025-06-26,1,1,0,In-person,0.729
C07368,R002,D0681,P005,2025-06-20,4,1,4,In-person,1.039
C07369,R002,D0239,P003,2025-06-15,4,1,3,Clinic Camp,0.942
C07370,R068,D0321,P006,2025-06-28,3,1,0,Virtual,0.834
C07371,R010,D0362,P006,2025-06-04,1,2,2,In-person,0.944
C07372,R032,D0371,P005,2025-06-19,4,1,0,Clinic Camp,0.898
C07373,R013,D0601,P001,2025-06-11,2,2,6,In-person,0.932
C07374,R022,D0351,P002,2025-06-08,1,2,5,In-person,0.883
C07375,R052,D0169,P002,2025-06-28,2,2,3,In-person,0.93
C07376,R050,D0326,P008,2025-06-29,4,2,0,In-person,0.887
C07377,R063,D0743,P003,2025-06-26,4,1,5,In-person,0.975
C07378,R063,D0743,P004,2025-06-05,3,2,2,In-person,1.01
C07379,R062,D0288,P008,2025-06-22,3,1,4,In-person,1.082
C07380,R019,D0698,P008,2025-06-11,4,1,5,In-person,0.968
C07381,R072,D0057,P002,2025-06-12,3,2,2,In-person,1.037
C07382,R014,D0786,P007,2025-06-06,2,1,6,In-person,0.902
C07383,R052,D0584,P006,2025-06-18,1,1,1,In-person,0.821
C07384,R043,D0021,P005,2025-06-26,1,1,2,In-person,0.696
C07385,R031,D0588,P002,2025-06-07,1,1,1,In-person,0.816
C07386,R044,D0511,P006,2025-06-17,4,2,2,In-person,1.158
C07387,R051,D0773,P005,2025-06-20,1,2,5,Clinic Camp,1.006
C07388,R033,D0214,P004,2025-06-19,1,2,3,Clinic Camp,0.968
C07389,R069,D0789,P005,2025-06-08,4,2,6,Virtual,1.133
C07390,R046,D0736,P002,2025-06-01,2,2,6,In-person,1.025
C07391,R060,D0164,P005,2025-06-25,1,1,2,Clinic Camp,0.712
C07392,R009,D0380,P002,2025-06-18,4,1,5,In-person,0.832
C07393,R006,D0591,P003,2025-06-22,4,2,3,In-person,1.084
C07394,R058,D0124,P004,2025-06-16,3,1,2,Clinic Camp,0.873
C07395,R048,D0738,P002,2025-06-12,1,1,2,In-person,0.823
C07396,R002,D0184,P008,2025-06-08,3,1,0,In-person,0.919
C07397,R019,D0172,P008,2025-06-20,4,1,3,Virtual,0.889
C07398,R054,D0532,P004,2025-06-25,4,2,4,In-person,1.269
C07399,R025,D0440,P005,2025-06-10,3,1,6,In-person,0.989
C07400,R039,D0011,P003,2025-06-01,4,2,2,In-person,0.943
C07401,R050,D0810,P002,2025-06-05,4,1,0,In-person,0.828
C07402,R071,D0187,P008,2025-06-18,1,2,3,In-person,0.68
C07403,R056,D0170,P004,2025-06-08,3,1,2,In-person,0.947
C07404,R070,D0441,P008,2025-06-25,3,2,6,In-person,1.006
C07405,R039,D0795,P001,2025-06-09,4,2,4,In-person,1.015
C07406,R061,D0015,P001,2025-06-15,3,2,6,Clinic Camp,0.996
C07407,R014,D0468,P004,2025-06-07,3,2,2,Virtual,0.952
C07408,R072,D0726,P007,2025-06-14,3,2,3,In-person,1.04
C07409,R055,D0768,P004,2025-06-21,2,2,0,In-person,0.738
C07410,R061,D0087,P007,2025-06-24,2,1,0,Clinic Camp,0.694
C07411,R026,D0628,P002,2025-06-23,4,2,2,In-person,1.083
C07412,R040,D0709,P007,2025-06-16,4,2,2,Clinic Camp,0.998
C07413,R061,D0601,P004,2025-06-14,3,1,4,In-person,0.969
C07414,R070,D0514,P003,2025-06-10,2,1,1,In-person,0.758
C07415,R043,D0670,P006,2025-06-30,1,1,6,In-person,0.944
C07416,R072,D0385,P007,2025-06-23,2,2,5,In-person,0.977
C07417,R012,D0118,P008,2025-06-27,2,1,6,In-person,0.986
C07418,R036,D0589,P001,2025-06-23,4,1,2,In-person,0.997
C07419,R001,D0573,P006,2025-06-03,3,2,3,Clinic Camp,1.04
C07420,R024,D0620,P003,2025-06-08,2,2,3,Clinic Camp,0.864
C07421,R056,D0784,P005,2025-06-14,4,1,5,In-person,1.103
C07422,R066,D0249,P004,2025-06-10,2,2,5,Clinic Camp,0.977
C07423,R006,D0820,P007,2025-06-28,4,1,3,In-person,0.898
C07424,R044,D0034,P004,2025-06-15,3,2,6,In-person,0.879
C07425,R068,D0847,P003,2025-06-07,2,2,3,Clinic Camp,0.935
C07426,R065,D0083,P004,2025-06-18,4,2,1,Clinic Camp,1.149
C07427,R015,D0533,P006,2025-06-12,3,1,1,Clinic Camp,0.795
C07428,R071,D0519,P007,2025-06-04,4,1,2,In-person,0.881
C07429,R002,D0628,P001,2025-06-29,1,2,2,In-person,0.811
C07430,R060,D0815,P005,2025-06-29,2,1,1,In-person,0.886
C07431,R021,D0448,P001,2025-06-24,2,1,3,Clinic Camp,0.687
C07432,R049,D0094,P005,2025-06-10,3,2,1,In-person,0.906
C07433,R032,D0517,P005,2025-06-25,4,2,6,Clinic Camp,1.038
C07434,R014,D0247,P007,2025-06-09,1,2,2,Clinic Camp,0.881
C07435,R042,D0417,P002,2025-06-27,1,2,4,In-person,0.861
C07436,R024,D0312,P007,2025-06-27,3,1,5,Virtual,0.912
C07437,R040,D0065,P006,2025-06-06,2,1,6,In-person,0.874
C07438,R003,D0615,P006,2025-06-10,3,2,4,Virtual,1.075
C07439,R052,D0048,P006,2025-06-21,1,1,1,In-person,0.818
C07440,R013,D0251,P005,2025-06-08,3,1,3,In-person,0.986
C07441,R004,D0445,P001,2025-06-25,1,2,0,In-person,0.846
C07442,R067,D0715,P007,2025-06-21,4,2,1,Virtual,1.139
C07443,R024,D0289,P004,2025-06-07,1,2,6,In-person,0.833
C07444,R041,D0384,P001,2025-06-24,1,2,0,In-person,0.831
C07445,R013,D0209,P005,2025-06-02,1,1,2,In-person,0.934
C07446,R072,D0482,P008,2025-06-12,1,1,0,In-person,0.563
C07447,R045,D0194,P006,2025-06-06,2,1,3,In-person,0.791
C07448,R049,D0521,P002,2025-06-01,3,2,5,In-person,0.947
C07449,R007,D0696,P007,2025-06-23,4,1,0,In-person,0.943
C07450,R008,D0170,P007,2025-06-05,4,2,0,In-person,1.125
C07451,R021,D0807,P003,2025-06-21,1,1,6,Clinic Camp,0.861
C07452,R030,D0544,P005,2025-06-03,2,2,1,In-person,0.871
C07453,R027,D0615,P007,2025-06-27,4,2,0,In-person,1.054
C07454,R049,D0573,P002,2025-06-30,1,2,0,In-person,0.777
C07455,R016,D0787,P003,2025-06-10,3,1,6,Virtual,0.974
C07456,R072,D0520,P004,2025-06-15,2,1,6,In-person,0.937
C07457,R016,D0730,P001,2025-06-19,1,1,1,In-person,0.868
C07458,R022,D0228,P002,2025-06-18,1,2,1,In-person,0.854
C07459,R043,D0140,P005,2025-06-01,2,2,1,In-person,0.905
C07460,R066,D0437,P003,2025-06-30,1,2,3,In-person,1.017
C07461,R041,D0083,P002,2025-06-29,1,2,5,In-person,0.734
C07462,R061,D0070,P003,2025-06-15,3,1,5,In-person,0.933
C07463,R009,D0181,P001,2025-06-17,4,1,2,In-person,0.897
C07464,R048,D0180,P006,2025-06-06,3,2,4,In-person,0.993
C07465,R033,D0121,P003,2025-06-23,3,2,1,In-person,1.006
C07466,R012,D0704,P006,2025-06-16,1,1,6,Clinic Camp,0.896
C07467,R034,D0410,P007,2025-06-09,2,2,4,Virtual,0.9
C07468,R047,D0134,P004,2025-06-10,3,1,6,In-person,1.012
C07469,R043,D0218,P008,2025-06-03,1,1,1,Virtual,0.656
C07470,R003,D0803,P002,2025-06-24,3,2,6,In-person,0.946
C07471,R033,D0835,P008,2025-06-02,1,1,2,In-person,0.752
C07472,R040,D0103,P003,2025-06-17,2,2,4,In-person,0.925
C07473,R022,D0464,P003,2025-06-25,3,2,0,In-person,1.059
C07474,R048,D0289,P008,2025-06-02,4,2,1,In-person,1.198
C07475,R064,D0365,P004,2025-06-05,1,1,3,In-person,0.715
C07476,R050,D0582,P006,2025-06-23,3,1,3,In-person,0.759
C07477,R040,D0831,P007,2025-06-25,3,1,0,In-person,0.741
C07478,R017,D0491,P004,2025-06-03,1,1,0,In-person,0.643
C07479,R002,D0829,P003,2025-06-08,3,2,5,In-person,1.047
C07480,R023,D0733,P004,2025-06-19,1,2,1,In-person,0.797
C07481,R006,D0665,P004,2025-06-17,3,1,5,In-person,0.839
C07482,R017,D0617,P004,2025-06-16,1,1,1,Clinic Camp,0.871
C07483,R021,D0669,P002,2025-06-08,1,1,1,In-person,0.781
C07484,R034,D0124,P008,2025-06-17,1,1,0,In-person,0.851
C07485,R067,D0799,P005,2025-06-02,2,1,3,In-person,0.69
C07486,R047,D0763,P007,2025-06-27,1,2,3,In-person,0.956
C07487,R067,D0524,P006,2025-06-17,2,1,4,In-person,0.84
C07488,R005,D0699,P003,2025-06-12,4,1,5,In-person,0.979
C07489,R004,D0719,P003,2025-06-12,4,2,4,Clinic Camp,1.084
C07490,R029,D0137,P008,2025-06-12,4,1,1,In-person,0.882
C07491,R057,D0061,P001,2025-06-14,2,1,2,In-person,0.805
C07492,R033,D0841,P003,2025-06-06,1,2,0,Clinic Camp,0.876
C07493,R070,D0451,P006,2025-06-19,2,1,4,In-person,0.695
C07494,R041,D0606,P005,2025-06-06,1,2,2,In-person,0.956
C07495,R013,D0341,P005,2025-06-10,1,2,1,In-person,0.849
C07496,R028,D0358,P001,2025-06-27,2,2,6,In-person,0.969
C07497,R006,D0059,P002,2025-06-17,3,2,3,In-person,1.069
C07498,R058,D0197,P005,2025-06-28,4,2,0,Clinic Camp,1.039
C07499,R026,D0131,P003,2025-06-20,3,2,0,In-person,0.902
C07500,R052,D0313,P004,2025-06-24,2,1,2,In-person,0.754
C07501,R032,D0106,P008,2025-06-03,3,1,6,In-person,1.078
C07502,R001,D0679,P006,2025-06-16,4,1,0,In-person,0.802
C07503,R047,D0260,P006,2025-06-11,3,1,2,In-person,0.87
C07504,R005,D0718,P002,2025-06-01,4,2,2,In-person,0.933
C07505,R047,D0039,P005,2025-06-03,4,2,4,In-person,1.121
C07506,R049,D0032,P008,2025-06-06,3,2,4,In-person,1.004
C07507,R004,D0297,P006,2025-06-01,4,1,3,In-person,0.874
C07508,R034,D0640,P007,2025-06-14,2,2,5,In-person,0.89
C07509,R038,D0685,P008,2025-06-02,2,1,0,In-person,0.784
C07510,R036,D0506,P008,2025-06-25,1,2,2,In-person,0.859
C07511,R030,D0587,P003,2025-06-18,1,2,0,In-person,0.645
C07512,R005,D0678,P003,2025-06-29,3,1,2,Clinic Camp,0.83
C07513,R029,D0647,P003,2025-06-03,4,2,1,In-person,1.041
C07514,R010,D0566,P007,2025-06-03,1,2,6,In-person,1.005
C07515,R051,D0071,P004,2025-06-27,3,2,4,In-person,1.079
C07516,R069,D0293,P007,2025-06-12,1,2,1,In-person,0.782
C07517,R071,D0737,P007,2025-06-23,4,1,4,In-person,1.072
C07518,R021,D0293,P006,2025-06-06,3,1,5,In-person,0.915
C07519,R034,D0104,P001,2025-06-01,2,2,1,Clinic Camp,0.638
C07520,R038,D0549,P006,2025-06-15,2,2,3,Clinic Camp,1.039
C07521,R008,D0300,P002,2025-06-18,4,1,3,In-person,1.011
C07522,R052,D0358,P005,2025-06-04,2,2,6,Clinic Camp,0.993
C07523,R020,D0546,P002,2025-06-01,1,2,2,In-person,0.837
C07524,R018,D0475,P001,2025-06-07,3,2,4,In-person,1.036
C07525,R027,D0803,P006,2025-06-04,3,1,3,In-person,0.905
C07526,R010,D0513,P004,2025-06-30,3,1,2,In-person,0.863
C07527,R023,D0850,P006,2025-06-30,2,2,2,In-person,0.854
C07528,R030,D0006,P004,2025-06-01,2,1,6,Virtual,0.894
C07529,R065,D0617,P003,2025-06-14,1,2,6,Clinic Camp,0.837
C07530,R003,D0296,P001,2025-06-12,4,1,1,In-person,0.847
C07531,R031,D0651,P003,2025-06-01,1,2,3,In-person,0.876
C07532,R054,D0060,P008,2025-06-20,2,1,0,In-person,0.858
C07533,R065,D0486,P007,2025-06-26,1,2,2,In-person,0.772
C07534,R048,D0026,P004,2025-06-19,1,2,6,In-person,0.858
C07535,R004,D0458,P001,2025-06-28,1,1,4,In-person,0.646
C07536,R033,D0207,P008,2025-06-20,2,2,3,Clinic Camp,0.819
C07537,R064,D0105,P006,2025-06-17,4,1,5,Clinic Camp,0.908
C07538,R053,D0054,P001,2025-06-29,1,2,3,In-person,0.932
C07539,R009,D0250,P002,2025-06-22,4,1,3,Clinic Camp,0.835
C07540,R012,D0813,P002,2025-06-23,3,1,0,In-person,0.887
C07541,R070,D0848,P008,2025-06-24,4,2,0,In-person,0.989
C07542,R013,D0030,P008,2025-06-01,3,2,3,In-person,1.042
C07543,R037,D0839,P004,2025-06-23,4,1,0,In-person,1.013
C07544,R013,D0416,P002,2025-06-23,3,1,0,In-person,0.848
C07545,R024,D0289,P006,2025-06-15,4,1,2,Clinic Camp,1.047
C07546,R023,D0808,P003,2025-06-17,1,1,3,Virtual,0.888
C07547,R039,D0183,P001,2025-06-25,4,1,5,In-person,1.118
C07548,R058,D0111,P003,2025-06-05,1,2,6,In-person,0.854
C07549,R063,D0183,P003,2025-06-16,1,2,4,In-person,0.714
C07550,R019,D0081,P001,2025-06-24,3,2,6,In-person,1.038
C07551,R020,D0511,P006,2025-06-08,2,1,2,Clinic Camp,0.83
C07552,R035,D0153,P003,2025-06-08,1,1,4,Clinic Camp,0.626
C07553,R001,D0157,P005,2025-06-01,4,2,0,In-person,1.015
C07554,R011,D0357,P005,2025-06-10,3,2,0,In-person,0.734
C07555,R007,D0569,P007,2025-06-11,2,1,4,In-person,0.976
C07556,R015,D0764,P007,2025-06-29,2,2,2,Virtual,0.944
C07557,R063,D0012,P005,2025-06-03,3,1,3,In-person,0.839
C07558,R020,D0607,P007,2025-06-20,2,1,6,Clinic Camp,0.898
C07559,R017,D0053,P005,2025-06-02,3,2,5,In-person,1.05
C07560,R052,D0830,P001,2025-06-24,1,1,2,In-person,0.785
C07561,R069,D0215,P007,2025-06-15,2,1,4,In-person,0.858
C07562,R053,D0800,P007,2025-06-13,1,1,6,In-person,0.894
C07563,R071,D0639,P004,2025-06-29,2,2,1,In-person,0.787
C07564,R011,D0354,P004,2025-06-23,2,2,3,In-person,0.914
C07565,R015,D0223,P008,2025-06-04,3,1,5,In-person,1.083
C07566,R028,D0276,P004,2025-06-08,4,2,4,In-person,1.054
C07567,R047,D0364,P003,2025-06-09,3,2,3,In-person,1.013
C07568,R027,D0383,P006,2025-06-19,4,2,3,In-person,0.984
C07569,R064,D0535,P003,2025-06-25,2,1,4,In-person,1.025
C07570,R045,D0311,P004,2025-06-20,2,2,3,In-person,0.947
C07571,R055,D0683,P007,2025-06-13,3,1,2,In-person,0.785
C07572,R005,D0444,P002,2025-06-23,1,2,6,In-person,0.995
C07573,R062,D0247,P001,2025-06-23,2,2,5,Clinic Camp,0.874
C07574,R016,D0360,P003,2025-06-03,4,1,4,In-person,1.047
C07575,R023,D0578,P002,2025-06-17,2,2,1,In-person,0.97
C07576,R032,D0173,P003,2025-06-22,4,1,3,In-person,1.136
C07577,R042,D0229,P001,2025-06-19,3,1,1,In-person,0.886
C07578,R009,D0277,P005,2025-06-08,1,2,1,In-person,0.822
C07579,R059,D0567,P005,2025-06-05,2,1,1,In-person,0.636
C07580,R056,D0171,P003,2025-06-09,2,1,1,Virtual,0.761
C07581,R042,D0393,P006,2025-06-11,4,1,5,In-person,0.953
C07582,R038,D0549,P002,2025-06-28,2,2,3,In-person,0.91
C07583,R039,D0795,P001,2025-06-19,2,2,5,Virtual,0.918
C07584,R031,D0459,P004,2025-06-26,3,2,6,Clinic Camp,1.111
C07585,R030,D0837,P002,2025-06-01,4,1,1,In-person,0.893
C07586,R041,D0505,P007,2025-06-24,3,2,1,In-person,0.996
C07587,R040,D0608,P003,2025-06-06,4,1,1,In-person,0.929
C07588,R049,D0219,P004,2025-06-17,1,1,0,In-person,0.66
C07589,R012,D0809,P003,2025-06-12,4,2,0,Virtual,0.953
C07590,R025,D0219,P004,2025-06-26,1,1,4,Clinic Camp,0.801
C07591,R010,D0098,P001,2025-06-21,4,1,4,In-person,1.102
C07592,R064,D0067,P008,2025-06-14,3,1,2,In-person,0.828
C07593,R022,D0492,P002,2025-06-16,3,2,3,Virtual,0.998
C07594,R026,D0628,P004,2025-06-22,1,2,1,In-person,0.857
C07595,R019,D0140,P007,2025-06-22,3,1,4,In-person,0.92
C07596,R067,D0715,P004,2025-06-18,1,1,4,Clinic Camp,0.641
C07597,R036,D0164,P006,2025-06-22,3,2,4,In-person,1.05
C07598,R069,D0499,P001,2025-06-24,2,1,3,Clinic Camp,0.713
C07599,R039,D0387,P003,2025-06-01,1,2,5,In-person,0.771
C07600,R033,D0541,P007,2025-06-12,2,1,0,In-person,0.676
C07601,R007,D0651,P003,2025-06-28,1,2,2,In-person,0.823
C07602,R061,D0782,P004,2025-06-10,1,2,0,Virtual,0.723
C07603,R070,D0590,P001,2025-06-25,1,2,5,In-person,0.775
C07604,R046,D0796,P005,2025-06-17,2,1,0,In-person,0.81
C07605,R069,D0740,P003,2025-06-09,3,1,3,In-person,0.902
C07606,R057,D0317,P007,2025-06-11,3,2,1,In-person,1.019
C07607,R069,D0455,P004,2025-06-15,1,1,4,In-person,0.724
C07608,R056,D0212,P007,2025-06-04,2,1,2,In-person,0.811
C07609,R042,D0750,P008,2025-06-10,3,1,3,Virtual,0.968
C07610,R035,D0826,P007,2025-06-21,1,1,6,In-person,0.713
C07611,R042,D0694,P006,2025-06-28,1,2,6,In-person,0.855
C07612,R062,D0602,P005,2025-06-29,1,1,2,In-person,0.825
C07613,R071,D0739,P004,2025-06-12,1,1,2,In-person,0.748
C07614,R062,D0685,P001,2025-06-24,1,2,2,Clinic Camp,0.824
C07615,R032,D0255,P002,2025-06-12,3,2,4,In-person,1.009
C07616,R045,D0213,P004,2025-06-25,4,1,6,Virtual,1.126
C07617,R059,D0496,P006,2025-06-28,4,2,4,In-person,1.08
C07618,R045,D0293,P001,2025-06-14,3,2,3,In-person,0.998
C07619,R037,D0614,P008,2025-06-19,2,1,6,Virtual,0.887
C07620,R053,D0718,P008,2025-06-27,4,1,1,In-person,0.809
C07621,R068,D0847,P001,2025-06-05,4,2,0,In-person,1.05
C07622,R028,D0599,P001,2025-06-08,2,1,0,In-person,0.714
C07623,R037,D0015,P007,2025-06-19,1,2,4,In-person,0.771
C07624,R003,D0226,P002,2025-06-06,2,1,6,In-person,0.748
C07625,R026,D0261,P002,2025-06-24,2,2,1,In-person,0.765
C07626,R059,D0567,P002,2025-06-08,3,2,5,In-person,0.848
C07627,R003,D0226,P006,2025-06-11,1,1,6,In-person,0.736
C07628,R028,D0830,P002,2025-06-25,3,1,6,In-person,0.923
C07629,R058,D0197,P002,2025-06-16,2,1,5,Clinic Camp,0.955
C07630,R036,D0370,P004,2025-06-24,2,2,2,Virtual,0.911
C07631,R062,D0685,P005,2025-06-19,1,2,4,In-person,0.892
C07632,R021,D0248,P008,2025-06-16,3,1,3,Clinic Camp,1.006
C07633,R054,D0059,P002,2025-06-16,1,1,3,In-person,0.536
C07634,R068,D0337,P003,2025-06-25,4,1,4,In-person,1.023
C07635,R044,D0355,P005,2025-06-30,3,2,4,In-person,1.037
C07636,R031,D0543,P004,2025-06-01,4,2,5,In-person,1.166
C07637,R057,D0673,P005,2025-06-16,3,2,3,Clinic Camp,0.85
C07638,R016,D0478,P002,2025-06-24,4,2,4,In-person,1.036
C07639,R014,D0347,P005,2025-06-20,1,1,2,In-person,0.672
C07640,R036,D0427,P008,2025-06-15,1,1,3,Virtual,0.661
C07641,R066,D0092,P006,2025-06-24,4,1,5,Clinic Camp,1.195
C07642,R040,D0162,P006,2025-06-15,3,2,5,In-person,0.985
C07643,R010,D0423,P001,2025-06-05,3,1,3,In-person,0.978
C07644,R066,D0675,P008,2025-06-09,2,1,3,In-person,0.89
C07645,R046,D0441,P006,2025-06-02,2,2,1,In-person,0.773
C07646,R071,D0039,P006,2025-06-22,3,1,2,In-person,0.844
C07647,R053,D0846,P002,2025-06-30,2,1,4,In-person,0.857
C07648,R066,D0244,P005,2025-06-12,1,2,0,Virtual,0.832
C07649,R056,D0623,P006,2025-06-22,2,1,0,Virtual,0.806
C07650,R015,D0767,P005,2025-06-30,2,2,4,In-person,1.082
C07651,R038,D0786,P001,2025-06-12,4,2,5,Clinic Camp,1.173
C07652,R054,D0095,P001,2025-06-27,2,1,6,In-person,0.941
C07653,R018,D0135,P004,2025-06-01,2,1,3,In-person,0.911
C07654,R065,D0531,P006,2025-06-21,3,2,0,In-person,1.048
C07655,R025,D0672,P004,2025-06-05,1,1,4,In-person,0.732
C07656,R027,D0714,P006,2025-06-24,3,2,2,In-person,0.85
C07657,R034,D0409,P008,2025-06-01,1,2,1,Clinic Camp,0.769
C07658,R024,D0097,P008,2025-06-25,4,1,4,In-person,0.882
C07659,R070,D0577,P006,2025-06-12,2,2,5,In-person,0.881
C07660,R063,D0540,P006,2025-06-08,2,1,0,In-person,0.788
C07661,R030,D0512,P001,2025-06-17,2,1,5,Virtual,0.826
C07662,R057,D0554,P001,2025-06-30,2,1,4,In-person,0.904
C07663,R043,D0140,P006,2025-06-05,3,1,5,Clinic Camp,0.964
C07664,R029,D0735,P007,2025-06-10,3,2,4,Clinic Camp,1.041
C07665,R047,D0031,P002,2025-06-20,4,2,3,In-person,0.963
C07666,R050,D0762,P005,2025-06-03,4,2,2,In-person,0.976
C07667,R059,D0732,P003,2025-06-29,2,1,4,In-person,0.699
C07668,R046,D0577,P001,2025-06-16,3,2,1,In-person,1.003
C07669,R036,D0766,P004,2025-06-30,2,2,3,In-person,1.078
C07670,R008,D0705,P004,2025-06-13,4,2,5,In-person,1.114
C07671,R007,D0202,P007,2025-06-25,1,1,1,Clinic Camp,0.749
C07672,R003,D0564,P007,2025-06-10,4,1,0,In-person,0.877
C07673,R038,D0504,P008,2025-06-14,2,1,0,Virtual,0.763
C07674,R029,D0828,P001,2025-06-11,3,2,3,Clinic Camp,1.096
C07675,R041,D0606,P008,2025-06-17,3,2,2,In-person,0.983
C07676,R046,D0463,P005,2025-06-07,2,2,4,In-person,0.993
C07677,R019,D0471,P002,2025-06-16,4,2,5,In-person,1.204
C07678,R023,D0101,P006,2025-06-26,2,2,6,In-person,1.066
C07679,R029,D0279,P001,2025-06-05,3,1,2,In-person,0.889
C07680,R061,D0272,P004,2025-06-24,4,1,0,In-person,0.928
C07681,R004,D0719,P007,2025-06-26,1,2,5,In-person,0.859
C07682,R027,D0716,P008,2025-06-02,4,2,0,In-person,1.05
C07683,R006,D0591,P003,2025-06-21,4,2,4,Clinic Camp,1.049
C07684,R029,D0090,P002,2025-06-15,2,2,1,Clinic Camp,0.916
C07685,R050,D0681,P005,2025-06-20,4,1,2,In-person,1.039
C07686,R059,D0420,P002,2025-06-09,1,2,0,Virtual,0.665
C07687,R017,D0531,P008,2025-06-07,1,1,0,In-person,0.561
C07688,R030,D0450,P003,2025-06-09,4,1,1,In-person,0.934
C07689,R039,D0576,P002,2025-06-05,4,1,3,In-person,1.028
C07690,R001,D0157,P002,2025-06-13,1,1,2,In-person,0.769
C07691,R014,D0110,P003,2025-06-27,3,1,2,In-person,0.789
C07692,R048,D0160,P006,2025-06-24,1,1,0,In-person,0.782
C07693,R062,D0754,P007,2025-06-06,4,1,0,In-person,1.073
C07694,R022,D0063,P006,2025-06-17,4,2,5,In-person,1.031
C07695,R054,D0242,P006,2025-06-03,2,2,5,In-person,0.902
C07696,R035,D0354,P003,2025-06-02,1,2,5,Clinic Camp,0.892
C07697,R017,D0630,P008,2025-06-19,1,2,6,In-person,0.898
C07698,R066,D0253,P008,2025-06-10,3,1,5,Clinic Camp,1.036
C07699,R060,D0806,P006,2025-06-22,4,2,0,In-person,1.033
C07700,R020,D0847,P007,2025-06-05,3,1,5,Virtual,0.917
C07701,R010,D0484,P003,2025-06-04,2,1,1,In-person,0.751
C07702,R015,D0223,P004,2025-06-22,3,2,5,Virtual,0.908
C07703,R068,D0596,P007,2025-06-07,4,1,4,In-person,1.102
C07704,R063,D0540,P004,2025-06-02,4,2,5,In-person,1.15
C07705,R045,D0056,P007,2025-06-24,1,1,6,In-person,0.811
C07706,R060,D0766,P007,2025-06-22,1,2,4,Clinic Camp,0.881
C07707,R035,D0420,P008,2025-06-28,2,1,6,Clinic Camp,0.879
C07708,R015,D0764,P003,2025-06-18,2,1,3,In-person,0.693
C07709,R042,D0417,P004,2025-06-15,3,2,6,In-person,0.934
C07710,R020,D0722,P004,2025-06-21,4,2,0,Clinic Camp,0.994
C07711,R056,D0170,P005,2025-06-24,3,1,3,Clinic Camp,0.886
C07712,R005,D0013,P006,2025-06-19,4,2,5,In-person,1.099
C07713,R060,D0139,P003,2025-06-10,2,1,6,In-person,1.024
C07714,R025,D0760,P002,2025-06-27,3,2,6,Virtual,1.025
C07715,R023,D0850,P003,2025-06-22,3,2,2,In-person,0.915
C07716,R068,D0847,P007,2025-06-27,2,1,4,In-person,0.856
C07717,R034,D0216,P008,2025-06-17,3,2,0,Virtual,0.828
C07718,R014,D0198,P001,2025-06-14,3,1,0,Clinic Camp,0.862
C07719,R058,D0225,P008,2025-06-26,3,2,4,In-person,0.954
C07720,R025,D0679,P001,2025-06-19,2,2,2,In-person,0.924
C07721,R009,D0214,P005,2025-06-24,2,1,3,In-person,0.82
C07722,R035,D0507,P002,2025-06-27,4,1,1,In-person,0.927
C07723,R053,D0625,P008,2025-06-09,3,2,5,In-person,1.08
C07724,R018,D0253,P007,2025-06-06,1,1,0,In-person,0.769
C07725,R059,D0428,P003,2025-06-05,3,1,4,In-person,1.085
C07726,R026,D0662,P006,2025-06-18,3,2,4,In-person,1.068
C07727,R024,D0610,P007,2025-06-25,4,1,5,In-person,0.99
C07728,R051,D0166,P002,2025-06-30,4,1,1,In-person,0.887
C07729,R008,D0477,P006,2025-06-01,3,1,2,Clinic Camp,0.914
C07730,R011,D0153,P003,2025-06-01,1,1,3,In-person,0.881
C07731,R012,D0047,P006,2025-06-21,2,2,2,Virtual,0.975
C07732,R064,D0534,P005,2025-06-09,1,1,5,In-person,0.743
C07733,R035,D0428,P006,2025-06-15,1,1,5,Virtual,0.836
C07734,R022,D0176,P006,2025-06-03,4,2,5,In-person,1.118
C07735,R005,D0052,P006,2025-06-03,1,2,3,Virtual,0.938
C07736,R008,D0784,P001,2025-06-16,1,1,4,Clinic Camp,0.806
C07737,R020,D0688,P007,2025-06-21,2,1,1,In-person,0.819
C07738,R008,D0784,P002,2025-06-27,2,2,1,In-person,0.793
C07739,R032,D0171,P004,2025-06-15,3,2,2,Clinic Camp,1.039
C07740,R028,D0005,P005,2025-06-20,2,2,1,In-person,0.777
C07741,R016,D0309,P007,2025-06-26,4,1,5,In-person,1.017
C07742,R058,D0069,P006,2025-06-13,1,2,1,In-person,0.774
C07743,R012,D0370,P002,2025-06-07,4,2,6,In-person,1.069
C07744,R060,D0589,P003,2025-06-25,4,2,2,In-person,1.093
C07745,R001,D0133,P002,2025-06-01,3,2,5,Virtual,1.03
C07746,R048,D0312,P005,2025-06-09,1,2,0,In-person,0.609
C07747,R049,D0521,P006,2025-06-04,3,2,5,In-person,1.014
C07748,R016,D0344,P006,2025-06-20,3,1,3,In-person,0.873
C07749,R051,D0383,P007,2025-06-09,3,2,5,Clinic Camp,1.131
C07750,R006,D0587,P006,2025-06-11,2,1,1,In-person,0.699
C07751,R037,D0827,P008,2025-06-20,2,2,1,Clinic Camp,1.041
C07752,R064,D0344,P008,2025-06-09,2,2,6,In-person,1.047
C07753,R004,D0048,P003,2025-06-11,3,1,4,Clinic Camp,0.9
C07754,R050,D0790,P003,2025-06-15,2,1,3,Virtual,0.8
C07755,R011,D0530,P001,2025-06-04,2,2,4,Virtual,0.891
C07756,R065,D0462,P003,2025-06-29,4,1,2,In-person,0.982
C07757,R018,D0481,P005,2025-06-30,2,2,6,In-person,0.915
C07758,R002,D0838,P006,2025-06-22,3,2,3,Clinic Camp,0.985
C07759,R044,D0193,P008,2025-06-04,4,1,0,Clinic Camp,0.833
C07760,R025,D0760,P005,2025-06-15,4,1,2,Clinic Camp,1.013
C07761,R041,D0505,P008,2025-06-11,3,1,6,In-person,0.972
C07762,R044,D0596,P005,2025-06-05,2,1,3,Clinic Camp,0.797
C07763,R027,D0716,P007,2025-06-27,1,1,5,In-person,0.781
C07764,R017,D0384,P007,2025-06-13,4,1,0,In-person,0.865
C07765,R011,D0687,P004,2025-06-20,3,1,0,Clinic Camp,0.875
C07766,R055,D0538,P007,2025-06-21,3,2,1,Clinic Camp,0.858
C07767,R053,D0828,P007,2025-06-10,4,2,3,In-person,1.136
C07768,R018,D0393,P003,2025-06-11,2,2,4,Clinic Camp,0.956
C07769,R019,D0631,P002,2025-06-30,1,2,0,In-person,0.764
C07770,R009,D0406,P001,2025-06-25,3,2,6,In-person,1.095
C07771,R018,D0316,P008,2025-06-16,4,2,4,In-person,1.113
C07772,R057,D0317,P004,2025-06-17,1,1,2,Clinic Camp,0.662
C07773,R007,D0769,P005,2025-06-01,4,1,3,In-person,1.079
C07774,R011,D0732,P003,2025-06-07,3,2,3,In-person,0.794
C07775,R001,D0157,P004,2025-06-01,3,1,5,Clinic Camp,1.027
C07776,R021,D0740,P004,2025-06-25,4,1,0,Virtual,0.907
C07777,R017,D0491,P005,2025-07-30,2,1,4,In-person,0.931
C07778,R017,D0053,P002,2025-07-06,3,1,3,Clinic Camp,1.019
C07779,R042,D0595,P007,2025-07-09,1,1,5,In-person,0.766
C07780,R011,D0191,P004,2025-07-11,3,2,2,In-person,0.946
C07781,R044,D0756,P002,2025-07-26,1,2,2,In-person,0.861
C07782,R015,D0374,P001,2025-07-13,1,1,5,In-person,0.709
C07783,R007,D0769,P001,2025-07-02,2,2,5,In-person,0.933
C07784,R026,D0352,P003,2025-07-19,2,2,5,In-person,0.927
C07785,R016,D0073,P006,2025-07-05,4,1,6,In-person,0.933
C07786,R003,D0671,P007,2025-07-21,4,2,0,In-person,0.972
C07787,R068,D0646,P008,2025-07-27,4,1,4,In-person,1.052
C07788,R026,D0261,P003,2025-07-03,3,1,4,Clinic Camp,0.976
C07789,R019,D0140,P006,2025-07-31,1,2,1,Virtual,0.804
C07790,R030,D0744,P003,2025-07-21,3,2,3,Clinic Camp,0.999
C07791,R061,D0663,P002,2025-07-02,2,1,6,In-person,0.864
C07792,R067,D0218,P005,2025-07-07,3,2,0,Virtual,0.799
C07793,R065,D0561,P006,2025-07-06,3,1,5,In-person,0.859
C07794,R037,D0150,P007,2025-07-28,4,2,2,Clinic Camp,1.123
C07795,R010,D0111,P001,2025-07-23,2,1,5,In-person,0.966
C07796,R050,D0662,P006,2025-07-12,4,1,3,In-person,0.905
C07797,R009,D0765,P003,2025-07-17,3,1,0,In-person,0.94
C07798,R071,D0763,P003,2025-07-11,3,1,0,In-person,0.754
C07799,R062,D0412,P001,2025-07-13,4,2,5,Clinic Camp,1.059
C07800,R064,D0105,P002,2025-07-20,4,2,5,In-person,1.09
C07801,R013,D0379,P004,2025-07-07,2,2,1,In-person,0.866
C07802,R021,D0518,P002,2025-07-24,1,1,4,In-person,0.727
C07803,R045,D0832,P003,2025-07-30,1,2,3,In-person,0.864
C07804,R002,D0151,P005,2025-07-31,2,1,0,In-person,0.842
C07805,R055,D0569,P001,2025-07-06,3,1,4,In-person,0.806
C07806,R044,D0511,P008,2025-07-13,4,1,1,In-person,0.948
C07807,R001,D0553,P003,2025-07-09,1,2,2,In-person,0.913
C07808,R010,D0068,P007,2025-07-20,2,1,0,In-person,0.747
C07809,R007,D0010,P006,2025-07-11,4,2,1,In-person,0.984
C07810,R071,D0498,P007,2025-07-13,4,1,6,In-person,0.96
C07811,R070,D0142,P003,2025-07-05,4,2,3,In-person,1.224
C07812,R028,D0445,P002,2025-07-18,4,2,5,Virtual,1.219
C07813,R039,D0004,P002,2025-07-17,1,1,2,In-person,0.722
C07814,R040,D0674,P002,2025-07-18,3,2,0,Clinic Camp,1.034
C07815,R031,D0350,P005,2025-07-11,3,2,4,In-person,0.97
C07816,R030,D0512,P005,2025-07-24,2,2,1,In-person,0.876
C07817,R071,D0284,P007,2025-07-19,4,2,0,In-person,0.925
C07818,R054,D0450,P008,2025-07-06,4,2,3,In-person,0.917
C07819,R056,D0480,P007,2025-07-12,2,2,2,In-person,0.86
C07820,R004,D0454,P003,2025-07-21,3,1,0,In-person,0.816
C07821,R021,D0518,P004,2025-07-04,2,1,4,In-person,0.886
C07822,R025,D0849,P008,2025-07-11,3,1,3,In-person,0.956
C07823,R029,D0146,P006,2025-07-28,4,1,6,Clinic Camp,1.018
C07824,R046,D0736,P004,2025-07-14,4,2,0,In-person,0.931
C07825,R015,D0494,P007,2025-07-16,1,2,3,Clinic Camp,0.801
C07826,R054,D0254,P002,2025-07-22,4,1,5,Virtual,1.137
C07827,R062,D0754,P006,2025-07-10,3,1,2,Virtual,0.936
C07828,R017,D0561,P008,2025-07-26,3,2,1,In-person,1.072
C07829,R025,D0133,P005,2025-07-01,1,2,6,In-person,1.05
C07830,R041,D0130,P005,2025-07-15,2,2,2,Virtual,0.853
C07831,R038,D0549,P001,2025-07-19,2,2,6,Virtual,1.044
C07832,R046,D0590,P005,2025-07-08,1,2,5,Clinic Camp,0.818
C07833,R023,D0031,P003,2025-07-25,4,2,4,In-person,1.165
C07834,R024,D0493,P008,2025-07-03,1,2,5,In-person,0.956
C07835,R012,D0427,P003,2025-07-21,3,1,3,In-person,0.735
C07836,R004,D0783,P003,2025-07-20,3,1,4,In-person,0.954
C07837,R018,D0522,P004,2025-07-25,3,2,1,In-person,0.889
C07838,R021,D0789,P006,2025-07-07,4,1,0,In-person,0.893
C07839,R027,D0071,P008,2025-07-05,1,1,4,In-person,0.729
C07840,R042,D0595,P003,2025-07-18,1,1,5,In-person,0.873
C07841,R007,D0391,P002,2025-07-31,4,2,5,In-person,1.045
C07842,R051,D0564,P007,2025-07-25,1,2,5,In-person,0.788
C07843,R016,D0730,P005,2025-07-07,2,1,6,In-person,0.823
C07844,R013,D0701,P004,2025-07-13,3,1,4,In-person,0.905
C07845,R005,D0222,P008,2025-07-09,3,1,1,In-person,0.901
C07846,R040,D0309,P004,2025-07-25,1,2,1,In-person,0.914
C07847,R066,D0481,P005,2025-07-16,1,1,1,In-person,0.769
C07848,R050,D0790,P008,2025-07-14,4,2,6,Clinic Camp,1.165
C07849,R013,D0483,P002,2025-07-01,3,2,6,Clinic Camp,1.107
C07850,R025,D0032,P008,2025-07-20,4,1,5,Clinic Camp,1.075
C07851,R043,D0081,P008,2025-07-14,3,2,6,In-person,1.131
C07852,R039,D0576,P004,2025-07-02,3,1,2,Clinic Camp,1.086
C07853,R031,D0651,P003,2025-07-07,2,1,5,In-person,0.934
C07854,R066,D0694,P002,2025-07-23,1,1,1,In-person,0.751
C07855,R068,D0546,P001,2025-07-24,3,1,0,In-person,0.813
C07856,R023,D0327,P008,2025-07-16,3,1,4,In-person,0.947
C07857,R044,D0193,P004,2025-07-24,2,2,4,Clinic Camp,1.034
C07858,R019,D0698,P006,2025-07-23,4,1,4,In-person,0.895
C07859,R039,D0814,P002,2025-07-20,3,1,3,In-person,1.005
C07860,R046,D0058,P003,2025-07-07,3,2,4,In-person,0.978
C07861,R020,D0511,P007,2025-07-14,3,1,2,In-person,0.867
C07862,R031,D0391,P006,2025-07-26,1,1,2,In-person,0.788
C07863,R010,D0566,P002,2025-07-10,4,2,1,In-person,0.986
C07864,R059,D0668,P001,2025-07-21,1,1,2,In-person,0.783
C07865,R058,D0122,P007,2025-07-26,1,1,2,Virtual,0.654
C07866,R050,D0829,P001,2025-07-17,4,2,1,In-person,1.098
C07867,R048,D0097,P001,2025-07-16,1,1,3,Clinic Camp,0.78
C07868,R061,D0663,P003,2025-07-06,3,2,2,Virtual,0.976
C07869,R037,D0614,P008,2025-07-16,1,1,1,Clinic Camp,0.75
C07870,R015,D0141,P006,2025-07-02,3,1,6,In-person,0.956
C07871,R012,D0624,P001,2025-07-04,1,2,3,In-person,0.889
C07872,R057,D0250,P008,2025-07-17,2,1,0,Clinic Camp,0.763
C07873,R072,D0180,P008,2025-07-07,3,2,0,In-person,0.917
C07874,R022,D0066,P006,2025-07-11,2,1,0,In-person,0.639
C07875,R008,D0623,P001,2025-07-12,1,1,2,Clinic Camp,0.855
C07876,R029,D0735,P001,2025-07-15,1,2,1,In-person,0.725
C07877,R013,D0341,P007,2025-07-22,1,1,6,Clinic Camp,0.947
C07878,R057,D0717,P007,2025-07-14,1,1,3,In-person,0.745
C07879,R056,D0371,P007,2025-07-27,2,1,5,In-person,0.967
C07880,R022,D0451,P004,2025-07-15,1,2,1,In-person,0.901
C07881,R064,D0674,P005,2025-07-31,3,1,0,In-person,0.927
C07882,R004,D0297,P002,2025-07-31,4,1,2,Clinic Camp,0.96
C07883,R002,D0628,P001,2025-07-14,3,1,4,In-person,0.826
C07884,R015,D0114,P002,2025-07-24,2,1,5,In-person,0.855
C07885,R060,D0427,P005,2025-07-15,2,1,1,In-person,0.773
C07886,R041,D0635,P004,2025-07-28,4,1,2,Clinic Camp,0.948
C07887,R018,D0595,P005,2025-07-24,4,2,3,Clinic Camp,0.966
C07888,R051,D0217,P004,2025-07-11,3,1,2,In-person,0.863
C07889,R018,D0407,P005,2025-07-10,1,1,2,In-person,0.512
C07890,R036,D0539,P008,2025-07-28,4,2,6,In-person,1.094
C07891,R038,D0776,P006,2025-07-17,3,2,6,In-person,1.058
C07892,R029,D0735,P008,2025-07-22,1,2,2,In-person,0.773
C07893,R043,D0702,P008,2025-07-21,2,2,0,In-person,0.848
C07894,R023,D0583,P005,2025-07-06,3,1,2,In-person,0.899
C07895,R060,D0304,P008,2025-07-08,4,1,6,In-person,1.109
C07896,R027,D0230,P002,2025-07-28,4,1,6,In-person,1.112
C07897,R052,D0320,P005,2025-07-09,1,2,4,In-person,0.896
C07898,R001,D0388,P001,2025-07-27,3,1,4,Clinic Camp,0.92
C07899,R051,D0822,P001,2025-07-12,4,2,2,In-person,1.074
C07900,R032,D0697,P002,2025-07-27,4,1,3,In-person,1.118
C07901,R053,D0816,P002,2025-07-18,3,1,6,In-person,0.998
C07902,R072,D0493,P004,2025-07-04,4,2,1,Clinic Camp,1.049
C07903,R047,D0134,P006,2025-07-09,3,1,2,In-person,0.972
C07904,R069,D0084,P008,2025-07-30,3,2,6,Clinic Camp,1.052
C07905,R068,D0330,P008,2025-07-07,3,2,4,In-person,0.944
C07906,R029,D0625,P002,2025-07-08,4,1,0,In-person,0.957
C07907,R009,D0317,P004,2025-07-05,2,1,5,In-person,0.884
C07908,R006,D0603,P004,2025-07-19,4,2,0,In-person,0.993
C07909,R024,D0713,P001,2025-07-26,1,2,2,In-person,0.879
C07910,R048,D0305,P001,2025-07-30,2,1,6,Virtual,0.743
C07911,R061,D0782,P003,2025-07-28,4,2,0,In-person,0.967
C07912,R065,D0470,P007,2025-07-28,1,2,1,Clinic Camp,0.748
C07913,R009,D0757,P004,2025-07-29,4,1,6,Virtual,0.966
C07914,R030,D0060,P004,2025-07-18,3,2,4,In-person,1.0
C07915,R062,D0198,P008,2025-07-26,1,2,1,Virtual,0.745
C07916,R044,D0774,P004,2025-07-20,1,2,2,Clinic Camp,0.97
C07917,R071,D0747,P006,2025-07-05,1,2,6,Clinic Camp,0.944
C07918,R040,D0508,P008,2025-07-01,2,1,4,In-person,0.788
C07919,R058,D0038,P001,2025-07-04,2,1,2,In-person,0.677
C07920,R029,D0052,P005,2025-07-11,4,1,1,In-person,0.891
C07921,R053,D0401,P003,2025-07-16,4,1,2,In-person,0.93
C07922,R002,D0790,P001,2025-07-20,1,1,2,In-person,0.695
C07923,R062,D0325,P001,2025-07-17,3,1,3,Virtual,1.107
C07924,R024,D0713,P006,2025-07-12,4,2,0,Virtual,0.878
C07925,R020,D0546,P006,2025-07-23,3,2,3,In-person,0.998
C07926,R027,D0138,P005,2025-07-27,1,1,1,In-person,0.718
C07927,R011,D0507,P006,2025-07-07,1,2,6,In-person,0.888
C07928,R054,D0338,P006,2025-07-09,3,1,1,In-person,0.713
C07929,R003,D0177,P001,2025-07-29,4,2,1,In-person,1.025
C07930,R014,D0549,P001,2025-07-31,1,1,2,In-person,0.76
C07931,R033,D0181,P003,2025-07-10,1,2,4,In-person,0.929
C07932,R008,D0705,P005,2025-07-16,1,1,5,In-person,0.839
C07933,R003,D0690,P008,2025-07-18,2,2,2,In-person,1.003
C07934,R051,D0671,P008,2025-07-20,4,2,4,In-person,0.918
C07935,R054,D0060,P007,2025-07-27,4,1,0,In-person,0.901
C07936,R055,D0780,P003,2025-07-04,2,2,1,In-person,1.088
C07937,R037,D0308,P005,2025-07-17,3,2,2,In-person,1.061
C07938,R056,D0622,P001,2025-07-07,1,2,4,Virtual,0.756
C07939,R061,D0087,P004,2025-07-24,3,1,3,In-person,0.911
C07940,R012,D0745,P001,2025-07-19,3,2,3,In-person,0.91
C07941,R017,D0384,P008,2025-07-24,4,1,4,Clinic Camp,0.957
C07942,R058,D0513,P004,2025-07-29,4,1,1,In-person,1.098
C07943,R041,D0323,P006,2025-07-25,1,1,1,Virtual,0.805
C07944,R006,D0812,P001,2025-07-27,2,1,4,In-person,0.73
C07945,R053,D0699,P008,2025-07-26,1,1,6,Clinic Camp,0.757
C07946,R014,D0412,P005,2025-07-20,1,2,0,In-person,0.8
C07947,R036,D0370,P001,2025-07-13,1,2,2,Virtual,0.815
C07948,R052,D0005,P003,2025-07-11,4,2,6,In-person,1.143
C07949,R033,D0275,P002,2025-07-12,2,1,5,Clinic Camp,0.808
C07950,R056,D0633,P001,2025-07-19,3,2,1,In-person,0.929
C07951,R004,D0658,P001,2025-07-25,3,2,0,In-person,0.877
C07952,R034,D0823,P006,2025-07-12,4,1,3,In-person,0.945
C07953,R024,D0057,P007,2025-07-18,3,1,4,In-person,0.978
C07954,R021,D0213,P006,2025-07-13,4,2,1,In-person,1.052
C07955,R049,D0672,P006,2025-07-19,2,1,2,In-person,0.76
C07956,R037,D0266,P001,2025-07-26,4,2,4,In-person,1.173
C07957,R037,D0150,P002,2025-07-13,4,2,3,Clinic Camp,1.149
C07958,R006,D0242,P001,2025-07-13,3,2,1,In-person,0.958
C07959,R026,D0810,P008,2025-07-07,2,2,5,Clinic Camp,0.939
C07960,R072,D0620,P006,2025-07-16,1,1,6,In-person,0.959
C07961,R047,D0029,P008,2025-07-15,1,1,5,In-person,0.929
C07962,R065,D0635,P008,2025-07-05,2,2,6,In-person,0.857
C07963,R011,D0507,P002,2025-07-31,2,1,2,In-person,0.912
C07964,R021,D0727,P005,2025-07-27,1,2,0,In-person,0.938
C07965,R046,D0464,P006,2025-07-10,4,1,5,In-person,1.063
C07966,R004,D0557,P006,2025-07-30,1,2,3,In-person,0.817
C07967,R034,D0410,P006,2025-07-09,2,2,2,In-person,0.878
C07968,R033,D0677,P004,2025-07-13,2,2,1,In-person,1.025
C07969,R056,D0642,P001,2025-07-05,4,1,0,In-person,0.987
C07970,R045,D0386,P008,2025-07-19,1,2,1,In-person,0.862
C07971,R030,D0095,P006,2025-07-15,4,1,4,In-person,1.179
C07972,R049,D0089,P007,2025-07-09,3,1,1,Clinic Camp,0.787
C07973,R031,D0456,P002,2025-07-09,4,2,6,Clinic Camp,1.111
C07974,R035,D0428,P001,2025-07-29,4,1,3,Virtual,0.989
C07975,R069,D0740,P008,2025-07-22,4,2,0,In-person,0.993
C07976,R052,D0027,P007,2025-07-05,2,1,4,In-person,0.705
C07977,R024,D0713,P007,2025-07-05,3,1,4,Virtual,1.002
C07978,R066,D0064,P004,2025-07-03,2,1,1,In-person,0.738
C07979,R001,D0488,P008,2025-07-08,4,2,5,Virtual,1.038
C07980,R063,D0332,P002,2025-07-23,1,2,5,In-person,0.861
C07981,R025,D0552,P007,2025-07-02,3,1,4,Clinic Camp,0.904
C07982,R032,D0127,P004,2025-07-08,1,1,0,Clinic Camp,0.7
C07983,R035,D0668,P002,2025-07-02,2,2,3,In-person,1.001
C07984,R070,D0082,P006,2025-07-21,4,1,6,In-person,1.122
C07985,R046,D0650,P003,2025-07-26,1,1,1,Clinic Camp,0.707
C07986,R063,D0474,P002,2025-07-17,4,2,6,In-person,1.07
C07987,R028,D0728,P006,2025-07-29,4,2,1,Clinic Camp,1.018
C07988,R043,D0799,P007,2025-07-22,2,1,4,In-person,0.781
C07989,R063,D0764,P003,2025-07-24,2,2,2,In-person,0.904
C07990,R003,D0383,P008,2025-07-10,1,1,0,In-person,0.634
C07991,R018,D0368,P006,2025-07-27,4,2,4,In-person,1.252
C07992,R006,D0603,P001,2025-07-20,3,2,3,Virtual,1.004
C07993,R041,D0531,P003,2025-07-03,4,2,2,Clinic Camp,1.003
C07994,R067,D0698,P008,2025-07-03,2,1,1,In-person,0.854
C07995,R023,D0364,P002,2025-07-28,2,2,3,In-person,0.825
C07996,R025,D0440,P008,2025-07-09,3,1,0,In-person,0.793
C07997,R063,D0108,P005,2025-07-15,2,2,4,In-person,0.976
C07998,R032,D0188,P006,2025-07-24,2,1,0,In-person,0.791
C07999,R052,D0658,P006,2025-07-24,1,2,1,In-person,0.902
C08000,R005,D0846,P005,2025-07-01,4,2,3,Clinic Camp,0.846
C08001,R055,D0543,P005,2025-07-20,2,1,5,Virtual,0.935
C08002,R067,D0264,P005,2025-07-29,4,1,2,In-person,0.913
C08003,R065,D0046,P006,2025-07-11,3,2,4,In-person,0.918
C08004,R027,D0071,P006,2025-07-17,3,2,6,In-person,0.91
C08005,R049,D0611,P004,2025-07-09,2,1,4,Clinic Camp,0.808
C08006,R001,D0609,P004,2025-07-23,2,1,5,Virtual,0.997
C08007,R056,D0265,P007,2025-07-04,2,2,3,In-person,1.002
C08008,R016,D0162,P007,2025-07-17,1,1,1,In-person,0.859
C08009,R066,D0064,P006,2025-07-13,3,2,2,Clinic Camp,0.967
C08010,R010,D0490,P004,2025-07-20,1,1,2,In-person,0.755
C08011,R069,D0499,P005,2025-07-16,2,2,3,In-person,0.798
C08012,R041,D0425,P005,2025-07-31,3,2,1,Clinic Camp,0.832
C08013,R049,D0666,P004,2025-07-31,1,2,5,In-person,0.878
C08014,R047,D0737,P002,2025-07-09,1,1,1,Virtual,0.618
C08015,R057,D0424,P005,2025-07-02,1,2,4,In-person,0.803
C08016,R034,D0185,P004,2025-07-16,4,2,3,In-person,1.067
C08017,R022,D0042,P001,2025-07-19,4,2,5,Virtual,1.202
C08018,R024,D0610,P008,2025-07-24,1,2,1,In-person,0.819
C08019,R053,D0550,P006,2025-07-17,2,2,1,In-person,0.779
C08020,R005,D0290,P001,2025-07-19,1,1,1,In-person,0.582
C08021,R014,D0014,P002,2025-07-01,1,1,5,In-person,0.81
C08022,R009,D0765,P005,2025-07-24,4,1,1,In-person,0.888
C08023,R017,D0788,P007,2025-07-11,2,2,2,In-person,0.915
C08024,R003,D0432,P004,2025-07-12,4,1,0,In-person,0.904
C08025,R059,D0269,P007,2025-07-14,3,2,1,In-person,0.952
C08026,R067,D0526,P002,2025-07-03,2,2,5,In-person,1.056
C08027,R052,D0719,P005,2025-07-16,4,2,0,In-person,1.094
C08028,R012,D0528,P007,2025-07-12,1,2,6,In-person,0.938
C08029,R061,D0015,P007,2025-07-08,2,1,5,In-person,0.798
C08030,R044,D0315,P002,2025-07-08,2,2,6,Clinic Camp,0.934
C08031,R018,D0072,P006,2025-07-02,3,1,4,In-person,0.983
C08032,R005,D0382,P001,2025-07-28,1,2,4,In-person,0.976
C08033,R059,D0420,P002,2025-07-10,3,2,5,In-person,0.928
C08034,R072,D0467,P008,2025-07-28,4,2,4,In-person,1.204
C08035,R068,D0676,P006,2025-07-26,4,2,3,In-person,1.002
C08036,R020,D0193,P002,2025-07-15,4,2,2,In-person,1.1
C08037,R053,D0828,P008,2025-07-26,3,1,6,In-person,1.182
C08038,R030,D0227,P008,2025-07-07,4,1,2,Virtual,0.829
C08039,R070,D0441,P001,2025-07-06,3,2,3,In-person,1.034
C08040,R007,D0267,P001,2025-07-28,4,2,0,In-person,0.985
C08041,R033,D0287,P002,2025-07-21,1,1,4,In-person,0.818
C08042,R035,D0691,P007,2025-07-22,1,2,0,In-person,0.75
C08043,R008,D0127,P005,2025-07-29,2,2,0,In-person,0.672
C08044,R060,D0376,P005,2025-07-01,3,2,2,In-person,0.916
C08045,R040,D0508,P004,2025-07-06,4,2,4,Clinic Camp,1.11
C08046,R064,D0508,P004,2025-07-30,1,1,5,In-person,0.908
C08047,R012,D0318,P006,2025-07-04,1,2,4,In-person,0.904
C08048,R008,D0402,P001,2025-07-14,4,2,4,In-person,1.2
C08049,R059,D0770,P005,2025-07-01,2,2,1,In-person,0.849
C08050,R031,D0292,P002,2025-07-11,1,2,0,Clinic Camp,0.754
C08051,R059,D0428,P007,2025-07-06,3,2,0,In-person,0.967
C08052,R026,D0303,P002,2025-07-08,4,2,0,In-person,0.98
C08053,R020,D0676,P001,2025-07-26,4,1,2,In-person,1.046
C08054,R034,D0640,P004,2025-07-09,4,2,5,In-person,0.988
C08055,R009,D0775,P004,2025-07-26,1,2,0,In-person,0.869
C08056,R011,D0091,P005,2025-07-28,1,2,2,In-person,0.933
C08057,R006,D0095,P007,2025-07-17,4,1,4,In-person,1.021
C08058,R067,D0334,P006,2025-07-17,3,1,0,Clinic Camp,0.923
C08059,R014,D0381,P003,2025-07-11,1,1,3,Clinic Camp,0.712
C08060,R060,D0118,P006,2025-07-21,2,1,2,In-person,0.749
C08061,R067,D0772,P005,2025-07-26,4,1,6,In-person,1.056
C08062,R069,D0789,P002,2025-07-27,4,2,3,In-person,1.006
C08063,R011,D0397,P001,2025-07-07,4,2,3,In-person,1.088
C08064,R071,D0639,P001,2025-07-22,2,1,5,Clinic Camp,0.894
C08065,R036,D0528,P002,2025-07-05,4,2,5,In-person,1.095
C08066,R023,D0516,P007,2025-07-16,1,2,3,Clinic Camp,0.877
C08067,R003,D0716,P004,2025-07-03,4,2,4,In-person,1.133
C08068,R054,D0095,P004,2025-07-18,1,2,2,In-person,0.828
C08069,R020,D0321,P004,2025-07-27,4,2,4,In-person,1.044
C08070,R072,D0348,P003,2025-07-26,1,2,2,In-person,0.902
C08071,R033,D0811,P006,2025-07-23,4,2,2,In-person,1.068
C08072,R008,D0502,P001,2025-07-18,3,2,5,In-person,1.066
C08073,R017,D0434,P005,2025-07-20,3,2,2,Clinic Camp,1.023
C08074,R057,D0049,P008,2025-07-04,3,1,3,In-person,0.916
C08075,R039,D0474,P008,2025-07-23,2,2,0,Clinic Camp,0.842
C08076,R049,D0219,P003,2025-07-22,4,1,2,In-person,0.907
C08077,R050,D0261,P007,2025-07-05,1,1,4,Virtual,0.775
C08078,R035,D0845,P002,2025-07-20,3,2,3,In-person,1.033
C08079,R050,D0375,P002,2025-07-12,1,2,2,In-person,0.878
C08080,R019,D0076,P003,2025-07-16,1,2,0,In-person,0.812
C08081,R002,D0119,P001,2025-07-26,3,1,3,In-person,0.932
C08082,R058,D0238,P003,2025-07-10,3,2,2,In-person,0.888
C08083,R042,D0064,P007,2025-07-29,1,1,6,In-person,0.781
C08084,R066,D0369,P007,2025-07-13,3,2,0,In-person,0.994
C08085,R058,D0271,P003,2025-07-16,4,1,4,In-person,0.925
C08086,R059,D0741,P003,2025-07-01,3,2,2,In-person,0.987
C08087,R027,D0226,P003,2025-07-04,1,1,1,In-person,0.732
C08088,R006,D0242,P001,2025-07-09,1,1,4,Virtual,0.773
C08089,R048,D0493,P002,2025-07-31,1,2,3,In-person,0.908
C08090,R063,D0533,P008,2025-07-09,3,2,0,Clinic Camp,0.958
C08091,R016,D0065,P006,2025-07-13,1,1,4,In-person,0.686
C08092,R046,D0063,P006,2025-07-27,2,1,1,Clinic Camp,0.839
C08093,R035,D0191,P003,2025-07-10,1,2,5,Virtual,0.849
C08094,R071,D0639,P007,2025-07-26,2,2,1,In-person,0.779
C08095,R037,D0117,P002,2025-07-04,1,1,5,In-person,0.859
C08096,R005,D0846,P008,2025-07-05,2,1,2,In-person,0.721
C08097,R057,D0380,P005,2025-07-01,3,2,2,Virtual,0.948
C08098,R012,D0809,P003,2025-07-04,4,1,0,In-person,0.943
C08099,R048,D0178,P007,2025-07-19,2,1,6,In-person,0.882
C08100,R023,D0327,P004,2025-07-03,2,2,3,In-person,0.874
C08101,R069,D0084,P003,2025-07-19,4,2,1,Clinic Camp,0.949
C08102,R005,D0742,P006,2025-07-19,4,1,0,In-person,0.859
C08103,R038,D0487,P006,2025-07-08,2,1,1,In-person,0.712
C08104,R068,D0099,P005,2025-07-02,2,1,3,In-person,0.824
C08105,R038,D0602,P004,2025-07-06,3,2,0,Clinic Camp,0.896
C08106,R063,D0767,P003,2025-07-05,4,2,2,In-person,0.936
C08107,R062,D0549,P004,2025-07-17,3,2,2,Clinic Camp,0.953
C08108,R048,D0612,P007,2025-07-29,3,1,6,In-person,0.907
C08109,R039,D0196,P003,2025-07-14,1,2,2,Clinic Camp,0.857
C08110,R014,D0381,P008,2025-07-20,2,2,0,In-person,0.899
C08111,R032,D0659,P002,2025-07-10,1,2,1,Virtual,0.925
C08112,R009,D0551,P002,2025-07-03,2,2,5,In-person,1.012
C08113,R055,D0543,P003,2025-07-07,4,1,0,Virtual,0.833
C08114,R045,D0669,P001,2025-07-15,1,1,0,In-person,0.536
C08115,R070,D0464,P008,2025-07-27,3,1,0,In-person,0.729
C08116,R016,D0103,P003,2025-07-08,2,1,0,Virtual,0.74
C08117,R013,D0117,P001,2025-07-31,1,1,6,In-person,0.689
C08118,R028,D0599,P005,2025-07-20,1,1,6,In-person,0.769
C08119,R039,D0183,P008,2025-07-12,3,1,5,In-person,0.943
C08120,R070,D0514,P008,2025-07-20,4,2,0,In-person,0.965
C08121,R010,D0306,P001,2025-07-22,2,1,4,In-person,0.874
C08122,R021,D0500,P007,2025-07-22,4,2,5,In-person,1.051
C08123,R047,D0187,P003,2025-07-27,1,2,5,In-person,0.829
C08124,R026,D0261,P007,2025-07-21,3,1,5,Clinic Camp,1.077
C08125,R038,D0549,P005,2025-07-01,1,2,4,In-person,0.869
C08126,R025,D0113,P006,2025-07-12,4,2,3,Virtual,1.073
C08127,R047,D0280,P007,2025-07-29,4,2,0,In-person,1.078
C08128,R016,D0831,P008,2025-07-07,1,2,5,Clinic Camp,0.96
C08129,R061,D0075,P002,2025-07-16,2,2,6,Clinic Camp,0.949
C08130,R026,D0582,P006,2025-07-16,3,1,3,In-person,0.988
C08131,R022,D0102,P002,2025-07-18,3,2,3,In-person,0.958
C08132,R002,D0681,P008,2025-07-27,2,2,6,In-person,1.059
C08133,R055,D0154,P006,2025-07-17,1,1,3,In-person,0.665
C08134,R064,D0508,P002,2025-07-01,3,1,2,In-person,0.861
C08135,R001,D0388,P003,2025-07-08,1,2,6,In-person,0.926
C08136,R027,D0619,P008,2025-07-20,2,1,6,In-person,0.917
C08137,R060,D0047,P006,2025-07-25,1,1,1,Clinic Camp,0.661
C08138,R001,D0521,P002,2025-07-21,3,1,1,In-person,0.736
C08139,R042,D0407,P007,2025-07-23,2,1,2,Virtual,0.853
C08140,R022,D0174,P006,2025-07-08,2,2,1,In-person,0.871
C08141,R043,D0218,P001,2025-07-03,4,2,5,In-person,1.069
C08142,R045,D0548,P003,2025-07-30,2,1,6,In-person,1.02
C08143,R055,D0536,P007,2025-07-18,4,1,3,Clinic Camp,0.951
C08144,R033,D0541,P003,2025-07-23,4,2,4,In-person,1.041
C08145,R035,D0785,P001,2025-07-30,1,1,2,In-person,0.602
C08146,R015,D0302,P005,2025-07-06,3,1,6,In-person,0.871
C08147,R062,D0752,P008,2025-07-28,1,1,6,In-person,0.888
C08148,R042,D0753,P005,2025-07-12,3,2,5,Virtual,0.972
C08149,R007,D0538,P008,2025-07-20,1,2,6,Virtual,0.958
C08150,R044,D0315,P001,2025-07-12,2,1,0,In-person,0.677
C08151,R042,D0368,P006,2025-07-07,4,1,6,In-person,0.958
C08152,R058,D0038,P006,2025-07-28,1,2,2,In-person,0.764
C08153,R064,D0545,P008,2025-07-11,3,2,1,In-person,0.996
C08154,R065,D0323,P005,2025-07-01,4,1,6,Clinic Camp,1.011
C08155,R015,D0795,P007,2025-07-05,4,1,5,In-person,0.921
C08156,R040,D0535,P002,2025-07-30,1,1,0,In-person,0.767
C08157,R028,D0356,P001,2025-07-26,2,2,4,In-person,0.982
C08158,R043,D0125,P006,2025-07-21,3,1,6,In-person,0.985
C08159,R064,D0073,P001,2025-07-25,3,2,4,In-person,1.036
C08160,R032,D0605,P007,2025-07-21,1,1,3,In-person,0.696
C08161,R051,D0671,P001,2025-07-29,3,1,0,In-person,0.951
C08162,R011,D0269,P006,2025-07-04,1,1,3,Clinic Camp,0.756
C08163,R066,D0020,P004,2025-07-02,3,2,3,Clinic Camp,1.015
C08164,R007,D0350,P006,2025-07-22,3,1,5,In-person,0.971
C08165,R036,D0745,P005,2025-07-30,2,1,1,In-person,0.722
C08166,R014,D0473,P004,2025-07-19,1,1,1,In-person,0.88
C08167,R036,D0118,P004,2025-07-30,1,1,6,Virtual,0.816
C08168,R034,D0069,P005,2025-07-13,3,1,5,In-person,0.943
C08169,R072,D0096,P006,2025-07-21,2,1,3,In-person,0.801
C08170,R051,D0667,P006,2025-07-16,4,2,3,In-person,1.156
C08171,R028,D0599,P004,2025-07-28,4,1,4,In-person,1.087
C08172,R030,D0339,P003,2025-07-21,2,2,1,In-person,0.901
C08173,R034,D0490,P001,2025-07-14,2,2,1,Clinic Camp,0.771
C08174,R029,D0001,P007,2025-07-08,4,1,3,Clinic Camp,0.961
C08175,R013,D0398,P002,2025-07-10,3,2,2,Clinic Camp,0.971
C08176,R065,D0323,P004,2025-07-03,1,1,1,Clinic Camp,0.692
C08177,R052,D0658,P008,2025-07-05,4,2,3,In-person,0.985
C08178,R049,D0488,P007,2025-07-16,1,2,4,In-person,0.748
C08179,R068,D0722,P003,2025-07-01,3,1,5,In-person,1.058
C08180,R057,D0510,P004,2025-07-15,1,2,4,Clinic Camp,0.931
C08181,R070,D0411,P003,2025-07-02,2,2,4,In-person,0.945
C08182,R069,D0807,P006,2025-07-06,3,1,3,In-person,0.852
C08183,R010,D0823,P002,2025-07-22,1,2,0,Virtual,0.829
C08184,R004,D0320,P008,2025-07-01,2,2,2,In-person,0.922
C08185,R043,D0264,P008,2025-07-11,4,1,3,In-person,0.942
C08186,R053,D0625,P003,2025-07-06,4,1,3,In-person,1.005
C08187,R019,D0125,P002,2025-07-02,4,2,2,In-person,1.087
C08188,R045,D0283,P005,2025-07-07,4,1,5,Clinic Camp,1.065
C08189,R036,D0804,P006,2025-07-04,4,2,3,In-person,0.993
C08190,R054,D0794,P006,2025-07-03,1,2,2,Clinic Camp,0.871
C08191,R050,D0329,P001,2025-07-21,1,2,3,In-person,0.948
C08192,R002,D0326,P006,2025-07-04,2,2,4,In-person,0.966
C08193,R031,D0768,P001,2025-07-30,4,2,0,Virtual,1.187
C08194,R041,D0163,P003,2025-07-16,4,2,2,In-person,1.032
C08195,R020,D0086,P006,2025-07-13,2,1,1,In-person,0.661
C08196,R038,D0078,P008,2025-07-28,1,1,2,In-person,0.678
C08197,R018,D0074,P006,2025-07-25,3,2,4,In-person,0.958
C08198,R047,D0747,P002,2025-07-14,2,1,1,In-person,0.843
C08199,R028,D0027,P006,2025-07-31,1,2,3,Clinic Camp,0.921
C08200,R022,D0243,P001,2025-07-17,1,2,2,Clinic Camp,0.847
C08201,R040,D0529,P002,2025-07-22,1,2,0,In-person,0.823
C08202,R060,D0539,P001,2025-07-31,2,1,6,In-person,1.041
C08203,R019,D0702,P008,2025-07-23,3,1,4,In-person,0.856
C08204,R008,D0834,P003,2025-07-19,1,2,2,In-person,0.83
C08205,R032,D0419,P005,2025-07-20,2,1,3,Virtual,0.798
C08206,R019,D0172,P007,2025-07-21,4,1,6,In-person,0.934
C08207,R045,D0056,P008,2025-07-31,4,1,1,Virtual,0.776
C08208,R048,D0713,P008,2025-07-22,4,1,5,In-person,1.114
C08209,R071,D0298,P002,2025-08-10,2,1,0,In-person,0.719
C08210,R038,D0754,P004,2025-08-01,1,1,6,Clinic Camp,0.798
C08211,R023,D0284,P004,2025-08-25,4,2,2,In-person,1.08
C08212,R041,D0606,P007,2025-08-16,2,2,2,In-person,0.811
C08213,R029,D0625,P003,2025-08-13,2,2,5,In-person,0.893
C08214,R070,D0577,P002,2025-08-29,2,2,1,Clinic Camp,0.886
C08215,R018,D0465,P007,2025-08-05,1,2,0,In-person,0.765
C08216,R041,D0384,P004,2025-08-02,3,1,3,In-person,0.802
C08217,R017,D0053,P006,2025-08-23,1,1,6,Clinic Camp,0.867
C08218,R064,D0043,P004,2025-08-29,1,2,2,In-person,0.799
C08219,R044,D0443,P004,2025-08-26,4,2,3,In-person,1.075
C08220,R072,D0713,P001,2025-08-28,3,1,2,Virtual,0.891
C08221,R010,D0426,P001,2025-08-27,4,1,5,In-person,1.088
C08222,R045,D0503,P001,2025-08-22,3,1,6,In-person,0.986
C08223,R035,D0269,P002,2025-08-29,1,1,6,In-person,0.749
C08224,R054,D0525,P003,2025-08-11,2,2,1,In-person,0.981
C08225,R023,D0322,P001,2025-08-24,2,1,1,Virtual,0.76
C08226,R008,D0173,P002,2025-08-03,2,2,6,In-person,0.913
C08227,R027,D0594,P007,2025-08-17,2,2,4,In-person,0.865
C08228,R024,D0305,P007,2025-08-10,2,2,2,In-person,0.719
C08229,R001,D0346,P003,2025-08-30,3,2,2,Virtual,0.927
C08230,R019,D0524,P008,2025-08-14,4,1,1,In-person,0.97
C08231,R070,D0058,P001,2025-08-07,3,2,0,In-person,0.831
C08232,R009,D0836,P001,2025-08-18,4,1,2,In-person,1.093
C08233,R039,D0183,P003,2025-08-03,4,1,5,In-person,0.831
C08234,R072,D0523,P003,2025-08-04,3,1,4,In-person,0.859
C08235,R010,D0575,P001,2025-08-14,2,1,0,In-person,0.661
C08236,R067,D0081,P007,2025-08-20,3,1,0,In-person,0.923
C08237,R057,D0214,P008,2025-08-19,1,2,6,In-person,0.96
C08238,R026,D0329,P003,2025-08-02,4,2,5,Virtual,1.079
C08239,R040,D0709,P003,2025-08-22,1,2,5,In-person,0.776
C08240,R045,D0500,P006,2025-08-02,1,2,6,Clinic Camp,0.812
C08241,R035,D0428,P008,2025-08-26,4,2,4,Clinic Camp,1.102
C08242,R036,D0804,P003,2025-08-02,1,2,2,In-person,0.782
C08243,R015,D0377,P006,2025-08-01,3,1,4,In-person,0.877
C08244,R002,D0790,P001,2025-08-17,3,2,4,In-person,1.006
C08245,R025,D0672,P005,2025-08-25,1,1,5,Virtual,0.767
C08246,R024,D0147,P008,2025-08-24,2,2,3,In-person,0.784
C08247,R004,D0286,P004,2025-08-19,4,2,0,In-person,0.904
C08248,R006,D0006,P006,2025-08-06,3,1,4,In-person,0.817
C08249,R043,D0172,P006,2025-08-30,3,2,5,Clinic Camp,0.972
C08250,R022,D0042,P006,2025-08-01,3,1,6,In-person,0.965
C08251,R048,D0096,P006,2025-08-11,2,2,1,In-person,0.892
C08252,R004,D0005,P008,2025-08-24,3,1,6,In-person,1.053
C08253,R004,D0458,P001,2025-08-20,1,2,0,In-person,0.687
C08254,R048,D0348,P008,2025-08-25,1,1,5,In-person,0.825
C08255,R065,D0462,P008,2025-08-24,4,2,2,Clinic Camp,0.983
C08256,R014,D0653,P008,2025-08-30,1,2,0,In-person,0.958
C08257,R071,D0733,P003,2025-08-17,3,2,2,In-person,0.968
C08258,R004,D0363,P005,2025-08-26,1,2,3,Clinic Camp,0.809
C08259,R044,D0509,P003,2025-08-05,2,1,1,Clinic Camp,0.82
C08260,R047,D0516,P007,2025-08-06,4,1,3,In-person,0.99
C08261,R021,D0293,P004,2025-08-02,2,2,4,In-person,0.912
C08262,R031,D0459,P003,2025-08-07,4,1,6,Virtual,1.076
C08263,R064,D0344,P006,2025-08-04,2,1,3,Clinic Camp,0.955
C08264,R061,D0087,P001,2025-08-26,3,2,4,Clinic Camp,1.085
C08265,R054,D0167,P004,2025-08-16,3,2,6,Virtual,1.036
C08266,R034,D0484,P002,2025-08-14,3,1,0,In-person,0.992
C08267,R014,D0693,P003,2025-08-20,2,2,5,In-person,0.999
C08268,R022,D0351,P004,2025-08-12,4,2,6,Clinic Camp,1.03
C08269,R013,D0036,P001,2025-08-18,2,1,5,Clinic Camp,0.874
C08270,R052,D0435,P007,2025-08-01,4,1,6,In-person,1.011
C08271,R009,D0811,P004,2025-08-23,2,1,6,Clinic Camp,0.845
C08272,R022,D0441,P003,2025-08-28,4,1,4,In-person,1.017
C08273,R007,D0023,P002,2025-08-02,4,1,5,Virtual,0.86
C08274,R042,D0072,P008,2025-08-03,4,1,2,In-person,1.084
C08275,R030,D0532,P007,2025-08-05,2,2,0,In-person,0.919
C08276,R017,D0635,P004,2025-08-19,2,1,0,Virtual,0.633
C08277,R046,D0063,P003,2025-08-24,2,1,1,In-person,0.846
C08278,R005,D0718,P004,2025-08-26,2,2,5,In-person,0.995
C08279,R049,D0672,P008,2025-08-25,2,2,2,In-person,1.023
C08280,R005,D0052,P002,2025-08-18,2,2,5,In-person,1.098
C08281,R030,D0189,P006,2025-08-22,3,1,2,Clinic Camp,1.037
C08282,R065,D0018,P008,2025-08-09,4,1,5,Clinic Camp,0.988
C08283,R001,D0552,P007,2025-08-24,4,1,6,In-person,1.071
C08284,R068,D0314,P007,2025-08-06,3,1,2,In-person,0.848
C08285,R036,D0809,P008,2025-08-30,4,2,3,In-person,1.142
C08286,R068,D0099,P001,2025-08-02,4,1,3,In-person,0.801
C08287,R022,D0492,P002,2025-08-30,2,2,6,In-person,0.876
C08288,R007,D0683,P002,2025-08-15,2,1,2,In-person,0.781
C08289,R008,D0188,P005,2025-08-20,2,1,2,Virtual,0.811
C08290,R030,D0227,P004,2025-08-05,1,1,5,In-person,0.813
C08291,R055,D0696,P001,2025-08-10,2,1,6,Clinic Camp,0.99
C08292,R058,D0068,P005,2025-08-27,2,1,0,In-person,0.728
C08293,R035,D0420,P001,2025-08-01,4,1,0,In-person,0.817
C08294,R055,D0292,P004,2025-08-06,2,2,6,Virtual,0.947
C08295,R055,D0010,P003,2025-08-20,3,1,3,In-person,0.856
C08296,R016,D0400,P008,2025-08-25,2,1,3,In-person,0.878
C08297,R070,D0418,P006,2025-08-14,2,1,6,In-person,1.01
C08298,R038,D0325,P005,2025-08-03,1,1,2,Clinic Camp,0.861
C08299,R012,D0759,P007,2025-08-05,3,2,3,Virtual,1.081
C08300,R033,D0121,P002,2025-08-28,1,1,5,In-person,0.754
C08301,R056,D0433,P003,2025-08-07,1,2,5,Clinic Camp,0.877
C08302,R012,D0149,P007,2025-08-18,3,2,4,In-person,1.046
C08303,R033,D0706,P006,2025-08-30,3,1,2,In-person,0.824
C08304,R057,D0510,P001,2025-08-12,2,1,4,Clinic Camp,0.798
C08305,R007,D0588,P002,2025-08-03,2,2,5,In-person,0.99
C08306,R055,D0154,P002,2025-08-26,4,2,6,In-person,1.009
C08307,R051,D0383,P001,2025-08-25,2,1,4,In-person,0.939
C08308,R008,D0127,P006,2025-08-21,2,2,6,In-person,0.946
C08309,R029,D0279,P001,2025-08-28,1,2,5,In-person,0.933
C08310,R034,D0755,P007,2025-08-25,2,2,5,In-person,0.977
C08311,R005,D0699,P005,2025-08-22,1,2,3,Clinic Camp,0.954
C08312,R047,D0055,P007,2025-08-11,2,1,3,In-person,0.664
C08313,R007,D0395,P004,2025-08-02,1,2,4,In-person,0.973
C08314,R042,D0675,P008,2025-08-23,1,1,6,In-person,0.917
C08315,R069,D0085,P003,2025-08-27,3,1,3,In-person,0.926
C08316,R053,D0720,P005,2025-08-22,2,1,4,In-person,0.894
C08317,R066,D0244,P001,2025-08-21,3,2,3,In-person,1.042
C08318,R025,D0440,P007,2025-08-23,3,1,4,In-person,0.85
C08319,R001,D0760,P005,2025-08-09,3,1,4,Virtual,0.926
C08320,R020,D0636,P002,2025-08-04,2,2,0,Clinic Camp,0.941
C08321,R063,D0208,P007,2025-08-20,2,2,0,Clinic Camp,0.727
C08322,R061,D0015,P008,2025-08-30,2,2,0,Clinic Camp,0.908
C08323,R049,D0157,P001,2025-08-05,4,1,5,In-person,1.017
C08324,R070,D0351,P007,2025-08-03,2,2,6,In-person,1.028
C08325,R020,D0273,P006,2025-08-22,4,1,2,In-person,0.854
C08326,R069,D0740,P003,2025-08-14,4,2,0,In-person,0.951
C08327,R018,D0064,P006,2025-08-28,3,2,0,Virtual,0.828
C08328,R060,D0506,P007,2025-08-15,4,1,3,In-person,0.861
C08329,R057,D0841,P004,2025-08-17,3,2,4,Virtual,1.078
C08330,R046,D0243,P006,2025-08-02,4,2,2,In-person,0.999
C08331,R068,D0546,P001,2025-08-30,4,2,4,In-person,1.029
C08332,R050,D0131,P008,2025-08-11,3,2,1,In-person,1.045
C08333,R059,D0600,P008,2025-08-14,3,2,5,In-person,1.003
C08334,R016,D0831,P002,2025-08-20,4,1,2,Clinic Camp,1.033
C08335,R064,D0608,P004,2025-08-27,1,1,6,In-person,0.734
C08336,R009,D0132,P002,2025-08-25,4,1,5,Clinic Camp,0.982
C08337,R032,D0371,P004,2025-08-24,3,1,3,Clinic Camp,0.832
C08338,R029,D0699,P003,2025-08-04,1,1,6,In-person,0.862
C08339,R040,D0674,P007,2025-08-03,1,2,6,In-person,0.891
C08340,R038,D0347,P006,2025-08-26,4,2,1,In-person,1.086
C08341,R069,D0807,P007,2025-08-29,4,1,4,Clinic Camp,1.004
C08342,R038,D0115,P007,2025-08-20,3,2,4,Virtual,0.856
C08343,R051,D0667,P006,2025-08-29,3,2,2,In-person,0.955
C08344,R019,D0446,P002,2025-08-10,4,2,6,Virtual,0.995
C08345,R041,D0561,P007,2025-08-11,4,1,4,Virtual,1.02
C08346,R064,D0529,P007,2025-08-06,4,2,5,In-person,1.144
C08347,R003,D0296,P001,2025-08-25,1,1,1,In-person,0.781
C08348,R028,D0652,P001,2025-08-21,4,1,6,Clinic Camp,1.018
C08349,R017,D0635,P007,2025-08-07,3,1,6,Virtual,0.827
C08350,R007,D0696,P004,2025-08-31,4,2,6,In-person,1.135
C08351,R040,D0073,P003,2025-08-01,3,2,3,In-person,1.027
C08352,R062,D0381,P004,2025-08-24,3,2,6,Clinic Camp,1.033
C08353,R060,D0704,P007,2025-08-07,4,1,0,In-person,0.927
C08354,R015,D0764,P003,2025-08-25,1,2,1,In-person,0.667
C08355,R006,D0338,P003,2025-08-16,4,1,4,In-person,0.997
C08356,R024,D0580,P004,2025-08-08,2,2,5,In-person,0.951
C08357,R031,D0538,P001,2025-08-02,1,1,0,In-person,0.613
C08358,R048,D0160,P001,2025-08-20,3,2,2,In-person,1.018
C08359,R029,D0816,P004,2025-08-05,4,1,0,In-person,0.88
C08360,R016,D0400,P001,2025-08-14,1,2,0,Virtual,0.818
C08361,R037,D0416,P007,2025-08-30,4,1,0,In-person,0.959
C08362,R063,D0208,P004,2025-08-28,2,2,6,Clinic Camp,1.004
C08363,R069,D0007,P005,2025-08-16,4,2,6,In-person,1.011
C08364,R034,D0306,P003,2025-08-23,1,1,4,In-person,0.751
C08365,R047,D0578,P007,2025-08-26,3,2,0,In-person,1.11
C08366,R072,D0289,P004,2025-08-19,3,1,5,In-person,1.052
C08367,R012,D0809,P001,2025-08-07,4,1,3,In-person,1.041
C08368,R006,D0649,P004,2025-08-26,2,1,5,Virtual,0.892
C08369,R002,D0662,P002,2025-08-03,1,1,3,Clinic Camp,0.685
C08370,R011,D0687,P005,2025-08-17,1,2,0,In-person,0.787
C08371,R001,D0760,P005,2025-08-25,2,1,6,In-person,0.854
C08372,R020,D0646,P004,2025-08-18,4,1,6,In-person,1.021
C08373,R034,D0641,P004,2025-08-11,1,1,6,In-person,0.702
C08374,R037,D0604,P005,2025-08-13,4,1,4,In-person,1.068
C08375,R066,D0675,P006,2025-08-15,3,1,6,In-person,0.743
C08376,R026,D0151,P008,2025-08-24,3,2,0,In-person,1.009
C08377,R037,D0252,P008,2025-08-31,4,2,2,In-person,1.116
C08378,R058,D0724,P001,2025-08-25,4,2,2,In-person,1.232
C08379,R056,D0442,P006,2025-08-10,3,1,3,Clinic Camp,0.884
C08380,R002,D0003,P001,2025-08-04,4,2,0,In-person,0.968
C08381,R041,D0635,P004,2025-08-15,2,1,5,In-person,0.88
C08382,R062,D0549,P006,2025-08-27,4,1,2,In-person,1.001
C08383,R043,D0772,P005,2025-08-20,4,2,0,Clinic Camp,1.003
C08384,R019,D0017,P007,2025-08-10,4,2,1,Clinic Camp,0.933
C08385,R065,D0083,P008,2025-08-03,3,1,0,In-person,0.895
C08386,R067,D0449,P008,2025-08-08,3,1,4,In-person,0.922
C08387,R057,D0143,P006,2025-08-23,2,2,6,Clinic Camp,0.897
C08388,R010,D0362,P006,2025-08-21,4,1,0,In-person,0.79
C08389,R045,D0246,P007,2025-08-15,3,2,0,In-person,1.138
C08390,R010,D0112,P002,2025-08-11,1,1,6,Clinic Camp,0.885
C08391,R025,D0672,P003,2025-08-06,3,1,2,Clinic Camp,0.931
C08392,R044,D0086,P003,2025-08-31,1,1,0,In-person,0.701
C08393,R018,D0675,P006,2025-08-14,3,2,1,In-person,1.013
C08394,R039,D0114,P003,2025-08-24,3,2,4,In-person,0.928
C08395,R059,D0530,P002,2025-08-15,4,1,0,In-person,0.936
C08396,R064,D0831,P007,2025-08-18,1,2,2,In-person,0.855
C08397,R044,D0193,P006,2025-08-20,2,1,6,In-person,0.806
C08398,R003,D0803,P005,2025-08-12,2,1,3,In-person,0.826
C08399,R042,D0244,P008,2025-08-30,2,2,1,In-person,0.855
C08400,R058,D0566,P007,2025-08-15,4,1,5,In-person,0.949
C08401,R071,D0739,P008,2025-08-24,3,2,3,In-person,0.951
C08402,R041,D0163,P003,2025-08-29,2,2,2,Clinic Camp,0.769
C08403,R051,D0226,P001,2025-08-12,4,1,1,In-person,1.023
C08404,R057,D0791,P003,2025-08-08,3,2,5,In-person,1.155
C08405,R044,D0193,P007,2025-08-31,2,1,3,Virtual,0.76
C08406,R052,D0126,P008,2025-08-25,3,2,3,In-person,1.083
C08407,R044,D0336,P001,2025-08-25,4,2,5,In-person,1.097
C08408,R005,D0570,P007,2025-08-30,2,1,2,Virtual,0.815
C08409,R053,D0735,P004,2025-08-01,3,2,4,In-person,0.908
C08410,R019,D0471,P007,2025-08-30,1,1,1,In-person,0.683
C08411,R034,D0353,P006,2025-08-04,1,2,4,In-person,0.915
C08412,R056,D0697,P001,2025-08-05,1,1,3,Clinic Camp,0.686
C08413,R006,D0161,P004,2025-08-07,2,2,3,Virtual,0.865
C08414,R057,D0811,P001,2025-08-04,3,2,2,In-person,0.935
C08415,R014,D0288,P003,2025-08-03,1,2,0,Clinic Camp,0.527
C08416,R016,D0335,P007,2025-08-04,4,1,6,In-person,1.054
C08417,R061,D0827,P006,2025-08-16,1,2,2,Clinic Camp,0.887
C08418,R047,D0516,P006,2025-08-12,3,2,5,Virtual,1.059
C08419,R061,D0272,P006,2025-08-11,1,1,6,Clinic Camp,0.893
C08420,R034,D0216,P001,2025-08-06,1,2,3,In-person,0.818
C08421,R028,D0313,P005,2025-08-31,3,1,5,In-person,1.085
C08422,R022,D0650,P004,2025-08-11,3,1,3,In-person,0.836
C08423,R040,D0105,P005,2025-08-15,3,2,0,In-person,0.922
C08424,R021,D0085,P002,2025-08-05,4,2,6,In-person,1.092
C08425,R027,D0217,P006,2025-08-07,3,2,5,In-person,1.045
C08426,R065,D0470,P005,2025-08-08,4,1,3,In-person,0.955
C08427,R072,D0612,P004,2025-08-31,2,2,5,Clinic Camp,0.952
C08428,R015,D0179,P001,2025-08-06,2,1,4,In-person,0.798
C08429,R021,D0669,P001,2025-08-16,2,2,5,In-person,0.925
C08430,R028,D0728,P003,2025-08-17,2,2,0,In-person,0.691
C08431,R069,D0293,P005,2025-08-03,4,2,5,In-person,1.164
C08432,R052,D0783,P008,2025-08-11,3,2,1,In-person,0.876
C08433,R072,D0713,P006,2025-08-03,4,1,6,In-person,0.989
C08434,R049,D0679,P004,2025-08-06,2,2,6,Virtual,0.893
C08435,R058,D0231,P003,2025-08-21,4,2,0,In-person,1.056
C08436,R055,D0349,P002,2025-08-18,1,2,4,In-person,0.829
C08437,R056,D0659,P002,2025-08-16,2,2,2,Clinic Camp,0.711
C08438,R040,D0400,P001,2025-08-07,1,1,1,In-person,0.75
C08439,R036,D0062,P008,2025-08-20,4,2,6,In-person,1.058
C08440,R013,D0604,P001,2025-08-29,2,1,2,In-person,0.814
C08441,R042,D0249,P007,2025-08-27,4,2,3,In-person,1.131
C08442,R008,D0784,P005,2025-08-06,2,1,2,In-person,0.737
C08443,R010,D0692,P005,2025-08-22,1,2,4,In-person,0.868
C08444,R041,D0053,P008,2025-08-08,2,1,1,In-person,0.736
C08445,R072,D0726,P007,2025-08-27,2,1,2,In-person,0.895
C08446,R062,D0776,P002,2025-08-15,3,2,4,In-person,1.018
C08447,R024,D0580,P008,2025-08-24,2,2,1,In-person,0.886
C08448,R051,D0205,P002,2025-08-17,3,1,5,In-person,0.841
C08449,R035,D0574,P005,2025-08-21,3,2,6,Virtual,1.108
C08450,R027,D0716,P006,2025-08-29,1,2,4,In-person,0.942
C08451,R050,D0723,P002,2025-08-05,3,1,2,In-person,0.825
C08452,R067,D0359,P006,2025-08-29,3,2,1,Clinic Camp,0.97
C08453,R046,D0577,P006,2025-08-15,2,2,3,In-person,0.971
C08454,R052,D0286,P008,2025-08-05,4,1,3,In-person,1.151
C08455,R066,D0211,P008,2025-08-14,1,1,1,In-person,0.759
C08456,R070,D0514,P004,2025-08-02,4,2,2,In-person,1.046
C08457,R043,D0399,P006,2025-08-17,2,1,6,In-person,0.876
C08458,R042,D0195,P007,2025-08-15,2,1,1,Virtual,0.79
C08459,R058,D0484,P001,2025-08-13,3,1,1,In-person,0.929
C08460,R029,D0279,P006,2025-08-14,3,2,2,In-person,0.905
C08461,R005,D0570,P008,2025-08-20,3,1,6,In-person,1.033
C08462,R062,D0325,P001,2025-08-26,3,1,2,In-person,0.763
C08463,R068,D0756,P007,2025-08-13,2,1,2,In-person,0.869
C08464,R031,D0749,P001,2025-08-01,4,1,2,Virtual,1.032
C08465,R071,D0364,P004,2025-08-18,3,1,6,Clinic Camp,1.022
C08466,R037,D0604,P007,2025-08-30,1,1,2,In-person,0.768
C08467,R026,D0184,P008,2025-08-13,4,1,2,In-person,0.988
C08468,R039,D0844,P006,2025-08-04,4,2,2,In-person,1.014
C08469,R049,D0157,P006,2025-08-28,1,1,6,In-person,0.728
C08470,R010,D0707,P003,2025-08-13,4,1,4,In-person,1.012
C08471,R014,D0693,P007,2025-08-12,3,2,4,In-person,1.018
C08472,R068,D0314,P006,2025-08-10,4,2,1,In-person,1.102
C08473,R066,D0020,P008,2025-08-23,2,2,0,In-person,0.859
C08474,R005,D0718,P005,2025-08-05,1,2,0,In-person,0.813
C08475,R015,D0764,P001,2025-08-20,1,1,2,In-person,0.769
C08476,R063,D0563,P005,2025-08-11,1,2,5,In-person,0.936
C08477,R009,D0061,P007,2025-08-12,4,2,5,In-person,1.176
C08478,R053,D0625,P007,2025-08-07,2,1,5,Virtual,0.794
C08479,R028,D0291,P004,2025-08-26,4,1,4,Virtual,1.048
C08480,R047,D0763,P002,2025-08-15,1,1,3,In-person,0.75
C08481,R052,D0652,P007,2025-08-29,2,2,2,In-person,0.957
C08482,R049,D0679,P007,2025-08-26,4,2,5,In-person,1.218
C08483,R066,D0368,P008,2025-08-24,2,2,1,In-person,0.719
C08484,R032,D0366,P006,2025-08-14,4,1,0,In-person,1.017
C08485,R047,D0737,P007,2025-08-30,1,2,5,In-person,0.881
C08486,R038,D0109,P004,2025-08-19,4,1,3,Clinic Camp,0.906
C08487,R030,D0095,P007,2025-08-14,3,2,4,In-person,0.977
C08488,R011,D0079,P004,2025-08-11,4,2,6,In-person,1.035
C08489,R019,D0449,P007,2025-08-29,1,1,4,In-person,0.823
C08490,R019,D0024,P002,2025-08-08,4,1,5,In-person,0.927
C08491,R008,D0502,P003,2025-08-28,2,2,3,In-person,1.02
C08492,R020,D0314,P002,2025-08-08,1,2,2,Virtual,0.891
C08493,R009,D0811,P004,2025-08-24,1,2,2,In-person,0.854
C08494,R069,D0293,P007,2025-08-09,1,2,6,In-person,0.745
C08495,R035,D0091,P001,2025-08-26,3,2,2,In-person,0.87
C08496,R023,D0571,P006,2025-08-26,1,2,6,In-person,0.902
C08497,R056,D0366,P007,2025-08-23,4,1,0,Virtual,0.918
C08498,R031,D0343,P006,2025-08-31,1,1,2,In-person,0.821
C08499,R007,D0569,P006,2025-08-16,1,2,6,Clinic Camp,0.675
C08500,R018,D0753,P002,2025-08-27,4,1,4,In-person,0.931
C08501,R048,D0738,P005,2025-08-18,4,2,2,Virtual,1.113
C08502,R006,D0450,P002,2025-08-02,3,2,1,In-person,0.931
C08503,R017,D0635,P002,2025-08-13,4,2,3,In-person,1.027
C08504,R014,D0190,P007,2025-08-02,3,2,6,Virtual,0.919
C08505,R018,D0645,P005,2025-08-21,1,2,2,In-person,0.921
C08506,R023,D0808,P008,2025-08-05,2,1,3,In-person,0.795
C08507,R013,D0341,P004,2025-08-11,4,1,2,Virtual,1.043
C08508,R050,D0375,P003,2025-08-28,3,2,6,In-person,1.165
C08509,R018,D0408,P008,2025-08-23,3,1,4,Clinic Camp,1.027
C08510,R052,D0048,P005,2025-08-11,1,2,4,In-person,0.869
C08511,R046,D0736,P007,2025-08-16,3,2,4,Virtual,0.973
C08512,R060,D0704,P001,2025-08-19,1,2,2,Clinic Camp,0.792
C08513,R027,D0716,P005,2025-08-11,3,2,5,In-person,1.187
C08514,R026,D0151,P007,2025-08-24,1,1,4,Clinic Camp,0.765
C08515,R032,D0642,P007,2025-08-05,2,1,0,Clinic Camp,0.864
C08516,R063,D0235,P006,2025-08-14,3,2,2,Clinic Camp,1.015
C08517,R011,D0691,P002,2025-08-08,1,1,6,In-person,0.785
C08518,R024,D0738,P005,2025-08-22,3,1,1,In-person,0.848
C08519,R016,D0730,P001,2025-08-20,2,2,6,Virtual,1.073
C08520,R053,D0824,P007,2025-08-26,3,2,5,In-person,1.033
C08521,R071,D0077,P006,2025-08-12,3,1,6,In-person,0.922
C08522,R053,D0279,P002,2025-08-08,4,1,5,In-person,0.945
C08523,R045,D0215,P006,2025-08-02,4,2,0,Clinic Camp,1.036
C08524,R032,D0477,P006,2025-08-27,1,2,1,In-person,0.777
C08525,R059,D0845,P001,2025-08-11,2,2,3,In-person,0.972
C08526,R004,D0557,P001,2025-08-24,1,2,2,Clinic Camp,1.04
C08527,R025,D0521,P002,2025-08-12,2,1,6,In-person,0.929
C08528,R045,D0682,P001,2025-08-11,3,1,5,In-person,1.084
C08529,R014,D0115,P005,2025-08-08,1,2,5,Virtual,0.833
C08530,R039,D0540,P008,2025-08-25,2,1,6,In-person,0.943
C08531,R067,D0449,P001,2025-08-09,4,1,0,In-person,1.02
C08532,R050,D0201,P005,2025-08-10,1,1,4,In-person,0.892
C08533,R017,D0531,P004,2025-08-22,1,2,6,Clinic Camp,1.01
C08534,R059,D0732,P007,2025-08-17,2,1,6,In-person,0.889
C08535,R032,D0657,P004,2025-08-24,4,2,5,In-person,1.171
C08536,R061,D0700,P006,2025-08-04,3,2,5,In-person,0.949
C08537,R046,D0654,P008,2025-08-30,1,1,5,In-person,0.929
C08538,R021,D0311,P002,2025-08-08,3,2,0,In-person,0.864
C08539,R050,D0119,P003,2025-08-04,1,1,2,In-person,0.846
C08540,R063,D0814,P003,2025-08-04,4,2,6,Virtual,1.201
C08541,R021,D0311,P002,2025-08-10,1,2,4,In-person,0.955
C08542,R012,D0589,P006,2025-08-14,3,1,1,In-person,1.033
C08543,R048,D0026,P001,2025-08-03,2,1,5,In-person,0.954
C08544,R066,D0694,P004,2025-08-20,3,1,0,In-person,0.744
C08545,R023,D0747,P001,2025-08-20,2,1,2,In-person,0.863
C08546,R036,D0809,P005,2025-08-25,3,2,5,In-person,0.879
C08547,R049,D0113,P007,2025-08-01,4,1,5,Clinic Camp,1.003
C08548,R037,D0700,P004,2025-08-03,4,1,3,In-person,0.94
C08549,R013,D0483,P004,2025-08-07,3,1,1,In-person,0.919
C08550,R051,D0138,P004,2025-08-14,4,2,3,In-person,0.998
C08551,R065,D0491,P002,2025-08-19,1,1,1,In-person,0.665
C08552,R058,D0353,P004,2025-08-07,3,2,6,In-person,1.088
C08553,R065,D0505,P008,2025-08-12,3,2,6,In-person,1.142
C08554,R054,D0060,P001,2025-08-16,2,2,5,In-person,0.96
C08555,R045,D0455,P007,2025-08-17,2,2,2,In-person,1.092
C08556,R016,D0545,P002,2025-08-17,2,2,1,Virtual,0.861
C08557,R036,D0648,P001,2025-08-20,3,1,0,In-person,0.904
C08558,R011,D0668,P003,2025-08-24,3,2,2,Clinic Camp,1.003
C08559,R056,D0517,P003,2025-08-27,4,2,5,In-person,1.073
C08560,R033,D0673,P003,2025-08-30,3,1,2,In-person,0.991
C08561,R011,D0091,P007,2025-08-13,4,1,5,In-person,0.939
C08562,R064,D0674,P008,2025-08-11,4,2,1,In-person,0.862
C08563,R003,D0230,P006,2025-08-09,3,1,5,In-person,0.93
C08564,R003,D0564,P002,2025-08-11,1,1,0,In-person,0.689
C08565,R031,D0536,P008,2025-08-17,2,2,2,Virtual,0.991
C08566,R003,D0825,P007,2025-08-19,1,2,1,In-person,0.718
C08567,R054,D0256,P001,2025-08-03,2,2,4,In-person,0.984
C08568,R060,D0318,P004,2025-08-31,4,1,1,In-person,0.97
C08569,R039,D0585,P007,2025-08-02,2,2,0,Virtual,0.896
C08570,R027,D0615,P001,2025-08-13,4,2,2,In-person,1.13
C08571,R036,D0282,P001,2025-08-15,2,2,0,In-person,0.868
C08572,R017,D0425,P005,2025-08-11,3,2,2,In-person,0.98
C08573,R071,D0737,P003,2025-08-07,1,2,1,Clinic Camp,0.854
C08574,R025,D0751,P004,2025-08-17,3,2,6,Clinic Camp,1.04
C08575,R040,D0105,P007,2025-08-01,1,2,3,Clinic Camp,0.746
C08576,R015,D0302,P005,2025-08-24,2,1,3,In-person,0.801
C08577,R048,D0610,P006,2025-08-22,4,1,4,In-person,0.971
C08578,R013,D0070,P002,2025-08-24,1,2,0,In-person,0.755
C08579,R023,D0134,P001,2025-08-26,4,1,0,Virtual,0.895
C08580,R043,D0081,P003,2025-08-28,4,1,1,In-person,0.952
C08581,R008,D0480,P002,2025-08-05,1,1,6,In-person,0.796
C08582,R051,D0383,P003,2025-08-26,2,2,5,Clinic Camp,1.028
C08583,R067,D0220,P007,2025-08-18,4,2,6,In-person,1.188
C08584,R020,D0273,P002,2025-08-04,2,1,5,Clinic Camp,0.68
C08585,R059,D0567,P002,2025-08-31,4,2,0,In-person,0.895
C08586,R062,D0685,P002,2025-08-26,4,1,1,In-person,0.746
C08587,R033,D0181,P003,2025-08-09,1,1,5,In-person,0.778
C08588,R026,D0662,P002,2025-08-28,3,1,3,In-person,0.877
C08589,R002,D0721,P002,2025-08-23,4,1,4,In-person,1.004
C08590,R003,D0564,P005,2025-08-14,3,2,1,Virtual,1.025
C08591,R012,D0528,P001,2025-08-06,4,2,3,In-person,1.061
C08592,R059,D0191,P002,2025-08-23,3,1,6,In-person,0.91
C08593,R060,D0813,P007,2025-08-29,3,1,3,In-person,0.904
C08594,R032,D0817,P001,2025-08-06,1,1,4,In-person,0.742
C08595,R043,D0631,P001,2025-08-01,4,2,5,In-person,0.982
C08596,R055,D0769,P001,2025-08-08,4,2,6,In-person,1.195
C08597,R029,D0570,P005,2025-08-10,2,2,1,Clinic Camp,0.922
C08598,R002,D0662,P006,2025-08-12,1,2,6,Clinic Camp,1.024
C08599,R054,D0710,P006,2025-08-31,3,2,4,Clinic Camp,0.913
C08600,R001,D0032,P006,2025-08-30,4,1,5,In-person,0.881
C08601,R068,D0315,P001,2025-08-21,3,1,1,In-person,0.793
C08602,R031,D0232,P003,2025-08-07,4,1,0,Virtual,0.952
C08603,R062,D0504,P006,2025-08-07,3,2,0,In-person,1.009
C08604,R061,D0150,P006,2025-08-03,2,1,2,In-person,0.839
C08605,R026,D0326,P003,2025-08-25,2,1,3,In-person,0.845
C08606,R002,D0352,P007,2025-08-07,4,1,2,In-person,1.024
C08607,R013,D0614,P007,2025-08-28,3,2,1,In-person,0.921
C08608,R067,D0449,P007,2025-08-19,3,1,5,In-person,1.025
C08609,R046,D0042,P007,2025-08-16,4,1,5,In-person,1.169
C08610,R033,D0632,P008,2025-08-29,4,1,4,In-person,0.907
C08611,R063,D0332,P007,2025-08-05,4,2,4,In-person,1.062
C08612,R039,D0108,P005,2025-08-15,2,1,5,In-person,0.759
C08613,R015,D0533,P004,2025-08-09,1,2,1,Clinic Camp,0.741
C08614,R050,D0239,P003,2025-08-06,3,1,6,Clinic Camp,0.989
C08615,R030,D0512,P007,2025-08-30,2,2,6,In-person,0.843
C08616,R060,D0813,P003,2025-08-19,4,2,2,In-person,0.984
C08617,R025,D0157,P006,2025-08-05,1,1,2,Clinic Camp,0.83
C08618,R020,D0756,P005,2025-08-04,4,1,1,In-person,0.956
C08619,R009,D0403,P004,2025-08-10,3,1,4,In-person,0.983
C08620,R037,D0782,P004,2025-08-26,1,1,2,In-person,0.643
C08621,R028,D0680,P001,2025-08-05,1,2,1,In-person,0.823
C08622,R035,D0691,P006,2025-08-23,1,1,4,In-person,0.933
C08623,R006,D0189,P001,2025-08-04,4,1,1,In-person,0.885
C08624,R024,D0610,P001,2025-08-11,3,2,0,In-person,0.901
C08625,R022,D0262,P003,2025-08-17,3,1,6,Virtual,1.005
C08626,R043,D0772,P005,2025-08-04,3,2,0,Virtual,0.868
C08627,R030,D0837,P003,2025-08-13,2,1,6,In-person,0.945
C08628,R070,D0464,P008,2025-08-09,1,2,4,Virtual,0.728
C08629,R038,D0754,P008,2025-08-02,3,2,2,Clinic Camp,0.782
C08630,R012,D0506,P004,2025-08-01,1,2,3,In-person,0.879
C08631,R021,D0008,P008,2025-08-05,1,2,2,In-person,0.758
C08632,R001,D0760,P001,2025-08-24,4,2,2,Virtual,1.001
C08633,R028,D0363,P002,2025-08-02,1,2,4,In-person,0.942
C08634,R004,D0027,P003,2025-08-16,4,1,6,Clinic Camp,1.078
C08635,R011,D0079,P008,2025-08-01,1,2,1,In-person,0.72
C08636,R042,D0481,P005,2025-08-07,2,1,3,In-person,0.876
C08637,R053,D0824,P006,2025-08-06,3,2,6,In-person,1.024
C08638,R033,D0673,P006,2025-08-11,1,2,0,Clinic Camp,0.833
C08639,R027,D0383,P004,2025-08-24,4,1,0,In-person,0.918
C08640,R054,D0254,P008,2025-08-14,4,1,4,In-person,0.872
C08641,R006,D0450,P008,2025-09-01,1,1,0,In-person,0.653
C08642,R006,D0254,P004,2025-09-05,1,2,6,In-person,0.715
C08643,R020,D0330,P006,2025-09-10,4,2,0,In-person,1.025
C08644,R058,D0098,P005,2025-09-09,2,2,5,In-person,0.992
C08645,R014,D0473,P005,2025-09-17,1,2,2,In-person,0.78
C08646,R003,D0177,P001,2025-09-11,4,1,6,Virtual,1.019
C08647,R062,D0110,P002,2025-09-23,2,1,6,Virtual,0.81
C08648,R038,D0198,P008,2025-09-08,2,1,5,In-person,0.971
C08649,R027,D0690,P002,2025-09-21,3,2,4,In-person,0.909
C08650,R039,D0474,P006,2025-09-04,3,2,1,In-person,0.933
C08651,R040,D0436,P008,2025-09-30,4,1,0,In-person,0.816
C08652,R028,D0435,P005,2025-09-30,4,2,1,In-person,1.047
C08653,R071,D0472,P002,2025-09-09,4,1,0,In-person,1.003
C08654,R004,D0356,P007,2025-09-08,4,1,5,In-person,0.844
C08655,R066,D0645,P001,2025-09-01,3,2,2,In-person,1.028
C08656,R059,D0626,P006,2025-09-30,3,2,3,In-person,1.125
C08657,R046,D0142,P003,2025-09-02,2,2,4,Clinic Camp,0.952
C08658,R064,D0709,P006,2025-09-01,3,1,4,In-person,0.868
C08659,R060,D0149,P004,2025-09-03,1,1,4,Clinic Camp,0.779
C08660,R028,D0048,P005,2025-09-09,2,2,5,In-person,0.916
C08661,R037,D0272,P004,2025-09-30,2,1,0,In-person,0.937
C08662,R068,D0431,P005,2025-09-05,3,1,1,Virtual,0.935
C08663,R061,D0663,P008,2025-09-18,4,2,5,Virtual,1.172
C08664,R003,D0619,P007,2025-09-20,2,1,5,Clinic Camp,1.042
C08665,R066,D0064,P004,2025-09-24,3,2,4,In-person,1.12
C08666,R044,D0511,P008,2025-09-21,2,2,6,In-person,0.968
C08667,R019,D0698,P008,2025-09-30,2,1,6,In-person,0.89
C08668,R001,D0666,P006,2025-09-20,3,2,0,In-person,1.129
C08669,R038,D0468,P005,2025-09-26,1,1,3,In-person,0.705
C08670,R041,D0505,P001,2025-09-10,4,1,6,Virtual,1.014
C08671,R030,D0559,P005,2025-09-13,1,2,2,In-person,0.755
C08672,R044,D0321,P002,2025-09-23,1,2,0,In-person,0.655
C08673,R043,D0471,P002,2025-09-27,4,2,0,Clinic Camp,0.94
C08674,R070,D0514,P007,2025-09-01,1,2,5,In-person,0.821
C08675,R047,D0039,P003,2025-09-14,2,1,6,In-person,0.838
C08676,R016,D0545,P005,2025-09-25,2,2,4,In-person,0.991
C08677,R050,D0221,P007,2025-09-04,4,1,0,In-person,0.919
C08678,R024,D0026,P005,2025-09-11,1,1,2,In-person,0.827
C08679,R032,D0623,P007,2025-09-17,2,2,2,In-person,0.918
C08680,R025,D0299,P007,2025-09-03,2,1,6,In-person,0.902
C08681,R016,D0373,P004,2025-09-28,4,1,3,In-person,0.951
C08682,R063,D0494,P008,2025-09-12,3,1,1,In-person,1.024
C08683,R045,D0455,P008,2025-09-24,1,1,3,In-person,0.73
C08684,R053,D0598,P003,2025-09-13,4,1,5,In-person,1.083
C08685,R035,D0785,P007,2025-09-13,1,1,4,Clinic Camp,0.687
C08686,R027,D0616,P002,2025-09-29,3,1,2,In-person,0.867
C08687,R063,D0011,P001,2025-09-26,2,2,5,In-person,1.121
C08688,R041,D0163,P005,2025-09-16,1,1,2,Virtual,0.801
C08689,R070,D0392,P005,2025-09-14,1,2,0,In-person,0.688
C08690,R027,D0432,P005,2025-09-24,4,1,6,Clinic Camp,0.945
C08691,R035,D0357,P007,2025-09-21,4,2,5,In-person,1.228
C08692,R063,D0141,P004,2025-09-30,3,1,5,In-person,0.947
C08693,R046,D0066,P007,2025-09-10,4,1,6,In-person,1.006
C08694,R050,D0156,P008,2025-09-04,4,2,4,Clinic Camp,1.02
C08695,R032,D0817,P001,2025-09-06,2,1,0,In-person,0.755
C08696,R011,D0390,P004,2025-09-16,4,2,5,Clinic Camp,1.213
C08697,R011,D0826,P002,2025-09-10,3,2,0,In-person,0.884
C08698,R052,D0278,P006,2025-09-25,1,1,4,In-person,0.734
C08699,R049,D0263,P004,2025-09-27,3,2,6,In-person,1.096
C08700,R047,D0378,P003,2025-09-06,1,2,2,In-person,0.753
C08701,R056,D0784,P003,2025-09-30,3,1,2,In-person,0.811
C08702,R058,D0409,P003,2025-09-19,2,2,6,In-person,0.979
C08703,R059,D0037,P001,2025-09-08,1,2,3,In-person,0.857
C08704,R009,D0250,P001,2025-09-07,3,1,6,Virtual,0.893
C08705,R019,D0799,P006,2025-09-05,2,1,2,In-person,0.854
C08706,R018,D0100,P008,2025-09-15,2,1,1,Clinic Camp,0.816
C08707,R058,D0692,P005,2025-09-03,1,1,3,In-person,0.606
C08708,R047,D0808,P008,2025-09-04,1,2,2,Clinic Camp,0.898
C08709,R003,D0177,P002,2025-09-23,4,1,4,In-person,0.946
C08710,R018,D0408,P008,2025-09-15,3,1,2,Clinic Camp,0.95
C08711,R037,D0416,P005,2025-09-16,2,2,5,In-person,1.126
C08712,R042,D0618,P006,2025-09-10,3,2,2,In-person,0.971
C08713,R002,D0721,P001,2025-09-17,3,2,2,In-person,0.924
C08714,R028,D0045,P005,2025-09-11,1,1,4,In-person,0.892
C08715,R058,D0216,P004,2025-09-02,4,1,1,In-person,0.871
C08716,R072,D0729,P008,2025-09-18,3,1,1,In-person,1.019
C08717,R060,D0304,P007,2025-09-03,2,1,3,In-person,0.797
C08718,R022,D0174,P007,2025-09-21,2,2,2,Clinic Camp,0.856
C08719,R041,D0505,P008,2025-09-28,1,2,2,In-person,1.025
C08720,R004,D0186,P006,2025-09-21,2,2,2,In-person,0.935
C08721,R047,D0101,P002,2025-09-18,2,1,4,In-person,0.982
C08722,R031,D0696,P003,2025-09-29,1,2,2,Clinic Camp,0.834
C08723,R008,D0171,P007,2025-09-07,3,1,4,In-person,0.914
C08724,R028,D0728,P005,2025-09-24,2,1,1,In-person,0.564
C08725,R019,D0172,P008,2025-09-07,2,2,6,In-person,1.059
C08726,R035,D0091,P007,2025-09-01,3,1,6,In-person,0.989
C08727,R056,D0623,P005,2025-09-08,1,2,0,In-person,0.791
C08728,R001,D0113,P002,2025-09-16,1,1,0,In-person,0.757
C08729,R029,D0310,P008,2025-09-02,1,1,0,In-person,0.713
C08730,R034,D0225,P002,2025-09-09,3,2,1,Virtual,0.883
C08731,R018,D0405,P002,2025-09-02,3,1,5,In-person,0.969
C08732,R041,D0462,P002,2025-09-08,1,2,1,In-person,0.803
C08733,R040,D0237,P001,2025-09-22,3,2,4,Virtual,1.071
C08734,R016,D0309,P004,2025-09-05,4,1,1,Virtual,0.916
C08735,R036,D0152,P007,2025-09-08,1,1,0,In-person,0.673
C08736,R003,D0071,P007,2025-09-05,1,2,0,In-person,0.756
C08737,R068,D0636,P004,2025-09-12,4,2,6,In-person,1.047
C08738,R019,D0399,P003,2025-09-23,2,2,3,In-person,0.882
C08739,R020,D0193,P003,2025-09-17,2,2,4,Clinic Camp,0.977
C08740,R015,D0223,P008,2025-09-07,3,2,1,In-person,0.898
C08741,R007,D0579,P001,2025-09-10,1,2,3,Clinic Camp,0.76
C08742,R050,D0239,P001,2025-09-21,2,2,4,Clinic Camp,1.005
C08743,R005,D0382,P001,2025-09-15,2,1,5,In-person,0.859
C08744,R059,D0626,P008,2025-09-14,4,2,4,In-person,1.143
C08745,R072,D0523,P001,2025-09-26,3,2,4,In-person,0.994
C08746,R055,D0588,P008,2025-09-25,2,1,4,Virtual,0.806
C08747,R051,D0230,P002,2025-09-08,3,2,2,In-person,0.837
C08748,R043,D0446,P005,2025-09-22,2,1,4,Clinic Camp,0.762
C08749,R037,D0700,P008,2025-09-24,2,2,2,In-person,0.836
C08750,R057,D0791,P001,2025-09-27,3,2,5,In-person,1.052
C08751,R063,D0011,P003,2025-09-08,2,1,3,In-person,0.825
C08752,R022,D0655,P006,2025-09-22,3,1,4,In-person,0.84
C08753,R023,D0747,P007,2025-09-06,2,2,3,In-person,0.702
C08754,R045,D0807,P008,2025-09-14,3,2,3,In-person,1.031
C08755,R006,D0242,P001,2025-09-03,2,1,4,In-person,0.922
C08756,R004,D0358,P007,2025-09-19,4,2,1,Clinic Camp,1.105
C08757,R004,D0027,P003,2025-09-21,2,1,3,In-person,0.757
C08758,R054,D0095,P005,2025-09-14,1,2,2,In-person,0.918
C08759,R007,D0536,P008,2025-09-13,2,1,0,In-person,0.825
C08760,R003,D0177,P008,2025-09-08,1,1,5,In-person,0.845
C08761,R018,D0195,P002,2025-09-24,2,1,4,In-person,0.803
C08762,R023,D0260,P004,2025-09-28,4,2,0,In-person,0.999
C08763,R060,D0370,P003,2025-09-04,1,1,0,In-person,0.857
C08764,R010,D0104,P005,2025-09-09,1,2,6,Clinic Camp,1.042
C08765,R056,D0642,P007,2025-09-19,2,2,5,In-person,0.956
C08766,R012,D0624,P003,2025-09-11,2,1,5,In-person,0.885
C08767,R069,D0669,P001,2025-09-01,1,1,4,In-person,0.606
C08768,R031,D0771,P001,2025-09-01,3,2,5,Clinic Camp,1.126
C08769,R040,D0529,P001,2025-09-08,3,1,4,In-person,0.982
C08770,R017,D0434,P003,2025-09-30,3,1,0,Clinic Camp,0.878
C08771,R052,D0830,P008,2025-09-19,2,2,3,Clinic Camp,0.876
C08772,R035,D0507,P003,2025-09-08,4,1,2,In-person,0.961
C08773,R036,D0370,P004,2025-09-02,3,1,1,In-person,0.985
C08774,R062,D0381,P006,2025-09-23,4,1,6,In-person,1.057
C08775,R053,D0013,P006,2025-09-12,1,2,4,Clinic Camp,1.083
C08776,R046,D0821,P003,2025-09-12,3,1,6,In-person,1.023
C08777,R020,D0688,P002,2025-09-17,2,2,0,In-person,0.796
C08778,R044,D0638,P002,2025-09-07,1,2,6,Virtual,0.875
C08779,R037,D0117,P002,2025-09-22,1,1,4,In-person,0.725
C08780,R009,D0835,P001,2025-09-10,1,1,3,In-person,0.833
C08781,R014,D0115,P004,2025-09-22,1,1,1,In-person,0.82
C08782,R064,D0309,P006,2025-09-16,2,1,4,In-person,0.989
C08783,R014,D0078,P006,2025-09-05,4,1,4,In-person,0.965
C08784,R037,D0209,P008,2025-09-19,2,1,4,In-person,0.889
C08785,R008,D0366,P003,2025-09-03,1,2,1,Clinic Camp,0.92
C08786,R024,D0610,P006,2025-09-22,3,1,4,In-person,1.046
C08787,R067,D0220,P008,2025-09-12,1,1,0,In-person,0.612
C08788,R034,D0778,P001,2025-09-21,4,1,0,In-person,0.97
C08789,R034,D0197,P007,2025-09-08,2,2,3,In-person,0.829
C08790,R036,D0427,P001,2025-09-13,1,2,0,In-person,0.752
C08791,R040,D0508,P005,2025-09-10,2,2,4,In-person,0.837
C08792,R020,D0688,P007,2025-09-08,4,1,3,In-person,0.924
C08793,R045,D0558,P004,2025-09-11,4,2,1,Clinic Camp,0.912
C08794,R021,D0740,P005,2025-09-02,2,1,1,In-person,0.703
C08795,R071,D0808,P005,2025-09-12,4,2,3,In-person,0.992
C08796,R068,D0193,P005,2025-09-04,1,2,4,In-person,0.896
C08797,R014,D0078,P006,2025-09-16,2,1,5,In-person,0.873
C08798,R049,D0388,P007,2025-09-03,2,1,4,In-person,0.72
C08799,R009,D0132,P002,2025-09-01,1,2,3,In-person,1.073
C08800,R066,D0394,P004,2025-09-14,2,2,4,In-person,0.903
C08801,R002,D0582,P007,2025-09-09,2,2,4,In-person,0.836
C08802,R017,D0323,P004,2025-09-27,3,1,2,In-person,0.933
C08803,R007,D0144,P004,2025-09-08,2,2,1,In-person,0.888
C08804,R029,D0833,P006,2025-09-12,1,1,3,Clinic Camp,0.699
C08805,R015,D0235,P008,2025-09-08,2,2,0,Clinic Camp,0.901
C08806,R070,D0655,P003,2025-09-27,4,1,1,In-person,0.884
C08807,R052,D0445,P008,2025-09-24,1,1,1,Clinic Camp,0.704
C08808,R045,D0503,P006,2025-09-06,4,2,3,In-person,1.181
C08809,R045,D0669,P001,2025-09-08,1,2,6,In-person,0.918
C08810,R049,D0219,P007,2025-09-06,1,2,6,Clinic Camp,0.957
C08811,R010,D0122,P004,2025-09-05,1,2,0,In-person,0.758
C08812,R022,D0848,P003,2025-09-08,2,2,5,In-person,0.972
C08813,R055,D0579,P005,2025-09-26,2,2,1,In-person,0.826
C08814,R031,D0349,P005,2025-09-14,4,2,6,In-person,1.053
C08815,R039,D0533,P005,2025-09-12,3,2,1,In-person,0.925
C08816,R048,D0312,P001,2025-09-06,3,2,0,In-person,0.884
C08817,R033,D0791,P007,2025-09-06,4,2,5,In-person,1.183
C08818,R054,D0532,P003,2025-09-17,1,2,5,Virtual,0.936
C08819,R016,D0344,P002,2025-09-23,1,2,2,In-person,0.653
C08820,R013,D0601,P005,2025-09-17,4,2,3,In-person,1.202
C08821,R016,D0592,P005,2025-09-20,4,1,5,In-person,1.061
C08822,R060,D0304,P001,2025-09-08,1,2,5,In-person,0.982
C08823,R046,D0637,P008,2025-09-29,1,1,2,Clinic Camp,0.732
C08824,R069,D0206,P005,2025-09-25,2,1,5,Virtual,0.75
C08825,R061,D0150,P008,2025-09-27,1,1,5,In-person,0.694
C08826,R059,D0691,P006,2025-09-21,3,1,5,In-person,1.077
C08827,R049,D0573,P001,2025-09-21,3,1,6,In-person,0.828
C08828,R057,D0049,P002,2025-09-03,2,1,5,Clinic Camp,0.754
C08829,R032,D0605,P008,2025-09-05,1,2,3,In-person,0.819
C08830,R012,D0268,P005,2025-09-04,2,2,2,Virtual,0.795
C08831,R071,D0224,P001,2025-09-15,4,1,6,Clinic Camp,1.071
C08832,R007,D0456,P001,2025-09-18,3,1,3,In-person,0.953
C08833,R024,D0385,P005,2025-09-04,4,2,6,In-person,1.151
C08834,R032,D0697,P005,2025-09-23,3,2,6,Virtual,0.999
C08835,R062,D0381,P002,2025-09-17,1,2,0,In-person,0.823
C08836,R043,D0218,P002,2025-09-18,1,2,0,Virtual,0.943
C08837,R013,D0660,P005,2025-09-28,1,2,3,In-person,0.739
C08838,R025,D0521,P004,2025-09-18,3,2,0,Virtual,1.029
C08839,R069,D0007,P001,2025-09-01,1,1,4,In-person,0.847
C08840,R007,D0547,P001,2025-09-24,2,2,0,In-person,0.862
C08841,R048,D0396,P002,2025-09-27,4,2,5,In-person,1.113
C08842,R020,D0556,P005,2025-09-03,1,1,2,In-person,0.775
C08843,R008,D0212,P003,2025-09-17,1,2,4,In-person,0.794
C08844,R067,D0446,P001,2025-09-15,2,2,3,In-person,0.793
C08845,R056,D0537,P008,2025-09-05,4,2,4,Clinic Camp,1.155
C08846,R032,D0605,P006,2025-09-09,4,2,4,Virtual,0.982
C08847,R067,D0586,P005,2025-09-26,2,1,2,In-person,0.729
C08848,R010,D0823,P002,2025-09-12,2,1,5,Clinic Camp,0.829
C08849,R030,D0532,P006,2025-09-17,3,2,5,In-person,1.053
C08850,R060,D0361,P008,2025-09-24,4,2,2,In-person,1.006
C08851,R017,D0486,P006,2025-09-14,1,1,0,In-person,0.652
C08852,R043,D0220,P003,2025-09-27,4,1,3,Clinic Camp,1.05
C08853,R013,D0251,P004,2025-09-15,4,1,4,In-person,0.965
C08854,R030,D0627,P008,2025-09-30,2,2,5,Virtual,0.896
C08855,R055,D0350,P001,2025-09-05,3,1,1,Virtual,0.9
C08856,R058,D0566,P002,2025-09-27,3,2,3,In-person,0.999
C08857,R044,D0676,P001,2025-09-04,1,2,5,Clinic Camp,0.892
C08858,R025,D0819,P006,2025-09-25,2,2,3,Clinic Camp,0.959
C08859,R048,D0096,P004,2025-09-20,1,1,5,In-person,0.789
C08860,R011,D0357,P002,2025-09-17,1,1,4,Clinic Camp,0.85
C08861,R016,D0608,P008,2025-09-27,2,1,1,In-person,0.684
C08862,R059,D0397,P005,2025-09-20,3,2,1,In-person,1.057
C08863,R052,D0454,P002,2025-09-21,3,2,5,In-person,0.957
C08864,R034,D0542,P008,2025-09-23,1,1,4,In-person,0.651
C08865,R054,D0794,P006,2025-09-26,4,1,5,Clinic Camp,0.947
C08866,R029,D0222,P002,2025-09-07,1,1,2,In-person,0.718
C08867,R069,D0213,P007,2025-09-26,2,1,0,In-person,0.721
C08868,R050,D0352,P001,2025-09-18,3,2,1,Clinic Camp,0.881
C08869,R048,D0396,P008,2025-09-01,4,2,3,Clinic Camp,1.145
C08870,R046,D0796,P004,2025-09-28,4,1,0,In-person,0.85
C08871,R051,D0071,P003,2025-09-24,1,2,1,Clinic Camp,0.637
C08872,R061,D0150,P001,2025-09-27,2,1,1,In-person,0.77
C08873,R013,D0761,P008,2025-09-24,4,2,0,In-person,1.174
C08874,R026,D0628,P005,2025-09-11,1,1,2,Virtual,0.661
C08875,R025,D0611,P005,2025-09-11,4,2,5,In-person,1.028
C08876,R023,D0187,P007,2025-09-09,3,2,2,In-person,0.944
C08877,R033,D0554,P005,2025-09-13,3,1,2,Virtual,1.01
C08878,R009,D0317,P003,2025-09-02,3,2,3,In-person,0.965
C08879,R040,D0592,P007,2025-09-23,4,1,4,In-person,0.91
C08880,R066,D0072,P005,2025-09-23,3,2,2,In-person,1.005
C08881,R054,D0242,P002,2025-09-30,2,1,0,Clinic Camp,0.803
C08882,R007,D0569,P007,2025-09-17,3,1,2,In-person,0.925
C08883,R029,D0570,P007,2025-09-30,3,2,0,Clinic Camp,0.855
C08884,R002,D0762,P002,2025-09-07,3,2,1,In-person,0.913
C08885,R022,D0654,P006,2025-09-15,1,1,4,In-person,0.872
C08886,R054,D0006,P008,2025-09-24,4,2,1,Clinic Camp,1.061
C08887,R064,D0073,P007,2025-09-24,2,1,2,In-person,0.881
C08888,R010,D0225,P002,2025-09-24,3,2,2,Virtual,0.972
C08889,R066,D0753,P007,2025-09-14,3,2,6,Virtual,1.133
C08890,R021,D0319,P001,2025-09-03,1,2,1,In-person,0.841
C08891,R038,D0752,P005,2025-09-26,4,2,0,In-person,0.968
C08892,R026,D0119,P005,2025-09-12,1,1,3,In-person,0.824
C08893,R023,D0843,P001,2025-09-20,4,1,4,Clinic Camp,0.922
C08894,R021,D0009,P006,2025-09-04,4,2,3,In-person,1.187
C08895,R033,D0757,P003,2025-09-29,3,2,4,In-person,1.093
C08896,R071,D0747,P007,2025-09-08,4,1,6,In-person,1.005
C08897,R044,D0336,P008,2025-09-30,4,2,4,Clinic Camp,1.067
C08898,R018,D0244,P005,2025-09-22,4,2,3,In-person,1.075
C08899,R033,D0541,P006,2025-09-10,4,2,4,In-person,1.068
C08900,R072,D0568,P001,2025-09-12,4,2,1,Virtual,1.134
C08901,R065,D0083,P008,2025-09-30,4,1,1,Virtual,0.895
C08902,R047,D0187,P006,2025-09-18,4,2,2,In-person,0.926
C08903,R047,D0583,P004,2025-09-21,1,1,5,In-person,0.779
C08904,R042,D0644,P001,2025-09-19,2,1,5,In-person,0.93
C08905,R068,D0273,P005,2025-09-08,2,1,3,Clinic Camp,0.915
C08906,R035,D0741,P008,2025-09-04,4,1,4,Clinic Camp,1.001
C08907,R051,D0716,P007,2025-09-01,2,1,5,In-person,0.819
C08908,R065,D0635,P001,2025-09-13,2,1,1,Clinic Camp,0.794
C08909,R038,D0190,P007,2025-09-21,4,1,0,In-person,0.868
C08910,R042,D0465,P001,2025-09-10,3,1,5,In-person,0.756
C08911,R053,D0137,P004,2025-09-07,3,1,0,In-person,0.782
C08912,R017,D0130,P004,2025-09-12,4,2,1,Clinic Camp,1.069
C08913,R064,D0067,P001,2025-09-07,4,1,2,In-person,0.934
C08914,R003,D0432,P002,2025-09-14,3,2,5,Clinic Camp,1.005
C08915,R009,D0673,P008,2025-09-17,4,1,2,In-person,1.045
C08916,R064,D0237,P006,2025-09-09,1,1,0,In-person,0.633
C08917,R061,D0087,P007,2025-09-01,3,1,0,In-person,0.781
C08918,R028,D0258,P005,2025-09-04,1,1,1,In-person,0.754
C08919,R010,D0112,P004,2025-09-13,4,1,0,In-person,0.863
C08920,R052,D0658,P001,2025-09-06,1,2,2,In-person,0.779
C08921,R012,D0149,P005,2025-09-24,3,1,0,Clinic Camp,0.974
C08922,R072,D0180,P007,2025-09-05,4,2,5,Clinic Camp,1.014
C08923,R044,D0336,P002,2025-09-01,3,1,0,Clinic Camp,0.791
C08924,R012,D0152,P004,2025-09-19,1,2,1,Virtual,0.853
C08925,R005,D0828,P004,2025-09-19,2,1,0,In-person,0.776
C08926,R024,D0160,P007,2025-09-21,4,2,2,In-person,0.936
C08927,R026,D0352,P002,2025-09-05,4,2,5,In-person,1.243
C08928,R051,D0565,P001,2025-09-21,4,1,4,In-person,0.928
C08929,R021,D0213,P002,2025-09-26,4,1,6,In-person,1.008
C08930,R048,D0389,P002,2025-09-19,2,2,4,In-person,0.977
C08931,R057,D0143,P007,2025-09-12,4,2,2,In-person,1.219
C08932,R017,D0470,P003,2025-09-15,1,1,6,In-person,0.785
C08933,R062,D0014,P003,2025-09-25,2,1,1,Clinic Camp,0.724
C08934,R013,D0272,P003,2025-09-05,2,1,0,In-person,0.82
C08935,R033,D0317,P007,2025-09-22,2,1,2,In-person,0.983
C08936,R065,D0425,P006,2025-09-09,4,1,6,Virtual,1.039
C08937,R072,D0096,P004,2025-09-27,4,1,5,Clinic Camp,0.987
C08938,R027,D0825,P007,2025-09-05,4,1,3,Clinic Camp,1.005
C08939,R040,D0043,P001,2025-09-16,4,1,6,In-person,0.862
C08940,R015,D0114,P006,2025-09-13,1,1,4,In-person,0.733
C08941,R015,D0108,P003,2025-09-15,4,2,1,Clinic Camp,0.882
C08942,R006,D0837,P004,2025-09-12,4,1,0,In-person,0.891
C08943,R036,D0282,P002,2025-09-02,3,2,0,In-person,0.899
C08944,R001,D0388,P001,2025-09-26,1,1,5,In-person,0.589
C08945,R067,D0670,P006,2025-09-17,3,2,2,In-person,0.99
C08946,R026,D0119,P007,2025-09-19,3,2,2,In-person,1.025
C08947,R065,D0046,P008,2025-09-16,1,1,2,In-person,0.731
C08948,R066,D0135,P002,2025-09-16,1,2,0,In-person,0.678
C08949,R037,D0601,P007,2025-09-19,4,2,0,In-person,1.111
C08950,R017,D0818,P001,2025-09-13,1,1,5,In-person,0.952
C08951,R031,D0547,P007,2025-09-04,2,2,4,In-person,0.974
C08952,R019,D0715,P005,2025-09-01,3,2,1,In-person,0.93
C08953,R038,D0752,P007,2025-09-17,4,1,0,Clinic Camp,0.893
C08954,R057,D0250,P001,2025-09-06,2,1,3,In-person,0.869
C08955,R025,D0133,P007,2025-09-14,1,1,0,In-person,0.717
C08956,R030,D0161,P004,2025-09-19,4,1,2,In-person,0.991
C08957,R014,D0685,P005,2025-09-18,4,1,5,In-person,1.046
C08958,R032,D0605,P005,2025-09-06,4,1,1,In-person,0.879
C08959,R049,D0760,P006,2025-09-20,2,1,5,In-person,0.804
C08960,R005,D0453,P005,2025-09-29,3,1,6,In-person,0.936
C08961,R055,D0842,P004,2025-09-11,1,2,1,Virtual,0.855
C08962,R012,D0806,P004,2025-09-04,3,1,4,In-person,0.797
C08963,R067,D0702,P001,2025-09-16,3,1,5,In-person,0.922
C08964,R020,D0684,P006,2025-09-19,3,1,3,Clinic Camp,0.901
C08965,R041,D0083,P006,2025-09-12,3,2,2,In-person,0.937
C08966,R070,D0637,P005,2025-09-18,4,1,6,In-person,1.14
C08967,R043,D0797,P006,2025-09-23,4,1,2,Clinic Camp,1.055
C08968,R001,D0259,P003,2025-09-18,1,1,1,In-person,0.761
C08969,R005,D0735,P002,2025-09-24,3,1,0,In-person,0.992
C08970,R021,D0246,P008,2025-09-05,3,1,6,In-person,1.028
C08971,R042,D0195,P008,2025-09-09,3,1,1,In-person,0.879
C08972,R008,D0622,P007,2025-09-17,3,1,0,In-person,0.812
C08973,R033,D0132,P001,2025-09-08,1,2,0,In-person,0.768
C08974,R038,D0412,P005,2025-09-30,2,1,2,In-person,0.846
C08975,R027,D0803,P006,2025-09-21,4,1,4,Virtual,0.962
C08976,R039,D0141,P001,2025-09-13,1,2,4,In-person,0.751
C08977,R022,D0102,P008,2025-09-24,4,1,5,In-person,0.98
C08978,R042,D0750,P007,2025-09-30,1,2,4,In-person,0.954
C08979,R071,D0639,P003,2025-09-01,4,1,0,Clinic Camp,0.714
C08980,R002,D0333,P005,2025-09-17,1,2,5,Virtual,1.002
C08981,R067,D0345,P008,2025-09-13,1,1,1,In-person,0.774
C08982,R028,D0783,P007,2025-09-23,3,1,6,Virtual,0.939
C08983,R004,D0560,P007,2025-09-10,4,1,2,Clinic Camp,0.979
C08984,R010,D0734,P008,2025-09-10,1,1,0,In-person,0.787
C08985,R031,D0144,P006,2025-09-23,2,2,2,In-person,0.909
C08986,R018,D0407,P008,2025-09-27,2,2,3,Virtual,1.0
C08987,R062,D0602,P008,2025-09-05,4,1,5,Clinic Camp,1.078
C08988,R023,D0031,P001,2025-09-19,2,2,3,In-person,0.938
C08989,R023,D0378,P006,2025-09-24,1,1,0,In-person,0.621
C08990,R063,D0011,P003,2025-09-05,4,2,0,In-person,1.002
C08991,R006,D0794,P004,2025-09-20,1,1,4,In-person,0.619
C08992,R034,D0490,P002,2025-09-30,2,2,0,In-person,0.906
C08993,R065,D0130,P006,2025-09-26,1,1,3,In-person,0.73
C08994,R021,D0386,P007,2025-09-06,2,2,6,In-person,0.929
C08995,R012,D0139,P004,2025-09-30,4,1,5,In-person,1.062
C08996,R011,D0687,P006,2025-09-11,1,1,4,Clinic Camp,0.68
C08997,R001,D0133,P003,2025-09-15,3,2,2,Virtual,0.985
C08998,R034,D0423,P006,2025-09-09,3,1,3,Clinic Camp,0.877
C08999,R026,D0131,P001,2025-09-21,3,2,0,Virtual,0.926
C09000,R031,D0202,P008,2025-09-04,1,1,5,In-person,0.823
C09001,R002,D0838,P004,2025-09-22,2,2,0,Virtual,1.016
C09002,R011,D0390,P005,2025-09-02,1,1,0,Clinic Camp,0.742
C09003,R011,D0093,P007,2025-09-26,4,1,4,In-person,1.101
C09004,R030,D0627,P001,2025-09-10,4,1,4,In-person,1.104
C09005,R061,D0117,P008,2025-09-16,2,2,3,In-person,0.986
C09006,R049,D0553,P005,2025-09-07,3,1,3,In-person,0.756
C09007,R013,D0686,P008,2025-09-04,1,2,4,In-person,0.853
C09008,R014,D0549,P005,2025-09-01,4,2,3,In-person,0.977
C09009,R015,D0183,P002,2025-09-30,4,1,0,Clinic Camp,1.149
C09010,R022,D0174,P005,2025-09-05,1,2,3,In-person,0.774
C09011,R062,D0190,P005,2025-09-02,3,2,0,In-person,0.82
C09012,R024,D0493,P008,2025-09-16,1,1,0,In-person,0.488
C09013,R036,D0624,P005,2025-09-29,3,1,3,Virtual,0.821
C09014,R064,D0438,P004,2025-09-03,3,1,4,In-person,0.932
C09015,R008,D0419,P002,2025-09-08,2,2,0,In-person,0.957
C09016,R043,D0024,P003,2025-09-17,2,1,2,In-person,0.73
C09017,R053,D0742,P005,2025-09-15,3,1,6,In-person,1.052
C09018,R056,D0605,P003,2025-09-05,1,1,5,In-person,0.795
C09019,R055,D0547,P003,2025-09-29,1,2,5,Clinic Camp,0.851
C09020,R042,D0074,P001,2025-09-11,2,2,4,In-person,0.956
C09021,R069,D0215,P008,2025-09-21,2,2,1,In-person,1.001
C09022,R057,D0275,P007,2025-09-14,2,2,2,In-person,0.91
C09023,R052,D0435,P003,2025-09-18,2,1,4,Virtual,0.763
C09024,R055,D0683,P002,2025-09-28,1,1,4,In-person,0.816
C09025,R008,D0659,P007,2025-09-10,3,2,0,In-person,0.973
C09026,R004,D0358,P007,2025-09-25,4,2,6,Clinic Camp,1.103
C09027,R051,D0230,P008,2025-09-09,2,1,6,Virtual,0.97
C09028,R030,D0339,P005,2025-09-10,3,2,0,Virtual,0.757
C09029,R015,D0576,P006,2025-09-01,1,2,4,In-person,0.901
C09030,R070,D0243,P006,2025-09-11,2,2,1,In-person,0.951
C09031,R063,D0332,P002,2025-09-18,2,1,2,In-person,0.7
C09032,R039,D0695,P005,2025-09-20,4,1,6,Clinic Camp,0.909
C09033,R027,D0564,P003,2025-09-13,2,1,4,In-person,0.932
C09034,R046,D0411,P007,2025-09-11,3,1,2,In-person,0.98
C09035,R050,D0689,P008,2025-09-07,1,1,0,In-person,0.819
C09036,R006,D0242,P001,2025-09-28,4,1,5,Clinic Camp,0.955
C09037,R025,D0032,P001,2025-09-12,3,2,2,In-person,0.992
C09038,R035,D0687,P003,2025-09-10,1,1,4,Virtual,0.809
C09039,R060,D0370,P001,2025-09-29,2,2,1,In-person,0.751
C09040,R054,D0256,P001,2025-09-20,3,1,5,Virtual,0.953
C09041,R069,D0056,P008,2025-09-26,2,1,2,Virtual,0.827
C09042,R026,D0810,P005,2025-09-12,4,1,5,In-person,1.07
C09043,R039,D0576,P007,2025-09-13,3,1,0,In-person,0.804
C09044,R001,D0259,P005,2025-09-22,3,1,4,Virtual,1.022
C09045,R068,D0596,P006,2025-09-30,2,1,6,In-person,0.894
C09046,R051,D0383,P006,2025-09-24,4,1,3,In-person,1.111
C09047,R058,D0216,P002,2025-09-14,3,2,3,In-person,1.054
C09048,R053,D0241,P002,2025-09-18,3,1,4,In-person,0.944
C09049,R056,D0129,P004,2025-09-11,3,1,5,In-person,0.845
C09050,R045,D0832,P003,2025-09-14,3,2,5,Virtual,0.924
C09051,R068,D0774,P007,2025-09-12,4,1,0,In-person,1.048
C09052,R002,D0790,P003,2025-09-03,1,2,2,In-person,0.906
C09053,R070,D0243,P003,2025-09-27,3,2,5,Clinic Camp,1.007
C09054,R071,D0850,P005,2025-09-05,1,1,6,Clinic Camp,0.785
C09055,R019,D0175,P002,2025-09-09,2,2,4,In-person,0.96
C09056,R057,D0765,P007,2025-09-08,2,2,0,In-person,0.762
C09057,R029,D0090,P001,2025-09-07,1,2,4,In-person,0.835
C09058,R050,D0261,P007,2025-09-15,3,1,6,In-person,1.007
C09059,R053,D0550,P005,2025-09-29,2,1,5,In-person,0.93
C09060,R059,D0826,P008,2025-09-10,2,1,5,Clinic Camp,0.841
C09061,R036,D0164,P003,2025-09-23,4,2,3,In-person,1.192
C09062,R009,D0380,P008,2025-09-22,2,2,6,In-person,1.062
C09063,R048,D0620,P007,2025-09-23,1,1,4,In-person,0.72
C09064,R039,D0377,P004,2025-09-19,4,1,3,In-person,0.872
C09065,R065,D0561,P003,2025-09-23,1,1,6,In-person,0.866
C09066,R005,D0401,P002,2025-09-23,4,2,0,In-person,0.974
C09067,R029,D0001,P002,2025-09-21,3,2,0,In-person,0.889
C09068,R072,D0180,P005,2025-09-17,2,1,5,In-person,0.888
C09069,R041,D0491,P008,2025-09-03,3,1,0,In-person,0.908
C09070,R061,D0015,P005,2025-09-16,4,2,6,In-person,1.181
C09071,R024,D0160,P008,2025-09-23,4,1,6,Clinic Camp,1.032
C09072,R005,D0833,P007,2025-09-11,2,2,1,Clinic Camp,0.704
C09073,R039,D0004,P006,2025-10-08,1,2,6,In-person,0.984
C09074,R014,D0198,P006,2025-10-19,1,2,3,Clinic Camp,0.79
C09075,R049,D0573,P008,2025-10-05,4,2,3,In-person,1.089
C09076,R071,D0447,P007,2025-10-23,3,1,6,Virtual,0.948
C09077,R067,D0140,P002,2025-10-31,3,2,5,In-person,1.21
C09078,R046,D0063,P005,2025-10-16,3,1,6,In-person,1.123
C09079,R014,D0754,P004,2025-10-01,4,1,6,Clinic Camp,0.991
C09080,R051,D0564,P008,2025-10-09,3,1,5,In-person,0.832
C09081,R004,D0430,P002,2025-10-01,2,2,3,In-person,0.823
C09082,R036,D0062,P007,2025-10-15,1,2,1,In-person,0.84
C09083,R015,D0179,P004,2025-10-10,2,2,0,In-person,0.827
C09084,R064,D0067,P008,2025-10-24,4,1,1,Clinic Camp,0.849
C09085,R040,D0831,P007,2025-10-27,1,2,3,In-person,0.812
C09086,R023,D0639,P003,2025-10-14,1,1,0,In-person,0.746
C09087,R004,D0413,P007,2025-10-31,4,1,2,In-person,0.95
C09088,R053,D0647,P002,2025-10-14,3,2,5,In-person,0.991
C09089,R052,D0169,P001,2025-10-04,1,2,0,In-person,0.771
C09090,R040,D0831,P005,2025-10-29,1,2,2,In-person,0.823
C09091,R003,D0527,P004,2025-10-13,1,2,6,In-person,0.926
C09092,R066,D0405,P002,2025-10-28,1,2,2,In-person,0.859
C09093,R036,D0813,P008,2025-10-23,2,1,5,In-person,0.738
C09094,R057,D0121,P001,2025-10-30,4,1,4,Virtual,1.005
C09095,R070,D0351,P005,2025-10-21,4,2,5,In-person,1.071
C09096,R035,D0091,P003,2025-10-19,2,2,5,Clinic Camp,0.879
C09097,R031,D0456,P003,2025-10-08,2,2,4,In-person,0.912
C09098,R047,D0224,P002,2025-10-09,4,1,6,In-person,1.12
C09099,R027,D0383,P004,2025-10-11,2,2,1,In-person,0.953
C09100,R059,D0593,P006,2025-10-10,1,1,1,Virtual,0.736
C09101,R051,D0205,P003,2025-10-19,3,1,4,In-person,0.85
C09102,R017,D0046,P006,2025-10-27,2,2,5,In-person,0.851
C09103,R033,D0132,P004,2025-10-02,4,1,4,In-person,0.917
C09104,R063,D0563,P007,2025-10-20,4,2,6,In-person,1.119
C09105,R045,D0455,P004,2025-10-24,4,2,4,In-person,1.085
C09106,R027,D0825,P003,2025-10-14,4,1,5,In-person,0.958
C09107,R012,D0806,P005,2025-10-09,3,1,0,In-person,0.92
C09108,R016,D0105,P006,2025-10-14,3,1,0,In-person,0.881
C09109,R058,D0542,P004,2025-10-26,1,1,5,In-person,0.588
C09110,R059,D0091,P008,2025-10-29,1,2,3,In-person,0.863
C09111,R037,D0036,P005,2025-10-22,1,1,2,Clinic Camp,0.806
C09112,R057,D0757,P003,2025-10-16,4,1,5,In-person,1.026
C09113,R037,D0270,P001,2025-10-21,2,1,2,Clinic Camp,0.863
C09114,R026,D0838,P004,2025-10-21,3,1,0,In-person,0.829
C09115,R014,D0014,P001,2025-10-24,2,2,3,In-person,0.919
C09116,R029,D0453,P001,2025-10-05,4,1,0,In-person,0.916
C09117,R050,D0261,P003,2025-10-03,2,2,6,In-person,0.993
C09118,R070,D0848,P003,2025-10-11,4,1,2,In-person,0.91
C09119,R005,D0647,P008,2025-10-09,3,1,2,In-person,0.973
C09120,R044,D0676,P006,2025-10-20,1,1,5,In-person,0.914
C09121,R019,D0218,P007,2025-10-17,2,1,0,Clinic Camp,0.738
C09122,R061,D0761,P005,2025-10-29,2,2,4,In-person,0.849
C09123,R013,D0700,P001,2025-10-25,3,1,6,In-person,0.85
C09124,R064,D0674,P007,2025-10-05,2,1,0,Clinic Camp,0.812
C09125,R047,D0364,P004,2025-10-27,1,2,6,In-person,0.955
C09126,R047,D0763,P004,2025-10-24,4,2,4,In-person,1.115
C09127,R040,D0535,P005,2025-10-12,4,1,1,In-person,0.978
C09128,R052,D0045,P002,2025-10-02,2,1,5,Virtual,0.825
C09129,R041,D0725,P004,2025-10-25,4,2,5,In-person,0.941
C09130,R031,D0010,P005,2025-10-06,1,1,6,In-person,0.778
C09131,R068,D0638,P006,2025-10-07,2,2,6,In-person,1.11
C09132,R002,D0221,P005,2025-10-15,1,2,4,In-person,0.893
C09133,R066,D0694,P008,2025-10-03,2,1,0,In-person,0.814
C09134,R066,D0522,P008,2025-10-13,3,2,5,In-person,1.102
C09135,R065,D0630,P001,2025-10-08,4,1,5,In-person,0.943
C09136,R011,D0593,P001,2025-10-02,4,2,5,Virtual,1.118
C09137,R002,D0582,P005,2025-10-28,4,2,1,Clinic Camp,1.069
C09138,R060,D0804,P007,2025-10-09,3,2,5,Clinic Camp,0.955
C09139,R054,D0254,P005,2025-10-17,2,1,5,Virtual,0.899
C09140,R007,D0476,P002,2025-10-26,4,1,0,In-person,1.024
C09141,R059,D0342,P005,2025-10-15,1,1,0,In-person,0.678
C09142,R019,D0076,P008,2025-10-10,4,2,0,Virtual,0.872
C09143,R010,D0707,P002,2025-10-24,4,1,4,In-person,1.006
C09144,R056,D0442,P004,2025-10-22,1,2,2,In-person,0.783
C09145,R034,D0044,P006,2025-10-01,3,2,5,Virtual,1.044
C09146,R022,D0654,P004,2025-10-26,4,2,6,In-person,1.051
C09147,R007,D0771,P001,2025-10-04,3,2,0,In-person,0.945
C09148,R066,D0465,P006,2025-10-23,4,1,5,In-person,1.108
C09149,R023,D0280,P006,2025-10-04,2,2,5,In-person,0.958
C09150,R009,D0791,P006,2025-10-03,3,1,0,In-person,0.718
C09151,R009,D0706,P006,2025-10-04,4,1,0,In-person,0.95
C09152,R039,D0208,P006,2025-10-23,1,2,5,In-person,0.892
C09153,R010,D0216,P003,2025-10-15,3,2,0,In-person,0.957
C09154,R068,D0847,P001,2025-10-19,4,1,1,In-person,1.016
C09155,R049,D0819,P008,2025-10-09,2,2,6,In-person,0.936
C09156,R067,D0586,P002,2025-10-04,4,1,5,Clinic Camp,0.987
C09157,R056,D0127,P007,2025-10-25,3,2,6,In-person,0.966
C09158,R036,D0158,P005,2025-10-26,2,1,1,In-person,0.813
C09159,R001,D0294,P005,2025-10-27,2,2,5,Virtual,0.973
C09160,R050,D0479,P001,2025-10-03,2,2,4,In-person,0.921
C09161,R051,D0716,P008,2025-10-29,2,2,6,Virtual,1.038
C09162,R033,D0775,P005,2025-10-17,3,1,1,In-person,0.785
C09163,R025,D0259,P007,2025-10-07,3,2,0,Virtual,0.95
C09164,R004,D0126,P007,2025-10-07,2,1,2,In-person,0.864
C09165,R012,D0164,P002,2025-10-16,3,1,3,In-person,0.861
C09166,R023,D0187,P008,2025-10-19,3,2,4,In-person,0.902
C09167,R049,D0792,P005,2025-10-02,4,1,6,Virtual,0.892
C09168,R011,D0028,P002,2025-10-16,4,2,4,In-person,1.094
C09169,R026,D0723,P005,2025-10-08,3,2,6,In-person,1.184
C09170,R069,D0503,P005,2025-10-29,1,1,5,In-person,0.751
C09171,R030,D0095,P006,2025-10-20,2,1,2,In-person,0.852
C09172,R058,D0490,P003,2025-10-12,2,1,5,In-person,0.676
C09173,R054,D0559,P008,2025-10-14,2,2,2,In-person,0.936
C09174,R057,D0035,P002,2025-10-26,4,2,5,In-person,1.013
C09175,R039,D0183,P004,2025-10-22,3,2,4,In-person,0.981
C09176,R047,D0284,P007,2025-10-13,4,2,1,In-person,1.034
C09177,R043,D0140,P001,2025-10-27,1,1,0,In-person,0.577
C09178,R068,D0556,P004,2025-10-20,3,1,6,In-person,1.21
C09179,R067,D0526,P004,2025-10-02,3,2,5,In-person,0.982
C09180,R062,D0110,P007,2025-10-20,4,2,0,In-person,1.059
C09181,R002,D0151,P007,2025-10-30,2,1,1,In-person,0.917
C09182,R033,D0629,P007,2025-10-27,3,1,3,In-person,0.927
C09183,R035,D0428,P003,2025-10-02,2,1,3,In-person,0.736
C09184,R059,D0269,P004,2025-10-28,3,1,2,In-person,0.894
C09185,R009,D0214,P001,2025-10-31,1,2,1,In-person,0.671
C09186,R007,D0023,P007,2025-10-06,3,1,4,In-person,0.896
C09187,R021,D0740,P003,2025-10-20,2,2,5,In-person,1.094
C09188,R041,D0635,P004,2025-10-24,4,2,4,In-person,0.969
C09189,R051,D0564,P006,2025-10-02,1,1,6,In-person,0.752
C09190,R045,D0246,P007,2025-10-26,1,1,2,In-person,0.894
C09191,R070,D0165,P001,2025-10-13,3,1,3,In-person,0.89
C09192,R059,D0342,P007,2025-10-10,2,1,2,Clinic Camp,0.745
C09193,R019,D0779,P004,2025-10-09,2,2,6,In-person,1.009
C09194,R071,D0055,P004,2025-10-16,4,2,2,Clinic Camp,1.008
C09195,R045,D0682,P002,2025-10-25,4,2,2,Clinic Camp,0.829
C09196,R055,D0349,P006,2025-10-26,1,2,5,In-person,0.781
C09197,R008,D0265,P004,2025-10-07,3,2,2,In-person,1.141
C09198,R054,D0708,P001,2025-10-26,3,2,2,In-person,1.002
C09199,R032,D0817,P002,2025-10-26,4,1,5,In-person,1.127
C09200,R061,D0839,P006,2025-10-02,1,1,0,Clinic Camp,0.628
C09201,R064,D0331,P001,2025-10-10,4,1,0,Clinic Camp,0.916
C09202,R034,D0410,P005,2025-10-01,3,2,6,In-person,1.034
C09203,R025,D0259,P006,2025-10-31,4,2,1,In-person,0.984
C09204,R005,D0146,P008,2025-10-15,3,1,5,Clinic Camp,0.957
C09205,R009,D0324,P002,2025-10-09,4,1,4,In-person,0.903
C09206,R061,D0030,P003,2025-10-28,1,1,1,In-person,0.825
C09207,R046,D0102,P002,2025-10-22,1,2,1,In-person,0.855
C09208,R016,D0529,P008,2025-10-30,3,1,6,In-person,0.944
C09209,R002,D0664,P005,2025-10-25,2,1,6,In-person,0.899
C09210,R038,D0198,P008,2025-10-30,1,1,1,In-person,0.704
C09211,R026,D0479,P001,2025-10-07,3,1,3,In-person,0.766
C09212,R060,D0745,P006,2025-10-07,4,2,6,Virtual,1.039
C09213,R015,D0767,P001,2025-10-03,3,2,1,In-person,0.944
C09214,R037,D0398,P001,2025-10-11,3,1,4,In-person,0.894
C09215,R053,D0222,P004,2025-10-18,3,2,2,In-person,1.028
C09216,R054,D0643,P003,2025-10-18,2,2,6,In-person,1.023
C09217,R036,D0149,P003,2025-10-21,3,2,1,In-person,0.913
C09218,R063,D0114,P001,2025-10-23,4,1,3,In-person,0.897
C09219,R013,D0252,P005,2025-10-26,1,1,4,In-person,0.842
C09220,R030,D0256,P003,2025-10-17,2,2,4,In-person,0.957
C09221,R034,D0104,P008,2025-10-09,1,1,0,Clinic Camp,0.66
C09222,R065,D0046,P007,2025-10-14,4,1,0,Virtual,0.829
C09223,R032,D0784,P004,2025-10-28,3,2,5,In-person,0.976
C09224,R027,D0619,P007,2025-10-26,3,2,5,In-person,1.061
C09225,R001,D0613,P005,2025-10-29,3,2,1,In-person,1.093
C09226,R056,D0129,P004,2025-10-17,3,2,4,Clinic Camp,0.995
C09227,R031,D0696,P008,2025-10-25,4,2,1,Clinic Camp,0.961
C09228,R029,D0290,P005,2025-10-13,1,2,2,Clinic Camp,1.009
C09229,R040,D0592,P004,2025-10-01,3,1,4,Virtual,0.892
C09230,R032,D0442,P005,2025-10-24,4,1,4,In-person,0.928
C09231,R011,D0240,P007,2025-10-03,1,1,2,Clinic Camp,0.713
C09232,R012,D0164,P006,2025-10-20,3,1,5,Virtual,0.903
C09233,R035,D0153,P005,2025-10-31,1,2,3,In-person,0.956
C09234,R039,D0743,P002,2025-10-01,1,1,5,In-person,0.666
C09235,R052,D0297,P006,2025-10-23,2,2,3,Virtual,0.972
C09236,R013,D0663,P004,2025-10-27,4,1,2,In-person,0.955
C09237,R057,D0765,P008,2025-10-20,2,1,1,In-person,0.753
C09238,R006,D0161,P008,2025-10-22,2,1,0,In-person,0.753
C09239,R068,D0337,P001,2025-10-28,4,1,3,In-person,0.954
C09240,R014,D0109,P008,2025-10-25,4,2,3,Clinic Camp,1.071
C09241,R057,D0035,P008,2025-10-02,3,1,6,In-person,0.922
C09242,R001,D0849,P008,2025-10-24,1,2,1,In-person,0.813
C09243,R028,D0458,P004,2025-10-24,4,1,0,In-person,0.858
C09244,R004,D0313,P003,2025-10-08,2,2,6,In-person,1.153
C09245,R027,D0166,P005,2025-10-21,3,2,4,In-person,1.093
C09246,R020,D0596,P008,2025-10-27,3,2,0,In-person,0.979
C09247,R018,D0407,P004,2025-10-27,2,2,2,Clinic Camp,0.87
C09248,R012,D0158,P008,2025-10-27,3,2,6,In-person,1.114
C09249,R052,D0005,P003,2025-10-25,3,1,6,In-person,0.982
C09250,R006,D0512,P007,2025-10-04,1,2,3,In-person,0.864
C09251,R019,D0449,P001,2025-10-16,1,2,0,In-person,0.757
C09252,R029,D0731,P007,2025-10-08,4,2,4,In-person,1.104
C09253,R053,D0382,P008,2025-10-03,1,2,0,In-person,0.935
C09254,R027,D0088,P006,2025-10-09,2,1,2,In-person,0.822
C09255,R020,D0756,P005,2025-10-29,2,2,2,In-person,0.885
C09256,R013,D0270,P004,2025-10-19,2,1,5,In-person,0.878
C09257,R028,D0560,P007,2025-10-24,2,2,4,In-person,0.946
C09258,R060,D0062,P002,2025-10-16,4,1,3,In-person,0.93
C09259,R037,D0019,P003,2025-10-12,1,2,0,In-person,0.741
C09260,R003,D0040,P002,2025-10-15,4,2,0,Virtual,1.073
C09261,R003,D0671,P003,2025-10-31,3,1,5,Virtual,1.036
C09262,R062,D0190,P005,2025-10-09,4,1,4,In-person,1.173
C09263,R047,D0639,P003,2025-10-10,3,2,2,Clinic Camp,1.013
C09264,R041,D0788,P004,2025-10-27,4,2,5,Clinic Camp,1.109
C09265,R024,D0520,P002,2025-10-12,1,1,6,In-person,0.89
C09266,R015,D0844,P003,2025-10-29,3,1,0,In-person,0.777
C09267,R049,D0793,P004,2025-10-31,3,1,6,In-person,1.009
C09268,R055,D0651,P002,2025-10-03,4,1,1,Clinic Camp,1.021
C09269,R025,D0679,P008,2025-10-21,1,1,5,In-person,0.882
C09270,R040,D0529,P008,2025-10-03,3,1,4,In-person,1.055
C09271,R069,D0206,P008,2025-10-28,3,1,5,In-person,0.892
C09272,R065,D0053,P001,2025-10-04,1,1,0,In-person,0.671
C09273,R004,D0286,P004,2025-10-28,3,2,4,In-person,0.995
C09274,R034,D0306,P007,2025-10-24,2,2,6,In-person,0.889
C09275,R061,D0252,P003,2025-10-17,2,2,5,In-person,1.003
C09276,R058,D0069,P002,2025-10-07,3,2,5,In-person,1.084
C09277,R055,D0461,P005,2025-10-09,3,1,1,In-person,0.913
C09278,R032,D0442,P001,2025-10-14,3,1,1,In-person,0.88
C09279,R017,D0788,P005,2025-10-27,2,2,5,In-person,1.04
C09280,R025,D0819,P004,2025-10-28,4,1,2,In-person,1.002
C09281,R030,D0587,P006,2025-10-16,1,2,3,In-person,0.806
C09282,R038,D0693,P006,2025-10-08,2,1,1,In-person,0.562
C09283,R050,D0261,P005,2025-10-18,2,1,5,In-person,0.844
C09284,R044,D0847,P005,2025-10-26,2,2,3,In-person,0.927
C09285,R064,D0787,P001,2025-10-17,2,2,3,In-person,0.928
C09286,R009,D0123,P008,2025-10-28,4,1,6,Virtual,1.014
C09287,R033,D0673,P001,2025-10-01,1,1,4,In-person,0.739
C09288,R072,D0385,P008,2025-10-16,3,2,3,In-person,0.926
C09289,R006,D0242,P008,2025-10-02,2,1,2,In-person,0.733
C09290,R062,D0347,P006,2025-10-19,1,2,4,Virtual,0.907
C09291,R010,D0734,P006,2025-10-20,1,2,2,Virtual,0.923
C09292,R031,D0771,P001,2025-10-10,2,2,1,In-person,0.788
C09293,R044,D0337,P008,2025-10-25,2,2,2,In-person,0.901
C09294,R045,D0311,P005,2025-10-30,2,2,2,In-person,0.969
C09295,R045,D0386,P003,2025-10-15,3,1,5,Clinic Camp,0.925
C09296,R065,D0606,P006,2025-10-14,2,2,3,In-person,0.981
C09297,R032,D0442,P005,2025-10-06,4,1,1,In-person,1.024
C09298,R003,D0281,P003,2025-10-01,2,1,1,In-person,0.83
C09299,R030,D0812,P003,2025-10-13,4,2,6,In-person,1.078
C09300,R025,D0299,P001,2025-10-14,4,1,6,In-person,1.133
C09301,R066,D0211,P008,2025-10-24,3,2,5,In-person,1.009
C09302,R072,D0289,P006,2025-10-27,1,1,5,Clinic Camp,0.779
C09303,R048,D0289,P003,2025-10-04,4,2,6,In-person,1.159
C09304,R005,D0497,P006,2025-10-05,4,1,4,In-person,0.968
C09305,R024,D0520,P006,2025-10-18,3,1,6,In-person,0.94
C09306,R012,D0145,P002,2025-10-12,2,2,6,In-person,0.948
C09307,R015,D0767,P002,2025-10-22,3,2,3,In-person,0.98
C09308,R021,D0213,P002,2025-10-10,3,2,1,In-person,0.974
C09309,R023,D0077,P001,2025-10-13,4,2,6,Clinic Camp,0.96
C09310,R024,D0523,P007,2025-10-14,3,2,5,In-person,1.022
C09311,R004,D0200,P002,2025-10-19,4,1,3,In-person,0.833
C09312,R053,D0718,P007,2025-10-03,4,1,6,In-person,0.995
C09313,R072,D0729,P005,2025-10-28,4,2,0,In-person,1.037
C09314,R045,D0518,P001,2025-10-11,2,1,5,In-person,0.844
C09315,R043,D0670,P007,2025-10-07,4,1,0,Virtual,0.976
C09316,R034,D0353,P002,2025-10-20,4,2,0,Virtual,1.038
C09317,R048,D0305,P008,2025-10-05,2,2,0,Clinic Camp,0.698
C09318,R016,D0529,P001,2025-10-19,1,1,0,In-person,0.806
C09319,R056,D0371,P005,2025-10-02,4,1,1,In-person,0.958
C09320,R041,D0635,P003,2025-10-09,3,1,2,In-person,0.84
C09321,R051,D0383,P005,2025-10-23,2,1,2,In-person,0.778
C09322,R061,D0308,P007,2025-10-12,3,1,2,Virtual,0.719
C09323,R025,D0611,P007,2025-10-28,1,2,6,In-person,0.925
C09324,R022,D0142,P003,2025-10-12,4,1,3,Clinic Camp,1.026
C09325,R053,D0550,P001,2025-10-22,1,2,1,In-person,0.764
C09326,R002,D0689,P003,2025-10-01,2,2,0,Clinic Camp,0.798
C09327,R052,D0599,P007,2025-10-31,3,1,6,Clinic Camp,0.969
C09328,R046,D0165,P005,2025-10-20,3,1,1,In-person,0.964
C09329,R018,D0064,P007,2025-10-22,1,2,5,In-person,0.977
C09330,R035,D0203,P004,2025-10-11,3,2,5,In-person,1.096
C09331,R020,D0688,P005,2025-10-09,1,2,6,In-person,1.07
C09332,R009,D0250,P001,2025-10-14,4,2,1,In-person,1.102
C09333,R014,D0022,P001,2025-10-08,2,1,5,Clinic Camp,0.963
C09334,R070,D0463,P006,2025-10-01,2,2,5,In-person,0.967
C09335,R058,D0724,P002,2025-10-21,3,2,6,In-person,1.02
C09336,R055,D0267,P003,2025-10-23,1,2,4,In-person,0.963
C09337,R002,D0119,P003,2025-10-21,1,1,0,In-person,0.632
C09338,R039,D0114,P006,2025-10-18,4,2,3,Clinic Camp,1.098
C09339,R024,D0096,P008,2025-10-17,3,2,3,In-person,0.945
C09340,R055,D0232,P007,2025-10-31,1,2,3,In-person,0.881
C09341,R016,D0162,P006,2025-10-17,3,1,2,Virtual,0.907
C09342,R006,D0591,P007,2025-10-22,4,2,5,Clinic Camp,1.113
C09343,R013,D0150,P005,2025-10-13,4,2,1,In-person,1.027
C09344,R048,D0467,P002,2025-10-02,2,2,3,In-person,0.967
C09345,R033,D0324,P004,2025-10-11,3,1,3,Clinic Camp,0.959
C09346,R049,D0609,P008,2025-10-23,4,1,4,In-person,0.88
C09347,R042,D0465,P007,2025-10-20,2,1,3,In-person,0.83
C09348,R026,D0582,P003,2025-10-22,4,2,6,In-person,1.085
C09349,R067,D0772,P003,2025-10-24,4,2,6,Clinic Camp,1.134
C09350,R023,D0134,P008,2025-10-07,2,1,3,Clinic Camp,0.801
C09351,R040,D0438,P001,2025-10-26,4,1,1,In-person,1.04
C09352,R070,D0301,P008,2025-10-23,1,1,5,In-person,0.795
C09353,R038,D0469,P006,2025-10-10,2,2,6,In-person,1.057
C09354,R008,D0173,P007,2025-10-16,2,2,6,In-person,0.902
C09355,R026,D0261,P003,2025-10-27,1,1,1,In-person,0.706
C09356,R028,D0781,P006,2025-10-06,3,2,0,In-person,0.891
C09357,R069,D0682,P003,2025-10-10,3,2,4,In-person,1.043
C09358,R017,D0452,P001,2025-10-06,2,1,2,In-person,0.721
C09359,R017,D0053,P004,2025-10-10,4,2,2,In-person,0.909
C09360,R072,D0520,P008,2025-10-07,1,1,0,In-person,0.66
C09361,R058,D0197,P002,2025-10-25,4,1,6,In-person,1.073
C09362,R022,D0243,P002,2025-10-31,3,1,0,In-person,0.785
C09363,R016,D0073,P008,2025-10-31,4,2,4,In-person,1.103
C09364,R038,D0247,P008,2025-10-12,1,2,6,In-person,0.856
C09365,R015,D0179,P007,2025-10-29,4,2,0,In-person,0.87
C09366,R042,D0025,P008,2025-10-03,1,1,4,In-person,0.85
C09367,R056,D0502,P008,2025-10-04,3,2,6,In-person,1.1
C09368,R050,D0838,P008,2025-10-11,4,1,2,In-person,0.953
C09369,R042,D0092,P008,2025-10-09,1,2,2,Clinic Camp,0.839
C09370,R044,D0086,P006,2025-10-29,1,2,4,In-person,0.855
C09371,R001,D0089,P003,2025-10-24,1,1,6,In-person,0.735
C09372,R005,D0497,P004,2025-10-24,1,2,3,In-person,0.958
C09373,R003,D0714,P004,2025-10-25,1,1,0,In-person,0.702
C09374,R063,D0208,P005,2025-10-23,4,2,4,Clinic Camp,1.111
C09375,R043,D0076,P006,2025-10-16,1,1,1,In-person,0.688
C09376,R046,D0066,P002,2025-10-02,4,1,6,Virtual,1.063
C09377,R067,D0524,P001,2025-10-01,1,2,1,In-person,0.91
C09378,R054,D0338,P005,2025-10-31,3,2,4,Virtual,1.025
C09379,R031,D0391,P008,2025-10-16,2,1,4,In-person,0.881
C09380,R020,D0321,P007,2025-10-30,3,2,3,Virtual,1.064
C09381,R046,D0796,P001,2025-10-01,4,1,5,Virtual,1.067
C09382,R006,D0338,P005,2025-10-20,1,1,6,In-person,0.902
C09383,R029,D0699,P005,2025-10-09,1,1,4,Virtual,0.808
C09384,R062,D0602,P004,2025-10-12,1,2,5,In-person,0.916
C09385,R063,D0011,P006,2025-10-21,4,2,0,In-person,1.029
C09386,R020,D0321,P004,2025-10-16,3,2,1,In-person,1.027
C09387,R013,D0761,P008,2025-10-05,4,2,3,In-person,1.029
C09388,R021,D0789,P008,2025-10-31,4,1,0,In-person,0.962
C09389,R070,D0351,P006,2025-10-23,1,1,3,In-person,0.948
C09390,R037,D0075,P004,2025-10-12,1,1,0,In-person,0.739
C09391,R021,D0234,P005,2025-10-20,1,2,2,In-person,0.74
C09392,R044,D0805,P008,2025-10-05,1,2,0,In-person,0.777
C09393,R069,D0503,P003,2025-10-14,2,2,2,In-person,0.956
C09394,R042,D0072,P007,2025-10-14,1,2,2,In-person,0.782
C09395,R060,D0648,P005,2025-10-12,4,2,3,In-person,0.986
C09396,R054,D0136,P001,2025-10-15,2,1,6,In-person,0.778
C09397,R069,D0234,P006,2025-10-29,3,2,3,Clinic Camp,0.977
C09398,R006,D0525,P002,2025-10-01,4,1,1,In-person,1.067
C09399,R008,D0371,P005,2025-10-18,1,1,4,Virtual,0.74
C09400,R036,D0648,P008,2025-10-30,2,1,6,In-person,0.958
C09401,R024,D0097,P007,2025-10-28,3,1,1,In-person,0.846
C09402,R026,D0790,P006,2025-10-28,4,1,0,Clinic Camp,0.889
C09403,R008,D0502,P001,2025-10-13,4,1,6,In-person,1.069
C09404,R062,D0247,P007,2025-10-18,1,1,1,In-person,0.605
C09405,R019,D0797,P003,2025-10-19,2,2,5,In-person,1.094
C09406,R043,D0446,P001,2025-10-26,4,1,2,In-person,0.999
C09407,R056,D0419,P008,2025-10-30,3,1,5,In-person,1.024
C09408,R041,D0018,P002,2025-10-08,1,1,4,In-person,0.761
C09409,R024,D0738,P003,2025-10-04,2,1,5,In-person,0.91
C09410,R050,D0762,P002,2025-10-09,4,1,5,In-person,1.085
C09411,R068,D0314,P005,2025-10-09,1,2,3,In-person,0.847
C09412,R010,D0755,P007,2025-10-10,2,2,1,In-person,0.818
C09413,R046,D0650,P005,2025-10-29,4,2,6,In-person,1.043
C09414,R015,D0332,P007,2025-10-07,3,1,1,In-person,0.834
C09415,R007,D0771,P008,2025-10-14,1,1,2,In-person,0.764
C09416,R048,D0467,P007,2025-10-12,2,2,1,In-person,0.875
C09417,R017,D0561,P002,2025-10-09,4,2,2,In-person,1.007
C09418,R042,D0135,P002,2025-10-07,2,1,1,In-person,0.852
C09419,R021,D0056,P003,2025-10-31,3,1,5,In-person,0.903
C09420,R030,D0532,P006,2025-10-20,2,1,3,In-person,0.786
C09421,R010,D0216,P007,2025-10-04,1,2,6,In-person,0.983
C09422,R018,D0758,P003,2025-10-21,2,1,0,In-person,0.824
C09423,R034,D0068,P006,2025-10-19,3,2,3,In-person,0.896
C09424,R001,D0672,P002,2025-10-12,4,1,4,In-person,0.886
C09425,R060,D0539,P005,2025-10-25,1,1,5,In-person,0.711
C09426,R060,D0806,P007,2025-10-25,4,1,5,In-person,1.008
C09427,R068,D0847,P004,2025-10-25,1,2,4,In-person,0.966
C09428,R011,D0741,P002,2025-10-20,3,1,5,In-person,1.056
C09429,R071,D0298,P004,2025-10-14,2,2,2,In-person,0.966
C09430,R062,D0597,P007,2025-10-07,2,2,6,Clinic Camp,1.131
C09431,R029,D0137,P008,2025-10-02,4,2,6,Clinic Camp,1.134
C09432,R011,D0428,P005,2025-10-29,3,1,6,Virtual,1.047
C09433,R058,D0185,P006,2025-10-27,4,1,3,Clinic Camp,0.928
C09434,R047,D0187,P004,2025-10-07,1,2,0,In-person,0.676
C09435,R023,D0472,P008,2025-10-25,2,1,5,In-person,0.845
C09436,R010,D0098,P007,2025-10-02,1,1,2,In-person,0.736
C09437,R022,D0451,P008,2025-10-08,2,1,5,Virtual,1.077
C09438,R017,D0452,P007,2025-10-05,2,1,0,Clinic Camp,0.78
C09439,R063,D0183,P005,2025-10-11,4,2,0,In-person,0.929
C09440,R019,D0471,P008,2025-10-10,1,1,2,In-person,0.823
C09441,R048,D0580,P005,2025-10-16,3,1,6,Virtual,0.897
C09442,R003,D0594,P005,2025-10-15,4,2,0,In-person,1.021
C09443,R030,D0060,P006,2025-10-04,1,1,1,Virtual,0.798
C09444,R016,D0478,P002,2025-10-05,2,1,3,In-person,0.759
C09445,R043,D0526,P007,2025-10-26,2,2,5,In-person,1.081
C09446,R038,D0549,P003,2025-10-17,1,2,1,In-person,0.908
C09447,R044,D0443,P006,2025-10-29,2,1,5,In-person,0.898
C09448,R048,D0057,P007,2025-10-05,2,2,3,In-person,1.064
C09449,R072,D0096,P001,2025-10-10,2,1,5,In-person,0.839
C09450,R018,D0249,P003,2025-10-05,1,2,5,In-person,0.954
C09451,R014,D0504,P008,2025-10-29,3,2,6,In-person,1.07
C09452,R028,D0572,P003,2025-10-05,2,1,0,In-person,0.729
C09453,R027,D0616,P006,2025-10-25,3,1,4,In-person,0.873
C09454,R036,D0268,P005,2025-10-06,2,1,3,In-person,0.996
C09455,R071,D0340,P007,2025-10-23,3,2,2,Clinic Camp,1.061
C09456,R012,D0062,P005,2025-10-15,3,2,5,In-person,1.101
C09457,R050,D0721,P004,2025-10-31,2,1,4,In-person,0.802
C09458,R063,D0235,P001,2025-10-03,4,1,3,Virtual,1.031
C09459,R035,D0485,P004,2025-10-11,3,1,4,In-person,0.893
C09460,R064,D0400,P005,2025-10-23,3,1,4,In-person,1.058
C09461,R028,D0258,P006,2025-10-29,3,1,2,In-person,0.983
C09462,R022,D0102,P007,2025-10-17,4,2,2,In-person,1.12
C09463,R021,D0807,P007,2025-10-04,4,2,1,Virtual,1.093
C09464,R059,D0093,P004,2025-10-20,3,1,2,In-person,0.879
C09465,R033,D0836,P001,2025-10-15,1,1,3,In-person,0.803
C09466,R052,D0126,P003,2025-10-25,1,1,1,In-person,0.851
C09467,R053,D0054,P004,2025-10-18,2,1,6,In-person,0.925
C09468,R041,D0725,P008,2025-10-28,3,2,4,In-person,0.945
C09469,R038,D0776,P007,2025-10-04,2,2,4,In-person,1.042
C09470,R035,D0770,P008,2025-10-20,4,1,4,In-person,0.938
C09471,R007,D0683,P008,2025-10-23,2,2,6,In-person,0.976
C09472,R037,D0308,P002,2025-10-13,3,2,5,In-person,0.992
C09473,R008,D0171,P001,2025-10-15,3,2,3,In-person,0.785
C09474,R072,D0482,P005,2025-10-22,2,1,2,In-person,0.83
C09475,R020,D0546,P003,2025-10-15,3,2,6,In-person,1.222
C09476,R071,D0578,P007,2025-10-13,3,1,4,In-person,0.948
C09477,R001,D0032,P004,2025-10-19,2,1,5,In-person,1.107
C09478,R011,D0079,P001,2025-10-25,4,1,0,In-person,0.908
C09479,R028,D0430,P002,2025-10-05,3,2,2,In-person,0.994
C09480,R069,D0740,P003,2025-10-28,4,1,1,In-person,0.93
C09481,R031,D0771,P001,2025-10-07,3,2,3,In-person,0.999
C09482,R029,D0550,P003,2025-10-04,4,1,3,In-person,1.004
C09483,R071,D0298,P005,2025-10-06,3,2,6,In-person,1.169
C09484,R051,D0432,P008,2025-10-03,3,1,0,In-person,0.783
C09485,R065,D0470,P006,2025-10-30,4,1,6,Clinic Camp,1.029
C09486,R005,D0598,P001,2025-10-10,2,1,5,Virtual,0.919
C09487,R022,D0165,P004,2025-10-24,4,2,2,In-person,1.148
C09488,R064,D0372,P007,2025-10-06,3,1,1,Virtual,0.695
C09489,R065,D0486,P003,2025-10-17,3,1,5,In-person,0.828
C09490,R005,D0742,P005,2025-10-14,1,2,0,In-person,0.803
C09491,R055,D0696,P008,2025-10-21,1,1,6,In-person,0.908
C09492,R018,D0595,P002,2025-10-31,3,2,6,In-person,1.01
C09493,R042,D0195,P004,2025-10-21,4,2,1,Clinic Camp,1.082
C09494,R018,D0368,P005,2025-10-22,3,1,3,Clinic Camp,1.062
C09495,R007,D0536,P007,2025-10-09,2,1,3,Clinic Camp,0.835
C09496,R008,D0817,P007,2025-10-04,4,1,5,In-person,0.992
C09497,R066,D0253,P003,2025-10-03,3,1,5,Clinic Camp,0.978
C09498,R061,D0782,P004,2025-10-10,3,1,6,In-person,0.972
C09499,R049,D0666,P007,2025-10-18,4,1,0,In-person,0.94
C09500,R043,D0526,P007,2025-10-02,4,2,5,In-person,1.086
C09501,R057,D0673,P007,2025-10-09,2,1,5,In-person,0.849
C09502,R032,D0642,P006,2025-10-20,1,2,5,In-person,0.81
C09503,R039,D0563,P003,2025-10-28,2,1,1,In-person,0.847
C09504,R067,D0586,P003,2025-10-31,1,1,5,In-person,0.717
C09505,R060,D0318,P006,2025-11-08,1,2,3,Clinic Camp,0.789
C09506,R058,D0271,P003,2025-11-04,3,2,1,In-person,0.862
C09507,R065,D0491,P006,2025-11-18,4,2,2,Clinic Camp,1.02
C09508,R049,D0751,P005,2025-11-29,3,1,2,Clinic Camp,0.888
C09509,R066,D0465,P004,2025-11-13,2,2,5,In-person,0.872
C09510,R052,D0830,P003,2025-11-28,1,1,1,In-person,0.707
C09511,R043,D0586,P007,2025-11-23,4,1,1,In-person,0.951
C09512,R036,D0361,P004,2025-11-27,3,1,2,In-person,0.76
C09513,R020,D0556,P003,2025-11-29,1,1,3,Virtual,0.703
C09514,R041,D0505,P004,2025-11-04,2,2,6,In-person,1.122
C09515,R053,D0800,P004,2025-11-13,1,2,1,Clinic Camp,0.761
C09516,R010,D0124,P005,2025-11-02,2,1,6,Clinic Camp,0.945
C09517,R070,D0174,P008,2025-11-02,1,1,0,Clinic Camp,0.669
C09518,R024,D0160,P003,2025-11-15,1,1,3,In-person,0.78
C09519,R021,D0008,P002,2025-11-20,4,1,5,Clinic Camp,0.946
C09520,R070,D0514,P008,2025-11-27,1,1,2,In-person,0.594
C09521,R001,D0819,P002,2025-11-04,1,2,1,Clinic Camp,0.783
C09522,R050,D0628,P008,2025-11-01,1,2,4,In-person,0.907
C09523,R039,D0011,P002,2025-11-04,4,1,1,In-person,0.992
C09524,R033,D0317,P003,2025-11-28,4,1,0,In-person,0.931
C09525,R071,D0763,P008,2025-11-20,3,1,0,Clinic Camp,0.788
C09526,R042,D0064,P002,2025-11-15,4,1,3,Virtual,1.048
C09527,R054,D0587,P002,2025-11-04,4,1,3,In-person,0.916
C09528,R017,D0462,P005,2025-11-12,2,2,0,In-person,0.817
C09529,R052,D0777,P002,2025-11-04,2,2,1,Clinic Camp,0.81
C09530,R054,D0532,P001,2025-11-01,1,1,5,In-person,0.766
C09531,R061,D0398,P006,2025-11-14,3,1,3,In-person,0.88
C09532,R057,D0677,P008,2025-11-16,4,2,4,Virtual,1.105
C09533,R027,D0690,P007,2025-11-14,1,2,5,In-person,0.782
C09534,R022,D0441,P008,2025-11-27,3,2,6,Clinic Camp,1.011
C09535,R063,D0576,P005,2025-11-28,2,2,0,In-person,0.806
C09536,R033,D0757,P005,2025-11-04,4,1,3,In-person,1.008
C09537,R040,D0438,P008,2025-11-09,3,2,1,In-person,0.982
C09538,R059,D0600,P005,2025-11-16,2,1,4,In-person,0.77
C09539,R068,D0355,P001,2025-11-13,1,1,2,In-person,0.785
C09540,R035,D0357,P002,2025-11-14,3,1,1,In-person,0.864
C09541,R065,D0018,P005,2025-11-22,4,1,6,In-person,1.091
C09542,R005,D0647,P007,2025-11-06,1,2,3,Clinic Camp,0.802
C09543,R019,D0175,P005,2025-11-25,1,2,0,In-person,0.847
C09544,R031,D0696,P004,2025-11-08,4,1,1,In-person,1.007
C09545,R071,D0843,P003,2025-11-11,2,2,5,In-person,0.966
C09546,R067,D0715,P006,2025-11-07,3,2,3,In-person,1.162
C09547,R012,D0164,P008,2025-11-19,3,1,6,In-person,0.997
C09548,R006,D0603,P003,2025-11-21,2,1,0,In-person,0.921
C09549,R058,D0566,P005,2025-11-19,2,1,0,Clinic Camp,0.982
C09550,R053,D0453,P004,2025-11-15,3,2,4,In-person,0.878
C09551,R009,D0424,P002,2025-11-10,1,2,2,In-person,0.928
C09552,R008,D0433,P004,2025-11-21,1,1,6,In-person,0.859
C09553,R023,D0280,P001,2025-11-04,4,2,5,In-person,1.119
C09554,R054,D0559,P005,2025-11-10,1,1,0,Clinic Camp,0.657
C09555,R065,D0818,P001,2025-11-21,1,2,6,In-person,0.837
C09556,R009,D0207,P004,2025-11-21,3,2,6,In-person,0.964
C09557,R050,D0119,P008,2025-11-09,3,2,1,Clinic Camp,1.136
C09558,R072,D0050,P002,2025-11-11,2,1,4,In-person,0.891
C09559,R023,D0472,P003,2025-11-10,1,1,4,In-person,0.673
C09560,R064,D0331,P006,2025-11-27,2,2,0,In-person,0.786
C09561,R056,D0439,P008,2025-11-18,1,2,5,Clinic Camp,0.728
C09562,R026,D0829,P008,2025-11-04,3,1,6,In-person,1.053
C09563,R056,D0129,P001,2025-11-05,2,2,2,In-person,0.91
C09564,R029,D0146,P002,2025-11-03,4,1,6,In-person,1.069
C09565,R010,D0112,P008,2025-11-08,4,1,4,Clinic Camp,0.992
C09566,R057,D0403,P005,2025-11-07,2,1,5,In-person,0.946
C09567,R010,D0513,P007,2025-11-14,3,1,3,In-person,0.872
C09568,R041,D0130,P001,2025-11-23,3,2,4,In-person,1.036
C09569,R040,D0103,P001,2025-11-27,2,1,6,In-person,0.91
C09570,R070,D0066,P002,2025-11-17,3,2,4,Clinic Camp,0.919
C09571,R070,D0654,P001,2025-11-24,1,1,3,In-person,0.706
C09572,R040,D0065,P008,2025-11-20,4,2,1,In-person,1.004
C09573,R072,D0493,P007,2025-11-10,4,2,3,In-person,1.09
C09574,R025,D0553,P004,2025-11-19,4,2,6,Virtual,1.229
C09575,R061,D0036,P001,2025-11-10,1,1,4,In-person,0.791
C09576,R061,D0379,P001,2025-11-10,4,2,5,Clinic Camp,1.093
C09577,R048,D0180,P003,2025-11-30,3,2,1,In-person,0.983
C09578,R034,D0362,P006,2025-11-28,4,2,5,Clinic Camp,1.087
C09579,R014,D0109,P007,2025-11-20,1,1,3,Clinic Camp,0.762
C09580,R032,D0605,P005,2025-11-18,2,2,3,Virtual,1.045
C09581,R009,D0757,P008,2025-11-21,1,1,0,In-person,0.692
C09582,R006,D0006,P008,2025-11-23,4,2,6,In-person,1.139
C09583,R030,D0544,P007,2025-11-02,1,2,4,Virtual,0.82
C09584,R046,D0492,P001,2025-11-11,1,2,2,In-person,0.937
C09585,R062,D0014,P008,2025-11-04,1,1,3,In-person,0.691
C09586,R043,D0634,P008,2025-11-16,4,2,6,Clinic Camp,1.112
C09587,R056,D0480,P005,2025-11-09,3,2,5,In-person,1.109
C09588,R066,D0244,P005,2025-11-10,1,1,2,In-person,0.677
C09589,R022,D0411,P007,2025-11-26,2,1,5,Virtual,0.939
C09590,R060,D0624,P005,2025-11-07,2,1,0,In-person,0.616
C09591,R066,D0437,P003,2025-11-28,4,2,3,Clinic Camp,0.977
C09592,R045,D0669,P006,2025-11-13,1,1,3,In-person,0.756
C09593,R022,D0058,P007,2025-11-06,1,2,4,In-person,1.065
C09594,R055,D0683,P002,2025-11-05,3,1,0,In-person,0.862
C09595,R068,D0086,P006,2025-11-22,2,1,2,Virtual,0.829
C09596,R030,D0603,P002,2025-11-28,1,2,1,In-person,0.91
C09597,R048,D0305,P005,2025-11-27,2,1,2,In-person,0.729
C09598,R008,D0129,P001,2025-11-06,2,1,4,In-person,0.609
C09599,R008,D0621,P008,2025-11-27,1,2,0,In-person,0.939
C09600,R049,D0552,P006,2025-11-07,1,1,5,In-person,0.848
C09601,R062,D0549,P004,2025-11-14,1,1,0,In-person,0.674
C09602,R048,D0312,P005,2025-11-01,4,1,3,Clinic Camp,0.979
C09603,R008,D0265,P005,2025-11-08,1,1,5,In-person,0.884
C09604,R064,D0534,P001,2025-11-10,3,1,6,Clinic Camp,0.948
C09605,R004,D0200,P005,2025-11-29,1,2,6,Virtual,0.92
C09606,R011,D0691,P006,2025-11-09,4,2,3,Virtual,1.227
C09607,R052,D0557,P003,2025-11-09,2,1,3,In-person,0.735
C09608,R005,D0846,P004,2025-11-09,4,2,6,In-person,1.159
C09609,R010,D0038,P003,2025-11-08,1,2,0,Clinic Camp,0.702
C09610,R058,D0410,P002,2025-11-17,2,1,6,Virtual,1.013
C09611,R035,D0507,P008,2025-11-07,2,1,0,In-person,0.803
C09612,R068,D0722,P005,2025-11-09,1,1,0,In-person,0.655
C09613,R043,D0359,P004,2025-11-16,2,2,0,In-person,0.75
C09614,R033,D0836,P003,2025-11-23,2,2,1,In-person,0.86
C09615,R003,D0192,P006,2025-11-04,2,2,6,Clinic Camp,0.993
C09616,R018,D0675,P001,2025-11-11,3,1,1,Virtual,0.961
C09617,R063,D0387,P005,2025-11-18,1,2,3,In-person,0.767
C09618,R024,D0729,P002,2025-11-28,1,2,5,Virtual,0.824
C09619,R064,D0309,P008,2025-11-29,2,2,6,In-person,0.938
C09620,R069,D0213,P007,2025-11-27,3,2,3,In-person,0.932
C09621,R013,D0398,P007,2025-11-16,2,1,2,In-person,0.775
C09622,R023,D0447,P002,2025-11-03,2,1,3,In-person,0.758
C09623,R064,D0105,P001,2025-11-29,4,1,4,In-person,1.025
C09624,R013,D0489,P004,2025-11-19,3,1,2,In-person,0.847
C09625,R027,D0281,P003,2025-11-28,1,2,4,Clinic Camp,0.873
C09626,R008,D0173,P006,2025-11-28,2,2,5,In-person,0.984
C09627,R069,D0386,P006,2025-11-24,1,2,0,Virtual,0.69
C09628,R055,D0588,P004,2025-11-13,4,1,5,In-person,1.057
C09629,R020,D0034,P002,2025-11-19,4,2,4,In-person,1.099
C09630,R070,D0802,P003,2025-11-21,2,2,0,In-person,0.887
C09631,R010,D0423,P005,2025-11-27,2,2,5,Virtual,0.949
C09632,R029,D0233,P003,2025-11-07,3,2,3,In-person,0.972
C09633,R015,D0585,P003,2025-11-17,1,1,0,In-person,0.714
C09634,R019,D0712,P002,2025-11-18,4,1,0,In-person,0.928
C09635,R046,D0821,P001,2025-11-07,4,2,0,Virtual,0.916
C09636,R063,D0695,P005,2025-11-13,1,1,2,In-person,0.872
C09637,R041,D0163,P008,2025-11-28,3,2,3,In-person,0.938
C09638,R068,D0314,P008,2025-11-01,1,2,1,In-person,0.823
C09639,R021,D0206,P008,2025-11-16,3,1,6,In-person,1.051
C09640,R028,D0719,P006,2025-11-19,3,2,0,In-person,0.913
C09641,R059,D0342,P006,2025-11-28,1,1,6,In-person,0.837
C09642,R046,D0243,P001,2025-11-09,4,1,1,Clinic Camp,0.763
C09643,R062,D0752,P002,2025-11-12,2,1,0,In-person,0.621
C09644,R016,D0237,P006,2025-11-03,2,2,3,In-person,0.922
C09645,R009,D0328,P008,2025-11-11,2,1,5,Clinic Camp,0.885
C09646,R068,D0336,P008,2025-11-30,4,1,4,In-person,1.08
C09647,R011,D0342,P006,2025-11-23,4,2,5,In-person,1.164
C09648,R012,D0539,P001,2025-11-13,4,1,3,Virtual,0.847
C09649,R007,D0651,P008,2025-11-20,2,1,6,In-person,0.989
C09650,R007,D0343,P003,2025-11-29,3,1,5,In-person,0.845
C09651,R054,D0059,P001,2025-11-14,3,2,0,In-person,1.009
C09652,R004,D0454,P007,2025-11-09,1,2,3,In-person,0.818
C09653,R023,D0447,P002,2025-11-27,4,2,6,In-person,1.335
C09654,R024,D0520,P003,2025-11-26,4,1,5,Virtual,0.963
C09655,R043,D0399,P006,2025-11-16,4,2,5,In-person,1.094
C09656,R003,D0671,P008,2025-11-01,2,2,5,In-person,0.973
C09657,R063,D0494,P008,2025-11-01,1,2,4,In-person,0.853
C09658,R057,D0706,P002,2025-11-04,1,1,2,Clinic Camp,0.666
C09659,R044,D0646,P002,2025-11-21,3,2,0,Clinic Camp,1.116
C09660,R007,D0461,P007,2025-11-06,4,1,2,In-person,0.907
C09661,R039,D0223,P003,2025-11-02,3,1,1,In-person,0.816
C09662,R038,D0473,P001,2025-11-21,3,2,5,In-person,1.021
C09663,R047,D0515,P005,2025-11-15,4,2,2,In-person,1.061
C09664,R017,D0491,P006,2025-11-16,4,2,2,In-person,0.991
C09665,R067,D0449,P008,2025-11-06,4,2,6,Clinic Camp,1.194
C09666,R061,D0252,P004,2025-11-07,2,1,1,Clinic Camp,0.81
C09667,R067,D0076,P007,2025-11-08,3,2,5,Virtual,1.032
C09668,R019,D0359,P005,2025-11-20,2,1,2,In-person,0.861
C09669,R061,D0701,P008,2025-11-30,3,2,6,In-person,0.98
C09670,R028,D0560,P004,2025-11-28,1,1,6,In-person,0.771
C09671,R029,D0718,P006,2025-11-04,1,1,2,In-person,0.744
C09672,R049,D0666,P008,2025-11-21,1,2,5,In-person,0.964
C09673,R038,D0754,P008,2025-11-23,3,2,6,In-person,1.028
C09674,R009,D0207,P004,2025-11-02,4,2,4,In-person,1.057
C09675,R012,D0704,P005,2025-11-20,3,2,6,In-person,0.879
C09676,R021,D0009,P005,2025-11-14,3,2,4,In-person,0.957
C09677,R071,D0187,P001,2025-11-06,3,1,0,Clinic Camp,0.718
C09678,R040,D0065,P002,2025-11-24,4,2,4,In-person,0.97
C09679,R001,D0388,P006,2025-11-29,3,2,1,In-person,0.987
C09680,R021,D0084,P001,2025-11-18,3,1,4,In-person,1.188
C09681,R060,D0318,P005,2025-11-07,2,2,5,Virtual,0.976
C09682,R011,D0093,P004,2025-11-13,4,1,1,In-person,0.965
C09683,R035,D0037,P004,2025-11-16,2,2,4,In-person,0.881
C09684,R005,D0444,P007,2025-11-28,4,1,3,Clinic Camp,0.89
C09685,R025,D0346,P003,2025-11-24,4,2,1,In-person,1.192
C09686,R045,D0293,P007,2025-11-21,4,1,5,In-person,0.946
C09687,R003,D0226,P007,2025-11-23,2,2,5,Clinic Camp,0.8
C09688,R005,D0382,P008,2025-11-21,2,2,0,In-person,0.89
C09689,R050,D0003,P007,2025-11-10,4,2,2,In-person,1.012
C09690,R036,D0376,P005,2025-11-05,4,1,0,In-person,0.968
C09691,R035,D0732,P003,2025-11-26,3,1,4,In-person,1.047
C09692,R055,D0168,P007,2025-11-17,4,2,6,In-person,1.148
C09693,R020,D0273,P008,2025-11-29,2,1,6,Virtual,0.906
C09694,R015,D0585,P003,2025-11-21,4,2,2,In-person,1.099
C09695,R054,D0532,P003,2025-11-15,2,1,1,In-person,1.014
C09696,R013,D0199,P004,2025-11-20,3,2,2,In-person,1.158
C09697,R011,D0687,P001,2025-11-20,3,2,0,In-person,0.915
C09698,R051,D0226,P003,2025-11-30,4,2,2,In-person,1.122
C09699,R046,D0464,P002,2025-11-11,4,2,4,In-person,1.225
C09700,R029,D0497,P007,2025-11-12,4,1,0,Clinic Camp,0.975
C09701,R014,D0110,P004,2025-11-11,1,2,5,In-person,0.885
C09702,R019,D0670,P005,2025-11-04,1,2,5,In-person,0.85
C09703,R051,D0615,P001,2025-11-15,4,1,2,In-person,0.964
C09704,R043,D0140,P005,2025-11-14,1,1,5,Virtual,0.709
C09705,R019,D0670,P006,2025-11-06,4,1,3,Clinic Camp,1.046
C09706,R025,D0573,P006,2025-11-25,3,1,6,In-person,1.069
C09707,R062,D0693,P007,2025-11-21,2,2,3,In-person,0.892
C09708,R019,D0702,P001,2025-11-08,1,1,4,In-person,0.746
C09709,R036,D0282,P005,2025-11-05,1,1,5,In-person,0.716
C09710,R018,D0750,P004,2025-11-19,4,1,1,In-person,0.975
C09711,R048,D0050,P008,2025-11-01,1,1,4,In-person,0.781
C09712,R057,D0287,P006,2025-11-05,3,1,5,In-person,0.825
C09713,R059,D0555,P008,2025-11-14,1,2,1,In-person,1.051
C09714,R023,D0404,P001,2025-11-30,2,1,5,In-person,0.728
C09715,R016,D0309,P004,2025-11-03,1,2,1,In-person,0.703
C09716,R051,D0166,P006,2025-11-16,3,1,4,Clinic Camp,0.997
C09717,R059,D0668,P001,2025-11-17,1,1,2,Clinic Camp,0.799
C09718,R017,D0635,P006,2025-11-08,3,2,4,In-person,0.955
C09719,R004,D0458,P002,2025-11-16,4,1,1,In-person,0.876
C09720,R034,D0367,P001,2025-11-20,3,2,5,Clinic Camp,1.067
C09721,R032,D0633,P006,2025-11-05,3,2,0,In-person,0.97
C09722,R009,D0214,P004,2025-11-29,4,2,2,Clinic Camp,0.99
C09723,R014,D0786,P004,2025-11-08,4,1,5,Clinic Camp,1.09
C09724,R051,D0138,P003,2025-11-12,3,1,0,In-person,0.896
C09725,R017,D0491,P006,2025-11-01,3,1,5,In-person,1.047
C09726,R046,D0243,P005,2025-11-18,2,2,2,In-person,0.902
C09727,R072,D0726,P006,2025-11-18,3,1,1,In-person,0.933
C09728,R018,D0210,P007,2025-11-04,1,1,5,Clinic Camp,0.782
C09729,R066,D0437,P005,2025-11-09,4,1,5,In-person,1.053
C09730,R068,D0273,P001,2025-11-24,4,1,6,In-person,1.057
C09731,R065,D0130,P002,2025-11-22,2,1,3,Clinic Camp,0.902
C09732,R047,D0327,P008,2025-11-10,4,2,1,In-person,1.07
C09733,R058,D0640,P003,2025-11-19,3,2,4,In-person,0.861
C09734,R070,D0176,P004,2025-11-23,4,2,4,In-person,1.032
C09735,R004,D0557,P004,2025-11-12,4,1,6,In-person,1.035
C09736,R060,D0528,P008,2025-11-06,3,2,5,In-person,1.067
C09737,R003,D0825,P007,2025-11-01,4,1,2,In-person,1.022
C09738,R036,D0268,P004,2025-11-29,2,1,3,In-person,0.878
C09739,R001,D0219,P006,2025-11-10,2,1,4,In-person,0.796
C09740,R041,D0725,P005,2025-11-25,1,2,5,Virtual,0.963
C09741,R003,D0226,P006,2025-11-10,4,1,2,In-person,0.891
C09742,R013,D0117,P008,2025-11-22,2,2,1,Virtual,0.989
C09743,R031,D0748,P006,2025-11-10,3,2,6,In-person,1.154
C09744,R024,D0612,P001,2025-11-19,1,2,6,Clinic Camp,0.907
C09745,R030,D0060,P005,2025-11-29,2,1,2,Clinic Camp,0.764
C09746,R002,D0762,P007,2025-11-23,3,1,0,In-person,0.794
C09747,R005,D0598,P001,2025-11-05,2,2,4,In-person,0.854
C09748,R042,D0229,P003,2025-11-16,3,2,0,In-person,0.866
C09749,R022,D0441,P002,2025-11-09,2,2,1,In-person,0.874
C09750,R067,D0172,P006,2025-11-07,3,1,3,In-person,0.859
C09751,R034,D0111,P002,2025-11-25,2,1,2,Clinic Camp,0.687
C09752,R039,D0114,P005,2025-11-30,2,2,0,In-person,0.831
C09753,R031,D0202,P001,2025-11-28,1,2,2,In-person,0.843
C09754,R056,D0502,P008,2025-11-26,3,2,4,In-person,0.985
C09755,R031,D0696,P003,2025-11-15,1,1,5,Clinic Camp,0.728
C09756,R053,D0444,P004,2025-11-16,3,2,5,In-person,0.839
C09757,R026,D0003,P007,2025-11-17,4,1,2,In-person,1.048
C09758,R032,D0433,P004,2025-11-23,2,1,4,Clinic Camp,0.849
C09759,R043,D0634,P001,2025-11-02,4,1,2,In-person,0.982
C09760,R027,D0714,P008,2025-11-25,2,1,4,In-person,0.866
C09761,R014,D0602,P001,2025-11-25,4,2,0,In-person,1.05
C09762,R038,D0325,P004,2025-11-30,3,2,2,In-person,0.995
C09763,R027,D0616,P001,2025-11-18,3,2,2,In-person,0.984
C09764,R045,D0009,P006,2025-11-14,2,1,4,Clinic Camp,0.913
C09765,R002,D0329,P003,2025-11-15,4,2,1,In-person,1.106
C09766,R014,D0469,P008,2025-11-19,3,1,2,Virtual,0.997
C09767,R002,D0003,P002,2025-11-10,2,2,3,In-person,0.857
C09768,R027,D0040,P006,2025-11-24,4,1,4,In-person,1.012
C09769,R063,D0695,P001,2025-11-14,2,2,2,In-person,0.778
C09770,R023,D0182,P001,2025-11-09,4,2,6,In-person,1.079
C09771,R018,D0092,P003,2025-11-23,2,1,6,In-person,0.872
C09772,R002,D0582,P008,2025-11-11,4,1,4,In-person,1.051
C09773,R067,D0218,P008,2025-11-03,2,2,3,In-person,0.915
C09774,R055,D0842,P005,2025-11-16,3,1,3,Clinic Camp,0.958
C09775,R052,D0781,P003,2025-11-16,3,1,0,In-person,0.822
C09776,R001,D0751,P003,2025-11-09,3,2,2,In-person,0.93
C09777,R071,D0260,P002,2025-11-02,2,2,5,Clinic Camp,0.896
C09778,R014,D0752,P003,2025-11-15,1,2,4,Clinic Camp,0.927
C09779,R031,D0292,P004,2025-11-24,4,1,0,In-person,0.89
C09780,R034,D0124,P006,2025-11-25,1,1,0,In-person,0.516
C09781,R052,D0783,P002,2025-11-07,1,1,5,In-person,0.851
C09782,R029,D0647,P001,2025-11-13,4,2,5,Clinic Camp,1.026
C09783,R003,D0080,P005,2025-11-28,1,1,2,In-person,0.761
C09784,R020,D0756,P002,2025-11-11,4,1,6,Clinic Camp,0.938
C09785,R036,D0149,P004,2025-11-15,2,1,0,In-person,0.781
C09786,R037,D0601,P006,2025-11-21,3,1,5,In-person,0.71
C09787,R007,D0459,P008,2025-11-14,1,2,6,Clinic Camp,0.905
C09788,R031,D0010,P005,2025-11-26,3,2,3,Clinic Camp,0.924
C09789,R056,D0633,P008,2025-11-11,4,1,3,In-person,0.873
C09790,R050,D0664,P003,2025-11-15,3,1,1,In-person,0.929
C09791,R005,D0816,P006,2025-11-16,3,1,5,In-person,0.931
C09792,R062,D0487,P008,2025-11-23,3,2,5,In-person,1.01
C09793,R060,D0745,P002,2025-11-11,2,2,2,In-person,0.848
C09794,R022,D0796,P006,2025-11-09,3,2,1,In-person,1.03
C09795,R064,D0831,P004,2025-11-11,3,2,3,Virtual,0.959
C09796,R048,D0467,P008,2025-11-07,1,2,3,Clinic Camp,0.973
C09797,R018,D0020,P003,2025-11-06,2,2,2,In-person,1.004
C09798,R037,D0252,P008,2025-11-25,3,2,5,Clinic Camp,1.144
C09799,R055,D0547,P007,2025-11-11,1,2,2,In-person,0.913
C09800,R015,D0108,P006,2025-11-09,2,1,0,In-person,0.731
C09801,R016,D0103,P001,2025-11-25,2,1,5,In-person,0.874
C09802,R048,D0312,P001,2025-11-24,3,2,5,In-person,1.014
C09803,R015,D0795,P006,2025-11-08,2,1,0,In-person,0.847
C09804,R035,D0342,P004,2025-11-10,4,1,4,In-person,0.991
C09805,R049,D0793,P003,2025-11-25,3,1,3,Virtual,0.885
C09806,R044,D0684,P007,2025-11-09,3,2,4,Virtual,1.145
C09807,R053,D0241,P004,2025-11-26,4,1,1,In-person,0.912
C09808,R026,D0201,P004,2025-11-19,1,2,1,Virtual,0.768
C09809,R028,D0658,P003,2025-11-20,2,1,3,Virtual,0.802
C09810,R042,D0595,P008,2025-11-17,1,1,0,In-person,0.796
C09811,R062,D0504,P003,2025-11-01,3,2,1,In-person,0.973
C09812,R008,D0834,P003,2025-11-25,2,1,0,In-person,0.817
C09813,R016,D0073,P006,2025-11-17,3,1,2,In-person,0.905
C09814,R069,D0283,P001,2025-11-06,4,1,6,In-person,0.853
C09815,R042,D0417,P005,2025-11-25,2,2,3,In-person,0.838
C09816,R045,D0009,P005,2025-11-09,2,1,5,Clinic Camp,0.848
C09817,R063,D0844,P002,2025-11-11,2,2,5,In-person,0.985
C09818,R047,D0472,P007,2025-11-20,2,1,0,In-person,0.701
C09819,R024,D0289,P001,2025-11-09,2,1,6,In-person,0.807
C09820,R066,D0210,P008,2025-11-01,2,1,1,Virtual,0.773
C09821,R033,D0035,P007,2025-11-10,2,2,1,In-person,0.994
C09822,R021,D0499,P002,2025-11-21,2,2,4,In-person,0.77
C09823,R020,D0847,P004,2025-11-13,2,1,3,In-person,0.622
C09824,R041,D0018,P002,2025-11-22,2,1,1,Clinic Camp,0.937
C09825,R007,D0456,P005,2025-11-03,2,2,2,In-person,0.784
C09826,R072,D0520,P003,2025-11-08,3,2,2,In-person,0.944
C09827,R013,D0272,P004,2025-11-08,2,1,4,In-person,0.732
C09828,R047,D0516,P008,2025-11-02,1,1,5,In-person,0.776
C09829,R026,D0681,P005,2025-11-20,4,2,2,Clinic Camp,1.035
C09830,R004,D0783,P007,2025-11-07,4,2,2,In-person,1.175
C09831,R049,D0553,P006,2025-11-15,2,2,0,In-person,0.928
C09832,R018,D0481,P004,2025-11-30,3,1,6,In-person,0.855
C09833,R053,D0241,P001,2025-11-08,4,2,4,Clinic Camp,0.929
C09834,R025,D0094,P001,2025-11-06,2,1,1,Virtual,0.838
C09835,R066,D0072,P005,2025-11-28,1,1,0,In-person,0.668
C09836,R017,D0053,P005,2025-11-11,2,2,6,In-person,0.92
C09837,R015,D0743,P005,2025-11-09,2,1,0,In-person,0.875
C09838,R051,D0071,P007,2025-11-22,2,2,1,Virtual,0.747
C09839,R037,D0308,P001,2025-11-04,3,1,6,In-person,0.929
C09840,R069,D0499,P006,2025-11-12,2,2,2,Virtual,0.956
C09841,R058,D0490,P006,2025-11-06,3,2,6,Virtual,0.954
C09842,R026,D0119,P006,2025-11-27,1,2,3,Virtual,0.958
C09843,R030,D0744,P002,2025-11-09,4,2,3,In-person,0.983
C09844,R059,D0420,P004,2025-11-18,2,1,6,In-person,0.882
C09845,R038,D0014,P001,2025-11-16,2,2,0,In-person,0.815
C09846,R034,D0098,P002,2025-11-15,1,2,2,In-person,0.617
C09847,R006,D0744,P007,2025-11-02,2,1,2,In-person,0.782
C09848,R041,D0788,P005,2025-11-08,4,2,5,Virtual,1.163
C09849,R035,D0626,P007,2025-11-26,3,2,2,In-person,0.893
C09850,R047,D0284,P006,2025-11-17,3,2,6,Clinic Camp,0.998
C09851,R010,D0755,P002,2025-11-27,3,2,5,Clinic Camp,0.989
C09852,R042,D0229,P007,2025-11-17,2,1,6,In-person,0.931
C09853,R067,D0172,P006,2025-11-10,4,1,5,In-person,0.981
C09854,R004,D0584,P002,2025-11-11,2,1,5,Clinic Camp,0.872
C09855,R061,D0251,P001,2025-11-24,4,1,2,In-person,0.959
C09856,R050,D0375,P007,2025-11-08,4,1,5,In-person,0.968
C09857,R059,D0574,P006,2025-11-18,1,2,2,In-person,0.971
C09858,R025,D0113,P001,2025-11-29,1,1,2,In-person,0.664
C09859,R026,D0810,P004,2025-11-26,4,1,1,In-person,0.994
C09860,R006,D0161,P008,2025-11-12,1,1,6,Clinic Camp,0.92
C09861,R072,D0738,P007,2025-11-09,3,1,5,In-person,0.929
C09862,R044,D0330,P007,2025-11-19,1,1,0,In-person,0.715
C09863,R056,D0419,P004,2025-11-19,3,2,2,In-person,1.018
C09864,R029,D0233,P001,2025-11-22,3,1,4,In-person,0.892
C09865,R021,D0448,P003,2025-11-03,2,2,4,Clinic Camp,0.79
C09866,R057,D0035,P006,2025-11-17,4,1,2,In-person,0.936
C09867,R027,D0159,P007,2025-11-01,4,1,4,In-person,1.124
C09868,R013,D0341,P006,2025-11-30,1,2,1,In-person,0.864
C09869,R045,D0518,P001,2025-11-27,3,2,1,In-person,0.964
C09870,R002,D0829,P005,2025-11-23,3,2,0,In-person,1.0
C09871,R034,D0692,P002,2025-11-09,2,1,6,Clinic Camp,0.876
C09872,R038,D0754,P005,2025-11-23,4,2,4,Virtual,1.084
C09873,R012,D0759,P004,2025-11-14,2,1,5,In-person,0.836
C09874,R001,D0672,P005,2025-11-20,2,1,3,In-person,0.872
C09875,R069,D0246,P005,2025-11-07,3,1,4,In-person,0.879
C09876,R030,D0794,P006,2025-11-15,1,2,2,In-person,0.811
C09877,R053,D0833,P001,2025-11-27,4,2,0,In-person,1.08
C09878,R022,D0418,P008,2025-11-06,2,2,5,Clinic Camp,0.944
C09879,R036,D0139,P005,2025-11-12,2,2,1,In-person,0.933
C09880,R065,D0046,P005,2025-11-09,3,1,6,Clinic Camp,1.01
C09881,R072,D0389,P004,2025-11-06,4,1,0,In-person,0.914
C09882,R042,D0437,P001,2025-11-12,4,2,6,In-person,1.09
C09883,R017,D0486,P006,2025-11-19,2,2,3,Virtual,0.818
C09884,R044,D0756,P003,2025-11-02,3,2,1,In-person,0.87
C09885,R039,D0415,P008,2025-11-07,2,1,1,In-person,0.847
C09886,R032,D0605,P006,2025-11-25,3,2,4,In-person,1.059
C09887,R001,D0672,P004,2025-11-08,3,1,5,In-person,0.861
C09888,R057,D0811,P001,2025-11-11,3,1,3,In-person,0.936
C09889,R051,D0594,P005,2025-11-21,1,1,3,Clinic Camp,0.781
C09890,R069,D0448,P007,2025-11-23,1,2,6,In-person,0.983
C09891,R006,D0060,P004,2025-11-29,1,2,3,Clinic Camp,1.027
C09892,R049,D0609,P006,2025-11-05,1,1,2,In-person,0.792
C09893,R002,D0184,P001,2025-11-23,3,1,6,In-person,0.903
C09894,R033,D0317,P004,2025-11-22,1,2,5,Virtual,0.949
C09895,R032,D0480,P007,2025-11-04,1,2,4,Clinic Camp,0.789
C09896,R028,D0048,P004,2025-11-27,2,1,0,In-person,0.958
C09897,R033,D0673,P008,2025-11-10,1,1,2,In-person,0.648
C09898,R037,D0209,P004,2025-11-13,4,1,6,In-person,1.063
C09899,R012,D0427,P007,2025-11-24,1,2,6,In-person,0.908
C09900,R039,D0235,P006,2025-11-16,1,2,4,In-person,0.839
C09901,R050,D0303,P008,2025-11-09,1,2,3,In-person,0.816
C09902,R038,D0347,P005,2025-11-10,1,2,6,In-person,1.017
C09903,R028,D0045,P004,2025-11-23,2,1,4,In-person,0.897
C09904,R039,D0179,P003,2025-11-06,1,1,0,In-person,0.698
C09905,R046,D0650,P006,2025-11-15,2,2,2,In-person,1.045
C09906,R045,D0084,P008,2025-11-23,1,1,2,In-person,0.737
C09907,R030,D0525,P002,2025-11-27,4,2,4,In-person,1.141
C09908,R037,D0075,P008,2025-11-25,4,2,1,In-person,0.921
C09909,R071,D0447,P008,2025-11-11,3,2,5,Clinic Camp,0.927
C09910,R071,D0516,P007,2025-11-06,3,1,1,In-person,0.925
C09911,R024,D0389,P005,2025-11-29,3,1,4,Clinic Camp,0.947
C09912,R047,D0639,P007,2025-11-18,4,2,2,Virtual,1.218
C09913,R032,D0265,P003,2025-11-13,1,1,1,Virtual,0.672
C09914,R052,D0413,P006,2025-11-28,3,2,4,In-person,1.066
C09915,R058,D0185,P007,2025-11-22,1,1,6,Virtual,0.798
C09916,R040,D0436,P007,2025-11-15,2,2,5,Clinic Camp,1.028
C09917,R054,D0060,P005,2025-11-06,4,2,3,In-person,1.126
C09918,R011,D0269,P004,2025-11-03,3,2,6,Virtual,1.046
C09919,R064,D0581,P008,2025-11-16,3,1,5,Virtual,0.881
C09920,R037,D0663,P006,2025-11-04,1,1,6,Clinic Camp,0.791
C09921,R012,D0164,P007,2025-11-10,4,1,0,In-person,0.831
C09922,R007,D0343,P005,2025-11-21,3,2,5,Virtual,1.059
C09923,R016,D0344,P008,2025-11-01,2,2,3,In-person,0.699
C09924,R016,D0335,P004,2025-11-30,2,1,4,Clinic Camp,0.806
C09925,R015,D0844,P005,2025-11-14,3,2,6,Virtual,1.12
C09926,R006,D0603,P007,2025-11-27,4,1,3,In-person,1.044
C09927,R020,D0355,P005,2025-11-06,3,1,4,In-person,0.793
C09928,R011,D0428,P002,2025-11-14,4,1,6,In-person,1.075
C09929,R044,D0511,P007,2025-11-29,1,2,0,Virtual,0.709
C09930,R028,D0413,P004,2025-11-19,3,2,5,Clinic Camp,1.0
C09931,R055,D0429,P001,2025-11-25,4,1,4,In-person,1.053
C09932,R040,D0831,P003,2025-11-21,3,2,1,In-person,0.88
C09933,R025,D0259,P001,2025-11-23,2,2,0,In-person,0.984
C09934,R044,D0443,P008,2025-11-11,2,2,4,In-person,0.963
C09935,R065,D0018,P008,2025-11-14,2,1,2,Virtual,0.853
C09936,R060,D0376,P003,2025-11-02,2,2,2,In-person,0.992
C09937,R043,D0712,P008,2025-12-09,1,1,1,In-person,0.799
C09938,R018,D0758,P006,2025-12-02,1,1,3,Virtual,0.828
C09939,R009,D0403,P008,2025-12-11,3,1,1,Clinic Camp,0.815
C09940,R013,D0075,P002,2025-12-23,1,2,0,In-person,0.711
C09941,R059,D0600,P001,2025-12-07,4,2,0,In-person,0.987
C09942,R010,D0426,P008,2025-12-15,4,1,1,Virtual,0.976
C09943,R012,D0813,P003,2025-12-18,2,1,4,Virtual,0.749
C09944,R022,D0418,P005,2025-12-06,2,1,3,In-person,0.881
C09945,R013,D0015,P008,2025-12-26,4,1,5,In-person,1.04
C09946,R012,D0806,P003,2025-12-24,1,1,4,Clinic Camp,0.767
C09947,R044,D0636,P001,2025-12-06,2,1,2,In-person,0.821
C09948,R010,D0640,P007,2025-12-02,3,2,6,In-person,1.053
C09949,R039,D0108,P004,2025-12-01,4,2,4,In-person,1.117
C09950,R057,D0403,P001,2025-12-10,2,2,4,Clinic Camp,1.002
C09951,R004,D0320,P003,2025-12-04,3,1,3,In-person,1.134
C09952,R022,D0176,P005,2025-12-01,1,2,2,In-person,0.85
C09953,R038,D0693,P008,2025-12-15,4,1,6,Virtual,0.976
C09954,R067,D0125,P002,2025-12-17,3,1,2,In-person,0.734
C09955,R014,D0078,P005,2025-12-01,3,2,5,Clinic Camp,0.917
C09956,R046,D0174,P002,2025-12-19,1,1,0,In-person,0.649
C09957,R038,D0786,P003,2025-12-13,2,1,6,In-person,0.943
C09958,R051,D0088,P003,2025-12-07,3,2,5,In-person,0.998
C09959,R009,D0541,P005,2025-12-04,2,2,5,Clinic Camp,0.993
C09960,R054,D0167,P006,2025-12-24,4,2,2,In-person,0.987
C09961,R072,D0312,P001,2025-12-04,4,2,4,Clinic Camp,1.118
C09962,R059,D0507,P001,2025-12-07,1,1,5,In-person,0.87
C09963,R061,D0015,P006,2025-12-23,4,2,0,In-person,0.978
C09964,R011,D0240,P003,2025-12-20,2,2,4,In-person,0.977
C09965,R001,D0553,P005,2025-12-31,3,2,6,In-person,1.013
C09966,R007,D0010,P001,2025-12-02,2,2,5,In-person,0.861
C09967,R030,D0525,P005,2025-12-07,3,1,5,Virtual,0.984
C09968,R043,D0524,P008,2025-12-21,2,2,6,In-person,1.011
C09969,R065,D0163,P004,2025-12-08,2,2,1,In-person,0.935
C09970,R040,D0162,P005,2025-12-12,3,2,4,In-person,1.088
C09971,R069,D0319,P003,2025-12-10,1,2,1,In-person,0.798
C09972,R055,D0651,P003,2025-12-26,2,1,6,In-person,0.874
C09973,R019,D0017,P001,2025-12-25,1,1,3,In-person,0.741
C09974,R028,D0278,P004,2025-12-25,1,2,5,In-person,0.918
C09975,R035,D0845,P008,2025-12-16,3,2,1,Virtual,0.947
C09976,R067,D0264,P001,2025-12-16,2,1,2,In-person,0.826
C09977,R043,D0220,P004,2025-12-18,3,2,6,In-person,0.99
C09978,R058,D0542,P007,2025-12-03,4,1,6,In-person,0.946
C09979,R024,D0389,P004,2025-12-17,3,2,1,In-person,0.885
C09980,R055,D0429,P007,2025-12-09,2,2,2,In-person,0.939
C09981,R032,D0633,P004,2025-12-30,3,1,1,In-person,0.865
C09982,R003,D0071,P005,2025-12-06,4,1,4,In-person,0.953
C09983,R007,D0588,P008,2025-12-02,2,2,0,Clinic Camp,0.923
C09984,R022,D0301,P005,2025-12-30,2,1,0,Virtual,0.897
C09985,R044,D0756,P007,2025-12-05,1,1,3,In-person,0.724
C09986,R013,D0614,P006,2025-12-17,1,1,6,Clinic Camp,0.731
C09987,R023,D0808,P001,2025-12-12,1,1,5,In-person,0.876
C09988,R001,D0094,P002,2025-12-09,1,1,4,In-person,0.783
C09989,R005,D0146,P005,2025-12-16,1,1,4,In-person,0.767
C09990,R068,D0756,P003,2025-12-23,4,2,1,In-person,1.109
C09991,R032,D0402,P004,2025-12-04,3,2,1,Clinic Camp,0.937
C09992,R056,D0642,P004,2025-12-21,1,2,4,In-person,0.904
C09993,R070,D0577,P007,2025-12-28,4,2,6,In-person,1.131
C09994,R014,D0468,P008,2025-12-09,4,1,0,Clinic Camp,1.18
C09995,R041,D0046,P008,2025-12-22,4,2,2,In-person,1.035
C09996,R065,D0046,P001,2025-12-29,4,1,1,In-person,1.013
C09997,R067,D0631,P006,2025-12-29,1,1,0,In-person,0.69
C09998,R002,D0131,P006,2025-12-21,3,2,2,In-person,1.012
C09999,R052,D0005,P007,2025-12-30,4,2,1,In-person,1.012
C10000,R052,D0200,P004,2025-12-25,1,1,1,Clinic Camp,0.792
C10001,R040,D0746,P005,2025-12-16,3,1,3,In-person,0.896
C10002,R011,D0567,P004,2025-12-04,1,1,5,Virtual,0.84
C10003,R030,D0643,P003,2025-12-27,2,2,3,In-person,0.864
C10004,R061,D0489,P002,2025-12-09,4,1,3,Virtual,0.91
C10005,R042,D0408,P006,2025-12-23,3,1,4,In-person,0.771
C10006,R008,D0257,P001,2025-12-20,2,2,1,In-person,0.917
C10007,R048,D0348,P006,2025-12-12,4,1,0,In-person,0.868
C10008,R035,D0507,P007,2025-12-25,1,2,0,In-person,0.976
C10009,R040,D0831,P002,2025-12-21,2,1,6,Clinic Camp,0.85
C10010,R001,D0792,P002,2025-12-24,2,2,6,Clinic Camp,1.078
C10011,R025,D0666,P005,2025-12-30,3,1,2,In-person,0.978
C10012,R053,D0735,P007,2025-12-09,2,1,5,In-person,0.85
C10013,R054,D0708,P001,2025-12-24,2,2,1,In-person,0.829
C10014,R026,D0664,P004,2025-12-02,3,2,2,Clinic Camp,0.965
C10015,R068,D0688,P002,2025-12-22,1,2,4,In-person,0.963
C10016,R064,D0067,P007,2025-12-05,1,1,6,In-person,1.001
C10017,R072,D0026,P008,2025-12-07,1,2,4,In-person,0.773
C10018,R021,D0311,P001,2025-12-07,2,2,6,In-person,0.979
C10019,R007,D0051,P002,2025-12-26,1,1,6,In-person,0.77
C10020,R071,D0284,P002,2025-12-12,1,1,0,Clinic Camp,0.681
C10021,R052,D0186,P007,2025-12-13,3,1,2,In-person,1.023
C10022,R003,D0822,P008,2025-12-12,3,1,3,Virtual,0.842
C10023,R047,D0516,P003,2025-12-20,1,2,1,In-person,0.689
C10024,R018,D0025,P002,2025-12-29,2,2,1,In-person,0.904
C10025,R054,D0591,P006,2025-12-22,3,1,6,In-person,0.988
C10026,R062,D0602,P008,2025-12-04,4,1,1,In-person,0.904
C10027,R002,D0261,P008,2025-12-16,4,2,3,In-person,1.009
C10028,R017,D0725,P004,2025-12-04,1,2,3,Clinic Camp,0.867
C10029,R006,D0837,P007,2025-12-06,4,2,4,In-person,0.974
C10030,R058,D0823,P008,2025-12-07,2,1,3,In-person,0.868
C10031,R065,D0053,P007,2025-12-22,2,1,0,Virtual,0.752
C10032,R060,D0370,P004,2025-12-28,3,2,3,In-person,1.105
C10033,R024,D0610,P003,2025-12-08,1,2,2,In-person,0.861
C10034,R021,D0311,P003,2025-12-30,2,1,0,In-person,0.768
C10035,R033,D0406,P003,2025-12-09,2,1,6,Clinic Camp,0.87
C10036,R006,D0256,P008,2025-12-10,3,2,3,In-person,0.839
C10037,R037,D0272,P006,2025-12-04,1,2,6,Clinic Camp,0.898
C10038,R033,D0673,P007,2025-12-02,1,1,6,In-person,0.802
C10039,R011,D0028,P007,2025-12-20,2,1,6,In-person,0.892
C10040,R033,D0757,P004,2025-12-13,4,1,1,In-person,0.923
C10041,R021,D0548,P007,2025-12-04,3,1,5,In-person,1.054
C10042,R002,D0156,P006,2025-12-18,3,1,0,In-person,0.828
C10043,R025,D0672,P006,2025-12-11,3,1,3,In-person,0.836
C10044,R064,D0438,P003,2025-12-13,3,1,6,Clinic Camp,0.825
C10045,R063,D0223,P002,2025-12-28,1,2,4,In-person,0.836
C10046,R026,D0333,P002,2025-12-13,4,1,1,Virtual,0.854
C10047,R034,D0362,P003,2025-12-15,1,1,0,Virtual,0.606
C10048,R006,D0189,P008,2025-12-22,3,2,3,Virtual,0.969
C10049,R028,D0435,P008,2025-12-28,4,2,5,Clinic Camp,1.191
C10050,R001,D0573,P002,2025-12-23,3,2,6,In-person,1.123
C10051,R031,D0395,P005,2025-12-16,4,1,5,In-person,0.907
C10052,R047,D0340,P008,2025-12-10,1,2,3,In-person,0.857
C10053,R004,D0445,P007,2025-12-06,3,1,4,Virtual,0.956
C10054,R056,D0477,P005,2025-12-04,1,1,5,In-person,0.847
C10055,R071,D0327,P005,2025-12-24,3,2,2,In-person,1.104
C10056,R030,D0820,P003,2025-12-23,1,2,1,In-person,0.724
C10057,R003,D0716,P008,2025-12-11,3,1,1,In-person,0.797
C10058,R003,D0230,P001,2025-12-30,2,1,5,Clinic Camp,0.817
C10059,R046,D0590,P007,2025-12-30,1,1,5,Virtual,0.829
C10060,R036,D0759,P007,2025-12-20,4,1,1,In-person,0.72
C10061,R028,D0126,P003,2025-12-09,4,1,6,Clinic Camp,1.01
C10062,R058,D0410,P005,2025-12-16,1,1,0,In-person,0.567
C10063,R021,D0682,P008,2025-12-26,1,2,2,In-person,0.836
C10064,R072,D0050,P004,2025-12-16,1,2,3,In-person,1.02
C10065,R033,D0287,P003,2025-12-16,3,1,0,In-person,0.922
C10066,R025,D0679,P001,2025-12-17,4,2,5,In-person,1.002
C10067,R045,D0801,P004,2025-12-27,1,1,6,In-person,0.785
C10068,R057,D0841,P003,2025-12-13,2,1,1,In-person,0.727
C10069,R001,D0553,P007,2025-12-06,3,2,4,Clinic Camp,1.116
C10070,R014,D0022,P007,2025-12-16,2,1,6,Clinic Camp,0.712
C10071,R015,D0004,P003,2025-12-20,4,2,4,In-person,1.047
C10072,R071,D0733,P002,2025-12-29,4,2,3,In-person,1.008
C10073,R027,D0656,P003,2025-12-04,3,1,6,In-person,0.864
C10074,R005,D0146,P004,2025-12-30,3,1,2,Virtual,1.019
C10075,R019,D0076,P006,2025-12-25,2,2,4,In-person,0.817
C10076,R057,D0132,P002,2025-12-23,2,1,5,Virtual,0.774
C10077,R016,D0730,P008,2025-12-08,3,1,4,Clinic Camp,1.05
C10078,R059,D0668,P006,2025-12-07,1,2,2,Clinic Camp,0.828
C10079,R011,D0826,P002,2025-12-14,3,1,4,In-person,0.908
C10080,R045,D0056,P003,2025-12-06,1,1,2,In-person,0.696
C10081,R020,D0638,P006,2025-12-21,3,1,3,In-person,0.904
C10082,R058,D0734,P005,2025-12-24,3,2,3,In-person,0.96
C10083,R069,D0448,P005,2025-12-15,2,1,2,In-person,0.757
C10084,R026,D0721,P001,2025-12-22,2,2,5,Clinic Camp,0.848
C10085,R060,D0539,P004,2025-12-25,3,1,1,In-person,0.871
C10086,R050,D0003,P005,2025-12-29,3,2,1,In-person,0.91
C10087,R009,D0380,P006,2025-12-22,3,1,5,In-person,0.902
C10088,R067,D0175,P004,2025-12-08,4,1,6,In-person,1.081
C10089,R040,D0073,P005,2025-12-05,1,1,1,In-person,0.688
C10090,R044,D0596,P002,2025-12-30,1,1,3,In-person,0.755
C10091,R050,D0810,P007,2025-12-24,3,1,6,In-person,1.092
C10092,R009,D0061,P006,2025-12-27,1,2,2,In-person,0.867
C10093,R017,D0425,P006,2025-12-14,1,1,2,In-person,0.703
C10094,R067,D0586,P006,2025-12-05,2,1,4,In-person,0.764
C10095,R033,D0277,P008,2025-12-19,3,1,4,In-person,0.911
C10096,R006,D0095,P008,2025-12-20,1,1,0,Virtual,0.773
C10097,R024,D0147,P007,2025-12-07,2,1,0,In-person,0.733
C10098,R041,D0018,P003,2025-12-15,1,2,2,In-person,0.833
C10099,R049,D0849,P001,2025-12-14,4,2,3,In-person,1.015
C10100,R039,D0377,P001,2025-12-09,4,2,4,In-person,1.049
C10101,R069,D0807,P007,2025-12-26,1,1,2,Clinic Camp,0.644
C10102,R011,D0593,P008,2025-12-16,2,2,0,In-person,0.887
C10103,R050,D0303,P006,2025-12-29,2,1,5,In-person,0.877
C10104,R032,D0784,P006,2025-12-01,2,1,3,Virtual,0.947
C10105,R059,D0269,P001,2025-12-30,1,1,0,In-person,0.713
C10106,R066,D0135,P005,2025-12-21,2,1,4,In-person,0.79
C10107,R066,D0644,P005,2025-12-22,4,2,2,In-person,1.157
C10108,R029,D0497,P002,2025-12-09,1,1,3,In-person,0.788
C10109,R049,D0346,P007,2025-12-03,1,2,6,In-person,0.918
C10110,R048,D0482,P003,2025-12-08,2,2,1,In-person,0.882
C10111,R015,D0814,P002,2025-12-14,2,2,4,In-person,0.949
C10112,R062,D0247,P006,2025-12-11,2,2,0,Clinic Camp,0.795
C10113,R066,D0703,P004,2025-12-06,1,1,5,Virtual,0.788
C10114,R071,D0763,P005,2025-12-01,1,2,2,Virtual,0.813
C10115,R054,D0649,P005,2025-12-22,4,2,5,Clinic Camp,1.123
C10116,R040,D0105,P005,2025-12-21,1,1,0,In-person,0.794
C10117,R020,D0099,P004,2025-12-06,2,1,4,In-person,0.924
C10118,R034,D0098,P007,2025-12-25,4,1,1,In-person,0.973
C10119,R055,D0588,P008,2025-12-31,3,2,2,Virtual,0.832
C10120,R023,D0322,P004,2025-12-31,1,2,1,In-person,0.778
C10121,R042,D0758,P002,2025-12-07,1,2,2,Clinic Camp,0.685
C10122,R037,D0015,P003,2025-12-14,2,2,5,In-person,1.041
C10123,R034,D0231,P007,2025-12-02,2,1,0,Virtual,0.765
C10124,R056,D0265,P003,2025-12-01,4,2,4,In-person,1.065
C10125,R012,D0806,P007,2025-12-27,1,2,1,In-person,0.757
C10126,R043,D0076,P006,2025-12-31,1,1,2,Clinic Camp,0.841
C10127,R028,D0291,P004,2025-12-07,3,1,3,In-person,0.906
C10128,R039,D0764,P002,2025-12-15,4,2,0,In-person,0.995
C10129,R069,D0832,P005,2025-12-01,1,2,6,Virtual,0.912
C10130,R041,D0725,P006,2025-12-26,4,1,4,In-person,1.002
C10131,R004,D0454,P002,2025-12-17,4,1,4,In-person,0.976
C10132,R021,D0085,P007,2025-12-10,2,1,6,Virtual,0.983
C10133,R046,D0066,P002,2025-12-31,2,1,2,In-person,0.911
C10134,R008,D0419,P004,2025-12-05,4,1,0,Clinic Camp,0.922
C10135,R004,D0356,P005,2025-12-09,3,2,5,Virtual,0.962
C10136,R039,D0387,P006,2025-12-24,3,1,4,In-person,0.942
C10137,R066,D0025,P002,2025-12-13,2,1,3,In-person,0.781
C10138,R012,D0624,P003,2025-12-22,4,1,0,In-person,1.028
C10139,R058,D0238,P007,2025-12-08,2,2,1,In-person,1.008
C10140,R035,D0093,P003,2025-12-21,2,2,4,In-person,0.994
C10141,R032,D0705,P005,2025-12-18,4,1,0,Virtual,0.822
C10142,R005,D0290,P004,2025-12-02,3,2,3,Virtual,0.951
C10143,R023,D0187,P001,2025-12-11,4,1,5,In-person,0.988
C10144,R053,D0453,P005,2025-12-10,4,1,3,In-person,0.901
C10145,R018,D0753,P003,2025-12-19,3,1,4,In-person,0.892
C10146,R025,D0751,P003,2025-12-14,1,1,1,Clinic Camp,0.741
C10147,R051,D0088,P007,2025-12-15,4,2,4,In-person,1.119
C10148,R061,D0601,P007,2025-12-06,3,1,1,In-person,0.965
C10149,R066,D0465,P003,2025-12-29,1,2,5,In-person,0.883
C10150,R030,D0794,P005,2025-12-24,1,2,3,In-person,0.824
C10151,R046,D0821,P006,2025-12-21,4,1,4,In-person,0.883
C10152,R072,D0580,P001,2025-12-09,1,2,2,Virtual,0.858
C10153,R005,D0625,P001,2025-12-22,2,2,2,In-person,0.864
C10154,R015,D0235,P005,2025-12-08,4,2,4,In-person,1.06
C10155,R043,D0772,P008,2025-12-16,4,1,4,In-person,0.941
C10156,R029,D0828,P008,2025-12-09,4,2,4,In-person,1.034
C10157,R020,D0847,P004,2025-12-10,3,1,0,Clinic Camp,0.902
C10158,R047,D0843,P006,2025-12-21,2,2,1,In-person,0.878
C10159,R020,D0607,P004,2025-12-10,2,2,2,In-person,1.026
C10160,R017,D0788,P008,2025-12-23,4,2,2,In-person,0.951
C10161,R018,D0618,P005,2025-12-16,3,2,3,In-person,1.089
C10162,R027,D0192,P008,2025-12-31,2,1,3,In-person,0.789
C10163,R014,D0014,P003,2025-12-06,4,2,0,Clinic Camp,1.0
C10164,R039,D0844,P008,2025-12-30,2,1,0,In-person,0.814
C10165,R018,D0369,P006,2025-12-05,1,1,5,In-person,0.877
C10166,R051,D0716,P007,2025-12-18,3,2,4,Virtual,1.092
C10167,R029,D0236,P001,2025-12-12,2,2,0,In-person,0.948
C10168,R014,D0325,P007,2025-12-24,3,1,5,In-person,0.918
C10169,R010,D0641,P002,2025-12-05,3,2,2,Clinic Camp,1.116
C10170,R061,D0341,P008,2025-12-08,3,2,4,In-person,1.056
C10171,R053,D0647,P002,2025-12-08,2,2,3,In-person,0.683
C10172,R019,D0220,P007,2025-12-29,2,1,1,In-person,0.797
C10173,R027,D0594,P006,2025-12-17,2,2,4,In-person,0.908
C10174,R032,D0442,P004,2025-12-06,4,2,2,In-person,1.018
C10175,R019,D0779,P008,2025-12-25,3,1,1,In-person,0.916
C10176,R031,D0461,P004,2025-12-09,2,1,1,In-person,0.819
C10177,R036,D0118,P001,2025-12-07,4,2,5,Clinic Camp,1.043
C10178,R015,D0576,P001,2025-12-16,4,2,3,In-person,1.181
C10179,R037,D0827,P007,2025-12-25,3,2,2,In-person,0.87
C10180,R002,D0790,P004,2025-12-27,4,1,5,In-person,0.899
C10181,R011,D0091,P007,2025-12-01,4,1,1,In-person,0.848
C10182,R060,D0815,P001,2025-12-28,3,2,1,Clinic Camp,0.99
C10183,R027,D0226,P001,2025-12-31,1,1,0,In-person,0.736
C10184,R056,D0657,P008,2025-12-10,2,1,0,Clinic Camp,0.712
C10185,R042,D0437,P002,2025-12-17,1,2,6,In-person,0.857
C10186,R007,D0780,P006,2025-12-12,3,2,6,In-person,1.044
C10187,R057,D0287,P003,2025-12-15,1,2,2,In-person,0.747
C10188,R049,D0573,P005,2025-12-21,2,1,3,In-person,0.895
C10189,R023,D0519,P001,2025-12-21,2,2,2,In-person,1.028
C10190,R007,D0202,P003,2025-12-15,2,2,3,In-person,0.907
C10191,R010,D0575,P007,2025-12-15,3,2,1,In-person,0.983
C10192,R047,D0101,P005,2025-12-16,3,1,4,Virtual,0.927
C10193,R014,D0693,P005,2025-12-13,1,2,3,In-person,0.96
C10194,R050,D0151,P008,2025-12-04,4,2,6,In-person,1.27
C10195,R039,D0141,P004,2025-12-12,2,2,2,In-person,0.874
C10196,R062,D0468,P007,2025-12-23,1,2,5,In-person,0.889
C10197,R046,D0142,P006,2025-12-31,3,1,1,Virtual,0.933
C10198,R061,D0030,P004,2025-12-26,2,2,0,In-person,0.894
C10199,R068,D0086,P003,2025-12-27,3,1,5,Clinic Camp,0.864
C10200,R053,D0236,P003,2025-12-25,4,1,6,In-person,0.88
C10201,R005,D0453,P007,2025-12-16,3,1,6,In-person,0.907
C10202,R029,D0013,P003,2025-12-22,4,2,0,In-person,1.033
C10203,R012,D0145,P006,2025-12-26,3,2,2,In-person,0.941
C10204,R063,D0494,P001,2025-12-07,2,1,3,Clinic Camp,0.746
C10205,R003,D0217,P003,2025-12-05,4,2,2,Clinic Camp,0.996
C10206,R010,D0566,P008,2025-12-09,3,2,2,In-person,1.119
C10207,R052,D0658,P005,2025-12-17,3,2,2,In-person,0.883
C10208,R044,D0034,P007,2025-12-25,2,1,0,In-person,0.752
C10209,R050,D0829,P003,2025-12-14,4,2,6,Clinic Camp,1.074
C10210,R026,D0664,P007,2025-12-31,4,2,2,In-person,1.199
C10211,R008,D0657,P008,2025-12-11,4,2,4,In-person,0.961
C10212,R036,D0376,P008,2025-12-15,2,1,5,Clinic Camp,0.804
C10213,R013,D0015,P004,2025-12-29,4,2,1,Clinic Camp,1.03
C10214,R045,D0789,P006,2025-12-06,3,1,1,In-person,0.878
C10215,R072,D0482,P008,2025-12-26,1,1,4,In-person,0.869
C10216,R060,D0062,P007,2025-12-05,4,1,6,In-person,1.106
C10217,R064,D0162,P008,2025-12-29,3,2,2,In-person,0.917
C10218,R016,D0237,P001,2025-12-11,3,1,6,In-person,0.98
C10219,R047,D0298,P005,2025-12-20,2,2,0,In-person,0.853
C10220,R023,D0340,P007,2025-12-23,4,2,5,In-person,1.06
C10221,R045,D0293,P006,2025-12-12,1,1,6,Virtual,0.896
C10222,R049,D0760,P002,2025-12-18,2,2,5,In-person,0.977
C10223,R065,D0788,P005,2025-12-24,3,1,0,In-person,0.975
C10224,R016,D0545,P002,2025-12-28,1,2,0,In-person,0.835
C10225,R064,D0534,P001,2025-12-04,1,1,2,In-person,0.817
C10226,R037,D0701,P001,2025-12-16,3,2,3,Clinic Camp,0.774
C10227,R024,D0180,P008,2025-12-27,3,2,4,In-person,1.016
C10228,R029,D0497,P003,2025-12-18,4,2,6,In-person,1.15
C10229,R040,D0534,P004,2025-12-01,4,2,4,In-person,1.121
C10230,R041,D0384,P003,2025-12-04,1,2,1,In-person,0.939
C10231,R030,D0820,P008,2025-12-26,2,1,0,In-person,0.827
C10232,R036,D0158,P008,2025-12-14,4,1,6,In-person,0.928
C10233,R009,D0061,P006,2025-12-22,4,2,4,Clinic Camp,1.122
C10234,R016,D0344,P007,2025-12-28,1,1,4,In-person,0.846
C10235,R015,D0743,P001,2025-12-03,4,1,5,Clinic Camp,0.959
C10236,R023,D0298,P008,2025-12-15,1,1,5,In-person,0.764
C10237,R052,D0200,P004,2025-12-05,4,1,5,In-person,1.07
C10238,R034,D0707,P004,2025-12-27,2,1,6,In-person,0.886
C10239,R065,D0083,P002,2025-12-15,1,2,1,Virtual,0.903
C10240,R056,D0188,P008,2025-12-28,1,2,2,In-person,0.849
C10241,R020,D0756,P002,2025-12-10,4,1,0,In-person,0.743
C10242,R004,D0278,P007,2025-12-05,4,2,0,In-person,1.012
C10243,R016,D0043,P006,2025-12-27,1,1,6,In-person,0.784
C10244,R038,D0381,P007,2025-12-20,4,1,2,In-person,1.003
C10245,R063,D0576,P001,2025-12-06,4,2,4,In-person,1.114
C10246,R066,D0595,P006,2025-12-22,3,1,3,In-person,0.827
C10247,R049,D0033,P008,2025-12-13,1,1,3,Virtual,0.778
C10248,R047,D0224,P004,2025-12-02,2,2,1,In-person,0.929
C10249,R019,D0526,P004,2025-12-09,1,1,5,In-person,0.833
C10250,R038,D0549,P001,2025-12-24,2,1,5,In-person,0.946
C10251,R065,D0505,P004,2025-12-04,2,1,1,Clinic Camp,0.714
C10252,R020,D0337,P006,2025-12-11,3,2,2,In-person,0.961
C10253,R055,D0749,P003,2025-12-09,3,2,6,In-person,0.868
C10254,R028,D0048,P006,2025-12-23,1,2,5,In-person,0.982
C10255,R032,D0657,P001,2025-12-27,4,2,4,In-person,1.09
C10256,R071,D0808,P006,2025-12-25,3,2,6,In-person,1.039
C10257,R048,D0523,P005,2025-12-23,3,2,6,In-person,1.038
C10258,R006,D0450,P002,2025-12-03,4,1,4,Clinic Camp,1.03
C10259,R022,D0301,P003,2025-12-29,3,2,3,In-person,1.077
C10260,R005,D0401,P002,2025-12-06,4,2,4,In-person,1.059
C10261,R019,D0081,P005,2025-12-13,2,1,5,In-person,0.903
C10262,R002,D0201,P006,2025-12-26,3,2,6,Virtual,1.08
C10263,R036,D0589,P005,2025-12-08,4,1,2,In-person,0.78
C10264,R063,D0415,P002,2025-12-07,4,1,2,In-person,0.899
C10265,R055,D0461,P002,2025-12-01,2,1,0,In-person,0.815
C10266,R042,D0393,P007,2025-12-12,3,2,0,In-person,1.039
C10267,R056,D0129,P004,2025-12-16,4,2,2,In-person,1.155
C10268,R031,D0749,P004,2025-12-15,3,1,1,Clinic Camp,0.77
C10269,R038,D0776,P003,2025-12-02,4,2,6,In-person,1.198
C10270,R059,D0269,P008,2025-12-07,4,2,3,In-person,1.147
C10271,R031,D0350,P002,2025-12-01,2,2,4,Clinic Camp,0.975
C10272,R061,D0483,P007,2025-12-07,2,2,1,In-person,0.726
C10273,R068,D0034,P007,2025-12-19,2,2,3,Clinic Camp,0.881
C10274,R046,D0066,P002,2025-12-01,2,1,5,In-person,0.879
C10275,R030,D0794,P001,2025-12-06,3,1,1,In-person,0.849
C10276,R042,D0100,P002,2025-12-17,2,2,2,In-person,0.733
C10277,R048,D0482,P003,2025-12-18,4,2,4,Virtual,1.061
C10278,R043,D0715,P006,2025-12-28,3,1,1,In-person,0.794
C10279,R050,D0681,P005,2025-12-18,3,1,4,Clinic Camp,0.969
C10280,R026,D0239,P004,2025-12-29,4,2,4,In-person,1.12
C10281,R051,D0159,P004,2025-12-23,4,2,3,Virtual,1.106
C10282,R004,D0560,P008,2025-12-18,1,2,1,In-person,0.788
C10283,R017,D0452,P008,2025-12-12,4,1,5,In-person,1.012
C10284,R064,D0798,P001,2025-12-04,4,2,5,In-person,1.093
C10285,R063,D0533,P007,2025-12-22,2,1,1,In-person,0.871
C10286,R016,D0043,P003,2025-12-30,1,1,0,In-person,0.667
C10287,R013,D0199,P007,2025-12-12,3,2,3,In-person,0.933
C10288,R053,D0718,P008,2025-12-12,4,2,1,In-person,1.105
C10289,R058,D0513,P005,2025-12-04,3,1,2,In-person,0.952
C10290,R022,D0590,P005,2025-12-19,3,1,4,Virtual,0.959
C10291,R067,D0172,P004,2025-12-10,1,2,1,Virtual,0.944
C10292,R010,D0124,P001,2025-12-01,4,1,2,In-person,1.123
C10293,R008,D0212,P001,2025-12-01,4,2,2,Virtual,1.144
C10294,R035,D0593,P003,2025-12-11,1,1,5,In-person,0.74
C10295,R045,D0007,P007,2025-12-15,2,2,5,Clinic Camp,1.026
C10296,R044,D0688,P003,2025-12-15,4,1,6,In-person,1.037
C10297,R059,D0274,P004,2025-12-23,3,1,0,In-person,0.805
C10298,R008,D0442,P005,2025-12-17,2,1,5,Clinic Camp,0.811
C10299,R041,D0323,P003,2025-12-25,3,2,1,In-person,0.98
C10300,R036,D0361,P004,2025-12-10,1,2,6,In-person,0.973
C10301,R069,D0558,P005,2025-12-08,4,2,3,In-person,1.174
C10302,R021,D0194,P007,2025-12-17,3,2,6,In-person,1.102
C10303,R024,D0482,P007,2025-12-04,3,1,2,In-person,0.932
C10304,R049,D0032,P007,2025-12-24,3,1,2,In-person,0.87
C10305,R015,D0141,P005,2025-12-06,3,2,5,In-person,1.047
C10306,R048,D0523,P006,2025-12-29,2,2,2,In-person,0.786
C10307,R022,D0451,P002,2025-12-31,1,2,5,In-person,0.935
C10308,R070,D0464,P002,2025-12-17,2,2,0,Clinic Camp,0.905
C10309,R042,D0210,P008,2025-12-10,4,1,4,In-person,1.145
C10310,R026,D0201,P005,2025-12-11,1,2,6,Clinic Camp,0.905
C10311,R070,D0351,P001,2025-12-14,2,1,1,In-person,0.893
C10312,R062,D0109,P004,2025-12-15,4,2,6,In-person,1.08
C10313,R057,D0811,P008,2025-12-03,3,2,0,Virtual,1.076
C10314,R007,D0343,P001,2025-12-07,1,2,0,In-person,0.916
C10315,R037,D0604,P004,2025-12-25,4,1,2,In-person,1.047
C10316,R025,D0113,P007,2025-12-02,1,1,2,Virtual,0.751
C10317,R062,D0504,P008,2025-12-14,2,2,4,In-person,0.924
C10318,R057,D0181,P003,2025-12-28,1,2,6,In-person,0.878
C10319,R024,D0180,P008,2025-12-03,2,1,0,In-person,0.702
C10320,R051,D0296,P006,2025-12-29,2,1,5,Clinic Camp,0.907
C10321,R034,D0098,P004,2025-12-15,2,2,5,In-person,0.94
C10322,R071,D0077,P007,2025-12-14,4,2,4,In-person,1.113
C10323,R048,D0580,P007,2025-12-23,3,1,6,In-person,0.972
C10324,R070,D0262,P003,2025-12-25,2,1,0,In-person,0.694
C10325,R052,D0413,P001,2025-12-15,2,1,5,In-person,0.955
C10326,R033,D0629,P007,2025-12-03,2,2,2,In-person,0.914
C10327,R045,D0500,P001,2025-12-31,2,2,2,In-person,0.975
C10328,R068,D0607,P007,2025-12-01,4,2,4,Virtual,0.989
C10329,R002,D0838,P003,2025-12-28,1,2,5,Clinic Camp,0.829
C10330,R054,D0591,P006,2025-12-14,3,1,3,In-person,0.873
C10331,R055,D0391,P005,2025-12-16,2,2,1,In-person,0.907
C10332,R054,D0242,P001,2025-12-24,2,1,1,In-person,0.79
C10333,R041,D0630,P001,2025-12-30,2,1,6,In-person,0.997
C10334,R017,D0452,P006,2025-12-05,1,2,2,Clinic Camp,0.919
C10335,R064,D0478,P005,2025-12-26,3,2,2,Clinic Camp,0.918
C10336,R013,D0686,P001,2025-12-21,3,2,3,Clinic Camp,1.23
C10337,R044,D0321,P008,2025-12-12,3,2,4,In-person,1.005
C10338,R031,D0267,P002,2025-12-14,1,2,0,In-person,0.903
C10339,R027,D0071,P007,2025-12-24,3,1,0,Clinic Camp,0.827
C10340,R035,D0079,P001,2025-12-05,1,2,4,In-person,0.922
C10341,R006,D0587,P002,2025-12-16,2,1,4,Clinic Camp,0.928
C10342,R051,D0527,P005,2025-12-23,3,2,3,In-person,0.874
C10343,R003,D0217,P005,2025-12-17,4,1,2,In-person,1.096
C10344,R069,D0206,P005,2025-12-14,4,1,5,In-person,0.947
C10345,R060,D0648,P002,2025-12-17,3,1,0,Clinic Camp,0.822
C10346,R009,D0107,P003,2025-12-16,1,2,4,In-person,0.824
C10347,R037,D0604,P003,2025-12-25,4,2,3,In-person,1.019
C10348,R017,D0725,P004,2025-12-26,2,1,2,In-person,0.774
C10349,R068,D0509,P008,2025-12-29,3,2,0,In-person,0.844
C10350,R031,D0461,P004,2025-12-03,1,2,4,In-person,0.933
C10351,R018,D0407,P008,2025-12-10,2,1,1,Virtual,0.807
C10352,R070,D0066,P003,2025-12-28,2,2,3,Clinic Camp,0.913
C10353,R053,D0598,P002,2025-12-20,3,1,6,In-person,1.039
C10354,R062,D0325,P001,2025-12-12,4,2,5,Clinic Camp,1.241
C10355,R028,D0320,P002,2025-12-20,1,1,0,Virtual,0.585
C10356,R012,D0047,P003,2025-12-15,3,1,6,In-person,1.088
C10357,R038,D0752,P004,2025-12-28,4,2,4,Clinic Camp,1.08
C10358,R029,D0279,P006,2025-12-18,1,2,5,In-person,0.782
C10359,R072,D0057,P004,2025-12-14,3,2,0,Clinic Camp,0.973
C10360,R001,D0672,P006,2025-12-20,4,2,6,In-person,1.109
C10361,R035,D0845,P001,2025-12-06,1,2,5,In-person,0.959
C10362,R034,D0362,P008,2025-12-24,3,2,6,In-person,1.06
C10363,R027,D0071,P002,2025-12-07,2,2,6,In-person,1.007
C10364,R070,D0848,P001,2025-12-01,3,1,5,Clinic Camp,0.905
C10365,R060,D0152,P004,2025-12-02,3,2,3,Clinic Camp,0.912
C10366,R063,D0183,P006,2025-12-03,1,2,5,In-person,0.949
C10367,R025,D0613,P002,2025-12-04,1,1,6,In-person,0.776
C10368,R008,D0366,P002,2025-12-02,2,2,6,In-person,1.01
