incentive_id,rep_id,month,target_revenue,actual_revenue,achievement_pct,bonus,performance_band
I00001,R001,2024-01-01,135109.78,53794.45,39.82,0.0,Below Target
I00002,R001,2024-02-01,134325.62,59179.850000000006,44.06,0.0,Below Target
I00003,R001,2024-03-01,157088.64,60943.5,38.8,0.0,Below Target
I00004,R001,2024-04-01,158976.64,52066.67,32.75,0.0,Below Target
I00005,R001,2024-05-01,157200.32,65597.24,41.73,0.0,Below Target
I00006,R001,2024-06-01,165100.2,85458.5,51.76,0.0,Below Target
I00007,R001,2024-07-01,159917.44,55734.61,34.85,0.0,Below Target
I00008,R001,2024-08-01,151053.26,46734.53,30.94,0.0,Below Target
I00009,R001,2024-09-01,158424.42,63553.82,40.12,0.0,Below Target
I00010,R001,2024-10-01,154910.28,62134.649999999994,40.11,0.0,Below Target
I00011,R001,2024-11-01,184546.41,64062.74,34.71,0.0,Below Target
I00012,R001,2024-12-01,171148.39,67530.55,39.46,0.0,Below Target
I00013,R001,2025-01-01,141621.58,53313.979999999996,37.65,0.0,Below Target
I00014,R001,2025-02-01,148815.55,41146.26,27.65,0.0,Below Target
I00015,R001,2025-03-01,137885.02,71715.28,52.01,0.0,Below Target
I00016,R001,2025-04-01,141438.98,71403.8,50.48,0.0,Below Target
I00017,R001,2025-05-01,157666.74,76985.06,48.83,0.0,Below Target
I00018,R001,2025-06-01,167161.0,64363.71,38.5,0.0,Below Target
I00019,R001,2025-07-01,164918.2,78900.91,47.84,0.0,Below Target
I00020,R001,2025-08-01,153704.52,68365.36,44.48,0.0,Below Target
I00021,R001,2025-09-01,162593.16,47177.799999999996,29.02,0.0,Below Target
I00022,R001,2025-10-01,177970.52,64045.42,35.99,0.0,Below Target
I00023,R001,2025-11-01,164200.67,59174.05,36.04,0.0,Below Target
I00024,R001,2025-12-01,182169.47,64852.61,35.6,0.0,Below Target
I00025,R002,2024-01-01,140424.17,35448.26,25.24,0.0,Below Target
I00026,R002,2024-02-01,139879.73,47752.18,34.14,0.0,Below Target
I00027,R002,2024-03-01,143576.58,63975.83,44.56,0.0,Below Target
I00028,R002,2024-04-01,146863.97,63880.59,43.5,0.0,Below Target
I00029,R002,2024-05-01,146652.85,40587.25,27.68,0.0,Below Target
I00030,R002,2024-06-01,166355.03,45365.69,27.27,0.0,Below Target
I00031,R002,2024-07-01,160438.17,96690.11,60.27,0.0,Below Target
I00032,R002,2024-08-01,173052.01,77319.04,44.68,0.0,Below Target
I00033,R002,2024-09-01,159733.95,46525.57,29.13,0.0,Below Target
I00034,R002,2024-10-01,166199.09,73717.21,44.35,0.0,Below Target
I00035,R002,2024-11-01,184285.63,56359.25,30.58,0.0,Below Target
I00036,R002,2024-12-01,182569.76,72259.67,39.58,0.0,Below Target
I00037,R002,2025-01-01,133882.89,57065.54,42.62,0.0,Below Target
I00038,R002,2025-02-01,145560.65,52803.770000000004,36.28,0.0,Below Target
I00039,R002,2025-03-01,145553.55,45535.65,31.28,0.0,Below Target
I00040,R002,2025-04-01,154298.75,62871.01,40.75,0.0,Below Target
I00041,R002,2025-05-01,159960.34,65587.79000000001,41.0,0.0,Below Target
I00042,R002,2025-06-01,161027.56,83728.42,52.0,0.0,Below Target
I00043,R002,2025-07-01,166094.07,70548.97,42.48,0.0,Below Target
I00044,R002,2025-08-01,164592.95,61805.630000000005,37.55,0.0,Below Target
I00045,R002,2025-09-01,157278.7,73355.81,46.64,0.0,Below Target
I00046,R002,2025-10-01,163016.69,52466.68,32.18,0.0,Below Target
I00047,R002,2025-11-01,166752.32,66737.77,40.02,0.0,Below Target
I00048,R002,2025-12-01,177446.48,81462.84,45.91,0.0,Below Target
I00049,R003,2024-01-01,184226.45,63662.56,34.56,0.0,Below Target
I00050,R003,2024-02-01,200641.76,74184.34,36.97,0.0,Below Target
I00051,R003,2024-03-01,219963.69,86441.49,39.3,0.0,Below Target
I00052,R003,2024-04-01,211896.13,78505.1,37.05,0.0,Below Target
I00053,R003,2024-05-01,228841.09,85775.18,37.48,0.0,Below Target
I00054,R003,2024-06-01,215991.03,110512.73,51.17,0.0,Below Target
I00055,R003,2024-07-01,225026.71,90923.67,40.41,0.0,Below Target
I00056,R003,2024-08-01,222751.46,97068.92,43.58,0.0,Below Target
I00057,R003,2024-09-01,221159.44,96407.19,43.59,0.0,Below Target
I00058,R003,2024-10-01,224766.1,85156.43,37.89,0.0,Below Target
I00059,R003,2024-11-01,247866.6,108972.68,43.96,0.0,Below Target
I00060,R003,2024-12-01,256610.68,131730.6,51.33,0.0,Below Target
I00061,R003,2025-01-01,190526.76,79746.77,41.86,0.0,Below Target
I00062,R003,2025-02-01,191001.58,93708.44,49.06,0.0,Below Target
I00063,R003,2025-03-01,192083.7,92194.9,48.0,0.0,Below Target
I00064,R003,2025-04-01,208091.98,85966.9,41.31,0.0,Below Target
I00065,R003,2025-05-01,224591.97,82241.09,36.62,0.0,Below Target
I00066,R003,2025-06-01,206478.62,85459.62,41.39,0.0,Below Target
I00067,R003,2025-07-01,212014.76,127274.17,60.03,0.0,Below Target
I00068,R003,2025-08-01,221597.45,87123.54,39.32,0.0,Below Target
I00069,R003,2025-09-01,208661.19,99434.64,47.65,0.0,Below Target
I00070,R003,2025-10-01,259894.53,115436.37,44.42,0.0,Below Target
I00071,R003,2025-11-01,242894.74,68782.16,28.32,0.0,Below Target
I00072,R003,2025-12-01,248830.92,112428.06,45.18,0.0,Below Target
I00073,R004,2024-01-01,183916.49,61123.51,33.23,0.0,Below Target
I00074,R004,2024-02-01,181175.76,71276.97,39.34,0.0,Below Target
I00075,R004,2024-03-01,190549.29,102388.5,53.73,0.0,Below Target
I00076,R004,2024-04-01,211311.31,99518.8,47.1,0.0,Below Target
I00077,R004,2024-05-01,185795.58,91124.34,49.05,0.0,Below Target
I00078,R004,2024-06-01,198524.83,93511.48,47.1,0.0,Below Target
I00079,R004,2024-07-01,214783.53,83690.73,38.97,0.0,Below Target
I00080,R004,2024-08-01,200442.18,85433.87,42.62,0.0,Below Target
I00081,R004,2024-09-01,192987.13,88103.07,45.65,0.0,Below Target
I00082,R004,2024-10-01,221212.47,92200.21,41.68,0.0,Below Target
I00083,R004,2024-11-01,217647.07,100344.28,46.1,0.0,Below Target
I00084,R004,2024-12-01,238635.44,75753.91,31.74,0.0,Below Target
I00085,R004,2025-01-01,174115.53,86246.63,49.53,0.0,Below Target
I00086,R004,2025-02-01,184175.86,80141.66,43.51,0.0,Below Target
I00087,R004,2025-03-01,190444.82,89589.16,47.04,0.0,Below Target
I00088,R004,2025-04-01,203518.23,94804.84,46.58,0.0,Below Target
I00089,R004,2025-05-01,210372.28,86552.53,41.14,0.0,Below Target
I00090,R004,2025-06-01,200714.8,94340.77,47.0,0.0,Below Target
I00091,R004,2025-07-01,196724.69,78372.22,39.84,0.0,Below Target
I00092,R004,2025-08-01,207234.59,92089.64,44.44,0.0,Below Target
I00093,R004,2025-09-01,196049.95,114261.29,58.28,0.0,Below Target
I00094,R004,2025-10-01,207990.36,102716.95999999999,49.39,0.0,Below Target
I00095,R004,2025-11-01,208148.81,100834.58,48.44,0.0,Below Target
I00096,R004,2025-12-01,231282.21,89169.76,38.55,0.0,Below Target
I00097,R005,2024-01-01,173673.13,62552.93,36.02,0.0,Below Target
I00098,R005,2024-02-01,174801.96,61126.32,34.97,0.0,Below Target
I00099,R005,2024-03-01,188084.05,94561.01999999999,50.28,0.0,Below Target
I00100,R005,2024-04-01,199163.35,84056.7,42.2,0.0,Below Target
I00101,R005,2024-05-01,211096.25,61422.78,29.1,0.0,Below Target
I00102,R005,2024-06-01,216034.81,102534.12,47.46,0.0,Below Target
I00103,R005,2024-07-01,201918.87,83516.34,41.36,0.0,Below Target
I00104,R005,2024-08-01,199259.73,97496.3,48.93,0.0,Below Target
I00105,R005,2024-09-01,186937.57,85310.08,45.64,0.0,Below Target
I00106,R005,2024-10-01,217958.9,79408.85,36.43,0.0,Below Target
I00107,R005,2024-11-01,222113.16,84410.72,38.0,0.0,Below Target
I00108,R005,2024-12-01,244962.1,77649.55,31.7,0.0,Below Target
I00109,R005,2025-01-01,174634.59,72151.9,41.32,0.0,Below Target
I00110,R005,2025-02-01,175042.77,113341.77,64.75,0.0,Below Target
I00111,R005,2025-03-01,188088.43,131263.72999999998,69.79,0.0,Below Target
I00112,R005,2025-04-01,192424.67,64603.630000000005,33.57,0.0,Below Target
I00113,R005,2025-05-01,194015.09,91741.52,47.29,0.0,Below Target
I00114,R005,2025-06-01,204226.55,91735.11,44.92,0.0,Below Target
I00115,R005,2025-07-01,200048.5,79984.73,39.98,0.0,Below Target
I00116,R005,2025-08-01,216836.62,81597.75,37.63,0.0,Below Target
I00117,R005,2025-09-01,184252.37,88925.91,48.26,0.0,Below Target
I00118,R005,2025-10-01,221225.38,93822.98,42.41,0.0,Below Target
I00119,R005,2025-11-01,216060.11,114007.99,52.77,0.0,Below Target
I00120,R005,2025-12-01,204866.76,127961.88,62.46,0.0,Below Target
I00121,R006,2024-01-01,150237.1,59231.25,39.43,0.0,Below Target
I00122,R006,2024-02-01,166726.68,88251.78,52.93,0.0,Below Target
I00123,R006,2024-03-01,172995.37,69192.54,40.0,0.0,Below Target
I00124,R006,2024-04-01,184201.57,66207.4,35.94,0.0,Below Target
I00125,R006,2024-05-01,183351.13,72064.93,39.3,0.0,Below Target
I00126,R006,2024-06-01,194434.44,67340.8,34.63,0.0,Below Target
I00127,R006,2024-07-01,193643.47,67759.06,34.99,0.0,Below Target
I00128,R006,2024-08-01,196797.45,84508.52,42.94,0.0,Below Target
I00129,R006,2024-09-01,191168.82,63653.950000000004,33.3,0.0,Below Target
I00130,R006,2024-10-01,201079.41,67807.18000000001,33.72,0.0,Below Target
I00131,R006,2024-11-01,203427.66,122396.36,60.17,0.0,Below Target
I00132,R006,2024-12-01,228749.81,79868.97,34.92,0.0,Below Target
I00133,R006,2025-01-01,161451.4,65493.770000000004,40.57,0.0,Below Target
I00134,R006,2025-02-01,162306.45,47465.03,29.24,0.0,Below Target
I00135,R006,2025-03-01,172969.62,93090.70999999999,53.82,0.0,Below Target
I00136,R006,2025-04-01,184041.62,50455.060000000005,27.42,0.0,Below Target
I00137,R006,2025-05-01,193962.26,91972.73999999999,47.42,0.0,Below Target
I00138,R006,2025-06-01,195108.33,80853.55,41.44,0.0,Below Target
I00139,R006,2025-07-01,198744.75,125452.51999999999,63.12,0.0,Below Target
I00140,R006,2025-08-01,188968.99,98487.03,52.12,0.0,Below Target
I00141,R006,2025-09-01,192792.41,85865.03,44.54,0.0,Below Target
I00142,R006,2025-10-01,197133.71,60962.83,30.92,0.0,Below Target
I00143,R006,2025-11-01,201399.16,90756.98000000001,45.06,0.0,Below Target
I00144,R006,2025-12-01,199898.59,68721.26000000001,34.38,0.0,Below Target
I00145,R007,2024-01-01,171261.53,76077.77,44.42,0.0,Below Target
I00146,R007,2024-02-01,168619.71,69245.47,41.07,0.0,Below Target
I00147,R007,2024-03-01,173850.87,100687.06,57.92,0.0,Below Target
I00148,R007,2024-04-01,177620.77,78147.74,44.0,0.0,Below Target
I00149,R007,2024-05-01,199555.1,100935.72,50.58,0.0,Below Target
I00150,R007,2024-06-01,197634.83,78943.51,39.94,0.0,Below Target
I00151,R007,2024-07-01,204029.38,81333.44,39.86,0.0,Below Target
I00152,R007,2024-08-01,196383.62,122372.13,62.31,0.0,Below Target
I00153,R007,2024-09-01,191142.19,77107.08,40.34,0.0,Below Target
I00154,R007,2024-10-01,203212.03,86630.45999999999,42.63,0.0,Below Target
I00155,R007,2024-11-01,202764.05,104580.19,51.58,0.0,Below Target
I00156,R007,2024-12-01,230844.76,106965.86,46.34,0.0,Below Target
I00157,R007,2025-01-01,161469.69,89119.5,55.19,0.0,Below Target
I00158,R007,2025-02-01,168923.1,73833.55,43.71,0.0,Below Target
I00159,R007,2025-03-01,184438.31,88711.03,48.1,0.0,Below Target
I00160,R007,2025-04-01,194957.82,72300.58,37.09,0.0,Below Target
I00161,R007,2025-05-01,187884.9,75696.4,40.29,0.0,Below Target
I00162,R007,2025-06-01,202272.09,79936.64,39.52,0.0,Below Target
I00163,R007,2025-07-01,202555.53,101229.57,49.98,0.0,Below Target
I00164,R007,2025-08-01,196358.16,81885.86,41.7,0.0,Below Target
I00165,R007,2025-09-01,190193.32,94963.42,49.93,0.0,Below Target
I00166,R007,2025-10-01,202785.87,75581.87,37.27,0.0,Below Target
I00167,R007,2025-11-01,214593.44,68366.49,31.86,0.0,Below Target
I00168,R007,2025-12-01,233853.3,94890.97,40.58,0.0,Below Target
I00169,R008,2024-01-01,191064.5,74228.64,38.85,0.0,Below Target
I00170,R008,2024-02-01,192892.05,66202.27,34.32,0.0,Below Target
I00171,R008,2024-03-01,201577.76,105193.70999999999,52.19,0.0,Below Target
I00172,R008,2024-04-01,212636.0,91470.11,43.02,0.0,Below Target
I00173,R008,2024-05-01,213466.78,60022.770000000004,28.12,0.0,Below Target
I00174,R008,2024-06-01,205935.65,90362.87,43.88,0.0,Below Target
I00175,R008,2024-07-01,236162.06,84789.75,35.9,0.0,Below Target
I00176,R008,2024-08-01,222619.25,88514.08,39.76,0.0,Below Target
I00177,R008,2024-09-01,213996.91,90284.82,42.19,0.0,Below Target
I00178,R008,2024-10-01,242327.44,75952.58,31.34,0.0,Below Target
I00179,R008,2024-11-01,235252.65,103929.69,44.18,0.0,Below Target
I00180,R008,2024-12-01,256799.88,86790.03,33.8,0.0,Below Target
I00181,R008,2025-01-01,188825.92,74213.47,39.3,0.0,Below Target
I00182,R008,2025-02-01,197706.05,88769.88,44.9,0.0,Below Target
I00183,R008,2025-03-01,200378.33,87699.78,43.77,0.0,Below Target
I00184,R008,2025-04-01,219083.78,82429.09,37.62,0.0,Below Target
I00185,R008,2025-05-01,233057.27,97641.94,41.9,0.0,Below Target
I00186,R008,2025-06-01,213394.26,113999.68,53.42,0.0,Below Target
I00187,R008,2025-07-01,232669.05,103759.92,44.6,0.0,Below Target
I00188,R008,2025-08-01,224836.62,58651.549999999996,26.09,0.0,Below Target
I00189,R008,2025-09-01,218718.7,86337.48999999999,39.47,0.0,Below Target
I00190,R008,2025-10-01,234182.22,130638.17,55.78,0.0,Below Target
I00191,R008,2025-11-01,228141.61,101009.25,44.27,0.0,Below Target
I00192,R008,2025-12-01,244507.64,124168.39,50.78,0.0,Below Target
I00193,R009,2024-01-01,195251.45,83697.22,42.87,0.0,Below Target
I00194,R009,2024-02-01,213564.63,62521.47,29.28,0.0,Below Target
I00195,R009,2024-03-01,211714.77,94659.96,44.71,0.0,Below Target
I00196,R009,2024-04-01,224881.87,80397.95,35.75,0.0,Below Target
I00197,R009,2024-05-01,227686.0,71571.27,31.43,0.0,Below Target
I00198,R009,2024-06-01,232092.61,77236.75,33.28,0.0,Below Target
I00199,R009,2024-07-01,237184.17,72608.15,30.61,0.0,Below Target
I00200,R009,2024-08-01,225996.74,114127.32,50.5,0.0,Below Target
I00201,R009,2024-09-01,223647.49,93256.14,41.7,0.0,Below Target
I00202,R009,2024-10-01,236106.82,96087.28,40.7,0.0,Below Target
I00203,R009,2024-11-01,250179.67,111468.53,44.56,0.0,Below Target
I00204,R009,2024-12-01,256457.12,113380.54,44.21,0.0,Below Target
I00205,R009,2025-01-01,211497.78,59639.18,28.2,0.0,Below Target
I00206,R009,2025-02-01,189703.85,102951.72,54.27,0.0,Below Target
I00207,R009,2025-03-01,199963.48,67760.8,33.89,0.0,Below Target
I00208,R009,2025-04-01,224518.22,113391.23000000001,50.5,0.0,Below Target
I00209,R009,2025-05-01,234664.26,66173.26,28.2,0.0,Below Target
I00210,R009,2025-06-01,246339.39,89162.84,36.2,0.0,Below Target
I00211,R009,2025-07-01,233283.11,130693.76,56.02,0.0,Below Target
I00212,R009,2025-08-01,233646.2,109933.2,47.05,0.0,Below Target
I00213,R009,2025-09-01,229546.06,99583.02,43.38,0.0,Below Target
I00214,R009,2025-10-01,253487.13,116253.11,45.86,0.0,Below Target
I00215,R009,2025-11-01,237608.71,137155.37,57.72,0.0,Below Target
I00216,R009,2025-12-01,265651.2,74583.87,28.08,0.0,Below Target
I00217,R010,2024-01-01,191604.7,79737.57,41.62,0.0,Below Target
I00218,R010,2024-02-01,190335.9,97063.04000000001,51.0,0.0,Below Target
I00219,R010,2024-03-01,206586.86,102931.43,49.82,0.0,Below Target
I00220,R010,2024-04-01,204034.4,94014.45999999999,46.08,0.0,Below Target
I00221,R010,2024-05-01,225762.39,86387.55,38.26,0.0,Below Target
I00222,R010,2024-06-01,203839.6,54697.380000000005,26.83,0.0,Below Target
I00223,R010,2024-07-01,221048.15,80006.5,36.19,0.0,Below Target
I00224,R010,2024-08-01,226375.73,98019.62,43.3,0.0,Below Target
I00225,R010,2024-09-01,210760.38,89165.31999999999,42.31,0.0,Below Target
I00226,R010,2024-10-01,235205.38,111369.89,47.35,0.0,Below Target
I00227,R010,2024-11-01,238251.3,116936.5,49.08,0.0,Below Target
I00228,R010,2024-12-01,252780.2,105318.24,41.66,0.0,Below Target
I00229,R010,2025-01-01,191042.3,90849.33,47.55,0.0,Below Target
I00230,R010,2025-02-01,192507.69,71556.01000000001,37.17,0.0,Below Target
I00231,R010,2025-03-01,189620.4,80789.51,42.61,0.0,Below Target
I00232,R010,2025-04-01,223818.51,106945.4,47.78,0.0,Below Target
I00233,R010,2025-05-01,227021.45,89572.09999999999,39.46,0.0,Below Target
I00234,R010,2025-06-01,225659.7,112871.75,50.02,0.0,Below Target
I00235,R010,2025-07-01,220132.31,95719.52,43.48,0.0,Below Target
I00236,R010,2025-08-01,225299.47,106948.57,47.47,0.0,Below Target
I00237,R010,2025-09-01,198493.63,99091.86,49.92,0.0,Below Target
I00238,R010,2025-10-01,213215.79,96187.93,45.11,0.0,Below Target
I00239,R010,2025-11-01,260489.56,79926.06,30.68,0.0,Below Target
I00240,R010,2025-12-01,237385.06,114218.55,48.12,0.0,Below Target
I00241,R011,2024-01-01,159140.35,55686.590000000004,34.99,0.0,Below Target
I00242,R011,2024-02-01,167308.58,61687.66,36.87,0.0,Below Target
I00243,R011,2024-03-01,177519.29,84280.62,47.48,0.0,Below Target
I00244,R011,2024-04-01,180350.96,43504.06,24.12,0.0,Below Target
I00245,R011,2024-05-01,182866.65,68130.93,37.26,0.0,Below Target
I00246,R011,2024-06-01,188343.09,109026.77,57.89,0.0,Below Target
I00247,R011,2024-07-01,201370.97,74294.41,36.89,0.0,Below Target
I00248,R011,2024-08-01,195736.85,60998.119999999995,31.16,0.0,Below Target
I00249,R011,2024-09-01,188874.54,70955.79000000001,37.57,0.0,Below Target
I00250,R011,2024-10-01,180907.42,63472.560000000005,35.09,0.0,Below Target
I00251,R011,2024-11-01,209181.81,96857.19,46.3,0.0,Below Target
I00252,R011,2024-12-01,216471.67,97830.98999999999,45.19,0.0,Below Target
I00253,R011,2025-01-01,157000.4,90517.38,57.65,0.0,Below Target
I00254,R011,2025-02-01,178601.35,56642.63,31.71,0.0,Below Target
I00255,R011,2025-03-01,164817.62,65439.759999999995,39.7,0.0,Below Target
I00256,R011,2025-04-01,180109.68,48901.8,27.15,0.0,Below Target
I00257,R011,2025-05-01,194385.6,71126.9,36.59,0.0,Below Target
I00258,R011,2025-06-01,190291.13,79553.21,41.81,0.0,Below Target
I00259,R011,2025-07-01,177498.59,87218.75,49.14,0.0,Below Target
I00260,R011,2025-08-01,201863.71,76847.63,38.07,0.0,Below Target
I00261,R011,2025-09-01,171340.31,79168.12,46.21,0.0,Below Target
I00262,R011,2025-10-01,186727.32,87052.1,46.62,0.0,Below Target
I00263,R011,2025-11-01,212793.43,106831.4,50.2,0.0,Below Target
I00264,R011,2025-12-01,207074.97,85528.86,41.3,0.0,Below Target
I00265,R012,2024-01-01,164258.58,82468.03,50.21,0.0,Below Target
I00266,R012,2024-02-01,164688.97,79163.13,48.07,0.0,Below Target
I00267,R012,2024-03-01,180907.92,95660.55,52.88,0.0,Below Target
I00268,R012,2024-04-01,194696.27,71179.94,36.56,0.0,Below Target
I00269,R012,2024-05-01,179139.92,106946.95,59.7,0.0,Below Target
I00270,R012,2024-06-01,196713.73,80539.34,40.94,0.0,Below Target
I00271,R012,2024-07-01,184763.9,87142.42,47.16,0.0,Below Target
I00272,R012,2024-08-01,213139.23,61429.130000000005,28.82,0.0,Below Target
I00273,R012,2024-09-01,182425.31,47225.96,25.89,0.0,Below Target
I00274,R012,2024-10-01,206579.11,65910.52,31.91,0.0,Below Target
I00275,R012,2024-11-01,213527.62,93536.75,43.81,0.0,Below Target
I00276,R012,2024-12-01,223078.63,100957.88,45.26,0.0,Below Target
I00277,R012,2025-01-01,163041.45,62234.759999999995,38.17,0.0,Below Target
I00278,R012,2025-02-01,161983.68,67028.67,41.38,0.0,Below Target
I00279,R012,2025-03-01,191022.05,59191.630000000005,30.99,0.0,Below Target
I00280,R012,2025-04-01,178789.13,72497.08,40.55,0.0,Below Target
I00281,R012,2025-05-01,190308.59,72199.26000000001,37.94,0.0,Below Target
I00282,R012,2025-06-01,192119.46,79056.54,41.15,0.0,Below Target
I00283,R012,2025-07-01,206230.37,85112.06,41.27,0.0,Below Target
I00284,R012,2025-08-01,214511.53,99942.59,46.59,0.0,Below Target
I00285,R012,2025-09-01,184244.47,83215.07,45.17,0.0,Below Target
I00286,R012,2025-10-01,203161.15,78921.78,38.85,0.0,Below Target
I00287,R012,2025-11-01,220132.29,72790.61,33.07,0.0,Below Target
I00288,R012,2025-12-01,233692.5,102474.94,43.85,0.0,Below Target
I00289,R013,2024-01-01,205013.61,82554.01999999999,40.27,0.0,Below Target
I00290,R013,2024-02-01,212021.81,134370.0,63.38,0.0,Below Target
I00291,R013,2024-03-01,235743.45,76834.5,32.59,0.0,Below Target
I00292,R013,2024-04-01,213907.26,100043.29,46.77,0.0,Below Target
I00293,R013,2024-05-01,246353.1,130627.61,53.02,0.0,Below Target
I00294,R013,2024-06-01,234429.35,104842.23,44.72,0.0,Below Target
I00295,R013,2024-07-01,248125.19,99840.32,40.24,0.0,Below Target
I00296,R013,2024-08-01,245023.84,120767.68,49.29,0.0,Below Target
I00297,R013,2024-09-01,229726.16,119004.7,51.8,0.0,Below Target
I00298,R013,2024-10-01,254262.4,107790.98,42.39,0.0,Below Target
I00299,R013,2024-11-01,258594.98,145621.95,56.31,0.0,Below Target
I00300,R013,2024-12-01,286968.39,88188.6,30.73,0.0,Below Target
I00301,R013,2025-01-01,199968.51,78062.45,39.04,0.0,Below Target
I00302,R013,2025-02-01,204105.64,102269.4,50.11,0.0,Below Target
I00303,R013,2025-03-01,225226.9,100156.0,44.47,0.0,Below Target
I00304,R013,2025-04-01,230287.77,110865.37,48.14,0.0,Below Target
I00305,R013,2025-05-01,252051.8,90833.45999999999,36.04,0.0,Below Target
I00306,R013,2025-06-01,241921.7,77468.41,32.02,0.0,Below Target
I00307,R013,2025-07-01,246642.43,122732.4,49.76,0.0,Below Target
I00308,R013,2025-08-01,232592.85,107432.27,46.19,0.0,Below Target
I00309,R013,2025-09-01,237256.26,101567.47,42.81,0.0,Below Target
I00310,R013,2025-10-01,239666.96,116328.93,48.54,0.0,Below Target
I00311,R013,2025-11-01,260381.31,135459.22,52.02,0.0,Below Target
I00312,R013,2025-12-01,265689.16,140645.64,52.94,0.0,Below Target
I00313,R014,2024-01-01,222810.27,79999.48,35.9,0.0,Below Target
I00314,R014,2024-02-01,224460.8,122162.35999999999,54.42,0.0,Below Target
I00315,R014,2024-03-01,248225.94,129369.97,52.12,0.0,Below Target
I00316,R014,2024-04-01,234612.15,144684.2,61.67,0.0,Below Target
I00317,R014,2024-05-01,251926.47,104841.2,41.62,0.0,Below Target
I00318,R014,2024-06-01,257561.0,149284.98,57.96,0.0,Below Target
I00319,R014,2024-07-01,259436.38,92368.77,35.6,0.0,Below Target
I00320,R014,2024-08-01,269803.74,129905.19,48.15,0.0,Below Target
I00321,R014,2024-09-01,248369.84,84044.6,33.84,0.0,Below Target
I00322,R014,2024-10-01,254567.39,89376.20999999999,35.11,0.0,Below Target
I00323,R014,2024-11-01,281973.73,125575.82,44.53,0.0,Below Target
I00324,R014,2024-12-01,312645.35,107599.55,34.42,0.0,Below Target
I00325,R014,2025-01-01,212256.81,93343.25,43.98,0.0,Below Target
I00326,R014,2025-02-01,224693.13,92901.32,41.35,0.0,Below Target
I00327,R014,2025-03-01,239118.98,84281.79,35.25,0.0,Below Target
I00328,R014,2025-04-01,253490.32,118889.34,46.9,0.0,Below Target
I00329,R014,2025-05-01,258965.13,99071.06,38.26,0.0,Below Target
I00330,R014,2025-06-01,257432.68,157434.56,61.16,0.0,Below Target
I00331,R014,2025-07-01,256541.38,84642.61,32.99,0.0,Below Target
I00332,R014,2025-08-01,253685.68,86309.46,34.02,0.0,Below Target
I00333,R014,2025-09-01,253851.58,77516.97,30.54,0.0,Below Target
I00334,R014,2025-10-01,258101.4,136011.08000000002,52.7,0.0,Below Target
I00335,R014,2025-11-01,262212.06,182357.15,69.55,0.0,Below Target
I00336,R014,2025-12-01,289138.7,103177.17,35.68,0.0,Below Target
I00337,R015,2024-01-01,206416.11,85140.18,41.25,0.0,Below Target
I00338,R015,2024-02-01,214336.79,86399.15,40.31,0.0,Below Target
I00339,R015,2024-03-01,234018.18,74080.4,31.66,0.0,Below Target
I00340,R015,2024-04-01,236886.22,91720.64,38.72,0.0,Below Target
I00341,R015,2024-05-01,240614.69,76981.35,31.99,0.0,Below Target
I00342,R015,2024-06-01,235713.87,93911.38,39.84,0.0,Below Target
I00343,R015,2024-07-01,247991.32,112589.34,45.4,0.0,Below Target
I00344,R015,2024-08-01,233590.42,107370.87000000001,45.97,0.0,Below Target
I00345,R015,2024-09-01,233138.97,85929.87,36.86,0.0,Below Target
I00346,R015,2024-10-01,248375.89,110214.53,44.37,0.0,Below Target
I00347,R015,2024-11-01,268219.84,92636.67,34.54,0.0,Below Target
I00348,R015,2024-12-01,282500.99,111641.18000000001,39.52,0.0,Below Target
I00349,R015,2025-01-01,208695.02,109105.98999999999,52.28,0.0,Below Target
I00350,R015,2025-02-01,207768.54,110265.97,53.07,0.0,Below Target
I00351,R015,2025-03-01,213362.19,80247.51,37.61,0.0,Below Target
I00352,R015,2025-04-01,248768.78,95823.44,38.52,0.0,Below Target
I00353,R015,2025-05-01,234690.54,87231.16,37.17,0.0,Below Target
I00354,R015,2025-06-01,244638.64,106268.94,43.44,0.0,Below Target
I00355,R015,2025-07-01,247221.64,91942.02,37.19,0.0,Below Target
I00356,R015,2025-08-01,258406.41,98240.85,38.02,0.0,Below Target
I00357,R015,2025-09-01,243441.49,75441.57,30.99,0.0,Below Target
I00358,R015,2025-10-01,249318.96,109477.14,43.91,0.0,Below Target
I00359,R015,2025-11-01,273667.63,104279.03,38.1,0.0,Below Target
I00360,R015,2025-12-01,266634.95,134990.4,50.63,0.0,Below Target
I00361,R016,2024-01-01,138592.15,47281.94,34.12,0.0,Below Target
I00362,R016,2024-02-01,126428.93,53367.13,42.21,0.0,Below Target
I00363,R016,2024-03-01,153151.01,78565.51,51.3,0.0,Below Target
I00364,R016,2024-04-01,153146.03,77656.26999999999,50.71,0.0,Below Target
I00365,R016,2024-05-01,158877.01,67966.44,42.78,0.0,Below Target
I00366,R016,2024-06-01,171249.55,58165.61,33.97,0.0,Below Target
I00367,R016,2024-07-01,161388.9,65005.35,40.28,0.0,Below Target
I00368,R016,2024-08-01,160206.41,82358.11,51.41,0.0,Below Target
I00369,R016,2024-09-01,149360.27,60308.759999999995,40.38,0.0,Below Target
I00370,R016,2024-10-01,169726.99,90678.81,53.43,0.0,Below Target
I00371,R016,2024-11-01,176482.79,81230.51,46.03,0.0,Below Target
I00372,R016,2024-12-01,191462.07,60148.3,31.42,0.0,Below Target
I00373,R016,2025-01-01,138955.01,50550.82,36.38,0.0,Below Target
I00374,R016,2025-02-01,145614.05,59217.82,40.67,0.0,Below Target
I00375,R016,2025-03-01,154407.21,65742.38,42.58,0.0,Below Target
I00376,R016,2025-04-01,158046.45,80591.56,50.99,0.0,Below Target
I00377,R016,2025-05-01,159488.19,69690.55,43.7,0.0,Below Target
I00378,R016,2025-06-01,166865.93,75964.3,45.52,0.0,Below Target
I00379,R016,2025-07-01,170673.44,42255.46,24.76,0.0,Below Target
I00380,R016,2025-08-01,171480.49,60120.98,35.06,0.0,Below Target
I00381,R016,2025-09-01,173300.76,63111.31,36.42,0.0,Below Target
I00382,R016,2025-10-01,162636.72,50644.619999999995,31.14,0.0,Below Target
I00383,R016,2025-11-01,180632.73,75124.76999999999,41.59,0.0,Below Target
I00384,R016,2025-12-01,185925.62,51397.33,27.64,0.0,Below Target
I00385,R017,2024-01-01,131914.61,55800.119999999995,42.3,0.0,Below Target
I00386,R017,2024-02-01,139223.28,44637.36,32.06,0.0,Below Target
I00387,R017,2024-03-01,143507.23,70212.5,48.93,0.0,Below Target
I00388,R017,2024-04-01,140266.39,43846.27,31.26,0.0,Below Target
I00389,R017,2024-05-01,147633.09,97911.68,66.32,0.0,Below Target
I00390,R017,2024-06-01,157143.62,67482.04,42.94,0.0,Below Target
I00391,R017,2024-07-01,151613.87,50147.11,33.08,0.0,Below Target
I00392,R017,2024-08-01,148210.04,71059.1,47.94,0.0,Below Target
I00393,R017,2024-09-01,147541.07,50169.29,34.0,0.0,Below Target
I00394,R017,2024-10-01,150101.7,53560.11,35.68,0.0,Below Target
I00395,R017,2024-11-01,161350.91,54083.72,33.52,0.0,Below Target
I00396,R017,2024-12-01,188528.38,86866.27,46.08,0.0,Below Target
I00397,R017,2025-01-01,128001.7,39905.020000000004,31.18,0.0,Below Target
I00398,R017,2025-02-01,137200.3,54641.19,39.83,0.0,Below Target
I00399,R017,2025-03-01,137548.84,58282.700000000004,42.37,0.0,Below Target
I00400,R017,2025-04-01,150198.08,55016.56,36.63,0.0,Below Target
I00401,R017,2025-05-01,149194.94,61741.08,41.38,0.0,Below Target
I00402,R017,2025-06-01,158478.61,52330.59,33.02,0.0,Below Target
I00403,R017,2025-07-01,154447.3,46849.14,30.33,0.0,Below Target
I00404,R017,2025-08-01,152142.88,74181.76000000001,48.76,0.0,Below Target
I00405,R017,2025-09-01,148447.8,60269.229999999996,40.6,0.0,Below Target
I00406,R017,2025-10-01,159340.97,48698.82,30.56,0.0,Below Target
I00407,R017,2025-11-01,167946.12,51487.57,30.66,0.0,Below Target
I00408,R017,2025-12-01,170097.53,52729.12,31.0,0.0,Below Target
I00409,R018,2024-01-01,179446.17,80954.95,45.11,0.0,Below Target
I00410,R018,2024-02-01,181337.58,83307.73999999999,45.94,0.0,Below Target
I00411,R018,2024-03-01,197567.46,117000.3,59.22,0.0,Below Target
I00412,R018,2024-04-01,194286.74,53958.56999999999,27.77,0.0,Below Target
I00413,R018,2024-05-01,203481.35,97312.08,47.82,0.0,Below Target
I00414,R018,2024-06-01,216385.41,86828.69,40.13,0.0,Below Target
I00415,R018,2024-07-01,227753.71,73954.59,32.47,0.0,Below Target
I00416,R018,2024-08-01,217545.58,114548.01,52.65,0.0,Below Target
I00417,R018,2024-09-01,229363.64,92296.45,40.24,0.0,Below Target
I00418,R018,2024-10-01,229351.05,59526.37,25.95,0.0,Below Target
I00419,R018,2024-11-01,238642.95,107815.52,45.18,0.0,Below Target
I00420,R018,2024-12-01,237588.81,79100.43,33.29,0.0,Below Target
I00421,R018,2025-01-01,190465.71,98267.98,51.59,0.0,Below Target
I00422,R018,2025-02-01,196636.9,71422.79,36.32,0.0,Below Target
I00423,R018,2025-03-01,194651.36,67860.59,34.86,0.0,Below Target
I00424,R018,2025-04-01,208719.87,94095.56999999999,45.08,0.0,Below Target
I00425,R018,2025-05-01,227585.15,74713.9,32.83,0.0,Below Target
I00426,R018,2025-06-01,220790.08,108292.6,49.05,0.0,Below Target
I00427,R018,2025-07-01,230120.26,81289.40000000001,35.32,0.0,Below Target
I00428,R018,2025-08-01,217547.11,66416.76,30.53,0.0,Below Target
I00429,R018,2025-09-01,197523.14,56769.74,28.74,0.0,Below Target
I00430,R018,2025-10-01,230961.81,106829.03,46.25,0.0,Below Target
I00431,R018,2025-11-01,235222.43,138199.92,58.75,0.0,Below Target
I00432,R018,2025-12-01,251257.37,66646.83,26.53,0.0,Below Target
I00433,R019,2024-01-01,153523.7,71304.5,46.45,0.0,Below Target
I00434,R019,2024-02-01,153256.74,54083.59,35.29,0.0,Below Target
I00435,R019,2024-03-01,166980.63,49397.99,29.58,0.0,Below Target
I00436,R019,2024-04-01,167197.1,41185.98,24.63,0.0,Below Target
I00437,R019,2024-05-01,169279.3,58002.19,34.26,0.0,Below Target
I00438,R019,2024-06-01,185512.26,60879.4,32.82,0.0,Below Target
I00439,R019,2024-07-01,177018.62,74345.98,42.0,0.0,Below Target
I00440,R019,2024-08-01,180471.64,59010.35,32.7,0.0,Below Target
I00441,R019,2024-09-01,168669.14,71571.75,42.43,0.0,Below Target
I00442,R019,2024-10-01,197333.52,78951.48000000001,40.01,0.0,Below Target
I00443,R019,2024-11-01,198688.22,56458.46,28.42,0.0,Below Target
I00444,R019,2024-12-01,196715.19,97306.83,49.47,0.0,Below Target
I00445,R019,2025-01-01,153268.09,61510.79,40.13,0.0,Below Target
I00446,R019,2025-02-01,158382.64,51116.7,32.27,0.0,Below Target
I00447,R019,2025-03-01,167270.58,70989.3,42.44,0.0,Below Target
I00448,R019,2025-04-01,167307.93,47791.97,28.57,0.0,Below Target
I00449,R019,2025-05-01,171794.58,82700.88,48.14,0.0,Below Target
I00450,R019,2025-06-01,190524.69,73320.05,38.48,0.0,Below Target
I00451,R019,2025-07-01,176644.25,57573.740000000005,32.59,0.0,Below Target
I00452,R019,2025-08-01,173971.26,79167.89,45.51,0.0,Below Target
I00453,R019,2025-09-01,162111.93,46772.91,28.85,0.0,Below Target
I00454,R019,2025-10-01,184650.93,71428.16,38.68,0.0,Below Target
I00455,R019,2025-11-01,184818.53,60216.96,32.58,0.0,Below Target
I00456,R019,2025-12-01,222875.54,81291.38,36.47,0.0,Below Target
I00457,R020,2024-01-01,118216.8,50611.66,42.81,0.0,Below Target
I00458,R020,2024-02-01,125131.8,36915.78,29.5,0.0,Below Target
I00459,R020,2024-03-01,147708.97,52526.07,35.56,0.0,Below Target
I00460,R020,2024-04-01,146018.75,59762.94,40.93,0.0,Below Target
I00461,R020,2024-05-01,133519.59,62638.57,46.91,0.0,Below Target
I00462,R020,2024-06-01,146832.35,54423.4,37.06,0.0,Below Target
I00463,R020,2024-07-01,150902.88,48015.42,31.82,0.0,Below Target
I00464,R020,2024-08-01,142280.07,49053.72,34.48,0.0,Below Target
I00465,R020,2024-09-01,146192.3,49554.47,33.9,0.0,Below Target
I00466,R020,2024-10-01,143526.99,68382.70999999999,47.64,0.0,Below Target
I00467,R020,2024-11-01,148109.65,55897.64,37.74,0.0,Below Target
I00468,R020,2024-12-01,173477.24,63870.76,36.82,0.0,Below Target
I00469,R020,2025-01-01,127853.08,52049.12,40.71,0.0,Below Target
I00470,R020,2025-02-01,138575.55,46892.65,33.84,0.0,Below Target
I00471,R020,2025-03-01,135273.86,57083.899999999994,42.2,0.0,Below Target
I00472,R020,2025-04-01,148657.16,60846.67,40.93,0.0,Below Target
I00473,R020,2025-05-01,140770.2,65837.83,46.77,0.0,Below Target
I00474,R020,2025-06-01,153457.69,58086.79,37.85,0.0,Below Target
I00475,R020,2025-07-01,160588.34,68056.75,42.38,0.0,Below Target
I00476,R020,2025-08-01,142650.08,61087.18,42.82,0.0,Below Target
I00477,R020,2025-09-01,132422.84,41117.759999999995,31.05,0.0,Below Target
I00478,R020,2025-10-01,153495.53,75834.3,49.4,0.0,Below Target
I00479,R020,2025-11-01,160190.72,42700.77,26.66,0.0,Below Target
I00480,R020,2025-12-01,166032.42,73063.92,44.01,0.0,Below Target
I00481,R021,2024-01-01,126275.94,37148.76,29.42,0.0,Below Target
I00482,R021,2024-02-01,119889.05,54178.29,45.19,0.0,Below Target
I00483,R021,2024-03-01,131497.2,53368.880000000005,40.59,0.0,Below Target
I00484,R021,2024-04-01,131895.35,58077.02,44.03,0.0,Below Target
I00485,R021,2024-05-01,149206.36,47323.020000000004,31.72,0.0,Below Target
I00486,R021,2024-06-01,147135.93,44283.0,30.1,0.0,Below Target
I00487,R021,2024-07-01,141234.24,71112.53,50.35,0.0,Below Target
I00488,R021,2024-08-01,144298.02,54618.85,37.85,0.0,Below Target
I00489,R021,2024-09-01,137792.51,71162.03,51.64,0.0,Below Target
I00490,R021,2024-10-01,140195.59,51239.64,36.55,0.0,Below Target
I00491,R021,2024-11-01,164441.92,86868.12,52.83,0.0,Below Target
I00492,R021,2024-12-01,159752.91,56883.96,35.61,0.0,Below Target
I00493,R021,2025-01-01,136598.59,52501.52,38.43,0.0,Below Target
I00494,R021,2025-02-01,125727.52,42088.74,33.48,0.0,Below Target
I00495,R021,2025-03-01,138762.4,34936.2,25.18,0.0,Below Target
I00496,R021,2025-04-01,136289.19,55386.97,40.64,0.0,Below Target
I00497,R021,2025-05-01,141823.73,69214.24,48.8,0.0,Below Target
I00498,R021,2025-06-01,140367.11,48460.8,34.52,0.0,Below Target
I00499,R021,2025-07-01,134938.67,59430.46,44.04,0.0,Below Target
I00500,R021,2025-08-01,153694.09,58673.69,38.18,0.0,Below Target
I00501,R021,2025-09-01,135390.3,65681.49,48.51,0.0,Below Target
I00502,R021,2025-10-01,156712.96,59675.39,38.08,0.0,Below Target
I00503,R021,2025-11-01,167591.18,74007.19,44.16,0.0,Below Target
I00504,R021,2025-12-01,158309.41,75648.4,47.79,0.0,Below Target
I00505,R022,2024-01-01,131438.39,53205.310000000005,40.48,0.0,Below Target
I00506,R022,2024-02-01,137199.55,54227.37,39.52,0.0,Below Target
I00507,R022,2024-03-01,136570.22,74099.23,54.26,0.0,Below Target
I00508,R022,2024-04-01,154408.62,44208.770000000004,28.63,0.0,Below Target
I00509,R022,2024-05-01,164858.58,45343.630000000005,27.5,0.0,Below Target
I00510,R022,2024-06-01,153649.41,29328.16,19.09,0.0,Below Target
I00511,R022,2024-07-01,165709.84,70701.15000000001,42.67,0.0,Below Target
I00512,R022,2024-08-01,159716.27,79240.06,49.61,0.0,Below Target
I00513,R022,2024-09-01,153894.96,62770.850000000006,40.79,0.0,Below Target
I00514,R022,2024-10-01,165485.15,87992.47,53.17,0.0,Below Target
I00515,R022,2024-11-01,175302.86,61331.56,34.99,0.0,Below Target
I00516,R022,2024-12-01,177236.05,50622.41,28.56,0.0,Below Target
I00517,R022,2025-01-01,136102.24,56760.2,41.7,0.0,Below Target
I00518,R022,2025-02-01,137094.93,61938.32,45.18,0.0,Below Target
I00519,R022,2025-03-01,148625.25,67603.65,45.49,0.0,Below Target
I00520,R022,2025-04-01,146706.19,82190.11,56.02,0.0,Below Target
I00521,R022,2025-05-01,162441.06,78566.22,48.37,0.0,Below Target
I00522,R022,2025-06-01,157469.53,74168.3,47.1,0.0,Below Target
I00523,R022,2025-07-01,154524.83,65896.5,42.64,0.0,Below Target
I00524,R022,2025-08-01,159792.68,84497.76,52.88,0.0,Below Target
I00525,R022,2025-09-01,154802.86,46164.14,29.82,0.0,Below Target
I00526,R022,2025-10-01,162370.57,91903.94,56.6,0.0,Below Target
I00527,R022,2025-11-01,161852.65,84486.58,52.2,0.0,Below Target
I00528,R022,2025-12-01,180934.69,74580.22,41.22,0.0,Below Target
I00529,R023,2024-01-01,179836.5,85663.21,47.63,0.0,Below Target
I00530,R023,2024-02-01,187621.27,67111.02,35.77,0.0,Below Target
I00531,R023,2024-03-01,202087.6,77038.02,38.12,0.0,Below Target
I00532,R023,2024-04-01,204047.18,66650.57,32.66,0.0,Below Target
I00533,R023,2024-05-01,208581.27,78848.84,37.8,0.0,Below Target
I00534,R023,2024-06-01,214525.82,83519.94,38.93,0.0,Below Target
I00535,R023,2024-07-01,208793.95,82699.77,39.61,0.0,Below Target
I00536,R023,2024-08-01,219603.42,74948.58,34.13,0.0,Below Target
I00537,R023,2024-09-01,203300.04,68497.4,33.69,0.0,Below Target
I00538,R023,2024-10-01,215866.66,114140.34,52.88,0.0,Below Target
I00539,R023,2024-11-01,215899.72,116972.87,54.18,0.0,Below Target
I00540,R023,2024-12-01,243110.53,92412.28,38.01,0.0,Below Target
I00541,R023,2025-01-01,181089.29,105175.53,58.08,0.0,Below Target
I00542,R023,2025-02-01,189996.86,99592.43,52.42,0.0,Below Target
I00543,R023,2025-03-01,183460.13,78569.94,42.83,0.0,Below Target
I00544,R023,2025-04-01,205797.47,74163.76000000001,36.04,0.0,Below Target
I00545,R023,2025-05-01,204406.28,104771.48,51.26,0.0,Below Target
I00546,R023,2025-06-01,202236.63,85742.63,42.4,0.0,Below Target
I00547,R023,2025-07-01,209690.72,92005.28,43.88,0.0,Below Target
I00548,R023,2025-08-01,204785.43,111521.83,54.46,0.0,Below Target
I00549,R023,2025-09-01,206616.64,106786.62999999999,51.68,0.0,Below Target
I00550,R023,2025-10-01,213738.44,64990.88,30.41,0.0,Below Target
I00551,R023,2025-11-01,226487.02,93264.19,41.18,0.0,Below Target
I00552,R023,2025-12-01,234427.19,125043.83,53.34,0.0,Below Target
I00553,R024,2024-01-01,175039.74,74187.84,42.38,0.0,Below Target
I00554,R024,2024-02-01,173405.34,56502.600000000006,32.58,0.0,Below Target
I00555,R024,2024-03-01,175855.91,81896.01,46.57,0.0,Below Target
I00556,R024,2024-04-01,217916.91,69150.61,31.73,0.0,Below Target
I00557,R024,2024-05-01,202998.48,71225.44,35.09,0.0,Below Target
I00558,R024,2024-06-01,230900.99,70294.61,30.44,0.0,Below Target
I00559,R024,2024-07-01,209710.83,70639.33,33.68,0.0,Below Target
I00560,R024,2024-08-01,208176.75,68460.09,32.89,0.0,Below Target
I00561,R024,2024-09-01,198419.81,108978.23999999999,54.92,0.0,Below Target
I00562,R024,2024-10-01,218961.74,114740.2,52.4,0.0,Below Target
I00563,R024,2024-11-01,224589.0,95077.56,42.33,0.0,Below Target
I00564,R024,2024-12-01,222512.18,78149.98999999999,35.12,0.0,Below Target
I00565,R024,2025-01-01,168455.04,74557.79,44.26,0.0,Below Target
I00566,R024,2025-02-01,172791.18,57404.149999999994,33.22,0.0,Below Target
I00567,R024,2025-03-01,191996.25,77682.48999999999,40.46,0.0,Below Target
I00568,R024,2025-04-01,198115.39,89310.92,45.08,0.0,Below Target
I00569,R024,2025-05-01,203504.02,75742.72,37.22,0.0,Below Target
I00570,R024,2025-06-01,200510.63,86363.13,43.07,0.0,Below Target
I00571,R024,2025-07-01,200047.38,73659.29,36.82,0.0,Below Target
I00572,R024,2025-08-01,217822.24,74428.91,34.17,0.0,Below Target
I00573,R024,2025-09-01,202309.69,58877.42,29.1,0.0,Below Target
I00574,R024,2025-10-01,219003.99,86879.14,39.67,0.0,Below Target
I00575,R024,2025-11-01,232156.72,95034.73,40.94,0.0,Below Target
I00576,R024,2025-12-01,215789.96,88839.93000000001,41.17,0.0,Below Target
I00577,R025,2024-01-01,165678.55,60357.7,36.43,0.0,Below Target
I00578,R025,2024-02-01,178291.38,69979.0,39.25,0.0,Below Target
I00579,R025,2024-03-01,170755.31,66292.77,38.82,0.0,Below Target
I00580,R025,2024-04-01,176644.07,79225.11,44.85,0.0,Below Target
I00581,R025,2024-05-01,181625.21,63416.3,34.92,0.0,Below Target
I00582,R025,2024-06-01,182110.79,90386.34,49.63,0.0,Below Target
I00583,R025,2024-07-01,202127.29,71650.08,35.45,0.0,Below Target
I00584,R025,2024-08-01,197240.47,97769.12,49.57,0.0,Below Target
I00585,R025,2024-09-01,179128.26,97100.54,54.21,0.0,Below Target
I00586,R025,2024-10-01,186347.53,81126.8,43.54,0.0,Below Target
I00587,R025,2024-11-01,202866.23,86315.1,42.55,0.0,Below Target
I00588,R025,2024-12-01,230337.61,80396.95,34.9,0.0,Below Target
I00589,R025,2025-01-01,157366.75,71022.77,45.13,0.0,Below Target
I00590,R025,2025-02-01,158534.89,58903.54,37.15,0.0,Below Target
I00591,R025,2025-03-01,178285.65,94393.90000000001,52.95,0.0,Below Target
I00592,R025,2025-04-01,175608.16,65019.86,37.03,0.0,Below Target
I00593,R025,2025-05-01,202780.55,72611.0,35.81,0.0,Below Target
I00594,R025,2025-06-01,194564.08,88199.29999999999,45.33,0.0,Below Target
I00595,R025,2025-07-01,193937.49,53567.95,27.62,0.0,Below Target
I00596,R025,2025-08-01,192296.2,62426.979999999996,32.46,0.0,Below Target
I00597,R025,2025-09-01,183476.47,76096.72,41.47,0.0,Below Target
I00598,R025,2025-10-01,196503.45,84955.91,43.23,0.0,Below Target
I00599,R025,2025-11-01,229752.32,89856.09,39.11,0.0,Below Target
I00600,R025,2025-12-01,228659.2,80982.14,35.42,0.0,Below Target
I00601,R026,2024-01-01,158629.84,59340.39,37.41,0.0,Below Target
I00602,R026,2024-02-01,166679.97,84760.75,50.85,0.0,Below Target
I00603,R026,2024-03-01,168702.39,82988.72,49.19,0.0,Below Target
I00604,R026,2024-04-01,186365.07,73105.9,39.23,0.0,Below Target
I00605,R026,2024-05-01,159347.54,69408.95999999999,43.56,0.0,Below Target
I00606,R026,2024-06-01,183235.13,72553.53,39.6,0.0,Below Target
I00607,R026,2024-07-01,182754.29,54203.17,29.66,0.0,Below Target
I00608,R026,2024-08-01,195993.45,67868.11,34.63,0.0,Below Target
I00609,R026,2024-09-01,182078.84,71253.67,39.13,0.0,Below Target
I00610,R026,2024-10-01,180499.07,90442.84,50.11,0.0,Below Target
I00611,R026,2024-11-01,201849.53,86781.65,42.99,0.0,Below Target
I00612,R026,2024-12-01,212967.6,95481.07999999999,44.83,0.0,Below Target
I00613,R026,2025-01-01,168839.98,78833.97,46.69,0.0,Below Target
I00614,R026,2025-02-01,166361.08,69256.2,41.63,0.0,Below Target
I00615,R026,2025-03-01,172827.71,72048.26,41.69,0.0,Below Target
I00616,R026,2025-04-01,178700.5,73979.8,41.4,0.0,Below Target
I00617,R026,2025-05-01,166515.86,44094.35,26.48,0.0,Below Target
I00618,R026,2025-06-01,180730.34,82170.12,45.47,0.0,Below Target
I00619,R026,2025-07-01,175212.08,60625.5,34.6,0.0,Below Target
I00620,R026,2025-08-01,204016.04,66875.42,32.78,0.0,Below Target
I00621,R026,2025-09-01,178172.68,55055.06,30.9,0.0,Below Target
I00622,R026,2025-10-01,198904.22,88039.39,44.26,0.0,Below Target
I00623,R026,2025-11-01,194116.03,84432.45,43.5,0.0,Below Target
I00624,R026,2025-12-01,209467.12,125571.99,59.95,0.0,Below Target
I00625,R027,2024-01-01,155331.37,79325.63,51.07,0.0,Below Target
I00626,R027,2024-02-01,166024.65,75203.28,45.3,0.0,Below Target
I00627,R027,2024-03-01,170070.05,66944.91,39.36,0.0,Below Target
I00628,R027,2024-04-01,171576.64,87177.16,50.81,0.0,Below Target
I00629,R027,2024-05-01,166277.89,83662.64,50.31,0.0,Below Target
I00630,R027,2024-06-01,201404.54,66263.8,32.9,0.0,Below Target
I00631,R027,2024-07-01,184193.99,91306.89,49.57,0.0,Below Target
I00632,R027,2024-08-01,183498.64,66917.95,36.47,0.0,Below Target
I00633,R027,2024-09-01,175385.63,85351.76,48.67,0.0,Below Target
I00634,R027,2024-10-01,202426.9,93731.78,46.3,0.0,Below Target
I00635,R027,2024-11-01,194749.98,94456.05,48.5,0.0,Below Target
I00636,R027,2024-12-01,206244.68,103740.64,50.3,0.0,Below Target
I00637,R027,2025-01-01,158678.25,64056.61,40.37,0.0,Below Target
I00638,R027,2025-02-01,170489.16,85534.68000000001,50.17,0.0,Below Target
I00639,R027,2025-03-01,170946.36,71120.31,41.6,0.0,Below Target
I00640,R027,2025-04-01,176536.54,82864.81,46.94,0.0,Below Target
I00641,R027,2025-05-01,180466.27,100488.31999999999,55.68,0.0,Below Target
I00642,R027,2025-06-01,181233.38,79803.33,44.03,0.0,Below Target
I00643,R027,2025-07-01,202227.97,57079.11,28.23,0.0,Below Target
I00644,R027,2025-08-01,180342.29,95152.68,52.76,0.0,Below Target
I00645,R027,2025-09-01,182517.2,78334.03,42.92,0.0,Below Target
I00646,R027,2025-10-01,187238.02,108484.81,57.94,0.0,Below Target
I00647,R027,2025-11-01,204981.29,98360.45,47.99,0.0,Below Target
I00648,R027,2025-12-01,209928.67,57244.78,27.27,0.0,Below Target
I00649,R028,2024-01-01,160107.46,63554.28,39.69,0.0,Below Target
I00650,R028,2024-02-01,164293.21,52589.76,32.01,0.0,Below Target
I00651,R028,2024-03-01,164641.9,89184.35,54.17,0.0,Below Target
I00652,R028,2024-04-01,177041.53,60266.479999999996,34.04,0.0,Below Target
I00653,R028,2024-05-01,169235.55,83880.43000000001,49.56,0.0,Below Target
I00654,R028,2024-06-01,187767.3,67392.57,35.89,0.0,Below Target
I00655,R028,2024-07-01,185660.69,72119.27,38.84,0.0,Below Target
I00656,R028,2024-08-01,186111.39,91023.98999999999,48.91,0.0,Below Target
I00657,R028,2024-09-01,181123.04,92719.57999999999,51.19,0.0,Below Target
I00658,R028,2024-10-01,194135.56,84523.13,43.54,0.0,Below Target
I00659,R028,2024-11-01,182771.47,99965.4,54.69,0.0,Below Target
I00660,R028,2024-12-01,208713.55,97656.95999999999,46.79,0.0,Below Target
I00661,R028,2025-01-01,160202.64,82707.79000000001,51.63,0.0,Below Target
I00662,R028,2025-02-01,174117.85,75983.22,43.64,0.0,Below Target
I00663,R028,2025-03-01,190342.66,79163.56,41.59,0.0,Below Target
I00664,R028,2025-04-01,191769.98,87769.41,45.77,0.0,Below Target
I00665,R028,2025-05-01,177261.47,91455.94,51.59,0.0,Below Target
I00666,R028,2025-06-01,190282.05,114389.57,60.12,0.0,Below Target
I00667,R028,2025-07-01,198237.67,113957.0,57.49,0.0,Below Target
I00668,R028,2025-08-01,193052.72,97425.98999999999,50.47,0.0,Below Target
I00669,R028,2025-09-01,180864.1,51764.87,28.62,0.0,Below Target
I00670,R028,2025-10-01,195563.34,86266.27,44.11,0.0,Below Target
I00671,R028,2025-11-01,205272.61,120826.22,58.86,0.0,Below Target
I00672,R028,2025-12-01,207273.2,96598.64,46.6,0.0,Below Target
I00673,R029,2024-01-01,144361.99,72231.81999999999,50.04,0.0,Below Target
I00674,R029,2024-02-01,140176.02,87123.93,62.15,0.0,Below Target
I00675,R029,2024-03-01,170218.42,67964.18,39.93,0.0,Below Target
I00676,R029,2024-04-01,157757.85,43405.71,27.51,0.0,Below Target
I00677,R029,2024-05-01,168554.6,75717.22,44.92,0.0,Below Target
I00678,R029,2024-06-01,169633.65,79814.05,47.05,0.0,Below Target
I00679,R029,2024-07-01,172096.16,77839.0,45.23,0.0,Below Target
I00680,R029,2024-08-01,173867.35,88140.39,50.69,0.0,Below Target
I00681,R029,2024-09-01,170869.68,84876.5,49.67,0.0,Below Target
I00682,R029,2024-10-01,175130.47,61006.61,34.83,0.0,Below Target
I00683,R029,2024-11-01,188190.27,101627.81,54.0,0.0,Below Target
I00684,R029,2024-12-01,195292.08,88866.99,45.5,0.0,Below Target
I00685,R029,2025-01-01,135936.26,53480.22,39.34,0.0,Below Target
I00686,R029,2025-02-01,148212.59,71237.11,48.06,0.0,Below Target
I00687,R029,2025-03-01,154476.01,61640.18,39.9,0.0,Below Target
I00688,R029,2025-04-01,164490.08,80004.84,48.64,0.0,Below Target
I00689,R029,2025-05-01,169856.44,66547.56,39.18,0.0,Below Target
I00690,R029,2025-06-01,169187.68,76151.59,45.01,0.0,Below Target
I00691,R029,2025-07-01,174159.11,71469.83,41.04,0.0,Below Target
I00692,R029,2025-08-01,171021.41,109156.42,63.83,0.0,Below Target
I00693,R029,2025-09-01,159969.28,48993.12,30.63,0.0,Below Target
I00694,R029,2025-10-01,183368.67,79108.31,43.14,0.0,Below Target
I00695,R029,2025-11-01,186823.55,81567.58,43.66,0.0,Below Target
I00696,R029,2025-12-01,206598.23,105039.35,50.84,0.0,Below Target
I00697,R030,2024-01-01,130118.36,57154.87,43.93,0.0,Below Target
I00698,R030,2024-02-01,132238.89,58631.48,44.34,0.0,Below Target
I00699,R030,2024-03-01,130457.78,51278.79,39.31,0.0,Below Target
I00700,R030,2024-04-01,160397.88,63155.770000000004,39.37,0.0,Below Target
I00701,R030,2024-05-01,154323.46,45885.29,29.73,0.0,Below Target
I00702,R030,2024-06-01,158850.98,48486.79,30.52,0.0,Below Target
I00703,R030,2024-07-01,167641.34,88905.28,53.03,0.0,Below Target
I00704,R030,2024-08-01,156392.31,49872.009999999995,31.89,0.0,Below Target
I00705,R030,2024-09-01,145550.37,57793.88,39.71,0.0,Below Target
I00706,R030,2024-10-01,165582.41,60059.9,36.27,0.0,Below Target
I00707,R030,2024-11-01,165400.14,62089.28,37.54,0.0,Below Target
I00708,R030,2024-12-01,162715.47,60421.25,37.13,0.0,Below Target
I00709,R030,2025-01-01,139233.78,52322.63,37.58,0.0,Below Target
I00710,R030,2025-02-01,129593.92,71633.2,55.28,0.0,Below Target
I00711,R030,2025-03-01,138459.81,60991.600000000006,44.05,0.0,Below Target
I00712,R030,2025-04-01,151540.58,61502.59,40.58,0.0,Below Target
I00713,R030,2025-05-01,139059.29,86299.1,62.06,0.0,Below Target
I00714,R030,2025-06-01,154659.69,49902.57,32.27,0.0,Below Target
I00715,R030,2025-07-01,158514.82,76869.56,48.49,0.0,Below Target
I00716,R030,2025-08-01,162158.38,71600.97,44.15,0.0,Below Target
I00717,R030,2025-09-01,153422.5,66073.89,43.07,0.0,Below Target
I00718,R030,2025-10-01,164431.19,57988.93,35.27,0.0,Below Target
I00719,R030,2025-11-01,172918.38,61891.45,35.79,0.0,Below Target
I00720,R030,2025-12-01,185780.12,59247.020000000004,31.89,0.0,Below Target
I00721,R031,2024-01-01,215399.85,89225.08,41.42,0.0,Below Target
I00722,R031,2024-02-01,217577.79,101573.48,46.68,0.0,Below Target
I00723,R031,2024-03-01,229530.35,127046.72,55.35,0.0,Below Target
I00724,R031,2024-04-01,251817.68,126085.51000000001,50.07,0.0,Below Target
I00725,R031,2024-05-01,249913.13,94452.28,37.79,0.0,Below Target
I00726,R031,2024-06-01,251382.0,110157.29999999999,43.82,0.0,Below Target
I00727,R031,2024-07-01,273640.27,109232.78,39.92,0.0,Below Target
I00728,R031,2024-08-01,265940.3,96434.48,36.26,0.0,Below Target
I00729,R031,2024-09-01,266204.4,85852.45999999999,32.25,0.0,Below Target
I00730,R031,2024-10-01,270107.73,117495.36,43.5,0.0,Below Target
I00731,R031,2024-11-01,285243.47,159566.01,55.94,0.0,Below Target
I00732,R031,2024-12-01,288675.14,119096.65,41.26,0.0,Below Target
I00733,R031,2025-01-01,200877.18,88734.12,44.17,0.0,Below Target
I00734,R031,2025-02-01,221788.95,89388.09,40.3,0.0,Below Target
I00735,R031,2025-03-01,231578.28,111891.53,48.32,0.0,Below Target
I00736,R031,2025-04-01,232468.86,106845.41,45.96,0.0,Below Target
I00737,R031,2025-05-01,254687.8,94396.05,37.06,0.0,Below Target
I00738,R031,2025-06-01,267200.14,160244.29,59.97,0.0,Below Target
I00739,R031,2025-07-01,257595.45,106149.18,41.21,0.0,Below Target
I00740,R031,2025-08-01,264210.76,118618.35,44.9,0.0,Below Target
I00741,R031,2025-09-01,244820.23,100009.66,40.85,0.0,Below Target
I00742,R031,2025-10-01,265641.28,102730.5,38.67,0.0,Below Target
I00743,R031,2025-11-01,272500.25,154044.35,56.53,0.0,Below Target
I00744,R031,2025-12-01,297086.61,163024.41,54.87,0.0,Below Target
I00745,R032,2024-01-01,202871.22,69199.58,34.11,0.0,Below Target
I00746,R032,2024-02-01,218740.77,70490.28,32.23,0.0,Below Target
I00747,R032,2024-03-01,210555.45,101924.26000000001,48.41,0.0,Below Target
I00748,R032,2024-04-01,220057.53,83896.17,38.12,0.0,Below Target
I00749,R032,2024-05-01,238720.66,81634.68,34.2,0.0,Below Target
I00750,R032,2024-06-01,229575.42,94021.91,40.95,0.0,Below Target
I00751,R032,2024-07-01,241822.95,62293.28,25.76,0.0,Below Target
I00752,R032,2024-08-01,230161.24,85882.58,37.31,0.0,Below Target
I00753,R032,2024-09-01,229851.41,102720.19,44.69,0.0,Below Target
I00754,R032,2024-10-01,247131.3,86904.93,35.17,0.0,Below Target
I00755,R032,2024-11-01,265294.99,75313.6,28.39,0.0,Below Target
I00756,R032,2024-12-01,256975.24,106216.83,41.33,0.0,Below Target
I00757,R032,2025-01-01,202146.74,81698.78,40.42,0.0,Below Target
I00758,R032,2025-02-01,203570.93,85972.07,42.23,0.0,Below Target
I00759,R032,2025-03-01,201368.66,79868.88,39.66,0.0,Below Target
I00760,R032,2025-04-01,216428.11,89249.82,41.24,0.0,Below Target
I00761,R032,2025-05-01,221603.75,91433.20000000001,41.26,0.0,Below Target
I00762,R032,2025-06-01,236738.34,100457.53,42.43,0.0,Below Target
I00763,R032,2025-07-01,228760.37,72956.1,31.89,0.0,Below Target
I00764,R032,2025-08-01,235763.63,102121.95999999999,43.32,0.0,Below Target
I00765,R032,2025-09-01,226404.14,99736.15,44.05,0.0,Below Target
I00766,R032,2025-10-01,247632.8,108088.36,43.65,0.0,Below Target
I00767,R032,2025-11-01,247333.33,84423.06,34.13,0.0,Below Target
I00768,R032,2025-12-01,249384.79,142272.02000000002,57.05,0.0,Below Target
I00769,R033,2024-01-01,213263.03,88182.59,41.35,0.0,Below Target
I00770,R033,2024-02-01,207580.77,92271.0,44.45,0.0,Below Target
I00771,R033,2024-03-01,233352.21,100486.21,43.06,0.0,Below Target
I00772,R033,2024-04-01,230053.02,89476.35,38.89,0.0,Below Target
I00773,R033,2024-05-01,237594.47,109068.75,45.91,0.0,Below Target
I00774,R033,2024-06-01,247284.1,99053.97,40.06,0.0,Below Target
I00775,R033,2024-07-01,252209.93,103806.51,41.16,0.0,Below Target
I00776,R033,2024-08-01,242907.27,74600.91,30.71,0.0,Below Target
I00777,R033,2024-09-01,230622.22,97757.79000000001,42.39,0.0,Below Target
I00778,R033,2024-10-01,249900.1,110292.91999999998,44.13,0.0,Below Target
I00779,R033,2024-11-01,242640.21,124091.57999999999,51.14,0.0,Below Target
I00780,R033,2024-12-01,285730.33,102704.81,35.94,0.0,Below Target
I00781,R033,2025-01-01,198573.34,86899.48,43.76,0.0,Below Target
I00782,R033,2025-02-01,207993.01,105079.63,50.52,0.0,Below Target
I00783,R033,2025-03-01,219969.64,76670.61,34.86,0.0,Below Target
I00784,R033,2025-04-01,233678.29,67274.87999999999,28.79,0.0,Below Target
I00785,R033,2025-05-01,235700.26,73155.70999999999,31.04,0.0,Below Target
I00786,R033,2025-06-01,247839.82,107800.70999999999,43.5,0.0,Below Target
I00787,R033,2025-07-01,250949.91,100836.64,40.18,0.0,Below Target
I00788,R033,2025-08-01,235695.16,80964.45999999999,34.35,0.0,Below Target
I00789,R033,2025-09-01,227094.26,100628.88,44.31,0.0,Below Target
I00790,R033,2025-10-01,247634.89,127003.09,51.29,0.0,Below Target
I00791,R033,2025-11-01,269009.93,124910.73,46.43,0.0,Below Target
I00792,R033,2025-12-01,280832.84,132303.21,47.11,0.0,Below Target
I00793,R034,2024-01-01,159072.2,65126.83,40.94,0.0,Below Target
I00794,R034,2024-02-01,158538.94,60020.52,37.86,0.0,Below Target
I00795,R034,2024-03-01,175392.28,48471.58,27.64,0.0,Below Target
I00796,R034,2024-04-01,176099.75,88161.95999999999,50.06,0.0,Below Target
I00797,R034,2024-05-01,174515.44,53464.26,30.64,0.0,Below Target
I00798,R034,2024-06-01,180195.87,51634.7,28.65,0.0,Below Target
I00799,R034,2024-07-01,191515.97,70899.23,37.02,0.0,Below Target
I00800,R034,2024-08-01,194855.64,95237.70000000001,48.88,0.0,Below Target
I00801,R034,2024-09-01,164807.09,66584.8,40.4,0.0,Below Target
I00802,R034,2024-10-01,190868.87,89635.15,46.96,0.0,Below Target
I00803,R034,2024-11-01,184627.3,88152.02,47.75,0.0,Below Target
I00804,R034,2024-12-01,201195.2,76201.42,37.87,0.0,Below Target
I00805,R034,2025-01-01,158039.39,59583.91,37.7,0.0,Below Target
I00806,R034,2025-02-01,160935.05,62690.8,38.95,0.0,Below Target
I00807,R034,2025-03-01,163141.5,73504.37,45.06,0.0,Below Target
I00808,R034,2025-04-01,170633.34,72308.65,42.38,0.0,Below Target
I00809,R034,2025-05-01,185390.72,81696.44,44.07,0.0,Below Target
I00810,R034,2025-06-01,182691.71,62398.450000000004,34.16,0.0,Below Target
I00811,R034,2025-07-01,185475.01,92351.83,49.79,0.0,Below Target
I00812,R034,2025-08-01,191295.44,77490.59,40.51,0.0,Below Target
I00813,R034,2025-09-01,182555.1,72822.08,39.89,0.0,Below Target
I00814,R034,2025-10-01,185956.0,79153.03,42.57,0.0,Below Target
I00815,R034,2025-11-01,202122.87,59760.84,29.57,0.0,Below Target
I00816,R034,2025-12-01,205299.32,94292.76999999999,45.93,0.0,Below Target
I00817,R035,2024-01-01,205169.95,113679.67,55.41,0.0,Below Target
I00818,R035,2024-02-01,196553.76,71384.46,36.32,0.0,Below Target
I00819,R035,2024-03-01,217109.55,117982.12,54.34,0.0,Below Target
I00820,R035,2024-04-01,230242.57,126717.14,55.04,0.0,Below Target
I00821,R035,2024-05-01,224926.29,85168.14,37.86,0.0,Below Target
I00822,R035,2024-06-01,236772.84,87104.17,36.79,0.0,Below Target
I00823,R035,2024-07-01,228651.06,124596.99,54.49,0.0,Below Target
I00824,R035,2024-08-01,248959.28,96043.36,38.58,0.0,Below Target
I00825,R035,2024-09-01,246273.5,113573.24,46.12,0.0,Below Target
I00826,R035,2024-10-01,238793.3,97722.78,40.92,0.0,Below Target
I00827,R035,2024-11-01,243482.45,101782.69,41.8,0.0,Below Target
I00828,R035,2024-12-01,279167.04,99731.61,35.72,0.0,Below Target
I00829,R035,2025-01-01,206407.31,70397.0,34.11,0.0,Below Target
I00830,R035,2025-02-01,214832.98,97188.98000000001,45.24,0.0,Below Target
I00831,R035,2025-03-01,228387.91,94928.68000000001,41.56,0.0,Below Target
I00832,R035,2025-04-01,230094.52,103504.16,44.98,0.0,Below Target
I00833,R035,2025-05-01,248359.45,87541.94,35.25,0.0,Below Target
I00834,R035,2025-06-01,254129.56,76569.92,30.13,0.0,Below Target
I00835,R035,2025-07-01,263078.58,94307.27,35.85,0.0,Below Target
I00836,R035,2025-08-01,262125.63,98535.26,37.59,0.0,Below Target
I00837,R035,2025-09-01,226598.88,103314.94,45.59,0.0,Below Target
I00838,R035,2025-10-01,259468.03,115131.71,44.37,0.0,Below Target
I00839,R035,2025-11-01,261901.44,127366.34,48.63,0.0,Below Target
I00840,R035,2025-12-01,252377.31,114697.95999999999,45.45,0.0,Below Target
I00841,R036,2024-01-01,176442.17,75164.39,42.6,0.0,Below Target
I00842,R036,2024-02-01,173391.53,52945.14,30.54,0.0,Below Target
I00843,R036,2024-03-01,187882.59,67750.95000000001,36.06,0.0,Below Target
I00844,R036,2024-04-01,184694.64,71996.93000000001,38.98,0.0,Below Target
I00845,R036,2024-05-01,209560.76,85397.51999999999,40.75,0.0,Below Target
I00846,R036,2024-06-01,195648.08,66985.1,34.24,0.0,Below Target
I00847,R036,2024-07-01,200581.98,93368.35,46.55,0.0,Below Target
I00848,R036,2024-08-01,214142.15,71091.31,33.2,0.0,Below Target
I00849,R036,2024-09-01,199455.43,65263.61,32.72,0.0,Below Target
I00850,R036,2024-10-01,225542.25,98409.88,43.63,0.0,Below Target
I00851,R036,2024-11-01,227642.01,72984.91,32.06,0.0,Below Target
I00852,R036,2024-12-01,241273.05,89395.1,37.05,0.0,Below Target
I00853,R036,2025-01-01,165647.09,81263.4,49.06,0.0,Below Target
I00854,R036,2025-02-01,180985.51,79622.63,43.99,0.0,Below Target
I00855,R036,2025-03-01,201629.36,90016.47,44.64,0.0,Below Target
I00856,R036,2025-04-01,185104.73,77971.02,42.12,0.0,Below Target
I00857,R036,2025-05-01,199246.51,81616.56999999999,40.96,0.0,Below Target
I00858,R036,2025-06-01,202114.23,108563.51000000001,53.71,0.0,Below Target
I00859,R036,2025-07-01,208948.86,64350.68,30.8,0.0,Below Target
I00860,R036,2025-08-01,211041.1,80157.43,37.98,0.0,Below Target
I00861,R036,2025-09-01,198355.48,89519.11,45.13,0.0,Below Target
I00862,R036,2025-10-01,227504.61,69220.9,30.43,0.0,Below Target
I00863,R036,2025-11-01,199122.71,88840.16,44.62,0.0,Below Target
I00864,R036,2025-12-01,206277.47,69922.98,33.9,0.0,Below Target
I00865,R037,2024-01-01,205683.98,91344.57,44.41,0.0,Below Target
I00866,R037,2024-02-01,225485.02,90174.84,39.99,0.0,Below Target
I00867,R037,2024-03-01,224412.19,83694.44,37.29,0.0,Below Target
I00868,R037,2024-04-01,228679.0,118988.28,52.03,0.0,Below Target
I00869,R037,2024-05-01,221181.67,86637.62,39.17,0.0,Below Target
I00870,R037,2024-06-01,240905.01,109869.54,45.61,0.0,Below Target
I00871,R037,2024-07-01,243143.21,91759.48,37.74,0.0,Below Target
I00872,R037,2024-08-01,244475.93,101755.09,41.62,0.0,Below Target
I00873,R037,2024-09-01,235770.91,89791.19,38.08,0.0,Below Target
I00874,R037,2024-10-01,259912.04,100860.71,38.81,0.0,Below Target
I00875,R037,2024-11-01,259608.43,160901.72,61.98,0.0,Below Target
I00876,R037,2024-12-01,268293.84,139402.38,51.96,0.0,Below Target
I00877,R037,2025-01-01,207907.93,76904.56,36.99,0.0,Below Target
I00878,R037,2025-02-01,214367.87,99340.58,46.34,0.0,Below Target
I00879,R037,2025-03-01,214747.37,95774.25,44.6,0.0,Below Target
I00880,R037,2025-04-01,236079.2,106955.62,45.3,0.0,Below Target
I00881,R037,2025-05-01,227266.65,117689.34,51.78,0.0,Below Target
I00882,R037,2025-06-01,250253.89,136061.03,54.37,0.0,Below Target
I00883,R037,2025-07-01,243175.9,109001.3,44.82,0.0,Below Target
I00884,R037,2025-08-01,234946.36,90941.22,38.71,0.0,Below Target
I00885,R037,2025-09-01,263407.05,83628.53,31.75,0.0,Below Target
I00886,R037,2025-10-01,253991.46,106851.5,42.07,0.0,Below Target
I00887,R037,2025-11-01,275384.74,97018.48,35.23,0.0,Below Target
I00888,R037,2025-12-01,276948.42,124125.67,44.82,0.0,Below Target
I00889,R038,2024-01-01,226706.25,75329.31,33.23,0.0,Below Target
I00890,R038,2024-02-01,228977.66,88385.51000000001,38.6,0.0,Below Target
I00891,R038,2024-03-01,231545.35,97612.44,42.16,0.0,Below Target
I00892,R038,2024-04-01,250525.12,88982.08,35.52,0.0,Below Target
I00893,R038,2024-05-01,259974.65,128765.92,49.53,0.0,Below Target
I00894,R038,2024-06-01,248645.89,88511.62999999999,35.6,0.0,Below Target
I00895,R038,2024-07-01,257387.56,106853.9,41.51,0.0,Below Target
I00896,R038,2024-08-01,276531.93,122693.42,44.37,0.0,Below Target
I00897,R038,2024-09-01,247767.94,142482.48,57.51,0.0,Below Target
I00898,R038,2024-10-01,273896.96,107655.95999999999,39.31,0.0,Below Target
I00899,R038,2024-11-01,282997.67,99950.36,35.32,0.0,Below Target
I00900,R038,2024-12-01,300559.43,126948.71,42.24,0.0,Below Target
I00901,R038,2025-01-01,223998.35,99734.45999999999,44.52,0.0,Below Target
I00902,R038,2025-02-01,198169.6,72902.78,36.79,0.0,Below Target
I00903,R038,2025-03-01,229177.79,93550.69,40.82,0.0,Below Target
I00904,R038,2025-04-01,238243.07,95038.3,39.89,0.0,Below Target
I00905,R038,2025-05-01,251082.19,80285.79,31.98,0.0,Below Target
I00906,R038,2025-06-01,243962.06,121664.19,49.87,0.0,Below Target
I00907,R038,2025-07-01,256428.76,121747.42,47.48,0.0,Below Target
I00908,R038,2025-08-01,242372.86,128861.75,53.17,0.0,Below Target
I00909,R038,2025-09-01,225979.69,97958.45,43.35,0.0,Below Target
I00910,R038,2025-10-01,290390.94,78983.06,27.2,0.0,Below Target
I00911,R038,2025-11-01,269225.57,96657.36,35.9,0.0,Below Target
I00912,R038,2025-12-01,302663.26,144100.93,47.61,0.0,Below Target
I00913,R039,2024-01-01,202255.81,64788.979999999996,32.03,0.0,Below Target
I00914,R039,2024-02-01,198254.86,73415.77,37.03,0.0,Below Target
I00915,R039,2024-03-01,225165.9,75335.52,33.46,0.0,Below Target
I00916,R039,2024-04-01,210778.84,87522.38,41.52,0.0,Below Target
I00917,R039,2024-05-01,224274.41,115862.76,51.66,0.0,Below Target
I00918,R039,2024-06-01,234793.64,107945.06,45.97,0.0,Below Target
I00919,R039,2024-07-01,233736.9,98222.5,42.02,0.0,Below Target
I00920,R039,2024-08-01,229857.35,77183.92,33.58,0.0,Below Target
I00921,R039,2024-09-01,205415.17,76978.5,37.47,0.0,Below Target
I00922,R039,2024-10-01,244999.66,107018.04,43.68,0.0,Below Target
I00923,R039,2024-11-01,257380.56,109926.63,42.71,0.0,Below Target
I00924,R039,2024-12-01,256014.6,102768.11,40.14,0.0,Below Target
I00925,R039,2025-01-01,202537.81,106413.19,52.54,0.0,Below Target
I00926,R039,2025-02-01,203626.8,88204.85,43.32,0.0,Below Target
I00927,R039,2025-03-01,221597.47,75595.61,34.11,0.0,Below Target
I00928,R039,2025-04-01,225436.14,100335.69,44.51,0.0,Below Target
I00929,R039,2025-05-01,222278.16,113761.36,51.18,0.0,Below Target
I00930,R039,2025-06-01,248418.38,85261.82,34.32,0.0,Below Target
I00931,R039,2025-07-01,225128.49,86887.09,38.59,0.0,Below Target
I00932,R039,2025-08-01,203328.86,87053.29000000001,42.81,0.0,Below Target
I00933,R039,2025-09-01,199469.32,79690.58,39.95,0.0,Below Target
I00934,R039,2025-10-01,241916.34,107221.08,44.32,0.0,Below Target
I00935,R039,2025-11-01,225799.51,90316.5,40.0,0.0,Below Target
I00936,R039,2025-12-01,254410.39,141327.52000000002,55.55,0.0,Below Target
I00937,R040,2024-01-01,197701.31,80898.67,40.92,0.0,Below Target
I00938,R040,2024-02-01,175759.34,71703.47,40.8,0.0,Below Target
I00939,R040,2024-03-01,203697.76,93771.15,46.03,0.0,Below Target
I00940,R040,2024-04-01,211210.36,77919.32,36.89,0.0,Below Target
I00941,R040,2024-05-01,204583.56,93918.3,45.91,0.0,Below Target
I00942,R040,2024-06-01,224378.61,82251.81,36.66,0.0,Below Target
I00943,R040,2024-07-01,224494.67,85851.62,38.24,0.0,Below Target
I00944,R040,2024-08-01,229697.23,79842.09,34.76,0.0,Below Target
I00945,R040,2024-09-01,215520.16,81776.65,37.94,0.0,Below Target
I00946,R040,2024-10-01,225853.58,140550.13,62.23,0.0,Below Target
I00947,R040,2024-11-01,244125.71,61221.94,25.08,0.0,Below Target
I00948,R040,2024-12-01,265835.09,133282.04,50.14,0.0,Below Target
I00949,R040,2025-01-01,199671.14,89759.18,44.95,0.0,Below Target
I00950,R040,2025-02-01,200072.89,67829.69,33.9,0.0,Below Target
I00951,R040,2025-03-01,212437.55,91273.52,42.96,0.0,Below Target
I00952,R040,2025-04-01,206281.43,62292.82,30.2,0.0,Below Target
I00953,R040,2025-05-01,215729.97,93137.92,43.17,0.0,Below Target
I00954,R040,2025-06-01,226296.04,92134.68000000001,40.71,0.0,Below Target
I00955,R040,2025-07-01,228475.78,99638.86,43.61,0.0,Below Target
I00956,R040,2025-08-01,229666.67,105738.68000000001,46.04,0.0,Below Target
I00957,R040,2025-09-01,228418.87,90177.94,39.48,0.0,Below Target
I00958,R040,2025-10-01,229292.05,98721.7,43.06,0.0,Below Target
I00959,R040,2025-11-01,226397.95,68725.52,30.36,0.0,Below Target
I00960,R040,2025-12-01,243968.48,95553.54999999999,39.17,0.0,Below Target
I00961,R041,2024-01-01,217356.58,86705.87,39.89,0.0,Below Target
I00962,R041,2024-02-01,219270.86,79839.22,36.41,0.0,Below Target
I00963,R041,2024-03-01,222795.02,76295.55,34.24,0.0,Below Target
I00964,R041,2024-04-01,240920.79,107723.09,44.71,0.0,Below Target
I00965,R041,2024-05-01,241016.58,83875.95,34.8,0.0,Below Target
I00966,R041,2024-06-01,258976.93,113570.94,43.85,0.0,Below Target
I00967,R041,2024-07-01,273404.54,93126.94,34.06,0.0,Below Target
I00968,R041,2024-08-01,267316.36,99650.01999999999,37.28,0.0,Below Target
I00969,R041,2024-09-01,236893.79,81557.3,34.43,0.0,Below Target
I00970,R041,2024-10-01,255894.23,95082.41,37.16,0.0,Below Target
I00971,R041,2024-11-01,257258.32,66788.13,25.96,0.0,Below Target
I00972,R041,2024-12-01,301106.96,73419.48,24.38,0.0,Below Target
I00973,R041,2025-01-01,216748.78,111723.93,51.55,0.0,Below Target
I00974,R041,2025-02-01,236823.06,85202.31999999999,35.98,0.0,Below Target
I00975,R041,2025-03-01,240009.1,86437.87,36.01,0.0,Below Target
I00976,R041,2025-04-01,237033.82,95247.04,40.18,0.0,Below Target
I00977,R041,2025-05-01,230726.41,85992.76,37.27,0.0,Below Target
I00978,R041,2025-06-01,256149.54,86155.72,33.63,0.0,Below Target
I00979,R041,2025-07-01,279447.91,128696.95,46.05,0.0,Below Target
I00980,R041,2025-08-01,264109.11,100306.9,37.98,0.0,Below Target
I00981,R041,2025-09-01,244762.07,75793.53,30.97,0.0,Below Target
I00982,R041,2025-10-01,271277.65,147298.64,54.3,0.0,Below Target
I00983,R041,2025-11-01,282160.8,149450.86,52.97,0.0,Below Target
I00984,R041,2025-12-01,302824.51,110286.45,36.42,0.0,Below Target
I00985,R042,2024-01-01,179149.17,73407.14,40.98,0.0,Below Target
I00986,R042,2024-02-01,194866.72,64978.119999999995,33.34,0.0,Below Target
I00987,R042,2024-03-01,189620.31,56422.42,29.76,0.0,Below Target
I00988,R042,2024-04-01,192111.34,84198.14,43.83,0.0,Below Target
I00989,R042,2024-05-01,219710.95,90031.87,40.98,0.0,Below Target
I00990,R042,2024-06-01,228613.86,85050.05,37.2,0.0,Below Target
I00991,R042,2024-07-01,221813.35,99537.46,44.87,0.0,Below Target
I00992,R042,2024-08-01,218981.79,90153.75,41.17,0.0,Below Target
I00993,R042,2024-09-01,214657.8,110860.62,51.65,0.0,Below Target
I00994,R042,2024-10-01,236243.58,101869.99,43.12,0.0,Below Target
I00995,R042,2024-11-01,244346.71,97292.4,39.82,0.0,Below Target
I00996,R042,2024-12-01,251245.19,86770.04,34.54,0.0,Below Target
I00997,R042,2025-01-01,190588.61,62170.8,32.62,0.0,Below Target
I00998,R042,2025-02-01,197826.35,60461.479999999996,30.56,0.0,Below Target
I00999,R042,2025-03-01,192960.93,88345.88,45.78,0.0,Below Target
I01000,R042,2025-04-01,212123.73,88507.01000000001,41.72,0.0,Below Target
I01001,R042,2025-05-01,202704.98,71601.29,35.32,0.0,Below Target
I01002,R042,2025-06-01,227123.59,99456.41,43.79,0.0,Below Target
I01003,R042,2025-07-01,229294.81,59803.97,26.08,0.0,Below Target
I01004,R042,2025-08-01,220298.27,89032.88,40.41,0.0,Below Target
I01005,R042,2025-09-01,210129.58,80892.32,38.5,0.0,Below Target
I01006,R042,2025-10-01,236199.07,68575.42,29.03,0.0,Below Target
I01007,R042,2025-11-01,238475.16,92082.17,38.61,0.0,Below Target
I01008,R042,2025-12-01,250542.65,79353.23,31.67,0.0,Below Target
I01009,R043,2024-01-01,121116.08,58541.82,48.34,0.0,Below Target
I01010,R043,2024-02-01,125431.9,73358.52,58.48,0.0,Below Target
I01011,R043,2024-03-01,135986.3,53288.1,39.19,0.0,Below Target
I01012,R043,2024-04-01,125194.61,65906.77,52.64,0.0,Below Target
I01013,R043,2024-05-01,137071.22,57469.659999999996,41.93,0.0,Below Target
I01014,R043,2024-06-01,128947.14,55882.11,43.34,0.0,Below Target
I01015,R043,2024-07-01,145190.35,50287.97,34.64,0.0,Below Target
I01016,R043,2024-08-01,137969.88,58393.89,42.32,0.0,Below Target
I01017,R043,2024-09-01,137183.54,44778.2,32.64,0.0,Below Target
I01018,R043,2024-10-01,141004.49,52554.69,37.27,0.0,Below Target
I01019,R043,2024-11-01,147017.23,64872.03,44.13,0.0,Below Target
I01020,R043,2024-12-01,157009.62,62208.25,39.62,0.0,Below Target
I01021,R043,2025-01-01,119907.43,47683.72,39.77,0.0,Below Target
I01022,R043,2025-02-01,126801.84,39356.54,31.04,0.0,Below Target
I01023,R043,2025-03-01,126078.68,44999.85,35.69,0.0,Below Target
I01024,R043,2025-04-01,134545.53,42240.84,31.4,0.0,Below Target
I01025,R043,2025-05-01,139934.87,49665.87,35.49,0.0,Below Target
I01026,R043,2025-06-01,137551.01,34396.71,25.01,0.0,Below Target
I01027,R043,2025-07-01,145067.91,40412.05,27.86,0.0,Below Target
I01028,R043,2025-08-01,134256.63,53746.63,40.03,0.0,Below Target
I01029,R043,2025-09-01,131474.2,43146.67,32.82,0.0,Below Target
I01030,R043,2025-10-01,151664.01,68707.35,45.3,0.0,Below Target
I01031,R043,2025-11-01,138409.96,59060.12,42.67,0.0,Below Target
I01032,R043,2025-12-01,157616.44,41808.83,26.53,0.0,Below Target
I01033,R044,2024-01-01,146027.82,50586.47,34.64,0.0,Below Target
I01034,R044,2024-02-01,151839.84,61637.96,40.59,0.0,Below Target
I01035,R044,2024-03-01,160071.94,51917.1,32.43,0.0,Below Target
I01036,R044,2024-04-01,161588.61,67755.91,41.93,0.0,Below Target
I01037,R044,2024-05-01,165233.25,58859.2,35.62,0.0,Below Target
I01038,R044,2024-06-01,165148.93,65707.70999999999,39.79,0.0,Below Target
I01039,R044,2024-07-01,184887.25,74343.63,40.21,0.0,Below Target
I01040,R044,2024-08-01,177839.21,82056.25,46.14,0.0,Below Target
I01041,R044,2024-09-01,168146.82,66551.18,39.58,0.0,Below Target
I01042,R044,2024-10-01,176781.23,57328.520000000004,32.43,0.0,Below Target
I01043,R044,2024-11-01,180767.73,106678.41,59.01,0.0,Below Target
I01044,R044,2024-12-01,194302.41,72137.18,37.13,0.0,Below Target
I01045,R044,2025-01-01,139992.03,50519.03,36.09,0.0,Below Target
I01046,R044,2025-02-01,158614.07,82330.92,51.91,0.0,Below Target
I01047,R044,2025-03-01,152711.6,64427.689999999995,42.19,0.0,Below Target
I01048,R044,2025-04-01,154877.94,46044.3,29.73,0.0,Below Target
I01049,R044,2025-05-01,187746.84,65243.47,34.75,0.0,Below Target
I01050,R044,2025-06-01,169973.0,67680.04000000001,39.82,0.0,Below Target
I01051,R044,2025-07-01,168081.26,78985.71,46.99,0.0,Below Target
I01052,R044,2025-08-01,177818.49,78102.02,43.92,0.0,Below Target
I01053,R044,2025-09-01,157324.73,45595.11,28.98,0.0,Below Target
I01054,R044,2025-10-01,172358.76,57630.68,33.44,0.0,Below Target
I01055,R044,2025-11-01,191136.15,51238.17,26.81,0.0,Below Target
I01056,R044,2025-12-01,211387.52,70494.87,33.35,0.0,Below Target
I01057,R045,2024-01-01,137659.83,53379.58,38.78,0.0,Below Target
I01058,R045,2024-02-01,140523.3,56624.850000000006,40.3,0.0,Below Target
I01059,R045,2024-03-01,151760.93,66426.83,43.77,0.0,Below Target
I01060,R045,2024-04-01,146365.42,91340.51,62.41,0.0,Below Target
I01061,R045,2024-05-01,143439.77,65281.619999999995,45.51,0.0,Below Target
I01062,R045,2024-06-01,150894.71,68519.98999999999,45.41,0.0,Below Target
I01063,R045,2024-07-01,166808.21,56906.0,34.11,0.0,Below Target
I01064,R045,2024-08-01,149239.88,79813.83,53.48,0.0,Below Target
I01065,R045,2024-09-01,150081.14,43071.5,28.7,0.0,Below Target
I01066,R045,2024-10-01,161287.54,81557.14,50.57,0.0,Below Target
I01067,R045,2024-11-01,171034.23,59773.76,34.95,0.0,Below Target
I01068,R045,2024-12-01,181092.56,48072.29,26.55,0.0,Below Target
I01069,R045,2025-01-01,135702.66,45359.630000000005,33.43,0.0,Below Target
I01070,R045,2025-02-01,152739.13,52363.12,34.28,0.0,Below Target
I01071,R045,2025-03-01,148167.36,51751.2,34.93,0.0,Below Target
I01072,R045,2025-04-01,156637.0,64975.82000000001,41.48,0.0,Below Target
I01073,R045,2025-05-01,152747.11,70432.62,46.11,0.0,Below Target
I01074,R045,2025-06-01,167677.5,68245.05,40.7,0.0,Below Target
I01075,R045,2025-07-01,153221.63,49977.200000000004,32.62,0.0,Below Target
I01076,R045,2025-08-01,163099.86,95986.6,58.85,0.0,Below Target
I01077,R045,2025-09-01,150332.57,66645.64,44.33,0.0,Below Target
I01078,R045,2025-10-01,167394.48,76699.36,45.82,0.0,Below Target
I01079,R045,2025-11-01,171923.19,64960.65,37.78,0.0,Below Target
I01080,R045,2025-12-01,185936.12,59983.57,32.26,0.0,Below Target
I01081,R046,2024-01-01,130000.08,52656.6,40.51,0.0,Below Target
I01082,R046,2024-02-01,131325.58,53120.03,40.45,0.0,Below Target
I01083,R046,2024-03-01,144086.92,52463.630000000005,36.41,0.0,Below Target
I01084,R046,2024-04-01,137970.59,49472.71,35.86,0.0,Below Target
I01085,R046,2024-05-01,136422.93,62271.18,45.65,0.0,Below Target
I01086,R046,2024-06-01,136459.41,54686.58,40.08,0.0,Below Target
I01087,R046,2024-07-01,163438.9,59863.58,36.63,0.0,Below Target
I01088,R046,2024-08-01,152536.51,69586.56,45.62,0.0,Below Target
I01089,R046,2024-09-01,148227.99,66568.23,44.91,0.0,Below Target
I01090,R046,2024-10-01,152948.54,76051.32,49.72,0.0,Below Target
I01091,R046,2024-11-01,164131.19,60766.44,37.02,0.0,Below Target
I01092,R046,2024-12-01,165561.44,63883.51,38.59,0.0,Below Target
I01093,R046,2025-01-01,127326.8,62901.04,49.4,0.0,Below Target
I01094,R046,2025-02-01,122113.02,76872.19,62.95,0.0,Below Target
I01095,R046,2025-03-01,128090.75,58492.22,45.66,0.0,Below Target
I01096,R046,2025-04-01,135205.77,59972.21,44.36,0.0,Below Target
I01097,R046,2025-05-01,141826.09,51935.55,36.62,0.0,Below Target
I01098,R046,2025-06-01,157777.46,50437.3,31.97,0.0,Below Target
I01099,R046,2025-07-01,167795.28,73989.39,44.1,0.0,Below Target
I01100,R046,2025-08-01,157888.23,61374.130000000005,38.87,0.0,Below Target
I01101,R046,2025-09-01,126926.43,89562.45000000001,70.56,0.0,Below Target
I01102,R046,2025-10-01,166098.53,80444.45,48.43,0.0,Below Target
I01103,R046,2025-11-01,159558.13,69092.87,43.3,0.0,Below Target
I01104,R046,2025-12-01,159695.26,63180.26,39.56,0.0,Below Target
I01105,R047,2024-01-01,176803.56,87470.37,49.47,0.0,Below Target
I01106,R047,2024-02-01,166904.54,93534.75,56.04,0.0,Below Target
I01107,R047,2024-03-01,171704.32,77169.47,44.94,0.0,Below Target
I01108,R047,2024-04-01,179970.69,100872.14,56.05,0.0,Below Target
I01109,R047,2024-05-01,186821.32,92027.45999999999,49.26,0.0,Below Target
I01110,R047,2024-06-01,197559.0,66114.85,33.47,0.0,Below Target
I01111,R047,2024-07-01,198067.46,76238.36,38.49,0.0,Below Target
I01112,R047,2024-08-01,189612.24,122191.28,64.44,0.0,Below Target
I01113,R047,2024-09-01,172900.99,67965.12,39.31,0.0,Below Target
I01114,R047,2024-10-01,193724.81,107980.81,55.74,0.0,Below Target
I01115,R047,2024-11-01,210988.29,86729.51000000001,41.11,0.0,Below Target
I01116,R047,2024-12-01,213211.91,123731.7,58.03,0.0,Below Target
I01117,R047,2025-01-01,165218.4,88053.9,53.3,0.0,Below Target
I01118,R047,2025-02-01,169663.88,72622.41,42.8,0.0,Below Target
I01119,R047,2025-03-01,186736.07,95326.94,51.05,0.0,Below Target
I01120,R047,2025-04-01,186005.99,73454.87,39.49,0.0,Below Target
I01121,R047,2025-05-01,195892.48,54092.87,27.61,0.0,Below Target
I01122,R047,2025-06-01,191118.78,87063.74,45.55,0.0,Below Target
I01123,R047,2025-07-01,209306.88,63128.049999999996,30.16,0.0,Below Target
I01124,R047,2025-08-01,191085.76,70192.21,36.73,0.0,Below Target
I01125,R047,2025-09-01,181162.58,85673.76,47.29,0.0,Below Target
I01126,R047,2025-10-01,210688.72,133682.54,63.45,0.0,Below Target
I01127,R047,2025-11-01,203652.27,96827.05,47.55,0.0,Below Target
I01128,R047,2025-12-01,210049.52,87478.53,41.65,0.0,Below Target
I01129,R048,2024-01-01,154405.21,44870.630000000005,29.06,0.0,Below Target
I01130,R048,2024-02-01,163580.0,59106.81,36.13,0.0,Below Target
I01131,R048,2024-03-01,173818.33,70021.25,40.28,0.0,Below Target
I01132,R048,2024-04-01,183968.9,83385.94,45.33,0.0,Below Target
I01133,R048,2024-05-01,191977.86,66650.41,34.72,0.0,Below Target
I01134,R048,2024-06-01,189971.7,92155.27,48.51,0.0,Below Target
I01135,R048,2024-07-01,200590.91,67240.88,33.52,0.0,Below Target
I01136,R048,2024-08-01,197750.15,64252.36,32.49,0.0,Below Target
I01137,R048,2024-09-01,177651.14,64042.770000000004,36.05,0.0,Below Target
I01138,R048,2024-10-01,189088.81,69844.65,36.94,0.0,Below Target
I01139,R048,2024-11-01,201895.22,93258.88,46.19,0.0,Below Target
I01140,R048,2024-12-01,197525.94,125919.34000000001,63.75,0.0,Below Target
I01141,R048,2025-01-01,162156.93,62290.3,38.41,0.0,Below Target
I01142,R048,2025-02-01,165399.55,90386.5,54.65,0.0,Below Target
I01143,R048,2025-03-01,187147.39,79601.27,42.53,0.0,Below Target
I01144,R048,2025-04-01,188921.05,70322.78,37.22,0.0,Below Target
I01145,R048,2025-05-01,184004.4,99065.65,53.84,0.0,Below Target
I01146,R048,2025-06-01,197167.39,56033.74,28.42,0.0,Below Target
I01147,R048,2025-07-01,192007.77,90009.69,46.88,0.0,Below Target
I01148,R048,2025-08-01,195112.49,95618.12,49.01,0.0,Below Target
I01149,R048,2025-09-01,170229.99,75791.98,44.52,0.0,Below Target
I01150,R048,2025-10-01,192384.64,80869.6,42.04,0.0,Below Target
I01151,R048,2025-11-01,206917.26,65450.44,31.63,0.0,Below Target
I01152,R048,2025-12-01,213804.53,90669.92,42.41,0.0,Below Target
I01153,R049,2024-01-01,189404.39,89206.38,47.1,0.0,Below Target
I01154,R049,2024-02-01,188625.24,56658.93,30.04,0.0,Below Target
I01155,R049,2024-03-01,200540.94,76878.98,38.34,0.0,Below Target
I01156,R049,2024-04-01,203351.8,89035.12,43.78,0.0,Below Target
I01157,R049,2024-05-01,207636.18,92002.56,44.31,0.0,Below Target
I01158,R049,2024-06-01,219193.19,115926.05,52.89,0.0,Below Target
I01159,R049,2024-07-01,230705.31,107132.19,46.44,0.0,Below Target
I01160,R049,2024-08-01,195519.86,61962.18,31.69,0.0,Below Target
I01161,R049,2024-09-01,197224.03,105223.20999999999,53.35,0.0,Below Target
I01162,R049,2024-10-01,219740.56,106939.11,48.67,0.0,Below Target
I01163,R049,2024-11-01,241356.47,105918.70999999999,43.88,0.0,Below Target
I01164,R049,2024-12-01,248335.45,87142.22,35.09,0.0,Below Target
I01165,R049,2025-01-01,174202.34,75466.72,43.32,0.0,Below Target
I01166,R049,2025-02-01,183040.95,61335.71,33.51,0.0,Below Target
I01167,R049,2025-03-01,201627.84,92650.37,45.95,0.0,Below Target
I01168,R049,2025-04-01,196775.69,113657.26999999999,57.76,0.0,Below Target
I01169,R049,2025-05-01,209827.39,63273.92,30.16,0.0,Below Target
I01170,R049,2025-06-01,205636.9,66286.97,32.23,0.0,Below Target
I01171,R049,2025-07-01,219510.67,95801.56,43.64,0.0,Below Target
I01172,R049,2025-08-01,218776.97,100262.25,45.83,0.0,Below Target
I01173,R049,2025-09-01,183390.06,88574.34,48.3,0.0,Below Target
I01174,R049,2025-10-01,234988.76,77578.11,33.01,0.0,Below Target
I01175,R049,2025-11-01,246474.96,66134.25,26.83,0.0,Below Target
I01176,R049,2025-12-01,221157.23,87163.55,39.41,0.0,Below Target
I01177,R050,2024-01-01,155797.22,46706.31,29.98,0.0,Below Target
I01178,R050,2024-02-01,151764.22,76876.39,50.66,0.0,Below Target
I01179,R050,2024-03-01,156339.81,64639.48,41.35,0.0,Below Target
I01180,R050,2024-04-01,181741.63,67127.69,36.94,0.0,Below Target
I01181,R050,2024-05-01,194291.75,71714.66,36.91,0.0,Below Target
I01182,R050,2024-06-01,184408.51,63665.94,34.52,0.0,Below Target
I01183,R050,2024-07-01,199744.42,56930.31,28.5,0.0,Below Target
I01184,R050,2024-08-01,181355.21,65118.39,35.91,0.0,Below Target
I01185,R050,2024-09-01,169045.59,76015.4,44.97,0.0,Below Target
I01186,R050,2024-10-01,188432.2,92343.08,49.01,0.0,Below Target
I01187,R050,2024-11-01,193696.76,79647.95999999999,41.12,0.0,Below Target
I01188,R050,2024-12-01,213823.27,107527.61,50.29,0.0,Below Target
I01189,R050,2025-01-01,164072.79,68898.58,41.99,0.0,Below Target
I01190,R050,2025-02-01,154864.73,75782.05,48.93,0.0,Below Target
I01191,R050,2025-03-01,161649.1,70993.95,43.92,0.0,Below Target
I01192,R050,2025-04-01,182222.54,72853.72,39.98,0.0,Below Target
I01193,R050,2025-05-01,178623.55,86467.16,48.41,0.0,Below Target
I01194,R050,2025-06-01,190330.11,63724.78,33.48,0.0,Below Target
I01195,R050,2025-07-01,181807.69,82952.11,45.63,0.0,Below Target
I01196,R050,2025-08-01,181386.89,65660.22,36.2,0.0,Below Target
I01197,R050,2025-09-01,186810.89,68148.07,36.48,0.0,Below Target
I01198,R050,2025-10-01,197703.66,94448.83,47.77,0.0,Below Target
I01199,R050,2025-11-01,211096.24,64513.01,30.56,0.0,Below Target
I01200,R050,2025-12-01,208454.7,86794.48,41.64,0.0,Below Target
I01201,R051,2024-01-01,196890.7,91261.95,46.35,0.0,Below Target
I01202,R051,2024-02-01,196744.27,98379.62000000001,50.0,0.0,Below Target
I01203,R051,2024-03-01,206772.49,54902.11,26.55,0.0,Below Target
I01204,R051,2024-04-01,202420.29,77185.35,38.13,0.0,Below Target
I01205,R051,2024-05-01,221382.27,73258.94,33.09,0.0,Below Target
I01206,R051,2024-06-01,217517.47,79094.83,36.36,0.0,Below Target
I01207,R051,2024-07-01,240481.98,69303.23,28.82,0.0,Below Target
I01208,R051,2024-08-01,221773.05,125414.8,56.55,0.0,Below Target
I01209,R051,2024-09-01,212095.42,87010.03,41.02,0.0,Below Target
I01210,R051,2024-10-01,239538.82,86339.87,36.04,0.0,Below Target
I01211,R051,2024-11-01,238866.4,126998.95999999999,53.17,0.0,Below Target
I01212,R051,2024-12-01,241747.09,116154.71,48.05,0.0,Below Target
I01213,R051,2025-01-01,175728.67,87214.83,49.63,0.0,Below Target
I01214,R051,2025-02-01,186381.05,90174.97,48.38,0.0,Below Target
I01215,R051,2025-03-01,188611.03,84479.85,44.79,0.0,Below Target
I01216,R051,2025-04-01,208791.8,89963.01999999999,43.09,0.0,Below Target
I01217,R051,2025-05-01,223097.51,130198.63,58.36,0.0,Below Target
I01218,R051,2025-06-01,214752.57,126136.73,58.74,0.0,Below Target
I01219,R051,2025-07-01,246491.94,132909.63,53.92,0.0,Below Target
I01220,R051,2025-08-01,209212.63,128878.27,61.6,0.0,Below Target
I01221,R051,2025-09-01,218177.74,81424.7,37.32,0.0,Below Target
I01222,R051,2025-10-01,231858.51,59800.63,25.79,0.0,Below Target
I01223,R051,2025-11-01,234035.38,76756.18,32.8,0.0,Below Target
I01224,R051,2025-12-01,248714.94,127559.29000000001,51.29,0.0,Below Target
I01225,R052,2024-01-01,190184.26,81597.33,42.9,0.0,Below Target
I01226,R052,2024-02-01,192042.1,88629.45000000001,46.15,0.0,Below Target
I01227,R052,2024-03-01,201084.86,76627.5,38.11,0.0,Below Target
I01228,R052,2024-04-01,192175.93,92360.03,48.06,0.0,Below Target
I01229,R052,2024-05-01,209534.04,72053.11,34.39,0.0,Below Target
I01230,R052,2024-06-01,216175.42,90726.47,41.97,0.0,Below Target
I01231,R052,2024-07-01,220594.22,112569.71,51.03,0.0,Below Target
I01232,R052,2024-08-01,199471.11,75276.24,37.74,0.0,Below Target
I01233,R052,2024-09-01,206295.31,62281.64,30.19,0.0,Below Target
I01234,R052,2024-10-01,219966.95,103650.93000000001,47.12,0.0,Below Target
I01235,R052,2024-11-01,236939.04,92296.9,38.95,0.0,Below Target
I01236,R052,2024-12-01,235895.52,96965.99,41.11,0.0,Below Target
I01237,R052,2025-01-01,170095.04,62042.34,36.48,0.0,Below Target
I01238,R052,2025-02-01,177153.06,81706.72,46.12,0.0,Below Target
I01239,R052,2025-03-01,196646.73,98473.59,50.08,0.0,Below Target
I01240,R052,2025-04-01,208924.83,93905.63,44.95,0.0,Below Target
I01241,R052,2025-05-01,202451.68,90150.44,44.53,0.0,Below Target
I01242,R052,2025-06-01,211788.64,71580.97,33.8,0.0,Below Target
I01243,R052,2025-07-01,195741.29,77181.01,39.43,0.0,Below Target
I01244,R052,2025-08-01,193269.55,67155.8,34.75,0.0,Below Target
I01245,R052,2025-09-01,207397.88,55068.39,26.55,0.0,Below Target
I01246,R052,2025-10-01,221069.96,106223.11,48.05,0.0,Below Target
I01247,R052,2025-11-01,233267.88,115992.0,49.72,0.0,Below Target
I01248,R052,2025-12-01,218476.51,112614.07,51.55,0.0,Below Target
I01249,R053,2024-01-01,165305.34,55389.130000000005,33.51,0.0,Below Target
I01250,R053,2024-02-01,157693.7,86483.51,54.84,0.0,Below Target
I01251,R053,2024-03-01,165683.98,79922.62,48.24,0.0,Below Target
I01252,R053,2024-04-01,179560.37,59648.75,33.22,0.0,Below Target
I01253,R053,2024-05-01,180577.96,88404.16,48.96,0.0,Below Target
I01254,R053,2024-06-01,195800.97,88631.9,45.27,0.0,Below Target
I01255,R053,2024-07-01,192155.64,79258.15,41.25,0.0,Below Target
I01256,R053,2024-08-01,196497.82,98388.40000000001,50.07,0.0,Below Target
I01257,R053,2024-09-01,175315.79,62918.869999999995,35.89,0.0,Below Target
I01258,R053,2024-10-01,199505.09,87988.04000000001,44.1,0.0,Below Target
I01259,R053,2024-11-01,181015.49,93499.3,51.65,0.0,Below Target
I01260,R053,2024-12-01,208149.83,83389.8,40.06,0.0,Below Target
I01261,R053,2025-01-01,147816.58,70047.11,47.39,0.0,Below Target
I01262,R053,2025-02-01,162158.22,75747.78,46.71,0.0,Below Target
I01263,R053,2025-03-01,171051.62,79270.55,46.34,0.0,Below Target
I01264,R053,2025-04-01,181588.96,94550.42,52.07,0.0,Below Target
I01265,R053,2025-05-01,181832.03,85773.86,47.17,0.0,Below Target
I01266,R053,2025-06-01,178033.23,62351.880000000005,35.02,0.0,Below Target
I01267,R053,2025-07-01,183372.68,77442.15,42.23,0.0,Below Target
I01268,R053,2025-08-01,186609.61,89596.93,48.01,0.0,Below Target
I01269,R053,2025-09-01,173708.19,95419.51,54.93,0.0,Below Target
I01270,R053,2025-10-01,199264.22,85739.36,43.03,0.0,Below Target
I01271,R053,2025-11-01,195718.27,129334.29000000001,66.08,0.0,Below Target
I01272,R053,2025-12-01,217445.89,85526.44,39.33,0.0,Below Target
I01273,R054,2024-01-01,126527.85,50120.92,39.61,0.0,Below Target
I01274,R054,2024-02-01,137640.31,64268.5,46.69,0.0,Below Target
I01275,R054,2024-03-01,140164.17,54046.380000000005,38.56,0.0,Below Target
I01276,R054,2024-04-01,152381.14,58376.659999999996,38.31,0.0,Below Target
I01277,R054,2024-05-01,161299.89,54681.78,33.9,0.0,Below Target
I01278,R054,2024-06-01,153927.08,46128.020000000004,29.97,0.0,Below Target
I01279,R054,2024-07-01,167307.44,62542.83,37.38,0.0,Below Target
I01280,R054,2024-08-01,153126.96,57798.86,37.75,0.0,Below Target
I01281,R054,2024-09-01,149598.9,73925.79000000001,49.42,0.0,Below Target
I01282,R054,2024-10-01,157632.91,52553.399999999994,33.34,0.0,Below Target
I01283,R054,2024-11-01,158736.9,75663.62,47.67,0.0,Below Target
I01284,R054,2024-12-01,184033.35,91437.75,49.69,0.0,Below Target
I01285,R054,2025-01-01,130852.39,51904.59,39.67,0.0,Below Target
I01286,R054,2025-02-01,132023.29,67629.47,51.23,0.0,Below Target
I01287,R054,2025-03-01,137302.33,64964.36,47.31,0.0,Below Target
I01288,R054,2025-04-01,156610.9,64881.9,41.43,0.0,Below Target
I01289,R054,2025-05-01,148965.31,61217.92,41.1,0.0,Below Target
I01290,R054,2025-06-01,151713.14,68646.70999999999,45.25,0.0,Below Target
I01291,R054,2025-07-01,161862.19,55636.3,34.37,0.0,Below Target
I01292,R054,2025-08-01,163601.96,69240.8,42.32,0.0,Below Target
I01293,R054,2025-09-01,145354.84,52615.43,36.2,0.0,Below Target
I01294,R054,2025-10-01,162262.75,57092.14,35.18,0.0,Below Target
I01295,R054,2025-11-01,169493.53,83936.82,49.52,0.0,Below Target
I01296,R054,2025-12-01,172636.52,56529.31,32.74,0.0,Below Target
I01297,R055,2024-01-01,169597.87,69945.21,41.24,0.0,Below Target
I01298,R055,2024-02-01,173525.08,74612.25,43.0,0.0,Below Target
I01299,R055,2024-03-01,194997.05,99038.02,50.79,0.0,Below Target
I01300,R055,2024-04-01,194776.0,75063.65000000001,38.54,0.0,Below Target
I01301,R055,2024-05-01,199074.01,91187.07,45.81,0.0,Below Target
I01302,R055,2024-06-01,196413.95,78000.44,39.71,0.0,Below Target
I01303,R055,2024-07-01,214504.04,121822.07,56.79,0.0,Below Target
I01304,R055,2024-08-01,206649.56,79649.2,38.54,0.0,Below Target
I01305,R055,2024-09-01,189739.39,66276.29,34.93,0.0,Below Target
I01306,R055,2024-10-01,206767.42,114374.62,55.32,0.0,Below Target
I01307,R055,2024-11-01,225706.36,78272.59999999999,34.68,0.0,Below Target
I01308,R055,2024-12-01,214052.53,124080.14,57.97,0.0,Below Target
I01309,R055,2025-01-01,171992.23,62345.149999999994,36.25,0.0,Below Target
I01310,R055,2025-02-01,183796.64,69293.59,37.7,0.0,Below Target
I01311,R055,2025-03-01,189068.67,81880.59999999999,43.31,0.0,Below Target
I01312,R055,2025-04-01,198521.28,60760.71000000001,30.61,0.0,Below Target
I01313,R055,2025-05-01,181878.35,78218.1,43.01,0.0,Below Target
I01314,R055,2025-06-01,191669.6,80836.18000000001,42.17,0.0,Below Target
I01315,R055,2025-07-01,213314.52,103242.07,48.4,0.0,Below Target
I01316,R055,2025-08-01,207350.83,117044.48000000001,56.45,0.0,Below Target
I01317,R055,2025-09-01,194482.9,64646.71000000001,33.24,0.0,Below Target
I01318,R055,2025-10-01,212000.49,85070.45999999999,40.13,0.0,Below Target
I01319,R055,2025-11-01,224327.08,94742.05,42.23,0.0,Below Target
I01320,R055,2025-12-01,225796.24,74321.99,32.92,0.0,Below Target
I01321,R056,2024-01-01,176461.09,65104.82,36.89,0.0,Below Target
I01322,R056,2024-02-01,177410.09,97429.3,54.92,0.0,Below Target
I01323,R056,2024-03-01,208752.37,101050.41,48.41,0.0,Below Target
I01324,R056,2024-04-01,203783.67,89554.2,43.95,0.0,Below Target
I01325,R056,2024-05-01,221839.68,83966.43,37.85,0.0,Below Target
I01326,R056,2024-06-01,201637.07,101999.15000000001,50.59,0.0,Below Target
I01327,R056,2024-07-01,218127.28,83135.51999999999,38.11,0.0,Below Target
I01328,R056,2024-08-01,204790.12,115982.45000000001,56.63,0.0,Below Target
I01329,R056,2024-09-01,221706.21,70072.58,31.61,0.0,Below Target
I01330,R056,2024-10-01,245023.31,71920.14,29.35,0.0,Below Target
I01331,R056,2024-11-01,242379.84,115818.51999999999,47.78,0.0,Below Target
I01332,R056,2024-12-01,231778.69,100944.37,43.55,0.0,Below Target
I01333,R056,2025-01-01,173093.04,63888.45,36.91,0.0,Below Target
I01334,R056,2025-02-01,186678.35,62122.46,33.28,0.0,Below Target
I01335,R056,2025-03-01,198367.41,63522.01,32.02,0.0,Below Target
I01336,R056,2025-04-01,207411.12,105344.5,50.79,0.0,Below Target
I01337,R056,2025-05-01,213074.48,81102.65,38.06,0.0,Below Target
I01338,R056,2025-06-01,213199.09,76851.95,36.05,0.0,Below Target
I01339,R056,2025-07-01,215019.22,92288.27,42.92,0.0,Below Target
I01340,R056,2025-08-01,207961.57,90798.2,43.66,0.0,Below Target
I01341,R056,2025-09-01,212748.76,90729.27,42.65,0.0,Below Target
I01342,R056,2025-10-01,199917.17,117646.29,58.85,0.0,Below Target
I01343,R056,2025-11-01,231723.19,92746.13,40.02,0.0,Below Target
I01344,R056,2025-12-01,244847.66,100191.2,40.92,0.0,Below Target
I01345,R057,2024-01-01,142876.73,64258.98,44.98,0.0,Below Target
I01346,R057,2024-02-01,153704.0,62938.770000000004,40.95,0.0,Below Target
I01347,R057,2024-03-01,162862.61,57741.42,35.45,0.0,Below Target
I01348,R057,2024-04-01,162709.61,72903.43,44.81,0.0,Below Target
I01349,R057,2024-05-01,181461.59,90834.68,50.06,0.0,Below Target
I01350,R057,2024-06-01,164514.44,68357.93,41.55,0.0,Below Target
I01351,R057,2024-07-01,169165.22,64646.89,38.22,0.0,Below Target
I01352,R057,2024-08-01,167952.82,69759.95,41.54,0.0,Below Target
I01353,R057,2024-09-01,171954.17,58947.32,34.28,0.0,Below Target
I01354,R057,2024-10-01,178043.15,84409.61,47.41,0.0,Below Target
I01355,R057,2024-11-01,169227.25,59561.68,35.2,0.0,Below Target
I01356,R057,2024-12-01,190190.87,83744.03,44.03,0.0,Below Target
I01357,R057,2025-01-01,140697.99,56543.71,40.19,0.0,Below Target
I01358,R057,2025-02-01,158934.41,66131.19,41.61,0.0,Below Target
I01359,R057,2025-03-01,151622.37,90493.89,59.68,0.0,Below Target
I01360,R057,2025-04-01,161284.41,49238.350000000006,30.53,0.0,Below Target
I01361,R057,2025-05-01,155631.33,103942.95999999999,66.79,0.0,Below Target
I01362,R057,2025-06-01,170290.83,76246.70999999999,44.77,0.0,Below Target
I01363,R057,2025-07-01,185334.09,57579.97,31.07,0.0,Below Target
I01364,R057,2025-08-01,165101.13,78749.36,47.7,0.0,Below Target
I01365,R057,2025-09-01,170656.19,87659.18000000001,51.37,0.0,Below Target
I01366,R057,2025-10-01,174046.62,65828.24,37.82,0.0,Below Target
I01367,R057,2025-11-01,183183.13,61796.979999999996,33.74,0.0,Below Target
I01368,R057,2025-12-01,197510.6,58934.950000000004,29.84,0.0,Below Target
I01369,R058,2024-01-01,166705.2,63340.73,38.0,0.0,Below Target
I01370,R058,2024-02-01,175690.66,71956.32999999999,40.96,0.0,Below Target
I01371,R058,2024-03-01,183876.56,71369.23,38.81,0.0,Below Target
I01372,R058,2024-04-01,209804.44,93683.22,44.65,0.0,Below Target
I01373,R058,2024-05-01,210765.84,122891.39,58.31,0.0,Below Target
I01374,R058,2024-06-01,214194.11,88181.87,41.17,0.0,Below Target
I01375,R058,2024-07-01,218349.99,88397.61,40.48,0.0,Below Target
I01376,R058,2024-08-01,214688.71,97806.29000000001,45.56,0.0,Below Target
I01377,R058,2024-09-01,187323.76,74983.93,40.03,0.0,Below Target
I01378,R058,2024-10-01,208586.69,66367.89,31.82,0.0,Below Target
I01379,R058,2024-11-01,221284.91,101702.61,45.96,0.0,Below Target
I01380,R058,2024-12-01,235911.18,108942.92000000001,46.18,0.0,Below Target
I01381,R058,2025-01-01,168385.14,71859.70999999999,42.68,0.0,Below Target
I01382,R058,2025-02-01,171205.38,63712.5,37.21,0.0,Below Target
I01383,R058,2025-03-01,182750.69,66940.3,36.63,0.0,Below Target
I01384,R058,2025-04-01,190551.26,72702.37,38.15,0.0,Below Target
I01385,R058,2025-05-01,199261.49,103131.3,51.76,0.0,Below Target
I01386,R058,2025-06-01,209564.11,82210.98999999999,39.23,0.0,Below Target
I01387,R058,2025-07-01,208575.14,71780.43,34.41,0.0,Below Target
I01388,R058,2025-08-01,218096.25,103815.46,47.6,0.0,Below Target
I01389,R058,2025-09-01,205304.97,90267.23,43.97,0.0,Below Target
I01390,R058,2025-10-01,211024.62,73109.9,34.65,0.0,Below Target
I01391,R058,2025-11-01,227234.69,87214.37,38.38,0.0,Below Target
I01392,R058,2025-12-01,233700.4,69114.49,29.57,0.0,Below Target
I01393,R059,2024-01-01,155459.32,51192.520000000004,32.93,0.0,Below Target
I01394,R059,2024-02-01,164790.01,57036.2,34.61,0.0,Below Target
I01395,R059,2024-03-01,175930.53,63117.44,35.88,0.0,Below Target
I01396,R059,2024-04-01,185403.92,61440.31,33.14,0.0,Below Target
I01397,R059,2024-05-01,199622.81,98339.77,49.26,0.0,Below Target
I01398,R059,2024-06-01,196419.57,78249.78,39.84,0.0,Below Target
I01399,R059,2024-07-01,182766.4,74284.56,40.64,0.0,Below Target
I01400,R059,2024-08-01,176593.37,88969.06,50.38,0.0,Below Target
I01401,R059,2024-09-01,191113.36,79350.93,41.52,0.0,Below Target
I01402,R059,2024-10-01,192861.86,78754.29000000001,40.83,0.0,Below Target
I01403,R059,2024-11-01,196773.94,81403.33,41.37,0.0,Below Target
I01404,R059,2024-12-01,226752.91,120942.64,53.34,0.0,Below Target
I01405,R059,2025-01-01,158016.21,79281.31,50.17,0.0,Below Target
I01406,R059,2025-02-01,163677.53,63880.99,39.03,0.0,Below Target
I01407,R059,2025-03-01,168635.49,93728.39,55.58,0.0,Below Target
I01408,R059,2025-04-01,163746.62,76191.92,46.53,0.0,Below Target
I01409,R059,2025-05-01,176671.14,67425.15,38.16,0.0,Below Target
I01410,R059,2025-06-01,182147.34,56668.399999999994,31.11,0.0,Below Target
I01411,R059,2025-07-01,177876.34,81825.56999999999,46.0,0.0,Below Target
I01412,R059,2025-08-01,189233.56,70721.59,37.37,0.0,Below Target
I01413,R059,2025-09-01,183649.95,51038.65,27.79,0.0,Below Target
I01414,R059,2025-10-01,200877.66,73533.99,36.61,0.0,Below Target
I01415,R059,2025-11-01,196348.89,84134.02,42.85,0.0,Below Target
I01416,R059,2025-12-01,196918.07,103641.16,52.63,0.0,Below Target
I01417,R060,2024-01-01,203722.82,90589.28,44.47,0.0,Below Target
I01418,R060,2024-02-01,202492.53,76834.63,37.94,0.0,Below Target
I01419,R060,2024-03-01,224141.1,115827.92,51.68,0.0,Below Target
I01420,R060,2024-04-01,239130.04,53701.909999999996,22.46,0.0,Below Target
I01421,R060,2024-05-01,232794.45,95373.97,40.97,0.0,Below Target
I01422,R060,2024-06-01,241632.47,113483.37000000001,46.97,0.0,Below Target
I01423,R060,2024-07-01,226585.73,85649.59,37.8,0.0,Below Target
I01424,R060,2024-08-01,240765.72,93184.04,38.7,0.0,Below Target
I01425,R060,2024-09-01,250716.55,122229.87,48.75,0.0,Below Target
I01426,R060,2024-10-01,256912.27,94385.91,36.74,0.0,Below Target
I01427,R060,2024-11-01,254317.3,107566.98,42.3,0.0,Below Target
I01428,R060,2024-12-01,263593.37,96316.97,36.54,0.0,Below Target
I01429,R060,2025-01-01,206217.14,91578.78,44.41,0.0,Below Target
I01430,R060,2025-02-01,217497.84,108635.29000000001,49.95,0.0,Below Target
I01431,R060,2025-03-01,217490.04,115800.32999999999,53.24,0.0,Below Target
I01432,R060,2025-04-01,229316.38,113607.5,49.54,0.0,Below Target
I01433,R060,2025-05-01,219471.52,69516.27,31.67,0.0,Below Target
I01434,R060,2025-06-01,250206.1,114334.48,45.7,0.0,Below Target
I01435,R060,2025-07-01,238361.94,81953.88,34.38,0.0,Below Target
I01436,R060,2025-08-01,250773.39,123350.49,49.19,0.0,Below Target
I01437,R060,2025-09-01,238880.45,101020.85,42.29,0.0,Below Target
I01438,R060,2025-10-01,255948.65,110577.28,43.2,0.0,Below Target
I01439,R060,2025-11-01,259805.47,90591.64,34.87,0.0,Below Target
I01440,R060,2025-12-01,294146.58,156727.25,53.28,0.0,Below Target
I01441,R061,2024-01-01,195064.6,86599.24,44.4,0.0,Below Target
I01442,R061,2024-02-01,220545.43,78045.08,35.39,0.0,Below Target
I01443,R061,2024-03-01,219903.86,96203.20999999999,43.75,0.0,Below Target
I01444,R061,2024-04-01,225334.5,71411.17,31.69,0.0,Below Target
I01445,R061,2024-05-01,228627.89,80021.2,35.0,0.0,Below Target
I01446,R061,2024-06-01,236164.74,98464.76,41.69,0.0,Below Target
I01447,R061,2024-07-01,239557.89,92504.9,38.61,0.0,Below Target
I01448,R061,2024-08-01,253829.77,103720.06,40.86,0.0,Below Target
I01449,R061,2024-09-01,217477.26,117683.34,54.11,0.0,Below Target
I01450,R061,2024-10-01,241923.04,133466.6,55.17,0.0,Below Target
I01451,R061,2024-11-01,245060.42,106138.59,43.31,0.0,Below Target
I01452,R061,2024-12-01,261602.12,163525.91,62.51,0.0,Below Target
I01453,R061,2025-01-01,200418.57,70334.57,35.09,0.0,Below Target
I01454,R061,2025-02-01,219257.37,113183.54000000001,51.62,0.0,Below Target
I01455,R061,2025-03-01,221897.18,89891.03,40.51,0.0,Below Target
I01456,R061,2025-04-01,215646.19,122924.3,57.0,0.0,Below Target
I01457,R061,2025-05-01,228047.21,81443.79,35.71,0.0,Below Target
I01458,R061,2025-06-01,245948.77,135954.68,55.28,0.0,Below Target
I01459,R061,2025-07-01,233865.4,125451.62,53.64,0.0,Below Target
I01460,R061,2025-08-01,238570.16,83538.62,35.02,0.0,Below Target
I01461,R061,2025-09-01,232317.5,90383.94,38.91,0.0,Below Target
I01462,R061,2025-10-01,241678.54,102549.35,42.43,0.0,Below Target
I01463,R061,2025-11-01,245401.88,109860.4,44.77,0.0,Below Target
I01464,R061,2025-12-01,270458.01,126552.34,46.79,0.0,Below Target
I01465,R062,2024-01-01,199924.65,87995.25,44.01,0.0,Below Target
I01466,R062,2024-02-01,185492.48,79918.83,43.08,0.0,Below Target
I01467,R062,2024-03-01,194702.22,73047.42,37.52,0.0,Below Target
I01468,R062,2024-04-01,211011.83,95565.29999999999,45.29,0.0,Below Target
I01469,R062,2024-05-01,231008.22,77789.16,33.67,0.0,Below Target
I01470,R062,2024-06-01,207573.85,72814.85,35.08,0.0,Below Target
I01471,R062,2024-07-01,208512.99,74823.63,35.88,0.0,Below Target
I01472,R062,2024-08-01,223778.51,97074.74,43.38,0.0,Below Target
I01473,R062,2024-09-01,215758.57,77214.86,35.79,0.0,Below Target
I01474,R062,2024-10-01,214138.61,96317.17,44.98,0.0,Below Target
I01475,R062,2024-11-01,230019.87,118895.70999999999,51.69,0.0,Below Target
I01476,R062,2024-12-01,233387.83,104777.68,44.89,0.0,Below Target
I01477,R062,2025-01-01,180361.22,69889.68,38.75,0.0,Below Target
I01478,R062,2025-02-01,186834.78,98538.93,52.74,0.0,Below Target
I01479,R062,2025-03-01,206536.96,75524.65,36.57,0.0,Below Target
I01480,R062,2025-04-01,214968.73,88284.5,41.07,0.0,Below Target
I01481,R062,2025-05-01,210092.89,71102.01,33.84,0.0,Below Target
I01482,R062,2025-06-01,227795.17,105745.04000000001,46.42,0.0,Below Target
I01483,R062,2025-07-01,227259.13,96129.8,42.3,0.0,Below Target
I01484,R062,2025-08-01,205422.49,91618.7,44.6,0.0,Below Target
I01485,R062,2025-09-01,218377.06,78839.99,36.1,0.0,Below Target
I01486,R062,2025-10-01,230049.84,100462.9,43.67,0.0,Below Target
I01487,R062,2025-11-01,250683.56,70622.13,28.17,0.0,Below Target
I01488,R062,2025-12-01,247337.07,119819.62,48.44,0.0,Below Target
I01489,R063,2024-01-01,205430.2,73250.4,35.66,0.0,Below Target
I01490,R063,2024-02-01,184350.21,82704.29000000001,44.86,0.0,Below Target
I01491,R063,2024-03-01,204810.2,95348.14,46.55,0.0,Below Target
I01492,R063,2024-04-01,197741.53,69702.62,35.25,0.0,Below Target
I01493,R063,2024-05-01,218293.0,81445.55,37.31,0.0,Below Target
I01494,R063,2024-06-01,226682.4,91488.26000000001,40.36,0.0,Below Target
I01495,R063,2024-07-01,229123.22,115443.69,50.38,0.0,Below Target
I01496,R063,2024-08-01,235735.22,68771.28,29.17,0.0,Below Target
I01497,R063,2024-09-01,240634.36,104977.4,43.63,0.0,Below Target
I01498,R063,2024-10-01,230173.78,86532.83,37.59,0.0,Below Target
I01499,R063,2024-11-01,256364.63,111732.55,43.58,0.0,Below Target
I01500,R063,2024-12-01,263754.53,97105.97,36.82,0.0,Below Target
I01501,R063,2025-01-01,194685.3,73187.15,37.59,0.0,Below Target
I01502,R063,2025-02-01,204866.11,74782.31,36.5,0.0,Below Target
I01503,R063,2025-03-01,205662.56,136847.44,66.54,0.0,Below Target
I01504,R063,2025-04-01,223838.69,87371.48999999999,39.03,0.0,Below Target
I01505,R063,2025-05-01,208263.97,86679.45,41.62,0.0,Below Target
I01506,R063,2025-06-01,226616.75,117808.08,51.99,0.0,Below Target
I01507,R063,2025-07-01,226553.0,77541.61,34.23,0.0,Below Target
I01508,R063,2025-08-01,249898.11,91907.8,36.78,0.0,Below Target
I01509,R063,2025-09-01,209506.17,84724.08,40.44,0.0,Below Target
I01510,R063,2025-10-01,238140.2,114814.62,48.21,0.0,Below Target
I01511,R063,2025-11-01,256294.63,76343.9,29.79,0.0,Below Target
I01512,R063,2025-12-01,250716.99,127532.12,50.87,0.0,Below Target
I01513,R064,2024-01-01,196193.3,96491.97,49.18,0.0,Below Target
I01514,R064,2024-02-01,198178.23,84131.19,42.45,0.0,Below Target
I01515,R064,2024-03-01,209235.59,66701.07,31.88,0.0,Below Target
I01516,R064,2024-04-01,234132.65,74450.76999999999,31.8,0.0,Below Target
I01517,R064,2024-05-01,208677.56,114544.74,54.89,0.0,Below Target
I01518,R064,2024-06-01,232514.76,108693.58,46.75,0.0,Below Target
I01519,R064,2024-07-01,214696.88,134456.49,62.63,0.0,Below Target
I01520,R064,2024-08-01,240955.35,80541.54,33.43,0.0,Below Target
I01521,R064,2024-09-01,220158.37,99606.16,45.24,0.0,Below Target
I01522,R064,2024-10-01,222042.38,115015.22,51.8,0.0,Below Target
I01523,R064,2024-11-01,247683.37,96571.44,38.99,0.0,Below Target
I01524,R064,2024-12-01,249279.07,124242.26,49.84,0.0,Below Target
I01525,R064,2025-01-01,203697.61,70867.01000000001,34.79,0.0,Below Target
I01526,R064,2025-02-01,210723.59,72047.46,34.19,0.0,Below Target
I01527,R064,2025-03-01,203221.86,89079.94,43.83,0.0,Below Target
I01528,R064,2025-04-01,224127.77,74387.22,33.19,0.0,Below Target
I01529,R064,2025-05-01,219904.2,50887.24,23.14,0.0,Below Target
I01530,R064,2025-06-01,227337.12,82960.32,36.49,0.0,Below Target
I01531,R064,2025-07-01,252927.38,129811.54999999999,51.32,0.0,Below Target
I01532,R064,2025-08-01,228645.53,96301.4,42.12,0.0,Below Target
I01533,R064,2025-09-01,236718.33,98856.07999999999,41.76,0.0,Below Target
I01534,R064,2025-10-01,255390.22,88155.48,34.52,0.0,Below Target
I01535,R064,2025-11-01,246044.48,118031.3,47.97,0.0,Below Target
I01536,R064,2025-12-01,264958.68,102699.67,38.76,0.0,Below Target
I01537,R065,2024-01-01,175678.77,70429.45,40.09,0.0,Below Target
I01538,R065,2024-02-01,185031.16,56527.9,30.55,0.0,Below Target
I01539,R065,2024-03-01,199778.22,94464.89,47.28,0.0,Below Target
I01540,R065,2024-04-01,199822.64,55234.6,27.64,0.0,Below Target
I01541,R065,2024-05-01,209584.15,80142.16,38.24,0.0,Below Target
I01542,R065,2024-06-01,204404.4,77715.32,38.02,0.0,Below Target
I01543,R065,2024-07-01,206461.09,107437.63,52.04,0.0,Below Target
I01544,R065,2024-08-01,209078.69,62150.61,29.73,0.0,Below Target
I01545,R065,2024-09-01,205580.19,80445.87,39.13,0.0,Below Target
I01546,R065,2024-10-01,229299.13,90623.94,39.52,0.0,Below Target
I01547,R065,2024-11-01,226116.6,82284.61,36.39,0.0,Below Target
I01548,R065,2024-12-01,243397.87,106247.05,43.65,0.0,Below Target
I01549,R065,2025-01-01,172374.06,95077.98999999999,55.16,0.0,Below Target
I01550,R065,2025-02-01,191306.06,56486.09,29.53,0.0,Below Target
I01551,R065,2025-03-01,191656.21,67416.86,35.18,0.0,Below Target
I01552,R065,2025-04-01,198747.39,74782.19,37.63,0.0,Below Target
I01553,R065,2025-05-01,206871.82,103606.79,50.08,0.0,Below Target
I01554,R065,2025-06-01,205693.31,79954.98000000001,38.87,0.0,Below Target
I01555,R065,2025-07-01,204651.73,57548.25,28.12,0.0,Below Target
I01556,R065,2025-08-01,216069.91,47136.25,21.82,0.0,Below Target
I01557,R065,2025-09-01,211834.97,61885.94,29.21,0.0,Below Target
I01558,R065,2025-10-01,206416.96,75565.76,36.61,0.0,Below Target
I01559,R065,2025-11-01,230048.57,78650.71,34.19,0.0,Below Target
I01560,R065,2025-12-01,241701.65,91582.4,37.89,0.0,Below Target
I01561,R066,2024-01-01,175563.38,78650.72,44.8,0.0,Below Target
I01562,R066,2024-02-01,181253.66,95214.25,52.53,0.0,Below Target
I01563,R066,2024-03-01,201900.66,81215.93,40.23,0.0,Below Target
I01564,R066,2024-04-01,216711.37,85857.8,39.62,0.0,Below Target
I01565,R066,2024-05-01,215891.52,84036.91,38.93,0.0,Below Target
I01566,R066,2024-06-01,213624.61,91407.41,42.79,0.0,Below Target
I01567,R066,2024-07-01,223031.34,81385.48,36.49,0.0,Below Target
I01568,R066,2024-08-01,215018.57,88936.83,41.36,0.0,Below Target
I01569,R066,2024-09-01,197707.07,78475.59,39.69,0.0,Below Target
I01570,R066,2024-10-01,219979.61,76954.97,34.98,0.0,Below Target
I01571,R066,2024-11-01,214329.65,84037.76000000001,39.21,0.0,Below Target
I01572,R066,2024-12-01,231029.97,95927.64,41.52,0.0,Below Target
I01573,R066,2025-01-01,184786.93,85816.16,46.44,0.0,Below Target
I01574,R066,2025-02-01,182492.61,81315.88,44.56,0.0,Below Target
I01575,R066,2025-03-01,187144.72,67961.78,36.32,0.0,Below Target
I01576,R066,2025-04-01,194549.75,82815.48999999999,42.57,0.0,Below Target
I01577,R066,2025-05-01,195133.71,77293.03,39.61,0.0,Below Target
I01578,R066,2025-06-01,211718.16,96950.95,45.79,0.0,Below Target
I01579,R066,2025-07-01,209243.81,115708.06,55.3,0.0,Below Target
I01580,R066,2025-08-01,208863.78,68496.36,32.79,0.0,Below Target
I01581,R066,2025-09-01,206552.57,86931.98,42.09,0.0,Below Target
I01582,R066,2025-10-01,219680.03,79040.09,35.98,0.0,Below Target
I01583,R066,2025-11-01,215656.97,68245.89,31.65,0.0,Below Target
I01584,R066,2025-12-01,227031.15,72910.95,32.11,0.0,Below Target
I01585,R067,2024-01-01,148098.6,68653.67,46.36,0.0,Below Target
I01586,R067,2024-02-01,157345.76,70015.53,44.5,0.0,Below Target
I01587,R067,2024-03-01,157108.37,49003.1,31.19,0.0,Below Target
I01588,R067,2024-04-01,162746.88,63659.86,39.12,0.0,Below Target
I01589,R067,2024-05-01,172075.68,86091.72,50.03,0.0,Below Target
I01590,R067,2024-06-01,175197.69,57191.840000000004,32.64,0.0,Below Target
I01591,R067,2024-07-01,177202.88,65837.81,37.15,0.0,Below Target
I01592,R067,2024-08-01,178656.47,62012.159999999996,34.71,0.0,Below Target
I01593,R067,2024-09-01,163348.14,81143.36,49.68,0.0,Below Target
I01594,R067,2024-10-01,191744.02,50000.7,26.08,0.0,Below Target
I01595,R067,2024-11-01,186600.61,75026.12,40.21,0.0,Below Target
I01596,R067,2024-12-01,211898.7,66856.91,31.55,0.0,Below Target
I01597,R067,2025-01-01,135580.55,77747.28,57.34,0.0,Below Target
I01598,R067,2025-02-01,142960.73,68330.18,47.8,0.0,Below Target
I01599,R067,2025-03-01,160887.51,54370.44,33.79,0.0,Below Target
I01600,R067,2025-04-01,172922.7,54383.28,31.45,0.0,Below Target
I01601,R067,2025-05-01,172706.51,86706.6,50.2,0.0,Below Target
I01602,R067,2025-06-01,173586.03,68677.42,39.56,0.0,Below Target
I01603,R067,2025-07-01,179591.08,55885.59,31.12,0.0,Below Target
I01604,R067,2025-08-01,175803.17,74016.68000000001,42.1,0.0,Below Target
I01605,R067,2025-09-01,182799.51,55290.07,30.25,0.0,Below Target
I01606,R067,2025-10-01,177071.42,101828.67,57.51,0.0,Below Target
I01607,R067,2025-11-01,198493.51,70820.59,35.68,0.0,Below Target
I01608,R067,2025-12-01,192671.7,92183.0,47.84,0.0,Below Target
I01609,R068,2024-01-01,127704.12,57661.59,45.15,0.0,Below Target
I01610,R068,2024-02-01,128255.7,53450.13,41.67,0.0,Below Target
I01611,R068,2024-03-01,145252.23,58658.600000000006,40.38,0.0,Below Target
I01612,R068,2024-04-01,151693.42,91187.42,60.11,0.0,Below Target
I01613,R068,2024-05-01,147852.9,73747.67,49.88,0.0,Below Target
I01614,R068,2024-06-01,155007.31,83778.28,54.05,0.0,Below Target
I01615,R068,2024-07-01,155296.98,61131.619999999995,39.36,0.0,Below Target
I01616,R068,2024-08-01,156741.1,56152.67,35.83,0.0,Below Target
I01617,R068,2024-09-01,154460.62,57595.03,37.29,0.0,Below Target
I01618,R068,2024-10-01,150125.45,55722.83,37.12,0.0,Below Target
I01619,R068,2024-11-01,157397.19,92782.59,58.95,0.0,Below Target
I01620,R068,2024-12-01,168959.47,57881.28,34.26,0.0,Below Target
I01621,R068,2025-01-01,126949.01,69382.34,54.65,0.0,Below Target
I01622,R068,2025-02-01,134558.87,58442.409999999996,43.43,0.0,Below Target
I01623,R068,2025-03-01,140525.52,71281.82,50.73,0.0,Below Target
I01624,R068,2025-04-01,143516.14,56496.73,39.37,0.0,Below Target
I01625,R068,2025-05-01,148447.94,66560.97,44.84,0.0,Below Target
I01626,R068,2025-06-01,153044.59,82519.14,53.92,0.0,Below Target
I01627,R068,2025-07-01,149767.72,50005.26,33.39,0.0,Below Target
I01628,R068,2025-08-01,140139.36,77881.28,55.57,0.0,Below Target
I01629,R068,2025-09-01,142141.11,63652.32,44.78,0.0,Below Target
I01630,R068,2025-10-01,164291.2,82452.62,50.19,0.0,Below Target
I01631,R068,2025-11-01,147317.37,44242.86,30.03,0.0,Below Target
I01632,R068,2025-12-01,180603.69,68802.73999999999,38.1,0.0,Below Target
I01633,R069,2024-01-01,118599.57,41010.770000000004,34.58,0.0,Below Target
I01634,R069,2024-02-01,129577.7,46684.53,36.03,0.0,Below Target
I01635,R069,2024-03-01,126516.65,65781.84,51.99,0.0,Below Target
I01636,R069,2024-04-01,122237.99,55523.23,45.42,0.0,Below Target
I01637,R069,2024-05-01,135017.43,55723.83,41.27,0.0,Below Target
I01638,R069,2024-06-01,141705.79,55926.049999999996,39.47,0.0,Below Target
I01639,R069,2024-07-01,147341.84,47960.58,32.55,0.0,Below Target
I01640,R069,2024-08-01,135646.95,70775.5,52.18,0.0,Below Target
I01641,R069,2024-09-01,140589.99,70007.77,49.8,0.0,Below Target
I01642,R069,2024-10-01,147895.85,40348.97,27.28,0.0,Below Target
I01643,R069,2024-11-01,150518.92,71420.23,47.45,0.0,Below Target
I01644,R069,2024-12-01,163001.28,71567.88,43.91,0.0,Below Target
I01645,R069,2025-01-01,121787.07,59289.83,48.68,0.0,Below Target
I01646,R069,2025-02-01,127949.98,40575.4,31.71,0.0,Below Target
I01647,R069,2025-03-01,132964.79,57519.869999999995,43.26,0.0,Below Target
I01648,R069,2025-04-01,136434.84,62259.579999999994,45.63,0.0,Below Target
I01649,R069,2025-05-01,150881.36,53230.979999999996,35.28,0.0,Below Target
I01650,R069,2025-06-01,131372.39,56502.43,43.01,0.0,Below Target
I01651,R069,2025-07-01,137533.56,61646.9,44.82,0.0,Below Target
I01652,R069,2025-08-01,150045.23,55886.47,37.25,0.0,Below Target
I01653,R069,2025-09-01,130376.67,36233.659999999996,27.79,0.0,Below Target
I01654,R069,2025-10-01,153031.87,63064.62,41.21,0.0,Below Target
I01655,R069,2025-11-01,156301.41,64569.97,41.31,0.0,Below Target
I01656,R069,2025-12-01,153758.32,65823.74,42.81,0.0,Below Target
I01657,R070,2024-01-01,158348.26,76769.73999999999,48.48,0.0,Below Target
I01658,R070,2024-02-01,164757.3,66531.27,40.38,0.0,Below Target
I01659,R070,2024-03-01,165765.59,71561.9,43.17,0.0,Below Target
I01660,R070,2024-04-01,169851.02,49423.75,29.1,0.0,Below Target
I01661,R070,2024-05-01,184600.38,81067.66,43.92,0.0,Below Target
I01662,R070,2024-06-01,166655.48,89904.78,53.95,0.0,Below Target
I01663,R070,2024-07-01,187176.48,107979.14,57.69,0.0,Below Target
I01664,R070,2024-08-01,170052.23,64036.76,37.66,0.0,Below Target
I01665,R070,2024-09-01,177873.33,80204.01,45.09,0.0,Below Target
I01666,R070,2024-10-01,184467.68,76861.62,41.67,0.0,Below Target
I01667,R070,2024-11-01,193439.5,113119.59999999999,58.48,0.0,Below Target
I01668,R070,2024-12-01,217048.64,96608.9,44.51,0.0,Below Target
I01669,R070,2025-01-01,142774.27,71451.32,50.04,0.0,Below Target
I01670,R070,2025-02-01,161802.46,55087.44,34.05,0.0,Below Target
I01671,R070,2025-03-01,165087.09,78087.88,47.3,0.0,Below Target
I01672,R070,2025-04-01,171207.14,80378.62,46.95,0.0,Below Target
I01673,R070,2025-05-01,181517.84,52017.69,28.66,0.0,Below Target
I01674,R070,2025-06-01,184580.32,56796.65,30.77,0.0,Below Target
I01675,R070,2025-07-01,186652.68,67980.77,36.42,0.0,Below Target
I01676,R070,2025-08-01,174175.81,75619.27,43.42,0.0,Below Target
I01677,R070,2025-09-01,178132.47,59639.18,33.48,0.0,Below Target
I01678,R070,2025-10-01,191068.78,59523.79,31.15,0.0,Below Target
I01679,R070,2025-11-01,197602.14,80646.37,40.81,0.0,Below Target
I01680,R070,2025-12-01,208785.33,98939.69,47.39,0.0,Below Target
I01681,R071,2024-01-01,157644.46,58040.65,36.82,0.0,Below Target
I01682,R071,2024-02-01,154621.67,72657.82,46.99,0.0,Below Target
I01683,R071,2024-03-01,167929.26,71744.12,42.72,0.0,Below Target
I01684,R071,2024-04-01,172531.43,63327.97,36.71,0.0,Below Target
I01685,R071,2024-05-01,181144.78,75188.93,41.51,0.0,Below Target
I01686,R071,2024-06-01,181414.45,63086.1,34.77,0.0,Below Target
I01687,R071,2024-07-01,201327.5,103897.67,51.61,0.0,Below Target
I01688,R071,2024-08-01,189444.2,98644.47,52.07,0.0,Below Target
I01689,R071,2024-09-01,178812.96,72494.65000000001,40.54,0.0,Below Target
I01690,R071,2024-10-01,193343.16,113259.8,58.58,0.0,Below Target
I01691,R071,2024-11-01,203106.68,92126.12,45.36,0.0,Below Target
I01692,R071,2024-12-01,228181.33,108136.9,47.39,0.0,Below Target
I01693,R071,2025-01-01,159877.82,58752.200000000004,36.75,0.0,Below Target
I01694,R071,2025-02-01,159555.13,70510.38,44.19,0.0,Below Target
I01695,R071,2025-03-01,163707.97,80423.94,49.13,0.0,Below Target
I01696,R071,2025-04-01,177429.85,70226.3,39.58,0.0,Below Target
I01697,R071,2025-05-01,195790.21,80309.03,41.02,0.0,Below Target
I01698,R071,2025-06-01,183208.65,57459.549999999996,31.36,0.0,Below Target
I01699,R071,2025-07-01,180759.14,92394.28,51.11,0.0,Below Target
I01700,R071,2025-08-01,193449.79,77333.79000000001,39.98,0.0,Below Target
I01701,R071,2025-09-01,180099.45,85939.25,47.72,0.0,Below Target
I01702,R071,2025-10-01,178707.17,91866.68,51.41,0.0,Below Target
I01703,R071,2025-11-01,201385.76,65687.39,32.62,0.0,Below Target
I01704,R071,2025-12-01,219537.19,97275.74,44.31,0.0,Below Target
I01705,R072,2024-01-01,103469.23,65113.9,62.93,0.0,Below Target
I01706,R072,2024-02-01,119993.2,48332.21,40.28,0.0,Below Target
I01707,R072,2024-03-01,116634.87,46646.04,39.99,0.0,Below Target
I01708,R072,2024-04-01,125433.64,58067.24,46.29,0.0,Below Target
I01709,R072,2024-05-01,127679.81,36520.65,28.6,0.0,Below Target
I01710,R072,2024-06-01,138497.57,62199.880000000005,44.91,0.0,Below Target
I01711,R072,2024-07-01,140449.69,71007.29,50.56,0.0,Below Target
I01712,R072,2024-08-01,126582.0,53180.240000000005,42.01,0.0,Below Target
I01713,R072,2024-09-01,118653.66,42525.51,35.84,0.0,Below Target
I01714,R072,2024-10-01,129183.31,63365.350000000006,49.05,0.0,Below Target
I01715,R072,2024-11-01,146096.28,67179.93,45.98,0.0,Below Target
I01716,R072,2024-12-01,137231.77,67078.43,48.88,0.0,Below Target
I01717,R072,2025-01-01,110046.64,48107.1,43.72,0.0,Below Target
I01718,R072,2025-02-01,120980.69,48178.600000000006,39.82,0.0,Below Target
I01719,R072,2025-03-01,125719.44,61605.04,49.0,0.0,Below Target
I01720,R072,2025-04-01,117879.39,40965.45,34.75,0.0,Below Target
I01721,R072,2025-05-01,131176.86,46426.7,35.39,0.0,Below Target
I01722,R072,2025-06-01,127521.88,45642.72,35.79,0.0,Below Target
I01723,R072,2025-07-01,131567.61,55362.97,42.08,0.0,Below Target
I01724,R072,2025-08-01,130765.98,70511.33,53.92,0.0,Below Target
I01725,R072,2025-09-01,126573.37,57006.37,45.04,0.0,Below Target
I01726,R072,2025-10-01,137037.9,26505.55,19.34,0.0,Below Target
I01727,R072,2025-11-01,139416.1,68100.79000000001,48.85,0.0,Below Target
I01728,R072,2025-12-01,146806.23,80230.85,54.65,0.0,Below Target
