sale_id,activity_id,rep_id,doctor_id,product_id,sale_date,month,territory,region,units_sold,revenue
S00001,C00001,R060,D0804,P001,2024-01-27,2024-01-01,Goa,West,19,14949.67
S00002,C00002,R061,D0030,P006,2024-01-26,2024-01-01,Bengaluru,South,32,17840.44
S00003,C00003,R071,D0055,P003,2024-01-24,2024-01-01,Ranchi,East,23,15655.3
S00004,C00004,R040,D0674,P007,2024-01-07,2024-01-01,Kochi,South,28,16509.18
S00005,C00005,R016,D0331,P002,2024-01-17,2024-01-01,Kochi,South,12,6518.52
S00006,C00006,R044,D0099,P008,2024-01-22,2024-01-01,Bhubaneswar,East,19,6313.86
S00007,C00007,R007,D0543,P006,2024-01-14,2024-01-01,Mumbai,West,19,10100.19
S00008,C00008,R046,D0102,P002,2024-01-06,2024-01-01,Guwahati,East,8,4216.4
S00009,C00009,R009,D0061,P005,2024-01-26,2024-01-01,Ahmedabad,West,18,8132.59
S00010,C00010,R053,D0382,P008,2024-01-30,2024-01-01,Ludhiana,North,15,4719.56
S00011,C00011,R010,D0409,P001,2024-01-06,2024-01-01,Surat,West,21,16218.15
S00012,C00012,R020,D0546,P007,2024-01-22,2024-01-01,Bhubaneswar,East,12,7431.77
S00013,C00013,R035,D0530,P004,2024-01-28,2024-01-01,Nagpur,West,30,29220.57
S00014,C00014,R042,D0020,P008,2024-01-17,2024-01-01,Vijayawada,South,22,6891.75
S00015,C00015,R042,D0229,P002,2024-01-02,2024-01-01,Vijayawada,South,20,9914.63
S00016,C00016,R049,D0294,P006,2024-01-22,2024-01-01,North Delhi,North,30,13996.49
S00017,C00017,R061,D0209,P008,2024-01-29,2024-01-01,Bengaluru,South,27,8992.86
S00018,C00018,R026,D0479,P003,2024-01-09,2024-01-01,Chandigarh,North,26,16692.27
S00019,C00019,R062,D0190,P001,2024-01-05,2024-01-01,Chennai,South,25,19762.88
S00020,C00020,R030,D0591,P004,2024-01-08,2024-01-01,Dehradun,North,15,12877.7
S00021,C00021,R069,D0801,P005,2024-01-26,2024-01-01,Patna,East,13,5935.68
S00022,C00022,R044,D0636,P006,2024-01-18,2024-01-01,Bhubaneswar,East,17,8529.09
S00023,C00023,R011,D0390,P004,2024-01-01,2024-01-01,Nagpur,West,17,14610.42
S00024,C00024,R004,D0313,P008,2024-01-19,2024-01-01,Lucknow,North,18,6116.07
S00025,C00025,R011,D0530,P005,2024-01-26,2024-01-01,Nagpur,West,29,14213.69
S00026,C00026,R069,D0548,P006,2024-01-06,2024-01-01,Patna,East,9,4736.83
S00027,C00027,R025,D0259,P008,2024-01-19,2024-01-01,North Delhi,North,9,3174.32
S00028,C00028,R034,D0038,P008,2024-01-08,2024-01-01,Surat,West,12,3587.41
S00029,C00029,R059,D0593,P003,2024-01-01,2024-01-01,Nagpur,West,13,8489.5
S00030,C00030,R040,D0535,P003,2024-01-13,2024-01-01,Kochi,South,18,11672.6
S00031,C00031,R067,D0041,P006,2024-01-25,2024-01-01,Kolkata,East,10,5280.89
S00032,C00032,R066,D0437,P005,2024-01-21,2024-01-01,Vijayawada,South,15,6465.09
S00033,C00033,R068,D0099,P004,2024-01-04,2024-01-01,Bhubaneswar,East,20,18394.01
S00034,C00034,R025,D0609,P006,2024-01-06,2024-01-01,North Delhi,North,36,17035.37
S00035,C00035,R050,D0689,P006,2024-01-17,2024-01-01,Chandigarh,North,12,6348.85
S00036,C00036,R032,D0106,P008,2024-01-10,2024-01-01,Pune,West,7,2369.35
S00037,C00037,R071,D0578,P003,2024-01-11,2024-01-01,Ranchi,East,9,5603.82
S00038,C00038,R037,D0070,P007,2024-01-14,2024-01-01,Bengaluru,South,50,29940.08
S00039,C00039,R060,D0164,P002,2024-01-24,2024-01-01,Goa,West,39,22313.32
S00040,C00040,R003,D0619,P008,2024-01-18,2024-01-01,Jaipur,North,15,5134.05
S00041,C00041,R017,D0425,P001,2024-01-27,2024-01-01,Coimbatore,South,15,10864.82
S00042,C00042,R057,D0841,P007,2024-01-04,2024-01-01,Ahmedabad,West,9,5593.38
S00043,C00043,R057,D0840,P001,2024-01-15,2024-01-01,Ahmedabad,West,29,23359.25
S00044,C00044,R068,D0847,P008,2024-01-18,2024-01-01,Bhubaneswar,East,10,3198.52
S00045,C00045,R057,D0121,P008,2024-01-24,2024-01-01,Ahmedabad,West,22,7545.5
S00046,C00046,R031,D0202,P007,2024-01-16,2024-01-01,Mumbai,West,11,6526.5
S00047,C00047,R014,D0115,P007,2024-01-29,2024-01-01,Chennai,South,19,11349.57
S00048,C00048,R051,D0565,P004,2024-01-26,2024-01-01,Jaipur,North,25,21516.67
S00049,C00049,R049,D0388,P002,2024-01-22,2024-01-01,North Delhi,North,13,7106.19
S00050,C00050,R038,D0602,P008,2024-01-13,2024-01-01,Chennai,South,23,7261.15
S00051,C00051,R047,D0260,P005,2024-01-10,2024-01-01,Ranchi,East,23,11041.44
S00052,C00052,R018,D0135,P007,2024-01-17,2024-01-01,Vijayawada,South,15,8991.01
S00053,C00053,R048,D0520,P006,2024-01-15,2024-01-01,Siliguri,East,13,6575.04
S00054,C00054,R005,D0598,P006,2024-01-01,2024-01-01,Ludhiana,North,20,10328.96
S00055,C00055,R026,D0664,P003,2024-01-08,2024-01-01,Chandigarh,North,19,12052.53
S00056,C00056,R026,D0261,P004,2024-01-26,2024-01-01,Chandigarh,North,13,12188.71
S00057,C00057,R027,D0527,P004,2024-01-15,2024-01-01,Jaipur,North,19,17534.8
S00058,C00058,R056,D0784,P005,2024-01-30,2024-01-01,Pune,West,19,9048.68
S00059,C00059,R053,D0598,P006,2024-01-08,2024-01-01,Ludhiana,North,32,15530.87
S00060,C00060,R061,D0782,P002,2024-01-31,2024-01-01,Bengaluru,South,21,12246.75
S00061,C00061,R050,D0333,P002,2024-01-26,2024-01-01,Chandigarh,North,17,8354.73
S00062,C00062,R029,D0013,P001,2024-01-12,2024-01-01,Ludhiana,North,24,19463.38
S00063,C00063,R045,D0558,P005,2024-01-19,2024-01-01,Patna,East,18,8360.36
S00064,C00064,R036,D0370,P006,2024-01-31,2024-01-01,Goa,West,26,13738.68
S00065,C00065,R052,D0027,P002,2024-01-20,2024-01-01,Lucknow,North,19,10177.7
S00066,C00066,R020,D0273,P006,2024-01-29,2024-01-01,Bhubaneswar,East,14,7189.86
S00067,C00067,R025,D0263,P001,2024-01-04,2024-01-01,North Delhi,North,21,16998.43
S00068,C00068,R032,D0212,P007,2024-01-06,2024-01-01,Pune,West,34,20796.56
S00069,C00069,R028,D0557,P006,2024-01-01,2024-01-01,Lucknow,North,20,10338.3
S00070,C00070,R036,D0539,P006,2024-01-11,2024-01-01,Goa,West,13,6730.67
S00071,C00071,R072,D0289,P006,2024-01-25,2024-01-01,Siliguri,East,10,5673.78
S00072,C00072,R019,D0041,P003,2024-01-30,2024-01-01,Kolkata,East,11,6700.45
S00073,C00073,R012,D0118,P008,2024-01-17,2024-01-01,Goa,West,13,4441.32
S00074,C00074,R042,D0750,P006,2024-01-14,2024-01-01,Vijayawada,South,19,9936.57
S00075,C00075,R002,D0303,P002,2024-01-29,2024-01-01,Chandigarh,North,13,7155.05
S00076,C00076,R025,D0089,P008,2024-01-19,2024-01-01,North Delhi,North,20,6010.99
S00077,C00077,R020,D0646,P006,2024-01-17,2024-01-01,Bhubaneswar,East,13,7030.74
S00078,C00078,R040,D0730,P003,2024-01-03,2024-01-01,Kochi,South,15,9366.74
S00079,C00079,R066,D0074,P008,2024-01-07,2024-01-01,Vijayawada,South,25,8611.52
S00080,C00080,R029,D0828,P002,2024-01-22,2024-01-01,Ludhiana,North,17,8956.17
S00081,C00081,R047,D0578,P006,2024-01-22,2024-01-01,Ranchi,East,13,7136.78
S00082,C00082,R036,D0164,P006,2024-01-16,2024-01-01,Goa,West,22,10853.41
S00083,C00083,R063,D0585,P008,2024-01-22,2024-01-01,Hyderabad,South,28,8566.75
S00084,C00084,R002,D0329,P005,2024-01-22,2024-01-01,Chandigarh,North,14,6426.33
S00085,C00085,R065,D0505,P008,2024-01-03,2024-01-01,Coimbatore,South,26,8033.66
S00086,C00086,R055,D0154,P003,2024-01-26,2024-01-01,Mumbai,West,17,11117.57
S00087,C00087,R015,D0183,P007,2024-01-22,2024-01-01,Hyderabad,South,31,20555.14
S00088,C00088,R033,D0717,P002,2024-01-07,2024-01-01,Ahmedabad,West,27,14215.47
S00089,C00089,R043,D0698,P008,2024-01-07,2024-01-01,Kolkata,East,16,5178.23
S00090,C00090,R070,D0042,P007,2024-01-30,2024-01-01,Guwahati,East,11,7261.9
S00091,C00091,R003,D0177,P006,2024-01-08,2024-01-01,Jaipur,North,21,10866.18
S00092,C00092,R031,D0543,P001,2024-01-02,2024-01-01,Mumbai,West,35,28909.41
S00093,C00093,R023,D0763,P004,2024-01-01,2024-01-01,Ranchi,East,23,21093.93
S00094,C00094,R023,D0519,P002,2024-01-08,2024-01-01,Ranchi,East,26,14778.62
S00095,C00095,R013,D0604,P008,2024-01-20,2024-01-01,Bengaluru,South,10,3197.74
S00096,C00096,R049,D0299,P004,2024-01-15,2024-01-01,North Delhi,North,33,30302.13
S00097,C00097,R035,D0079,P007,2024-01-23,2024-01-01,Nagpur,West,34,22669.85
S00098,C00098,R062,D0653,P008,2024-01-08,2024-01-01,Chennai,South,12,3786.62
S00099,C00099,R028,D0652,P001,2024-01-08,2024-01-01,Lucknow,North,17,13572.32
S00100,C00100,R071,D0340,P007,2024-01-13,2024-01-01,Ranchi,East,13,7681.79
S00101,C00101,R008,D0477,P003,2024-01-25,2024-01-01,Pune,West,23,16006.81
S00102,C00102,R072,D0178,P001,2024-01-16,2024-01-01,Siliguri,East,21,15054.85
S00103,C00103,R031,D0459,P003,2024-01-24,2024-01-01,Mumbai,West,17,11083.05
S00104,C00104,R056,D0257,P005,2024-01-03,2024-01-01,Pune,West,21,10171.17
S00105,C00105,R017,D0452,P007,2024-01-13,2024-01-01,Coimbatore,South,14,8497.02
S00106,C00106,R065,D0083,P006,2024-01-14,2024-01-01,Coimbatore,South,13,6053.46
S00107,C00107,R024,D0493,P002,2024-01-03,2024-01-01,Siliguri,East,27,14055.8
S00108,C00108,R030,D0227,P003,2024-01-10,2024-01-01,Dehradun,North,27,17256.02
S00109,C00109,R027,D0656,P003,2024-01-09,2024-01-01,Jaipur,North,16,11417.82
S00110,C00110,R066,D0405,P006,2024-01-15,2024-01-01,Vijayawada,South,21,11160.49
S00111,C00111,R062,D0752,P005,2024-01-06,2024-01-01,Chennai,South,32,15414.3
S00112,C00112,R030,D0189,P001,2024-01-09,2024-01-01,Dehradun,North,8,5871.48
S00113,C00113,R005,D0236,P001,2024-01-30,2024-01-01,Ludhiana,North,21,16424.03
S00114,C00114,R061,D0150,P001,2024-01-05,2024-01-01,Bengaluru,South,25,21065.54
S00115,C00115,R041,D0505,P008,2024-01-26,2024-01-01,Coimbatore,South,32,10724.05
S00116,C00116,R037,D0036,P005,2024-01-17,2024-01-01,Bengaluru,South,27,12135.22
S00117,C00117,R036,D0624,P004,2024-01-03,2024-01-01,Goa,West,23,21324.64
S00118,C00118,R009,D0765,P007,2024-01-13,2024-01-01,Ahmedabad,West,31,17742.19
S00119,C00119,R072,D0523,P002,2024-01-16,2024-01-01,Siliguri,East,16,8290.89
S00120,C00120,R059,D0093,P001,2024-01-09,2024-01-01,Nagpur,West,15,10627.04
S00121,C00121,R068,D0511,P003,2024-01-09,2024-01-01,Bhubaneswar,East,15,9868.69
S00122,C00122,R032,D0480,P002,2024-01-23,2024-01-01,Pune,West,21,11726.94
S00123,C00123,R024,D0312,P007,2024-01-01,2024-01-01,Siliguri,East,15,8731.49
S00124,C00124,R065,D0462,P007,2024-01-29,2024-01-01,Coimbatore,South,20,12173.81
S00125,C00125,R070,D0637,P006,2024-01-10,2024-01-01,Guwahati,East,41,20083.51
S00126,C00126,R059,D0691,P008,2024-01-12,2024-01-01,Nagpur,West,13,4047.17
S00127,C00127,R066,D0244,P004,2024-01-04,2024-01-01,Vijayawada,South,16,13529.8
S00128,C00128,R050,D0261,P002,2024-01-28,2024-01-01,Chandigarh,North,9,5173.47
S00129,C00129,R063,D0179,P003,2024-01-07,2024-01-01,Hyderabad,South,15,9582.01
S00130,C00130,R061,D0270,P002,2024-01-25,2024-01-01,Bengaluru,South,30,16037.54
S00131,C00131,R021,D0448,P008,2024-01-11,2024-01-01,Patna,East,15,4685.63
S00132,C00132,R011,D0600,P005,2024-01-01,2024-01-01,Nagpur,West,9,4215.34
S00133,C00133,R002,D0239,P007,2024-01-13,2024-01-01,Chandigarh,North,11,7561.91
S00134,C00134,R064,D0309,P003,2024-01-17,2024-01-01,Kochi,South,23,17331.74
S00135,C00135,R046,D0058,P006,2024-01-15,2024-01-01,Guwahati,East,20,10113.32
S00136,C00136,R031,D0144,P003,2024-01-31,2024-01-01,Mumbai,West,18,12157.33
S00137,C00137,R049,D0032,P004,2024-01-17,2024-01-01,North Delhi,North,10,9350.24
S00138,C00138,R052,D0200,P006,2024-01-25,2024-01-01,Lucknow,North,13,7062.95
S00139,C00139,R048,D0523,P008,2024-01-12,2024-01-01,Siliguri,East,22,7281.68
S00140,C00140,R005,D0720,P005,2024-01-05,2024-01-01,Ludhiana,North,18,8759.02
S00141,C00141,R045,D0832,P006,2024-01-16,2024-01-01,Patna,East,18,9392.82
S00142,C00142,R016,D0478,P005,2024-01-18,2024-01-01,Kochi,South,10,4467.01
S00143,C00143,R022,D0392,P004,2024-01-13,2024-01-01,Guwahati,East,15,14118.19
S00144,C00144,R048,D0713,P008,2024-01-24,2024-01-01,Siliguri,East,23,7429.99
S00145,C00145,R038,D0110,P008,2024-01-30,2024-01-01,Chennai,South,37,12068.77
S00146,C00146,R012,D0589,P003,2024-01-03,2024-01-01,Goa,West,31,19127.2
S00147,C00147,R001,D0679,P008,2024-01-03,2024-01-01,North Delhi,North,19,5862.08
S00148,C00148,R018,D0405,P004,2024-01-09,2024-01-01,Vijayawada,South,35,30632.98
S00149,C00149,R014,D0198,P006,2024-01-19,2024-01-01,Chennai,South,38,19941.98
S00150,C00150,R067,D0526,P005,2024-01-02,2024-01-01,Kolkata,East,11,5527.65
S00151,C00151,R010,D0823,P007,2024-01-07,2024-01-01,Surat,West,44,27956.22
S00152,C00152,R029,D0222,P007,2024-01-13,2024-01-01,Ludhiana,North,31,18787.12
S00153,C00153,R055,D0536,P004,2024-01-12,2024-01-01,Mumbai,West,22,18664.06
S00154,C00154,R051,D0071,P006,2024-01-27,2024-01-01,Jaipur,North,23,12492.4
S00155,C00155,R002,D0201,P005,2024-01-17,2024-01-01,Chandigarh,North,11,5153.9
S00156,C00156,R008,D0633,P007,2024-01-28,2024-01-01,Pune,West,22,11307.59
S00157,C00157,R026,D0352,P002,2024-01-24,2024-01-01,Chandigarh,North,12,6834.63
S00158,C00158,R068,D0315,P006,2024-01-13,2024-01-01,Bhubaneswar,East,19,9896.34
S00159,C00159,R027,D0226,P005,2024-01-31,2024-01-01,Jaipur,North,12,4941.12
S00160,C00160,R066,D0074,P004,2024-01-27,2024-01-01,Vijayawada,South,23,21159.93
S00161,C00161,R053,D0720,P003,2024-01-16,2024-01-01,Ludhiana,North,13,8638.55
S00162,C00162,R037,D0782,P006,2024-01-27,2024-01-01,Bengaluru,South,24,11466.31
S00163,C00163,R028,D0126,P003,2024-01-08,2024-01-01,Lucknow,North,18,13121.74
S00164,C00164,R043,D0172,P001,2024-01-07,2024-01-01,Kolkata,East,14,11187.63
S00165,C00165,R001,D0760,P008,2024-01-25,2024-01-01,North Delhi,North,15,4696.02
S00166,C00166,R038,D0752,P004,2024-01-25,2024-01-01,Chennai,South,17,14575.86
S00167,C00167,R051,D0671,P002,2024-01-07,2024-01-01,Jaipur,North,35,18766.7
S00168,C00168,R058,D0542,P002,2024-01-24,2024-01-01,Surat,West,11,5907.79
S00169,C00169,R044,D0722,P007,2024-01-16,2024-01-01,Bhubaneswar,East,19,11952.96
S00170,C00170,R044,D0355,P003,2024-01-18,2024-01-01,Bhubaneswar,East,17,11113.69
S00171,C00171,R015,D0767,P003,2024-01-27,2024-01-01,Hyderabad,South,27,17495.85
S00172,C00172,R063,D0767,P004,2024-01-05,2024-01-01,Hyderabad,South,27,24279.72
S00173,C00173,R070,D0174,P001,2024-01-13,2024-01-01,Guwahati,East,12,9178.83
S00174,C00174,R065,D0046,P005,2024-01-09,2024-01-01,Coimbatore,South,12,5501.61
S00175,C00175,R034,D0362,P001,2024-01-18,2024-01-01,Surat,West,21,17551.85
S00176,C00176,R025,D0672,P007,2024-01-05,2024-01-01,North Delhi,North,15,8951.12
S00177,C00177,R024,D0620,P004,2024-01-04,2024-01-01,Siliguri,East,17,15034.44
S00178,C00178,R008,D0173,P002,2024-01-22,2024-01-01,Pune,West,18,9348.89
S00179,C00179,R050,D0326,P004,2024-01-02,2024-01-01,Chandigarh,North,8,7513.45
S00180,C00180,R055,D0661,P002,2024-01-13,2024-01-01,Mumbai,West,21,10382.03
S00181,C00181,R004,D0045,P003,2024-01-31,2024-01-01,Lucknow,North,15,9488.89
S00182,C00182,R017,D0606,P002,2024-01-31,2024-01-01,Coimbatore,South,16,8948.36
S00183,C00183,R046,D0228,P006,2024-01-06,2024-01-01,Guwahati,East,21,10629.47
S00184,C00184,R019,D0017,P008,2024-01-29,2024-01-01,Kolkata,East,28,9355.5
S00185,C00185,R041,D0323,P004,2024-01-11,2024-01-01,Coimbatore,South,14,12339.67
S00186,C00186,R046,D0590,P001,2024-01-07,2024-01-01,Guwahati,East,13,9799.23
S00187,C00187,R068,D0722,P001,2024-01-16,2024-01-01,Bhubaneswar,East,14,10853.21
S00188,C00188,R019,D0024,P007,2024-01-16,2024-01-01,Kolkata,East,29,16547.51
S00189,C00189,R021,D0311,P003,2024-01-12,2024-01-01,Patna,East,13,8225.75
S00190,C00190,R019,D0140,P003,2024-01-14,2024-01-01,Kolkata,East,23,15872.63
S00191,C00191,R006,D0627,P001,2024-01-04,2024-01-01,Dehradun,North,19,14628.25
S00192,C00192,R003,D0671,P006,2024-01-09,2024-01-01,Jaipur,North,38,19350.71
S00193,C00193,R033,D0840,P001,2024-01-07,2024-01-01,Ahmedabad,West,31,24330.66
S00194,C00194,R028,D0285,P008,2024-01-29,2024-01-01,Lucknow,North,33,9731.87
S00195,C00195,R030,D0254,P002,2024-01-16,2024-01-01,Dehradun,North,11,5477.06
S00196,C00196,R033,D0277,P001,2024-01-17,2024-01-01,Ahmedabad,West,9,7153.94
S00197,C00197,R003,D0667,P006,2024-01-14,2024-01-01,Jaipur,North,17,8492.09
S00198,C00198,R027,D0383,P003,2024-01-28,2024-01-01,Jaipur,North,15,9791.02
S00199,C00199,R013,D0015,P006,2024-01-25,2024-01-01,Bengaluru,South,41,21553.28
S00200,C00200,R034,D0755,P001,2024-01-22,2024-01-01,Surat,West,15,11153.23
S00201,C00201,R033,D0121,P007,2024-01-10,2024-01-01,Ahmedabad,West,25,14817.85
S00202,C00202,R031,D0771,P003,2024-01-10,2024-01-01,Mumbai,West,24,15560.73
S00203,C00203,R063,D0141,P007,2024-01-30,2024-01-01,Hyderabad,South,19,11785.05
S00204,C00204,R009,D0495,P008,2024-01-29,2024-01-01,Ahmedabad,West,17,5342.23
S00205,C00205,R045,D0234,P005,2024-01-09,2024-01-01,Patna,East,21,9354.34
S00206,C00206,R012,D0624,P003,2024-01-11,2024-01-01,Goa,West,25,17897.19
S00207,C00207,R042,D0368,P003,2024-01-11,2024-01-01,Vijayawada,South,30,19839.54
S00208,C00208,R055,D0395,P006,2024-01-25,2024-01-01,Mumbai,West,11,5793.66
S00209,C00209,R023,D0364,P001,2024-01-30,2024-01-01,Ranchi,East,24,17026.47
S00210,C00210,R032,D0817,P002,2024-01-28,2024-01-01,Pune,West,32,16167.05
S00211,C00211,R013,D0150,P006,2024-01-27,2024-01-01,Bengaluru,South,32,16797.93
S00212,C00212,R066,D0195,P001,2024-01-11,2024-01-01,Vijayawada,South,23,17723.89
S00213,C00213,R004,D0045,P003,2024-01-10,2024-01-01,Lucknow,North,26,16828.54
S00214,C00214,R062,D0602,P006,2024-01-28,2024-01-01,Chennai,South,18,8743.75
S00215,C00215,R037,D0601,P003,2024-01-13,2024-01-01,Bengaluru,South,33,22840.98
S00216,C00216,R056,D0517,P008,2024-01-07,2024-01-01,Pune,West,38,12557.88
S00217,C00217,R048,D0026,P008,2024-01-27,2024-01-01,Siliguri,East,17,5422.26
S00218,C00218,R047,D0639,P001,2024-01-15,2024-01-01,Ranchi,East,20,15791.74
S00219,C00219,R064,D0674,P002,2024-01-03,2024-01-01,Kochi,South,48,25524.77
S00220,C00220,R069,D0807,P008,2024-01-28,2024-01-01,Patna,East,10,3090.58
S00221,C00221,R067,D0779,P001,2024-01-10,2024-01-01,Kolkata,East,20,15195.34
S00222,C00222,R040,D0331,P004,2024-01-10,2024-01-01,Kochi,South,13,12012.22
S00223,C00223,R038,D0597,P008,2024-01-17,2024-01-01,Chennai,South,16,5018.98
S00224,C00224,R058,D0238,P005,2024-01-09,2024-01-01,Surat,West,15,6919.8
S00225,C00225,R015,D0494,P003,2024-01-26,2024-01-01,Hyderabad,South,31,20020.59
S00226,C00226,R055,D0350,P001,2024-01-22,2024-01-01,Mumbai,West,25,20416.18
S00227,C00227,R040,D0535,P004,2024-01-18,2024-01-01,Kochi,South,32,27554.18
S00228,C00228,R015,D0814,P005,2024-01-07,2024-01-01,Hyderabad,South,20,9902.46
S00229,C00229,R045,D0503,P001,2024-01-16,2024-01-01,Patna,East,21,15910.35
S00230,C00230,R022,D0802,P005,2024-01-09,2024-01-01,Guwahati,East,9,4021.54
S00231,C00231,R009,D0836,P004,2024-01-30,2024-01-01,Ahmedabad,West,14,13708.12
S00232,C00232,R054,D0136,P003,2024-01-25,2024-01-01,Dehradun,North,12,7497.65
S00233,C00233,R036,D0813,P008,2024-01-04,2024-01-01,Goa,West,26,8304.45
S00234,C00234,R017,D0630,P008,2024-01-17,2024-01-01,Coimbatore,South,14,4706.61
S00235,C00235,R033,D0328,P006,2024-01-25,2024-01-01,Ahmedabad,West,22,10354.12
S00236,C00236,R003,D0594,P005,2024-01-17,2024-01-01,Jaipur,North,22,10250.65
S00237,C00237,R072,D0493,P004,2024-01-04,2024-01-01,Siliguri,East,13,10679.68
S00238,C00238,R059,D0687,P001,2024-01-05,2024-01-01,Nagpur,West,14,10940.0
S00239,C00239,R006,D0708,P003,2024-01-23,2024-01-01,Dehradun,North,10,7271.85
S00240,C00240,R058,D0069,P001,2024-01-17,2024-01-01,Surat,West,20,13766.11
S00241,C00241,R030,D0006,P003,2024-01-17,2024-01-01,Dehradun,North,12,7890.09
S00242,C00242,R062,D0198,P004,2024-01-09,2024-01-01,Chennai,South,33,28702.11
S00243,C00243,R069,D0386,P005,2024-01-09,2024-01-01,Patna,East,10,4368.32
S00244,C00244,R060,D0804,P003,2024-01-13,2024-01-01,Goa,West,14,8533.15
S00245,C00245,R020,D0636,P003,2024-01-17,2024-01-01,Bhubaneswar,East,15,10444.01
S00246,C00246,R022,D0082,P006,2024-01-15,2024-01-01,Guwahati,East,12,6180.51
S00247,C00247,R039,D0563,P002,2024-01-28,2024-01-01,Hyderabad,South,13,6367.54
S00248,C00248,R039,D0374,P002,2024-01-06,2024-01-01,Hyderabad,South,24,12349.91
S00249,C00249,R061,D0266,P006,2024-01-15,2024-01-01,Bengaluru,South,21,10416.11
S00250,C00250,R039,D0585,P005,2024-01-08,2024-01-01,Hyderabad,South,25,10596.51
S00251,C00251,R064,D0335,P007,2024-01-01,2024-01-01,Kochi,South,17,10415.46
S00252,C00252,R035,D0555,P006,2024-01-13,2024-01-01,Nagpur,West,19,9813.58
S00253,C00253,R028,D0186,P008,2024-01-02,2024-01-01,Lucknow,North,31,10039.47
S00254,C00254,R021,D0248,P006,2024-01-12,2024-01-01,Patna,East,9,5053.76
S00255,C00255,R014,D0473,P007,2024-01-20,2024-01-01,Chennai,South,17,9882.19
S00256,C00256,R024,D0493,P002,2024-01-12,2024-01-01,Siliguri,East,15,7908.44
S00257,C00257,R041,D0725,P005,2024-01-22,2024-01-01,Coimbatore,South,24,10749.06
S00258,C00258,R010,D0197,P008,2024-01-10,2024-01-01,Surat,West,14,4671.44
S00259,C00259,R052,D0728,P007,2024-01-13,2024-01-01,Lucknow,North,11,6960.0
S00260,C00260,R051,D0690,P004,2024-01-28,2024-01-01,Jaipur,North,23,19312.72
S00261,C00261,R063,D0235,P008,2024-01-08,2024-01-01,Hyderabad,South,20,6862.45
S00262,C00262,R023,D0101,P003,2024-01-16,2024-01-01,Ranchi,East,25,15750.9
S00263,C00263,R042,D0211,P001,2024-01-23,2024-01-01,Vijayawada,South,21,17079.34
S00264,C00264,R014,D0549,P007,2024-01-12,2024-01-01,Chennai,South,30,19026.12
S00265,C00265,R017,D0617,P004,2024-01-10,2024-01-01,Coimbatore,South,17,15431.08
S00266,C00266,R019,D0526,P001,2024-01-22,2024-01-01,Kolkata,East,19,14575.93
S00267,C00267,R003,D0656,P002,2024-01-03,2024-01-01,Jaipur,North,18,9568.88
S00268,C00268,R022,D0066,P001,2024-01-09,2024-01-01,Guwahati,East,14,11182.77
S00269,C00269,R050,D0375,P008,2024-01-13,2024-01-01,Chandigarh,North,20,6568.43
S00270,C00270,R008,D0697,P007,2024-01-07,2024-01-01,Pune,West,30,18949.24
S00271,C00271,R002,D0326,P008,2024-01-17,2024-01-01,Chandigarh,North,12,3976.31
S00272,C00272,R070,D0796,P002,2024-01-20,2024-01-01,Guwahati,East,20,10984.91
S00273,C00273,R006,D0136,P007,2024-01-30,2024-01-01,Dehradun,North,13,8490.39
S00274,C00274,R057,D0841,P005,2024-01-19,2024-01-01,Ahmedabad,West,9,4015.76
S00275,C00275,R058,D0575,P003,2024-01-19,2024-01-01,Surat,West,21,13889.43
S00276,C00276,R006,D0591,P006,2024-01-23,2024-01-01,Dehradun,North,10,4957.65
S00277,C00277,R001,D0573,P008,2024-01-07,2024-01-01,North Delhi,North,11,3950.08
S00278,C00278,R067,D0779,P004,2024-01-15,2024-01-01,Kolkata,East,22,20328.25
S00279,C00279,R034,D0231,P001,2024-01-26,2024-01-01,Surat,West,15,12292.82
S00280,C00280,R048,D0097,P007,2024-01-06,2024-01-01,Siliguri,East,21,13095.89
S00281,C00281,R043,D0779,P002,2024-01-10,2024-01-01,Kolkata,East,15,8077.14
S00282,C00282,R005,D0090,P002,2024-01-07,2024-01-01,Ludhiana,North,10,6121.1
S00283,C00283,R026,D0662,P005,2024-01-30,2024-01-01,Chandigarh,North,12,5855.48
S00284,C00284,R022,D0176,P007,2024-01-11,2024-01-01,Guwahati,East,15,9003.26
S00285,C00285,R016,D0787,P007,2024-01-11,2024-01-01,Kochi,South,17,10228.96
S00286,C00286,R049,D0849,P007,2024-01-26,2024-01-01,North Delhi,North,16,9868.33
S00287,C00287,R013,D0308,P008,2024-01-29,2024-01-01,Bengaluru,South,26,8095.02
S00288,C00288,R029,D0466,P002,2024-01-01,2024-01-01,Ludhiana,North,16,8489.83
S00289,C00289,R035,D0420,P003,2024-01-28,2024-01-01,Nagpur,West,34,20734.87
S00290,C00290,R024,D0348,P006,2024-01-22,2024-01-01,Siliguri,East,22,9876.18
S00291,C00291,R024,D0729,P004,2024-01-27,2024-01-01,Siliguri,East,19,18581.49
S00292,C00292,R053,D0236,P006,2024-01-03,2024-01-01,Ludhiana,North,23,11433.06
S00293,C00293,R034,D0778,P004,2024-01-02,2024-01-01,Surat,West,19,16652.97
S00294,C00294,R057,D0629,P004,2024-01-11,2024-01-01,Ahmedabad,West,17,15182.23
S00295,C00295,R060,D0813,P001,2024-01-27,2024-01-01,Goa,West,25,20178.59
S00296,C00296,R010,D0423,P005,2024-01-16,2024-01-01,Surat,West,18,8601.22
S00297,C00297,R035,D0691,P007,2024-01-23,2024-01-01,Nagpur,West,19,12186.37
S00298,C00298,R051,D0432,P007,2024-01-08,2024-01-01,Jaipur,North,15,9413.01
S00299,C00299,R010,D0306,P003,2024-01-11,2024-01-01,Surat,West,27,17581.24
S00300,C00300,R051,D0192,P006,2024-01-28,2024-01-01,Jaipur,North,18,9760.45
S00301,C00301,R057,D0181,P002,2024-01-16,2024-01-01,Ahmedabad,West,16,8562.86
S00302,C00302,R018,D0025,P006,2024-01-25,2024-01-01,Vijayawada,South,16,8580.91
S00303,C00303,R007,D0395,P004,2024-01-20,2024-01-01,Mumbai,West,17,13965.12
S00304,C00304,R023,D0850,P008,2024-01-06,2024-01-01,Ranchi,East,17,5793.98
S00305,C00305,R042,D0750,P006,2024-01-30,2024-01-01,Vijayawada,South,20,9745.31
S00306,C00306,R054,D0627,P001,2024-01-30,2024-01-01,Dehradun,North,13,9404.84
S00307,C00307,R067,D0334,P007,2024-01-25,2024-01-01,Kolkata,East,18,10266.81
S00308,C00308,R015,D0387,P006,2024-01-15,2024-01-01,Hyderabad,South,15,7727.59
S00309,C00309,R065,D0606,P002,2024-01-14,2024-01-01,Coimbatore,South,24,14441.28
S00310,C00310,R054,D0006,P003,2024-01-10,2024-01-01,Dehradun,North,12,7842.35
S00311,C00311,R016,D0787,P002,2024-01-21,2024-01-01,Kochi,South,22,11813.29
S00312,C00312,R013,D0701,P003,2024-01-10,2024-01-01,Bengaluru,South,17,11651.08
S00313,C00313,R004,D0783,P008,2024-01-06,2024-01-01,Lucknow,North,22,6837.32
S00314,C00314,R060,D0139,P008,2024-01-02,2024-01-01,Goa,West,21,6669.73
S00315,C00315,R053,D0828,P005,2024-01-14,2024-01-01,Ludhiana,North,17,7683.72
S00316,C00316,R022,D0464,P003,2024-01-26,2024-01-01,Guwahati,East,12,8699.04
S00317,C00317,R054,D0544,P003,2024-01-25,2024-01-01,Dehradun,North,12,7949.95
S00318,C00318,R007,D0232,P008,2024-01-27,2024-01-01,Mumbai,West,29,9627.37
S00319,C00319,R072,D0389,P002,2024-01-19,2024-01-01,Siliguri,East,21,10936.18
S00320,C00320,R038,D0325,P007,2024-01-27,2024-01-01,Chennai,South,17,9779.45
S00321,C00321,R056,D0834,P008,2024-01-25,2024-01-01,Pune,West,14,4628.71
S00322,C00322,R004,D0278,P007,2024-01-26,2024-01-01,Lucknow,North,21,12971.94
S00323,C00323,R059,D0240,P006,2024-01-16,2024-01-01,Nagpur,West,16,8580.27
S00324,C00324,R044,D0805,P008,2024-01-03,2024-01-01,Bhubaneswar,East,16,4892.99
S00325,C00325,R058,D0111,P002,2024-01-12,2024-01-01,Surat,West,19,10212.58
S00326,C00326,R008,D0705,P008,2024-01-27,2024-01-01,Pune,West,36,10777.93
S00327,C00327,R038,D0776,P001,2024-01-24,2024-01-01,Chennai,South,35,26625.1
S00328,C00328,R054,D0254,P001,2024-01-01,2024-01-01,Dehradun,North,11,7959.94
S00329,C00329,R021,D0518,P002,2024-01-03,2024-01-01,Patna,East,9,4790.9
S00330,C00330,R020,D0684,P005,2024-01-21,2024-01-01,Bhubaneswar,East,15,7351.21
S00331,C00331,R031,D0476,P002,2024-01-31,2024-01-01,Mumbai,West,29,14988.06
S00332,C00332,R023,D0571,P006,2024-01-23,2024-01-01,Ranchi,East,23,11219.31
S00333,C00333,R052,D0128,P001,2024-01-30,2024-01-01,Lucknow,North,22,17016.74
S00334,C00334,R064,D0438,P006,2024-01-03,2024-01-01,Kochi,South,26,13137.94
S00335,C00335,R001,D0488,P002,2024-01-28,2024-01-01,North Delhi,North,23,12898.21
S00336,C00336,R071,D0472,P005,2024-01-04,2024-01-01,Ranchi,East,18,7742.21
S00337,C00337,R011,D0785,P001,2024-01-28,2024-01-01,Nagpur,West,15,10235.28
S00338,C00338,R053,D0735,P008,2024-01-31,2024-01-01,Ludhiana,North,23,7383.37
S00339,C00339,R072,D0493,P004,2024-01-16,2024-01-01,Siliguri,East,15,14478.52
S00340,C00340,R033,D0324,P005,2024-01-17,2024-01-01,Ahmedabad,West,38,17310.55
S00341,C00341,R009,D0324,P004,2024-01-16,2024-01-01,Ahmedabad,West,36,32674.38
S00342,C00342,R046,D0042,P005,2024-01-18,2024-01-01,Guwahati,East,21,9621.58
S00343,C00343,R027,D0564,P004,2024-01-26,2024-01-01,Jaipur,North,27,24925.76
S00344,C00344,R001,D0219,P001,2024-01-09,2024-01-01,North Delhi,North,15,11527.79
S00345,C00345,R059,D0741,P007,2024-01-09,2024-01-01,Nagpur,West,14,8508.54
S00346,C00346,R046,D0650,P006,2024-01-31,2024-01-01,Guwahati,East,15,8276.6
S00347,C00347,R020,D0774,P003,2024-01-27,2024-01-01,Bhubaneswar,East,16,11164.07
S00348,C00348,R041,D0818,P001,2024-01-17,2024-01-01,Coimbatore,South,21,15813.46
S00349,C00349,R070,D0351,P008,2024-01-07,2024-01-01,Guwahati,East,17,5258.95
S00350,C00350,R047,D0327,P003,2024-01-30,2024-01-01,Ranchi,East,36,23051.9
S00351,C00351,R037,D0416,P008,2024-01-28,2024-01-01,Bengaluru,South,19,5738.35
S00352,C00352,R039,D0332,P007,2024-01-11,2024-01-01,Hyderabad,South,21,12456.24
S00353,C00353,R037,D0209,P008,2024-01-17,2024-01-01,Bengaluru,South,29,9223.63
S00354,C00354,R005,D0678,P006,2024-01-14,2024-01-01,Ludhiana,North,22,10786.11
S00355,C00355,R064,D0400,P002,2024-01-27,2024-01-01,Kochi,South,23,12737.61
S00356,C00356,R049,D0819,P001,2024-01-22,2024-01-01,North Delhi,North,26,18583.0
S00357,C00357,R009,D0207,P002,2024-01-16,2024-01-01,Ahmedabad,West,12,6097.71
S00358,C00358,R007,D0459,P004,2024-01-31,2024-01-01,Mumbai,West,24,22063.94
S00359,C00359,R062,D0469,P005,2024-01-19,2024-01-01,Chennai,South,23,11585.59
S00360,C00360,R034,D0734,P008,2024-01-16,2024-01-01,Surat,West,12,3888.55
S00361,C00361,R002,D0582,P002,2024-01-29,2024-01-01,Chandigarh,North,10,5174.76
S00362,C00362,R025,D0033,P006,2024-01-14,2024-01-01,North Delhi,North,17,8187.47
S00363,C00363,R027,D0226,P001,2024-01-13,2024-01-01,Jaipur,North,14,10715.11
S00364,C00364,R056,D0697,P004,2024-01-13,2024-01-01,Pune,West,21,19873.61
S00365,C00365,R070,D0176,P001,2024-01-07,2024-01-01,Guwahati,East,30,24001.64
S00366,C00366,R001,D0294,P003,2024-01-09,2024-01-01,North Delhi,North,24,14860.27
S00367,C00367,R058,D0104,P005,2024-01-03,2024-01-01,Surat,West,27,12645.02
S00368,C00368,R014,D0597,P006,2024-01-23,2024-01-01,Chennai,South,14,7652.19
S00369,C00369,R006,D0136,P007,2024-01-19,2024-01-01,Dehradun,North,14,9044.21
S00370,C00370,R045,D0248,P005,2024-01-29,2024-01-01,Patna,East,8,3924.82
S00371,C00371,R052,D0560,P003,2024-01-19,2024-01-01,Lucknow,North,33,22651.5
S00372,C00372,R032,D0705,P008,2024-01-03,2024-01-01,Pune,West,36,10781.44
S00373,C00373,R005,D0222,P008,2024-01-20,2024-01-01,Ludhiana,North,33,10133.71
S00374,C00374,R007,D0350,P008,2024-01-06,2024-01-01,Mumbai,West,19,6608.82
S00375,C00375,R012,D0139,P007,2024-01-02,2024-01-01,Goa,West,15,8994.4
S00376,C00376,R014,D0381,P007,2024-01-21,2024-01-01,Chennai,South,22,12147.43
S00377,C00377,R067,D0799,P001,2024-01-01,2024-01-01,Kolkata,East,15,12054.73
S00378,C00378,R018,D0244,P005,2024-01-13,2024-01-01,Vijayawada,South,23,11141.83
S00379,C00379,R052,D0245,P004,2024-01-28,2024-01-01,Lucknow,North,20,17728.44
S00380,C00380,R069,D0283,P003,2024-01-08,2024-01-01,Patna,East,20,13562.84
S00381,C00381,R060,D0806,P001,2024-01-22,2024-01-01,Goa,West,24,17944.82
S00382,C00382,R029,D0497,P002,2024-01-12,2024-01-01,Ludhiana,North,14,7384.49
S00383,C00383,R040,D0529,P008,2024-01-04,2024-01-01,Kochi,South,13,3783.75
S00384,C00384,R068,D0684,P008,2024-01-07,2024-01-01,Bhubaneswar,East,18,5450.82
S00385,C00385,R036,D0648,P006,2024-01-03,2024-01-01,Goa,West,26,14212.54
S00386,C00386,R041,D0491,P001,2024-01-05,2024-01-01,Coimbatore,South,15,9760.85
S00387,C00387,R021,D0455,P006,2024-01-06,2024-01-01,Patna,East,15,7501.84
S00388,C00388,R032,D0480,P002,2024-01-28,2024-01-01,Pune,West,14,7358.24
S00389,C00389,R017,D0130,P006,2024-01-26,2024-01-01,Coimbatore,South,14,7352.23
S00390,C00390,R018,D0368,P001,2024-01-11,2024-01-01,Vijayawada,South,16,11148.79
S00391,C00391,R019,D0712,P003,2024-01-23,2024-01-01,Kolkata,East,13,8252.48
S00392,C00392,R065,D0018,P001,2024-01-07,2024-01-01,Coimbatore,South,32,24225.63
S00393,C00393,R007,D0748,P008,2024-01-20,2024-01-01,Mumbai,West,42,13712.33
S00394,C00394,R045,D0455,P005,2024-01-07,2024-01-01,Patna,East,14,6436.89
S00395,C00395,R028,D0285,P008,2024-01-20,2024-01-01,Lucknow,North,23,6750.58
S00396,C00396,R016,D0103,P001,2024-01-12,2024-01-01,Kochi,South,11,8434.67
S00397,C00397,R039,D0585,P006,2024-01-27,2024-01-01,Hyderabad,South,24,11764.21
S00398,C00398,R041,D0018,P004,2024-01-26,2024-01-01,Coimbatore,South,30,27318.78
S00399,C00399,R047,D0447,P004,2024-01-11,2024-01-01,Ranchi,East,12,10548.56
S00400,C00400,R047,D0116,P007,2024-01-02,2024-01-01,Ranchi,East,30,19899.95
S00401,C00401,R064,D0746,P001,2024-01-10,2024-01-01,Kochi,South,23,17344.45
S00402,C00402,R011,D0191,P008,2024-01-09,2024-01-01,Nagpur,West,18,5596.45
S00403,C00403,R013,D0663,P001,2024-01-14,2024-01-01,Bengaluru,South,28,21258.97
S00404,C00404,R029,D0550,P003,2024-01-18,2024-01-01,Ludhiana,North,14,9150.83
S00405,C00405,R039,D0011,P002,2024-01-31,2024-01-01,Hyderabad,South,20,11254.57
S00406,C00406,R071,D0578,P005,2024-01-02,2024-01-01,Ranchi,East,17,7647.1
S00407,C00407,R063,D0767,P005,2024-01-18,2024-01-01,Hyderabad,South,27,12174.42
S00408,C00408,R056,D0255,P006,2024-01-06,2024-01-01,Pune,West,17,8824.77
S00409,C00409,R012,D0813,P007,2024-01-17,2024-01-01,Goa,West,22,12785.0
S00410,C00410,R015,D0695,P007,2024-01-20,2024-01-01,Hyderabad,South,15,9438.55
S00411,C00411,R010,D0566,P008,2024-01-26,2024-01-01,Surat,West,15,4709.3
S00412,C00412,R050,D0303,P004,2024-01-18,2024-01-01,Chandigarh,North,15,12747.38
S00413,C00413,R069,D0084,P002,2024-01-06,2024-01-01,Patna,East,19,9316.52
S00414,C00414,R055,D0456,P002,2024-01-29,2024-01-01,Mumbai,West,7,3571.71
S00415,C00415,R008,D0642,P003,2024-01-13,2024-01-01,Pune,West,12,7838.18
S00416,C00416,R044,D0596,P005,2024-01-15,2024-01-01,Bhubaneswar,East,17,7783.88
S00417,C00417,R012,D0589,P001,2024-01-20,2024-01-01,Goa,West,25,19222.92
S00418,C00418,R011,D0668,P008,2024-01-09,2024-01-01,Nagpur,West,23,6815.41
S00419,C00419,R048,D0305,P008,2024-01-31,2024-01-01,Siliguri,East,16,5065.77
S00420,C00420,R018,D0025,P002,2024-01-02,2024-01-01,Vijayawada,South,21,10459.43
S00421,C00421,R071,D0747,P007,2024-01-05,2024-01-01,Ranchi,East,24,13710.43
S00422,C00422,R016,D0529,P005,2024-01-31,2024-01-01,Kochi,South,12,5819.49
S00423,C00423,R043,D0471,P004,2024-01-15,2024-01-01,Kolkata,East,16,14143.77
S00424,C00424,R043,D0471,P006,2024-01-28,2024-01-01,Kolkata,East,30,15622.82
S00425,C00425,R021,D0727,P005,2024-01-29,2024-01-01,Patna,East,14,6890.88
S00426,C00426,R035,D0668,P003,2024-01-31,2024-01-01,Nagpur,West,29,19054.43
S00427,C00427,R043,D0586,P005,2024-01-23,2024-01-01,Kolkata,East,9,4332.23
S00428,C00428,R006,D0665,P002,2024-01-22,2024-01-01,Dehradun,North,27,14838.9
S00429,C00429,R026,D0239,P003,2024-01-20,2024-01-01,Chandigarh,North,9,5716.77
S00430,C00430,R004,D0560,P008,2024-01-22,2024-01-01,Lucknow,North,28,8880.75
S00431,C00431,R030,D0837,P002,2024-01-08,2024-01-01,Dehradun,North,15,7782.52
S00432,C00432,R054,D0189,P005,2024-01-26,2024-01-01,Dehradun,North,20,9466.19
S00433,C00433,R010,D0409,P003,2024-02-06,2024-02-01,Surat,West,23,15911.91
S00434,C00434,R008,D0605,P004,2024-02-14,2024-02-01,Pune,West,29,24003.13
S00435,C00435,R068,D0546,P002,2024-02-11,2024-02-01,Bhubaneswar,East,8,4122.95
S00436,C00436,R033,D0840,P005,2024-02-23,2024-02-01,Ahmedabad,West,30,13530.34
S00437,C00437,R068,D0431,P005,2024-02-08,2024-02-01,Bhubaneswar,East,14,6166.79
S00438,C00438,R017,D0163,P005,2024-02-06,2024-02-01,Coimbatore,South,12,5446.12
S00439,C00439,R034,D0098,P003,2024-02-24,2024-02-01,Surat,West,20,13417.58
S00440,C00440,R065,D0635,P005,2024-02-15,2024-02-01,Coimbatore,South,25,12220.34
S00441,C00441,R042,D0475,P006,2024-02-21,2024-02-01,Vijayawada,South,29,14391.46
S00442,C00442,R060,D0528,P006,2024-02-26,2024-02-01,Goa,West,22,10891.49
S00443,C00443,R059,D0397,P005,2024-02-25,2024-02-01,Nagpur,West,16,7484.59
S00444,C00444,R061,D0270,P003,2024-02-12,2024-02-01,Bengaluru,South,17,11172.13
S00445,C00445,R054,D0812,P005,2024-02-05,2024-02-01,Dehradun,North,18,7620.57
S00446,C00446,R018,D0475,P005,2024-02-28,2024-02-01,Vijayawada,South,18,7908.74
S00447,C00447,R058,D0778,P008,2024-02-09,2024-02-01,Surat,West,20,6276.78
S00448,C00448,R030,D0708,P004,2024-02-23,2024-02-01,Dehradun,North,8,7384.0
S00449,C00449,R042,D0595,P003,2024-02-23,2024-02-01,Vijayawada,South,16,11126.78
S00450,C00450,R061,D0379,P006,2024-02-13,2024-02-01,Bengaluru,South,20,9639.95
S00451,C00451,R025,D0219,P006,2024-02-05,2024-02-01,North Delhi,North,22,10766.84
S00452,C00452,R001,D0609,P004,2024-02-14,2024-02-01,North Delhi,North,21,19460.81
S00453,C00453,R046,D0590,P001,2024-02-05,2024-02-01,Guwahati,East,13,9886.35
S00454,C00454,R010,D0362,P006,2024-02-11,2024-02-01,Surat,West,22,11398.69
S00455,C00455,R057,D0035,P006,2024-02-12,2024-02-01,Ahmedabad,West,14,7057.89
S00456,C00456,R019,D0797,P008,2024-02-16,2024-02-01,Kolkata,East,9,2878.89
S00457,C00457,R028,D0658,P005,2024-02-06,2024-02-01,Lucknow,North,18,8091.98
S00458,C00458,R012,D0304,P005,2024-02-25,2024-02-01,Goa,West,16,7756.16
S00459,C00459,R003,D0432,P002,2024-02-03,2024-02-01,Jaipur,North,26,12922.63
S00460,C00460,R034,D0098,P004,2024-02-29,2024-02-01,Surat,West,19,16540.55
S00461,C00461,R015,D0795,P001,2024-02-10,2024-02-01,Hyderabad,South,18,14730.39
S00462,C00462,R054,D0189,P005,2024-02-15,2024-02-01,Dehradun,North,32,14533.12
S00463,C00463,R041,D0434,P006,2024-02-26,2024-02-01,Coimbatore,South,28,14167.91
S00464,C00464,R009,D0328,P007,2024-02-19,2024-02-01,Ahmedabad,West,20,12756.08
S00465,C00465,R057,D0250,P006,2024-02-02,2024-02-01,Ahmedabad,West,12,6246.89
S00466,C00466,R006,D0591,P007,2024-02-18,2024-02-01,Dehradun,North,13,8245.56
S00467,C00467,R070,D0848,P006,2024-02-17,2024-02-01,Guwahati,East,11,5931.64
S00468,C00468,R068,D0722,P007,2024-02-28,2024-02-01,Bhubaneswar,East,17,9595.25
S00469,C00469,R011,D0496,P004,2024-02-17,2024-02-01,Nagpur,West,13,11275.52
S00470,C00470,R059,D0093,P005,2024-02-29,2024-02-01,Nagpur,West,15,6597.68
S00471,C00471,R038,D0752,P006,2024-02-16,2024-02-01,Chennai,South,34,17573.94
S00472,C00472,R047,D0224,P005,2024-02-06,2024-02-01,Ranchi,East,34,16409.7
S00473,C00473,R060,D0809,P005,2024-02-15,2024-02-01,Goa,West,16,6419.07
S00474,C00474,R015,D0302,P007,2024-02-27,2024-02-01,Hyderabad,South,17,9519.57
S00475,C00475,R050,D0375,P002,2024-02-01,2024-02-01,Chandigarh,North,11,5307.08
S00476,C00476,R036,D0361,P003,2024-02-12,2024-02-01,Goa,West,16,10072.18
S00477,C00477,R068,D0509,P005,2024-02-02,2024-02-01,Bhubaneswar,East,11,5051.63
S00478,C00478,R026,D0156,P006,2024-02-25,2024-02-01,Chandigarh,North,15,8238.84
S00479,C00479,R049,D0552,P005,2024-02-15,2024-02-01,North Delhi,North,19,8132.38
S00480,C00480,R020,D0431,P002,2024-02-21,2024-02-01,Bhubaneswar,East,10,6023.37
S00481,C00481,R002,D0762,P007,2024-02-29,2024-02-01,Chandigarh,North,15,9350.09
S00482,C00482,R071,D0364,P005,2024-02-25,2024-02-01,Ranchi,East,20,9417.98
S00483,C00483,R021,D0807,P004,2024-02-12,2024-02-01,Patna,East,12,11014.16
S00484,C00484,R028,D0276,P008,2024-02-28,2024-02-01,Lucknow,North,31,9174.11
S00485,C00485,R014,D0288,P004,2024-02-14,2024-02-01,Chennai,South,42,36104.84
S00486,C00486,R027,D0071,P002,2024-02-29,2024-02-01,Jaipur,North,30,15297.19
S00487,C00487,R027,D0667,P008,2024-02-29,2024-02-01,Jaipur,North,20,6576.39
S00488,C00488,R059,D0079,P004,2024-02-07,2024-02-01,Nagpur,West,17,14371.89
S00489,C00489,R015,D0208,P008,2024-02-23,2024-02-01,Hyderabad,South,24,7560.08
S00490,C00490,R002,D0810,P005,2024-02-21,2024-02-01,Chandigarh,North,10,4423.97
S00491,C00491,R033,D0551,P002,2024-02-23,2024-02-01,Ahmedabad,West,13,7486.45
S00492,C00492,R009,D0510,P004,2024-02-05,2024-02-01,Ahmedabad,West,22,18885.78
S00493,C00493,R017,D0630,P008,2024-02-15,2024-02-01,Coimbatore,South,8,2406.25
S00494,C00494,R060,D0745,P008,2024-02-05,2024-02-01,Goa,West,32,10434.74
S00495,C00495,R008,D0697,P002,2024-02-27,2024-02-01,Pune,West,15,8033.75
S00496,C00496,R029,D0647,P008,2024-02-26,2024-02-01,Ludhiana,North,22,7498.58
S00497,C00497,R013,D0307,P007,2024-02-17,2024-02-01,Bengaluru,South,24,14791.05
S00498,C00498,R024,D0096,P006,2024-02-04,2024-02-01,Siliguri,East,19,9773.8
S00499,C00499,R063,D0235,P002,2024-02-20,2024-02-01,Hyderabad,South,26,14586.18
S00500,C00500,R050,D0681,P005,2024-02-13,2024-02-01,Chandigarh,North,26,12175.17
S00501,C00501,R026,D0221,P004,2024-02-23,2024-02-01,Chandigarh,North,26,23940.61
S00502,C00502,R052,D0458,P001,2024-02-03,2024-02-01,Lucknow,North,20,16074.37
S00503,C00503,R020,D0273,P008,2024-02-12,2024-02-01,Bhubaneswar,East,18,5636.76
S00504,C00504,R017,D0046,P005,2024-02-11,2024-02-01,Coimbatore,South,10,4300.8
S00505,C00505,R049,D0299,P001,2024-02-28,2024-02-01,North Delhi,North,24,18460.84
S00506,C00506,R049,D0157,P003,2024-02-09,2024-02-01,North Delhi,North,14,8266.89
S00507,C00507,R022,D0736,P007,2024-02-29,2024-02-01,Guwahati,East,16,9351.63
S00508,C00508,R007,D0395,P004,2024-02-27,2024-02-01,Mumbai,West,9,7811.91
S00509,C00509,R043,D0359,P004,2024-02-18,2024-02-01,Kolkata,East,16,15093.19
S00510,C00510,R069,D0283,P002,2024-02-06,2024-02-01,Patna,East,23,12264.17
S00511,C00511,R066,D0244,P001,2024-02-07,2024-02-01,Vijayawada,South,19,16046.08
S00512,C00512,R021,D0801,P008,2024-02-01,2024-02-01,Patna,East,10,3259.56
S00513,C00513,R049,D0666,P008,2024-02-23,2024-02-01,North Delhi,North,14,4092.74
S00514,C00514,R010,D0104,P001,2024-02-22,2024-02-01,Surat,West,34,27910.16
S00515,C00515,R025,D0157,P005,2024-02-10,2024-02-01,North Delhi,North,15,7225.85
S00516,C00516,R049,D0033,P006,2024-02-22,2024-02-01,North Delhi,North,14,6506.07
S00517,C00517,R039,D0196,P008,2024-02-17,2024-02-01,Hyderabad,South,24,7921.05
S00518,C00518,R027,D0616,P005,2024-02-24,2024-02-01,Jaipur,North,24,11783.22
S00519,C00519,R057,D0836,P007,2024-02-03,2024-02-01,Ahmedabad,West,16,8666.48
S00520,C00520,R030,D0525,P001,2024-02-06,2024-02-01,Dehradun,North,17,12481.03
S00521,C00521,R011,D0091,P001,2024-02-24,2024-02-01,Nagpur,West,22,17891.98
S00522,C00522,R052,D0045,P004,2024-02-11,2024-02-01,Lucknow,North,20,17556.77
S00523,C00523,R047,D0327,P003,2024-02-28,2024-02-01,Ranchi,East,23,16233.05
S00524,C00524,R044,D0330,P007,2024-02-26,2024-02-01,Bhubaneswar,East,18,11450.6
S00525,C00525,R043,D0471,P003,2024-02-03,2024-02-01,Kolkata,East,13,8899.7
S00526,C00526,R013,D0070,P004,2024-02-12,2024-02-01,Bengaluru,South,50,46912.12
S00527,C00527,R001,D0157,P005,2024-02-22,2024-02-01,North Delhi,North,12,5270.97
S00528,C00528,R010,D0409,P008,2024-02-04,2024-02-01,Surat,West,19,5960.52
S00529,C00529,R041,D0384,P001,2024-02-25,2024-02-01,Coimbatore,South,24,20463.8
S00530,C00530,R011,D0357,P005,2024-02-03,2024-02-01,Nagpur,West,18,8100.59
S00531,C00531,R002,D0201,P004,2024-02-04,2024-02-01,Chandigarh,North,12,11220.03
S00532,C00532,R067,D0021,P001,2024-02-16,2024-02-01,Kolkata,East,32,24609.55
S00533,C00533,R026,D0303,P007,2024-02-08,2024-02-01,Chandigarh,North,17,9929.74
S00534,C00534,R009,D0277,P008,2024-02-19,2024-02-01,Ahmedabad,West,16,4846.1
S00535,C00535,R016,D0746,P002,2024-02-12,2024-02-01,Kochi,South,8,4421.58
S00536,C00536,R057,D0811,P007,2024-02-08,2024-02-01,Ahmedabad,West,19,12297.82
S00537,C00537,R040,D0373,P006,2024-02-25,2024-02-01,Kochi,South,15,7805.58
S00538,C00538,R063,D0208,P006,2024-02-05,2024-02-01,Hyderabad,South,25,12859.62
S00539,C00539,R051,D0296,P004,2024-02-15,2024-02-01,Jaipur,North,13,10858.07
S00540,C00540,R054,D0587,P003,2024-02-05,2024-02-01,Dehradun,North,25,16433.07
S00541,C00541,R052,D0291,P001,2024-02-04,2024-02-01,Lucknow,North,28,21947.49
S00542,C00542,R051,D0667,P001,2024-02-06,2024-02-01,Jaipur,North,31,23017.13
S00543,C00543,R048,D0729,P002,2024-02-08,2024-02-01,Siliguri,East,19,10440.72
S00544,C00544,R035,D0390,P005,2024-02-12,2024-02-01,Nagpur,West,13,5749.56
S00545,C00545,R048,D0096,P002,2024-02-14,2024-02-01,Siliguri,East,13,6853.58
S00546,C00546,R032,D0171,P006,2024-02-05,2024-02-01,Pune,West,23,12135.93
S00547,C00547,R021,D0740,P005,2024-02-02,2024-02-01,Patna,East,14,6928.73
S00548,C00548,R027,D0296,P003,2024-02-03,2024-02-01,Jaipur,North,15,10608.19
S00549,C00549,R071,D0280,P001,2024-02-19,2024-02-01,Ranchi,East,19,14655.49
S00550,C00550,R036,D0539,P005,2024-02-29,2024-02-01,Goa,West,18,8474.14
S00551,C00551,R044,D0805,P007,2024-02-01,2024-02-01,Bhubaneswar,East,12,7523.3
S00552,C00552,R037,D0272,P004,2024-02-02,2024-02-01,Bengaluru,South,28,25604.79
S00553,C00553,R031,D0350,P007,2024-02-23,2024-02-01,Mumbai,West,21,12841.52
S00554,C00554,R005,D0800,P003,2024-02-22,2024-02-01,Ludhiana,North,18,12603.82
S00555,C00555,R062,D0078,P001,2024-02-22,2024-02-01,Chennai,South,15,11296.27
S00556,C00556,R031,D0748,P006,2024-02-06,2024-02-01,Mumbai,West,59,28257.8
S00557,C00557,R033,D0424,P008,2024-02-26,2024-02-01,Ahmedabad,West,36,11679.83
S00558,C00558,R018,D0020,P008,2024-02-19,2024-02-01,Vijayawada,South,47,14748.52
S00559,C00559,R009,D0207,P008,2024-02-05,2024-02-01,Ahmedabad,West,24,8386.95
S00560,C00560,R072,D0523,P001,2024-02-04,2024-02-01,Siliguri,East,17,12901.21
S00561,C00561,R060,D0745,P001,2024-02-18,2024-02-01,Goa,West,21,17164.86
S00562,C00562,R033,D0181,P005,2024-02-23,2024-02-01,Ahmedabad,West,21,9852.26
S00563,C00563,R004,D0454,P008,2024-02-23,2024-02-01,Lucknow,North,16,4742.54
S00564,C00564,R009,D0841,P008,2024-02-18,2024-02-01,Ahmedabad,West,22,7222.5
S00565,C00565,R067,D0586,P003,2024-02-15,2024-02-01,Kolkata,East,13,8268.29
S00566,C00566,R050,D0681,P004,2024-02-21,2024-02-01,Chandigarh,North,25,24839.8
S00567,C00567,R040,D0237,P006,2024-02-04,2024-02-01,Kochi,South,16,7807.53
S00568,C00568,R056,D0537,P008,2024-02-11,2024-02-01,Pune,West,23,6993.07
S00569,C00569,R052,D0560,P002,2024-02-03,2024-02-01,Lucknow,North,25,11976.78
S00570,C00570,R037,D0036,P008,2024-02-25,2024-02-01,Bengaluru,South,21,6437.73
S00571,C00571,R048,D0289,P007,2024-02-18,2024-02-01,Siliguri,East,15,9448.36
S00572,C00572,R054,D0794,P001,2024-02-23,2024-02-01,Dehradun,North,14,10316.32
S00573,C00573,R066,D0758,P007,2024-02-15,2024-02-01,Vijayawada,South,19,11845.41
S00574,C00574,R058,D0111,P006,2024-02-27,2024-02-01,Surat,West,17,8749.76
S00575,C00575,R023,D0578,P008,2024-02-27,2024-02-01,Ranchi,East,15,4548.09
S00576,C00576,R065,D0470,P002,2024-02-18,2024-02-01,Coimbatore,South,8,4278.31
S00577,C00577,R035,D0530,P008,2024-02-25,2024-02-01,Nagpur,West,34,10327.54
S00578,C00578,R037,D0341,P001,2024-02-20,2024-02-01,Bengaluru,South,17,13780.42
S00579,C00579,R013,D0701,P001,2024-02-21,2024-02-01,Bengaluru,South,17,12003.02
S00580,C00580,R056,D0433,P004,2024-02-08,2024-02-01,Pune,West,18,16551.18
S00581,C00581,R034,D0410,P006,2024-02-29,2024-02-01,Surat,West,19,9304.39
S00582,C00582,R038,D0549,P002,2024-02-06,2024-02-01,Chennai,South,12,6493.79
S00583,C00583,R072,D0467,P003,2024-02-21,2024-02-01,Siliguri,East,15,10093.97
S00584,C00584,R033,D0791,P004,2024-02-18,2024-02-01,Ahmedabad,West,37,33040.51
S00585,C00585,R043,D0172,P002,2024-02-03,2024-02-01,Kolkata,East,13,7717.7
S00586,C00586,R007,D0771,P002,2024-02-23,2024-02-01,Mumbai,West,27,14221.51
S00587,C00587,R006,D0627,P002,2024-02-03,2024-02-01,Dehradun,North,15,7515.75
S00588,C00588,R036,D0813,P008,2024-02-15,2024-02-01,Goa,West,18,6364.47
S00589,C00589,R011,D0357,P008,2024-02-24,2024-02-01,Nagpur,West,22,7144.69
S00590,C00590,R008,D0442,P006,2024-02-04,2024-02-01,Pune,West,19,9728.87
S00591,C00591,R014,D0022,P006,2024-02-11,2024-02-01,Chennai,South,37,20916.96
S00592,C00592,R006,D0812,P002,2024-02-15,2024-02-01,Dehradun,North,26,13072.29
S00593,C00593,R021,D0682,P001,2024-02-27,2024-02-01,Patna,East,31,23995.94
S00594,C00594,R051,D0217,P004,2024-02-12,2024-02-01,Jaipur,North,31,25998.9
S00595,C00595,R021,D0008,P008,2024-02-04,2024-02-01,Patna,East,10,3171.82
S00596,C00596,R047,D0571,P004,2024-02-04,2024-02-01,Ranchi,East,23,18937.24
S00597,C00597,R072,D0523,P007,2024-02-06,2024-02-01,Siliguri,East,21,12826.21
S00598,C00598,R034,D0367,P003,2024-02-26,2024-02-01,Surat,West,12,7901.49
S00599,C00599,R044,D0273,P003,2024-02-23,2024-02-01,Bhubaneswar,East,16,10508.51
S00600,C00600,R014,D0754,P007,2024-02-13,2024-02-01,Chennai,South,31,16705.85
S00601,C00601,R053,D0401,P004,2024-02-25,2024-02-01,Ludhiana,North,21,19350.12
S00602,C00602,R007,D0651,P006,2024-02-27,2024-02-01,Mumbai,West,28,14072.02
S00603,C00603,R022,D0736,P006,2024-02-26,2024-02-01,Guwahati,East,11,6330.43
S00604,C00604,R070,D0451,P006,2024-02-01,2024-02-01,Guwahati,East,18,8937.14
S00605,C00605,R044,D0099,P006,2024-02-03,2024-02-01,Bhubaneswar,East,25,12307.68
S00606,C00606,R009,D0811,P007,2024-02-22,2024-02-01,Ahmedabad,West,17,10424.06
S00607,C00607,R062,D0549,P004,2024-02-12,2024-02-01,Chennai,South,17,14153.84
S00608,C00608,R017,D0725,P003,2024-02-05,2024-02-01,Coimbatore,South,13,9081.82
S00609,C00609,R035,D0555,P005,2024-02-19,2024-02-01,Nagpur,West,15,6558.78
S00610,C00610,R063,D0795,P003,2024-02-11,2024-02-01,Hyderabad,South,23,14511.32
S00611,C00611,R053,D0800,P001,2024-02-27,2024-02-01,Ludhiana,North,27,21891.29
S00612,C00612,R064,D0237,P003,2024-02-17,2024-02-01,Kochi,South,17,11338.85
S00613,C00613,R036,D0149,P005,2024-02-07,2024-02-01,Goa,West,22,10217.52
S00614,C00614,R069,D0085,P005,2024-02-28,2024-02-01,Patna,East,13,5573.43
S00615,C00615,R013,D0663,P003,2024-02-18,2024-02-01,Bengaluru,South,37,25605.97
S00616,C00616,R029,D0222,P006,2024-02-09,2024-02-01,Ludhiana,North,21,10157.75
S00617,C00617,R016,D0400,P003,2024-02-05,2024-02-01,Kochi,South,20,12061.47
S00618,C00618,R010,D0640,P006,2024-02-17,2024-02-01,Surat,West,22,11427.39
S00619,C00619,R057,D0380,P003,2024-02-22,2024-02-01,Ahmedabad,West,17,11099.45
S00620,C00620,R008,D0129,P008,2024-02-25,2024-02-01,Pune,West,30,9485.19
S00621,C00621,R019,D0334,P006,2024-02-04,2024-02-01,Kolkata,East,22,11595.39
S00622,C00622,R061,D0036,P005,2024-02-13,2024-02-01,Bengaluru,South,28,12674.11
S00623,C00623,R002,D0326,P004,2024-02-29,2024-02-01,Chandigarh,North,11,8933.76
S00624,C00624,R048,D0580,P007,2024-02-20,2024-02-01,Siliguri,East,20,11992.78
S00625,C00625,R003,D0527,P004,2024-02-03,2024-02-01,Jaipur,North,31,27987.11
S00626,C00626,R060,D0624,P007,2024-02-27,2024-02-01,Goa,West,31,19078.53
S00627,C00627,R063,D0108,P002,2024-02-20,2024-02-01,Hyderabad,South,26,13914.28
S00628,C00628,R067,D0670,P007,2024-02-14,2024-02-01,Kolkata,East,15,10253.05
S00629,C00629,R069,D0293,P008,2024-02-23,2024-02-01,Patna,East,18,6237.98
S00630,C00630,R012,D0268,P002,2024-02-19,2024-02-01,Goa,West,19,9643.99
S00631,C00631,R025,D0609,P002,2024-02-08,2024-02-01,North Delhi,North,19,9557.5
S00632,C00632,R008,D0173,P008,2024-02-24,2024-02-01,Pune,West,12,4094.6
S00633,C00633,R043,D0446,P004,2024-02-08,2024-02-01,Kolkata,East,18,16873.37
S00634,C00634,R003,D0296,P006,2024-02-07,2024-02-01,Jaipur,North,12,6572.74
S00635,C00635,R021,D0085,P002,2024-02-18,2024-02-01,Patna,East,11,5808.08
S00636,C00636,R031,D0780,P004,2024-02-01,2024-02-01,Mumbai,West,25,22071.6
S00637,C00637,R068,D0355,P006,2024-02-19,2024-02-01,Bhubaneswar,East,16,7434.46
S00638,C00638,R064,D0065,P008,2024-02-16,2024-02-01,Kochi,South,18,5801.45
S00639,C00639,R001,D0388,P004,2024-02-21,2024-02-01,North Delhi,North,14,12062.07
S00640,C00640,R032,D0817,P001,2024-02-05,2024-02-01,Pune,West,34,25484.87
S00641,C00641,R056,D0605,P004,2024-02-17,2024-02-01,Pune,West,28,26070.98
S00642,C00642,R045,D0500,P006,2024-02-13,2024-02-01,Patna,East,9,4554.22
S00643,C00643,R050,D0810,P008,2024-02-06,2024-02-01,Chandigarh,North,19,6330.74
S00644,C00644,R025,D0033,P007,2024-02-14,2024-02-01,North Delhi,North,21,12740.88
S00645,C00645,R067,D0457,P007,2024-02-27,2024-02-01,Kolkata,East,17,10654.22
S00646,C00646,R023,D0280,P002,2024-02-24,2024-02-01,Ranchi,East,17,8577.55
S00647,C00647,R045,D0503,P005,2024-02-05,2024-02-01,Patna,East,25,10932.48
S00648,C00648,R013,D0700,P005,2024-02-25,2024-02-01,Bengaluru,South,9,4233.85
S00649,C00649,R045,D0009,P004,2024-02-17,2024-02-01,Patna,East,16,15445.04
S00650,C00650,R059,D0153,P008,2024-02-02,2024-02-01,Nagpur,West,16,5239.38
S00651,C00651,R064,D0798,P008,2024-02-27,2024-02-01,Kochi,South,23,7365.68
S00652,C00652,R005,D0453,P002,2024-02-16,2024-02-01,Ludhiana,North,19,11030.68
S00653,C00653,R024,D0289,P008,2024-02-27,2024-02-01,Siliguri,East,18,5697.19
S00654,C00654,R035,D0153,P007,2024-02-03,2024-02-01,Nagpur,West,24,14056.92
S00655,C00655,R072,D0305,P006,2024-02-05,2024-02-01,Siliguri,East,8,4081.4
S00656,C00656,R013,D0015,P004,2024-02-27,2024-02-01,Bengaluru,South,34,30823.99
S00657,C00657,R039,D0183,P007,2024-02-07,2024-02-01,Hyderabad,South,25,14284.49
S00658,C00658,R031,D0232,P005,2024-02-16,2024-02-01,Mumbai,West,18,8333.44
S00659,C00659,R005,D0054,P008,2024-02-18,2024-02-01,Ludhiana,North,14,4093.76
S00660,C00660,R011,D0826,P006,2024-02-28,2024-02-01,Nagpur,West,12,6028.05
S00661,C00661,R026,D0721,P008,2024-02-10,2024-02-01,Chandigarh,North,16,5079.9
S00662,C00662,R061,D0782,P004,2024-02-22,2024-02-01,Bengaluru,South,32,28434.09
S00663,C00663,R023,D0187,P001,2024-02-22,2024-02-01,Ranchi,East,19,13369.11
S00664,C00664,R030,D0242,P004,2024-02-21,2024-02-01,Dehradun,North,17,15206.03
S00665,C00665,R045,D0215,P008,2024-02-16,2024-02-01,Patna,East,17,5677.71
S00666,C00666,R022,D0451,P006,2024-02-03,2024-02-01,Guwahati,East,20,10918.11
S00667,C00667,R030,D0167,P006,2024-02-08,2024-02-01,Dehradun,North,11,6017.55
S00668,C00668,R037,D0150,P006,2024-02-17,2024-02-01,Bengaluru,South,30,15319.42
S00669,C00669,R032,D0834,P005,2024-02-12,2024-02-01,Pune,West,12,6204.08
S00670,C00670,R053,D0290,P001,2024-02-06,2024-02-01,Ludhiana,North,21,15757.49
S00671,C00671,R031,D0683,P004,2024-02-21,2024-02-01,Mumbai,West,26,22297.27
S00672,C00672,R068,D0321,P001,2024-02-14,2024-02-01,Bhubaneswar,East,27,21079.05
S00673,C00673,R022,D0802,P003,2024-02-23,2024-02-01,Guwahati,East,10,6872.97
S00674,C00674,R044,D0638,P006,2024-02-16,2024-02-01,Bhubaneswar,East,21,11054.47
S00675,C00675,R066,D0675,P007,2024-02-11,2024-02-01,Vijayawada,South,13,6990.96
S00676,C00676,R001,D0521,P002,2024-02-04,2024-02-01,North Delhi,North,7,3597.75
S00677,C00677,R024,D0726,P006,2024-02-04,2024-02-01,Siliguri,East,21,11120.83
S00678,C00678,R020,D0355,P002,2024-02-15,2024-02-01,Bhubaneswar,East,12,6192.08
S00679,C00679,R061,D0308,P002,2024-02-11,2024-02-01,Bengaluru,South,20,10730.48
S00680,C00680,R058,D0044,P008,2024-02-21,2024-02-01,Surat,West,18,5863.42
S00681,C00681,R003,D0159,P005,2024-02-19,2024-02-01,Jaipur,North,30,14133.72
S00682,C00682,R053,D0720,P002,2024-02-09,2024-02-01,Ludhiana,North,11,6195.62
S00683,C00683,R070,D0243,P002,2024-02-23,2024-02-01,Guwahati,East,12,6891.84
S00684,C00684,R063,D0108,P001,2024-02-17,2024-02-01,Hyderabad,South,18,14484.06
S00685,C00685,R058,D0197,P004,2024-02-26,2024-02-01,Surat,West,15,12530.67
S00686,C00686,R060,D0304,P001,2024-02-28,2024-02-01,Goa,West,16,12845.94
S00687,C00687,R032,D0622,P005,2024-02-28,2024-02-01,Pune,West,17,8242.96
S00688,C00688,R041,D0053,P004,2024-02-04,2024-02-01,Coimbatore,South,11,10011.98
S00689,C00689,R024,D0026,P006,2024-02-16,2024-02-01,Siliguri,East,19,10314.87
S00690,C00690,R043,D0634,P002,2024-02-01,2024-02-01,Kolkata,East,13,7103.38
S00691,C00691,R025,D0094,P002,2024-02-26,2024-02-01,North Delhi,North,21,11267.99
S00692,C00692,R038,D0381,P001,2024-02-21,2024-02-01,Chennai,South,23,17180.22
S00693,C00693,R023,D0519,P001,2024-02-08,2024-02-01,Ranchi,East,19,16327.45
S00694,C00694,R019,D0449,P001,2024-02-18,2024-02-01,Kolkata,East,19,14045.43
S00695,C00695,R023,D0077,P003,2024-02-17,2024-02-01,Ranchi,East,18,11877.16
S00696,C00696,R050,D0681,P007,2024-02-16,2024-02-01,Chandigarh,North,25,14978.33
S00697,C00697,R004,D0045,P005,2024-02-16,2024-02-01,Lucknow,North,32,13738.03
S00698,C00698,R006,D0189,P003,2024-02-29,2024-02-01,Dehradun,North,27,18611.36
S00699,C00699,R024,D0096,P008,2024-02-23,2024-02-01,Siliguri,East,17,5575.72
S00700,C00700,R063,D0387,P007,2024-02-12,2024-02-01,Hyderabad,South,20,12348.83
S00701,C00701,R007,D0579,P007,2024-02-23,2024-02-01,Mumbai,West,11,6499.51
S00702,C00702,R041,D0531,P008,2024-02-05,2024-02-01,Coimbatore,South,25,8225.35
S00703,C00703,R051,D0138,P006,2024-02-09,2024-02-01,Jaipur,North,25,12583.54
S00704,C00704,R028,D0285,P008,2024-02-04,2024-02-01,Lucknow,North,11,3604.66
S00705,C00705,R046,D0102,P003,2024-02-26,2024-02-01,Guwahati,East,14,9903.5
S00706,C00706,R003,D0226,P007,2024-02-01,2024-02-01,Jaipur,North,15,8032.06
S00707,C00707,R036,D0158,P001,2024-02-26,2024-02-01,Goa,West,11,9009.91
S00708,C00708,R047,D0578,P003,2024-02-25,2024-02-01,Ranchi,East,17,12551.52
S00709,C00709,R033,D0706,P008,2024-02-28,2024-02-01,Ahmedabad,West,48,16681.61
S00710,C00710,R046,D0654,P002,2024-02-23,2024-02-01,Guwahati,East,17,9534.8
S00711,C00711,R014,D0115,P005,2024-02-14,2024-02-01,Chennai,South,19,9274.64
S00712,C00712,R018,D0020,P003,2024-02-24,2024-02-01,Vijayawada,South,34,21486.74
S00713,C00713,R051,D0071,P001,2024-02-29,2024-02-01,Jaipur,North,21,16576.83
S00714,C00714,R007,D0748,P002,2024-02-26,2024-02-01,Mumbai,West,21,11254.96
S00715,C00715,R065,D0725,P005,2024-02-23,2024-02-01,Coimbatore,South,17,7637.34
S00716,C00716,R056,D0255,P006,2024-02-23,2024-02-01,Pune,West,24,12844.84
S00717,C00717,R055,D0768,P006,2024-02-19,2024-02-01,Mumbai,West,9,4544.68
S00718,C00718,R028,D0363,P002,2024-02-26,2024-02-01,Lucknow,North,31,15187.94
S00719,C00719,R048,D0147,P003,2024-02-13,2024-02-01,Siliguri,East,16,10791.51
S00720,C00720,R064,D0344,P001,2024-02-15,2024-02-01,Kochi,South,17,13241.61
S00721,C00721,R006,D0242,P001,2024-02-25,2024-02-01,Dehradun,North,31,25018.0
S00722,C00722,R012,D0745,P004,2024-02-08,2024-02-01,Goa,West,27,23537.73
S00723,C00723,R012,D0152,P005,2024-02-23,2024-02-01,Goa,West,11,4624.13
S00724,C00724,R037,D0087,P003,2024-02-04,2024-02-01,Bengaluru,South,19,11929.07
S00725,C00725,R071,D0578,P001,2024-02-17,2024-02-01,Ranchi,East,19,14141.74
S00726,C00726,R041,D0384,P002,2024-02-02,2024-02-01,Coimbatore,South,17,8708.31
S00727,C00727,R059,D0269,P004,2024-02-29,2024-02-01,Nagpur,West,13,11244.5
S00728,C00728,R015,D0695,P003,2024-02-25,2024-02-01,Hyderabad,South,21,14363.98
S00729,C00729,R020,D0774,P007,2024-02-08,2024-02-01,Bhubaneswar,East,19,10789.57
S00730,C00730,R032,D0501,P005,2024-02-05,2024-02-01,Pune,West,21,10086.51
S00731,C00731,R061,D0686,P008,2024-02-19,2024-02-01,Bengaluru,South,18,5394.32
S00732,C00732,R062,D0693,P002,2024-02-27,2024-02-01,Chennai,South,18,9534.77
S00733,C00733,R049,D0553,P003,2024-02-10,2024-02-01,North Delhi,North,17,11200.01
S00734,C00734,R043,D0702,P001,2024-02-28,2024-02-01,Kolkata,East,23,17671.18
S00735,C00735,R055,D0010,P001,2024-02-14,2024-02-01,Mumbai,West,31,24931.85
S00736,C00736,R030,D0059,P008,2024-02-13,2024-02-01,Dehradun,North,18,5728.78
S00737,C00737,R050,D0790,P004,2024-02-10,2024-02-01,Chandigarh,North,15,13245.27
S00738,C00738,R040,D0105,P006,2024-02-08,2024-02-01,Kochi,South,26,11684.46
S00739,C00739,R005,D0699,P003,2024-02-10,2024-02-01,Ludhiana,North,25,16830.62
S00740,C00740,R058,D0271,P001,2024-02-06,2024-02-01,Surat,West,24,20478.42
S00741,C00741,R071,D0639,P008,2024-02-11,2024-02-01,Ranchi,East,24,7491.1
S00742,C00742,R055,D0569,P006,2024-02-09,2024-02-01,Mumbai,West,18,9483.16
S00743,C00743,R011,D0079,P006,2024-02-02,2024-02-01,Nagpur,West,23,11246.83
S00744,C00744,R004,D0278,P005,2024-02-11,2024-02-01,Lucknow,North,21,10135.95
S00745,C00745,R041,D0561,P004,2024-02-02,2024-02-01,Coimbatore,South,20,18261.87
S00746,C00746,R014,D0754,P004,2024-02-06,2024-02-01,Chennai,South,30,26210.61
S00747,C00747,R027,D0690,P007,2024-02-22,2024-02-01,Jaipur,North,19,11339.39
S00748,C00748,R029,D0816,P002,2024-02-01,2024-02-01,Ludhiana,North,28,15607.88
S00749,C00749,R015,D0814,P003,2024-02-10,2024-02-01,Hyderabad,South,27,17856.46
S00750,C00750,R055,D0768,P003,2024-02-20,2024-02-01,Mumbai,West,20,12387.29
S00751,C00751,R035,D0530,P005,2024-02-01,2024-02-01,Nagpur,West,36,15294.77
S00752,C00752,R045,D0246,P008,2024-02-22,2024-02-01,Patna,East,23,7576.47
S00753,C00753,R020,D0511,P008,2024-02-03,2024-02-01,Bhubaneswar,East,9,2770.12
S00754,C00754,R034,D0640,P005,2024-02-02,2024-02-01,Surat,West,16,7372.98
S00755,C00755,R056,D0433,P002,2024-02-06,2024-02-01,Pune,West,28,15564.6
S00756,C00756,R072,D0612,P008,2024-02-25,2024-02-01,Siliguri,East,18,5413.69
S00757,C00757,R070,D0577,P003,2024-02-02,2024-02-01,Guwahati,East,30,18795.93
S00758,C00758,R019,D0140,P003,2024-02-03,2024-02-01,Kolkata,East,17,12130.3
S00759,C00759,R002,D0810,P008,2024-02-28,2024-02-01,Chandigarh,North,19,5954.66
S00760,C00760,R042,D0645,P003,2024-02-18,2024-02-01,Vijayawada,South,17,11791.66
S00761,C00761,R047,D0498,P004,2024-02-17,2024-02-01,Ranchi,East,20,20031.47
S00762,C00762,R031,D0232,P008,2024-02-02,2024-02-01,Mumbai,West,24,7771.85
S00763,C00763,R006,D0189,P003,2024-02-12,2024-02-01,Dehradun,North,25,15788.82
S00764,C00764,R002,D0762,P005,2024-02-17,2024-02-01,Chandigarh,North,17,7869.67
S00765,C00765,R017,D0018,P001,2024-02-16,2024-02-01,Coimbatore,South,23,17770.66
S00766,C00766,R042,D0394,P008,2024-02-16,2024-02-01,Vijayawada,South,16,5137.19
S00767,C00767,R069,D0500,P004,2024-02-04,2024-02-01,Patna,East,10,9219.11
S00768,C00768,R040,D0309,P006,2024-02-29,2024-02-01,Kochi,South,18,9561.71
S00769,C00769,R018,D0675,P005,2024-02-21,2024-02-01,Vijayawada,South,16,6622.25
S00770,C00770,R001,D0521,P004,2024-02-08,2024-02-01,North Delhi,North,9,8486.58
S00771,C00771,R065,D0046,P004,2024-02-29,2024-02-01,Coimbatore,South,17,15337.01
S00772,C00772,R066,D0244,P001,2024-02-09,2024-02-01,Vijayawada,South,29,21971.31
S00773,C00773,R029,D0382,P003,2024-02-04,2024-02-01,Ludhiana,North,29,19842.58
S00774,C00774,R010,D0122,P004,2024-02-26,2024-02-01,Surat,West,29,24454.37
S00775,C00775,R067,D0779,P003,2024-02-05,2024-02-01,Kolkata,East,17,10656.83
S00776,C00776,R030,D0338,P003,2024-02-02,2024-02-01,Dehradun,North,17,11814.09
S00777,C00777,R004,D0358,P006,2024-02-19,2024-02-01,Lucknow,North,25,12792.73
S00778,C00778,R004,D0363,P007,2024-02-08,2024-02-01,Lucknow,North,20,13156.29
S00779,C00779,R028,D0200,P008,2024-02-05,2024-02-01,Lucknow,North,12,3708.26
S00780,C00780,R046,D0451,P008,2024-02-03,2024-02-01,Guwahati,East,11,3571.28
S00781,C00781,R016,D0365,P006,2024-02-04,2024-02-01,Kochi,South,22,11437.34
S00782,C00782,R026,D0003,P004,2024-02-28,2024-02-01,Chandigarh,North,14,12712.87
S00783,C00783,R046,D0351,P006,2024-02-20,2024-02-01,Guwahati,East,16,8413.27
S00784,C00784,R055,D0538,P002,2024-02-25,2024-02-01,Mumbai,West,27,14915.06
S00785,C00785,R005,D0090,P007,2024-02-18,2024-02-01,Ludhiana,North,16,9769.36
S00786,C00786,R062,D0653,P005,2024-02-16,2024-02-01,Chennai,South,20,8306.86
S00787,C00787,R054,D0603,P002,2024-02-07,2024-02-01,Dehradun,North,17,9576.65
S00788,C00788,R053,D0241,P004,2024-02-29,2024-02-01,Ludhiana,North,21,16471.68
S00789,C00789,R067,D0524,P003,2024-02-24,2024-02-01,Kolkata,East,9,5573.59
S00790,C00790,R059,D0342,P003,2024-02-16,2024-02-01,Nagpur,West,19,12098.16
S00791,C00791,R039,D0533,P001,2024-02-04,2024-02-01,Hyderabad,South,19,15489.27
S00792,C00792,R015,D0114,P001,2024-02-23,2024-02-01,Hyderabad,South,29,22368.67
S00793,C00793,R038,D0487,P003,2024-02-10,2024-02-01,Chennai,South,31,22378.08
S00794,C00794,R071,D0039,P003,2024-02-07,2024-02-01,Ranchi,East,13,7985.06
S00795,C00795,R003,D0040,P008,2024-02-22,2024-02-01,Jaipur,North,15,4536.08
S00796,C00796,R047,D0187,P003,2024-02-25,2024-02-01,Ranchi,East,16,9371.77
S00797,C00797,R038,D0115,P003,2024-02-18,2024-02-01,Chennai,South,19,11820.97
S00798,C00798,R053,D0453,P008,2024-02-03,2024-02-01,Ludhiana,North,22,6817.31
S00799,C00799,R045,D0085,P007,2024-02-18,2024-02-01,Patna,East,19,12438.93
S00800,C00800,R058,D0124,P001,2024-02-27,2024-02-01,Surat,West,22,18057.28
S00801,C00801,R040,D0073,P001,2024-02-20,2024-02-01,Kochi,South,29,22889.69
S00802,C00802,R065,D0725,P001,2024-02-08,2024-02-01,Coimbatore,South,15,11517.92
S00803,C00803,R056,D0622,P004,2024-02-19,2024-02-01,Pune,West,21,19404.63
S00804,C00804,R036,D0152,P005,2024-02-08,2024-02-01,Goa,West,18,8806.92
S00805,C00805,R048,D0096,P003,2024-02-26,2024-02-01,Siliguri,East,15,9579.86
S00806,C00806,R071,D0739,P001,2024-02-25,2024-02-01,Ranchi,East,25,18966.45
S00807,C00807,R039,D0540,P002,2024-02-17,2024-02-01,Hyderabad,South,17,8981.96
S00808,C00808,R012,D0806,P005,2024-02-04,2024-02-01,Goa,West,27,11342.88
S00809,C00809,R027,D0166,P003,2024-02-12,2024-02-01,Jaipur,North,28,19598.9
S00810,C00810,R019,D0264,P001,2024-02-04,2024-02-01,Kolkata,East,11,8329.72
S00811,C00811,R072,D0096,P006,2024-02-23,2024-02-01,Siliguri,East,6,3015.73
S00812,C00812,R008,D0433,P005,2024-02-20,2024-02-01,Pune,West,22,10856.73
S00813,C00813,R029,D0137,P004,2024-02-08,2024-02-01,Ludhiana,North,27,23381.67
S00814,C00814,R019,D0017,P008,2024-02-25,2024-02-01,Kolkata,East,15,5103.86
S00815,C00815,R055,D0461,P007,2024-02-23,2024-02-01,Mumbai,West,15,8350.21
S00816,C00816,R026,D0838,P001,2024-02-28,2024-02-01,Chandigarh,North,31,24858.79
S00817,C00817,R017,D0531,P008,2024-02-09,2024-02-01,Coimbatore,South,18,5631.71
S00818,C00818,R035,D0668,P001,2024-02-06,2024-02-01,Nagpur,West,27,19396.89
S00819,C00819,R064,D0709,P004,2024-02-14,2024-02-01,Kochi,South,37,31060.38
S00820,C00820,R051,D0825,P008,2024-02-08,2024-02-01,Jaipur,North,29,9345.15
S00821,C00821,R034,D0098,P008,2024-02-22,2024-02-01,Surat,West,18,5483.53
S00822,C00822,R012,D0164,P001,2024-02-13,2024-02-01,Goa,West,28,22258.24
S00823,C00823,R070,D0464,P001,2024-02-19,2024-02-01,Guwahati,East,26,19524.23
S00824,C00824,R052,D0658,P002,2024-02-05,2024-02-01,Lucknow,North,22,10918.05
S00825,C00825,R039,D0585,P003,2024-02-03,2024-02-01,Hyderabad,South,23,15916.08
S00826,C00826,R069,D0548,P003,2024-02-28,2024-02-01,Patna,East,10,6697.15
S00827,C00827,R007,D0350,P004,2024-02-13,2024-02-01,Mumbai,West,19,15385.56
S00828,C00828,R014,D0325,P003,2024-02-05,2024-02-01,Chennai,South,19,12949.46
S00829,C00829,R044,D0099,P005,2024-02-24,2024-02-01,Bhubaneswar,East,19,8793.4
S00830,C00830,R004,D0276,P007,2024-02-04,2024-02-01,Lucknow,North,28,16711.43
S00831,C00831,R022,D0102,P005,2024-02-29,2024-02-01,Guwahati,East,9,4058.87
S00832,C00832,R062,D0776,P003,2024-02-12,2024-02-01,Chennai,South,35,24648.19
S00833,C00833,R024,D0057,P005,2024-02-14,2024-02-01,Siliguri,East,30,14020.19
S00834,C00834,R039,D0235,P005,2024-02-08,2024-02-01,Hyderabad,South,22,10822.92
S00835,C00835,R052,D0728,P008,2024-02-03,2024-02-01,Lucknow,North,31,10155.99
S00836,C00836,R020,D0805,P008,2024-02-12,2024-02-01,Bhubaneswar,East,17,5503.88
S00837,C00837,R018,D0316,P003,2024-02-11,2024-02-01,Vijayawada,South,30,19050.28
S00838,C00838,R070,D0411,P008,2024-02-13,2024-02-01,Guwahati,East,20,6450.49
S00839,C00839,R028,D0363,P007,2024-02-15,2024-02-01,Lucknow,North,20,12822.81
S00840,C00840,R001,D0751,P002,2024-02-19,2024-02-01,North Delhi,North,19,10301.67
S00841,C00841,R066,D0595,P005,2024-02-03,2024-02-01,Vijayawada,South,15,7568.05
S00842,C00842,R064,D0438,P002,2024-02-11,2024-02-01,Kochi,South,27,15323.22
S00843,C00843,R057,D0317,P004,2024-02-26,2024-02-01,Ahmedabad,West,21,17570.24
S00844,C00844,R038,D0325,P001,2024-02-28,2024-02-01,Chennai,South,17,12938.51
S00845,C00845,R025,D0609,P003,2024-02-16,2024-02-01,North Delhi,North,27,18419.94
S00846,C00846,R005,D0742,P005,2024-02-11,2024-02-01,Ludhiana,North,16,6798.08
S00847,C00847,R046,D0063,P003,2024-02-13,2024-02-01,Guwahati,East,18,11810.83
S00848,C00848,R037,D0660,P001,2024-02-23,2024-02-01,Bengaluru,South,23,17103.41
S00849,C00849,R016,D0422,P004,2024-02-12,2024-02-01,Kochi,South,15,13377.17
S00850,C00850,R032,D0173,P005,2024-02-28,2024-02-01,Pune,West,19,8335.93
S00851,C00851,R022,D0066,P007,2024-02-01,2024-02-01,Guwahati,East,26,16695.36
S00852,C00852,R054,D0256,P002,2024-02-18,2024-02-01,Dehradun,North,11,5788.77
S00853,C00853,R040,D0331,P004,2024-02-16,2024-02-01,Kochi,South,13,11954.5
S00854,C00854,R018,D0074,P002,2024-02-14,2024-02-01,Vijayawada,South,27,13491.21
S00855,C00855,R029,D0241,P002,2024-02-14,2024-02-01,Ludhiana,North,20,10635.47
S00856,C00856,R023,D0737,P001,2024-02-05,2024-02-01,Ranchi,East,17,12411.66
S00857,C00857,R016,D0581,P007,2024-02-11,2024-02-01,Kochi,South,12,7756.78
S00858,C00858,R065,D0163,P008,2024-02-11,2024-02-01,Coimbatore,South,18,5536.98
S00859,C00859,R042,D0465,P006,2024-02-20,2024-02-01,Vijayawada,South,27,13709.92
S00860,C00860,R066,D0393,P004,2024-02-18,2024-02-01,Vijayawada,South,34,30792.44
S00861,C00861,R016,D0592,P008,2024-02-12,2024-02-01,Kochi,South,14,4312.79
S00862,C00862,R069,D0213,P004,2024-02-16,2024-02-01,Patna,East,8,6692.69
S00863,C00863,R042,D0064,P005,2024-02-17,2024-02-01,Vijayawada,South,19,8821.11
S00864,C00864,R062,D0288,P006,2024-02-02,2024-02-01,Chennai,South,26,11978.9
S00865,C00865,R023,D0850,P006,2024-03-28,2024-03-01,Ranchi,East,15,8163.24
S00866,C00866,R069,D0448,P004,2024-03-28,2024-03-01,Patna,East,20,17678.35
S00867,C00867,R065,D0046,P004,2024-03-12,2024-03-01,Coimbatore,South,22,18136.8
S00868,C00868,R024,D0738,P003,2024-03-24,2024-03-01,Siliguri,East,33,21491.81
S00869,C00869,R031,D0748,P006,2024-03-13,2024-03-01,Mumbai,West,41,21514.09
S00870,C00870,R041,D0486,P006,2024-03-03,2024-03-01,Coimbatore,South,29,14185.78
S00871,C00871,R038,D0602,P004,2024-03-27,2024-03-01,Chennai,South,22,17678.78
S00872,C00872,R033,D0143,P006,2024-03-09,2024-03-01,Ahmedabad,West,35,17739.9
S00873,C00873,R067,D0524,P002,2024-03-12,2024-03-01,Kolkata,East,10,5605.52
S00874,C00874,R020,D0774,P004,2024-03-18,2024-03-01,Bhubaneswar,East,13,11704.82
S00875,C00875,R036,D0370,P008,2024-03-14,2024-03-01,Goa,West,19,6202.45
S00876,C00876,R013,D0019,P006,2024-03-09,2024-03-01,Bengaluru,South,18,9619.14
S00877,C00877,R052,D0584,P006,2024-03-25,2024-03-01,Lucknow,North,19,10456.94
S00878,C00878,R042,D0522,P007,2024-03-12,2024-03-01,Vijayawada,South,13,6862.06
S00879,C00879,R045,D0558,P005,2024-03-19,2024-03-01,Patna,East,17,7302.03
S00880,C00880,R015,D0533,P006,2024-03-21,2024-03-01,Hyderabad,South,21,10799.9
S00881,C00881,R035,D0153,P004,2024-03-29,2024-03-01,Nagpur,West,31,27972.2
S00882,C00882,R048,D0096,P007,2024-03-15,2024-03-01,Siliguri,East,13,7315.88
S00883,C00883,R059,D0687,P006,2024-03-15,2024-03-01,Nagpur,West,22,10781.2
S00884,C00884,R053,D0800,P005,2024-03-29,2024-03-01,Ludhiana,North,18,8992.94
S00885,C00885,R024,D0057,P002,2024-03-15,2024-03-01,Siliguri,East,35,18565.41
S00886,C00886,R002,D0582,P007,2024-03-10,2024-03-01,Chandigarh,North,13,8013.39
S00887,C00887,R043,D0449,P003,2024-03-02,2024-03-01,Kolkata,East,13,9348.27
S00888,C00888,R050,D0303,P003,2024-03-11,2024-03-01,Chandigarh,North,15,9946.62
S00889,C00889,R044,D0607,P001,2024-03-07,2024-03-01,Bhubaneswar,East,14,11349.91
S00890,C00890,R065,D0725,P002,2024-03-10,2024-03-01,Coimbatore,South,20,11108.36
S00891,C00891,R044,D0688,P002,2024-03-17,2024-03-01,Bhubaneswar,East,13,6902.09
S00892,C00892,R036,D0145,P001,2024-03-17,2024-03-01,Goa,West,22,16822.73
S00893,C00893,R055,D0460,P001,2024-03-06,2024-03-01,Mumbai,West,33,27260.73
S00894,C00894,R062,D0776,P003,2024-03-15,2024-03-01,Chennai,South,34,22430.96
S00895,C00895,R006,D0227,P007,2024-03-15,2024-03-01,Dehradun,North,21,12163.83
S00896,C00896,R058,D0692,P007,2024-03-02,2024-03-01,Surat,West,21,13503.22
S00897,C00897,R028,D0356,P002,2024-03-09,2024-03-01,Lucknow,North,29,13424.67
S00898,C00898,R012,D0427,P004,2024-03-23,2024-03-01,Goa,West,16,15363.74
S00899,C00899,R071,D0187,P007,2024-03-01,2024-03-01,Ranchi,East,13,7856.03
S00900,C00900,R038,D0754,P006,2024-03-10,2024-03-01,Chennai,South,34,17346.92
S00901,C00901,R049,D0521,P008,2024-03-15,2024-03-01,North Delhi,North,12,3855.94
S00902,C00902,R028,D0430,P004,2024-03-06,2024-03-01,Lucknow,North,14,13289.02
S00903,C00903,R003,D0383,P002,2024-03-21,2024-03-01,Jaipur,North,26,14162.27
S00904,C00904,R030,D0095,P002,2024-03-23,2024-03-01,Dehradun,North,11,5933.26
S00905,C00905,R035,D0668,P006,2024-03-11,2024-03-01,Nagpur,West,33,16028.61
S00906,C00906,R072,D0289,P001,2024-03-08,2024-03-01,Siliguri,East,7,5265.18
S00907,C00907,R056,D0257,P004,2024-03-25,2024-03-01,Pune,West,22,20208.59
S00908,C00908,R039,D0695,P003,2024-03-07,2024-03-01,Hyderabad,South,13,8675.53
S00909,C00909,R046,D0142,P008,2024-03-05,2024-03-01,Guwahati,East,15,5204.91
S00910,C00910,R013,D0601,P008,2024-03-02,2024-03-01,Bengaluru,South,33,10129.77
S00911,C00911,R048,D0389,P004,2024-03-03,2024-03-01,Siliguri,East,26,21804.96
S00912,C00912,R019,D0698,P005,2024-03-28,2024-03-01,Kolkata,East,24,11205.48
S00913,C00913,R049,D0032,P004,2024-03-29,2024-03-01,North Delhi,North,20,17723.98
S00914,C00914,R034,D0575,P007,2024-03-17,2024-03-01,Surat,West,20,11468.9
S00915,C00915,R043,D0172,P003,2024-03-29,2024-03-01,Kolkata,East,10,6428.72
S00916,C00916,R067,D0715,P006,2024-03-22,2024-03-01,Kolkata,East,27,14255.23
S00917,C00917,R002,D0303,P008,2024-03-13,2024-03-01,Chandigarh,North,21,6276.4
S00918,C00918,R053,D0001,P002,2024-03-23,2024-03-01,Ludhiana,North,20,10185.72
S00919,C00919,R071,D0378,P002,2024-03-14,2024-03-01,Ranchi,East,26,13528.76
S00920,C00920,R057,D0061,P004,2024-03-30,2024-03-01,Ahmedabad,West,14,12019.1
S00921,C00921,R025,D0219,P007,2024-03-27,2024-03-01,North Delhi,North,24,15220.51
S00922,C00922,R055,D0588,P006,2024-03-27,2024-03-01,Mumbai,West,19,9421.0
S00923,C00923,R017,D0491,P002,2024-03-17,2024-03-01,Coimbatore,South,10,5840.48
S00924,C00924,R045,D0548,P003,2024-03-17,2024-03-01,Patna,East,16,10009.28
S00925,C00925,R038,D0752,P006,2024-03-04,2024-03-01,Chennai,South,28,14540.5
S00926,C00926,R064,D0422,P008,2024-03-21,2024-03-01,Kochi,South,21,6706.52
S00927,C00927,R058,D0367,P004,2024-03-04,2024-03-01,Surat,West,12,10681.71
S00928,C00928,R034,D0044,P001,2024-03-17,2024-03-01,Surat,West,10,6839.88
S00929,C00929,R066,D0229,P001,2024-03-05,2024-03-01,Vijayawada,South,22,16218.41
S00930,C00930,R005,D0699,P001,2024-03-15,2024-03-01,Ludhiana,North,21,16242.88
S00931,C00931,R051,D0080,P002,2024-03-25,2024-03-01,Jaipur,North,20,9736.44
S00932,C00932,R031,D0395,P004,2024-03-10,2024-03-01,Mumbai,West,25,18998.03
S00933,C00933,R013,D0070,P003,2024-03-19,2024-03-01,Bengaluru,South,20,12385.1
S00934,C00934,R058,D0707,P003,2024-03-09,2024-03-01,Surat,West,26,17449.42
S00935,C00935,R068,D0556,P007,2024-03-10,2024-03-01,Bhubaneswar,East,6,3747.33
S00936,C00936,R056,D0537,P004,2024-03-06,2024-03-01,Pune,West,20,16711.02
S00937,C00937,R035,D0593,P006,2024-03-06,2024-03-01,Nagpur,West,15,7572.98
S00938,C00938,R020,D0315,P005,2024-03-12,2024-03-01,Bhubaneswar,East,16,7515.92
S00939,C00939,R014,D0022,P002,2024-03-04,2024-03-01,Chennai,South,38,21879.53
S00940,C00940,R066,D0316,P008,2024-03-28,2024-03-01,Vijayawada,South,21,7152.15
S00941,C00941,R006,D0167,P004,2024-03-23,2024-03-01,Dehradun,North,10,9305.52
S00942,C00942,R063,D0223,P007,2024-03-07,2024-03-01,Hyderabad,South,28,16619.46
S00943,C00943,R017,D0384,P001,2024-03-28,2024-03-01,Coimbatore,South,24,18673.87
S00944,C00944,R030,D0665,P007,2024-03-12,2024-03-01,Dehradun,North,15,9182.61
S00945,C00945,R043,D0220,P006,2024-03-17,2024-03-01,Kolkata,East,12,6053.73
S00946,C00946,R023,D0101,P002,2024-03-22,2024-03-01,Ranchi,East,25,12570.83
S00947,C00947,R038,D0776,P007,2024-03-24,2024-03-01,Chennai,South,27,17656.74
S00948,C00948,R012,D0062,P006,2024-03-01,2024-03-01,Goa,West,41,21362.48
S00949,C00949,R070,D0165,P008,2024-03-09,2024-03-01,Guwahati,East,16,5342.72
S00950,C00950,R045,D0246,P002,2024-03-11,2024-03-01,Patna,East,33,18408.5
S00951,C00951,R069,D0009,P008,2024-03-19,2024-03-01,Patna,East,20,6261.3
S00952,C00952,R005,D0816,P007,2024-03-28,2024-03-01,Ludhiana,North,37,20878.31
S00953,C00953,R065,D0425,P003,2024-03-14,2024-03-01,Coimbatore,South,22,15065.06
S00954,C00954,R030,D0665,P003,2024-03-15,2024-03-01,Dehradun,North,25,17066.29
S00955,C00955,R040,D0103,P003,2024-03-03,2024-03-01,Kochi,South,11,7365.15
S00956,C00956,R050,D0375,P004,2024-03-17,2024-03-01,Chandigarh,North,13,12815.19
S00957,C00957,R070,D0082,P008,2024-03-16,2024-03-01,Guwahati,East,14,4353.16
S00958,C00958,R024,D0160,P007,2024-03-20,2024-03-01,Siliguri,East,19,11407.65
S00959,C00959,R051,D0281,P002,2024-03-27,2024-03-01,Jaipur,North,14,7638.12
S00960,C00960,R044,D0722,P002,2024-03-18,2024-03-01,Bhubaneswar,East,13,6845.47
S00961,C00961,R066,D0244,P001,2024-03-02,2024-03-01,Vijayawada,South,25,19271.11
S00962,C00962,R061,D0660,P005,2024-03-26,2024-03-01,Bengaluru,South,25,12093.71
S00963,C00963,R010,D0068,P003,2024-03-15,2024-03-01,Surat,West,25,15965.82
S00964,C00964,R023,D0187,P007,2024-03-16,2024-03-01,Ranchi,East,17,10069.61
S00965,C00965,R059,D0555,P007,2024-03-28,2024-03-01,Nagpur,West,20,12552.32
S00966,C00966,R019,D0399,P002,2024-03-19,2024-03-01,Kolkata,East,8,4034.93
S00967,C00967,R028,D0358,P006,2024-03-25,2024-03-01,Lucknow,North,37,18792.71
S00968,C00968,R009,D0632,P007,2024-03-28,2024-03-01,Ahmedabad,West,25,15147.56
S00969,C00969,R029,D0054,P008,2024-03-16,2024-03-01,Ludhiana,North,13,4290.34
S00970,C00970,R066,D0475,P006,2024-03-31,2024-03-01,Vijayawada,South,21,11140.16
S00971,C00971,R032,D0659,P003,2024-03-06,2024-03-01,Pune,West,27,17677.57
S00972,C00972,R021,D0669,P008,2024-03-28,2024-03-01,Patna,East,8,2549.0
S00973,C00973,R016,D0335,P003,2024-03-27,2024-03-01,Kochi,South,17,11200.26
S00974,C00974,R032,D0371,P007,2024-03-04,2024-03-01,Pune,West,21,12612.75
S00975,C00975,R043,D0797,P004,2024-03-05,2024-03-01,Kolkata,East,10,9474.93
S00976,C00976,R021,D0669,P008,2024-03-02,2024-03-01,Patna,East,12,3936.34
S00977,C00977,R009,D0836,P007,2024-03-09,2024-03-01,Ahmedabad,West,25,16215.5
S00978,C00978,R055,D0769,P005,2024-03-31,2024-03-01,Mumbai,West,17,7477.18
S00979,C00979,R028,D0313,P002,2024-03-04,2024-03-01,Lucknow,North,22,12623.21
S00980,C00980,R046,D0082,P002,2024-03-02,2024-03-01,Guwahati,East,10,5432.27
S00981,C00981,R018,D0210,P008,2024-03-15,2024-03-01,Vijayawada,South,21,6949.89
S00982,C00982,R024,D0180,P007,2024-03-11,2024-03-01,Siliguri,East,25,13794.38
S00983,C00983,R051,D0714,P005,2024-03-20,2024-03-01,Jaipur,North,21,10445.53
S00984,C00984,R025,D0259,P008,2024-03-19,2024-03-01,North Delhi,North,19,6213.91
S00985,C00985,R060,D0304,P007,2024-03-26,2024-03-01,Goa,West,18,12003.2
S00986,C00986,R056,D0659,P004,2024-03-13,2024-03-01,Pune,West,35,32881.66
S00987,C00987,R012,D0149,P007,2024-03-15,2024-03-01,Goa,West,18,9856.04
S00988,C00988,R003,D0616,P007,2024-03-01,2024-03-01,Jaipur,North,33,21661.47
S00989,C00989,R032,D0480,P004,2024-03-31,2024-03-01,Pune,West,15,13474.75
S00990,C00990,R055,D0842,P001,2024-03-07,2024-03-01,Mumbai,West,33,26566.15
S00991,C00991,R022,D0418,P006,2024-03-19,2024-03-01,Guwahati,East,19,9952.56
S00992,C00992,R054,D0532,P003,2024-03-28,2024-03-01,Dehradun,North,9,5910.68
S00993,C00993,R031,D0749,P003,2024-03-19,2024-03-01,Mumbai,West,25,16166.32
S00994,C00994,R046,D0848,P006,2024-03-20,2024-03-01,Guwahati,East,11,5807.93
S00995,C00995,R056,D0622,P007,2024-03-06,2024-03-01,Pune,West,11,6430.79
S00996,C00996,R031,D0588,P001,2024-03-22,2024-03-01,Mumbai,West,38,29681.87
S00997,C00997,R030,D0744,P007,2024-03-06,2024-03-01,Dehradun,North,11,7180.32
S00998,C00998,R003,D0825,P003,2024-03-22,2024-03-01,Jaipur,North,31,19212.47
S00999,C00999,R004,D0572,P005,2024-03-18,2024-03-01,Lucknow,North,15,6831.38
S01000,C01000,R033,D0275,P007,2024-03-16,2024-03-01,Ahmedabad,West,40,25825.09
S01001,C01001,R051,D0615,P002,2024-03-23,2024-03-01,Jaipur,North,11,5697.02
S01002,C01002,R036,D0158,P002,2024-03-23,2024-03-01,Goa,West,20,9769.62
S01003,C01003,R051,D0527,P008,2024-03-07,2024-03-01,Jaipur,North,19,5477.52
S01004,C01004,R017,D0462,P003,2024-03-12,2024-03-01,Coimbatore,South,19,12245.2
S01005,C01005,R021,D0832,P008,2024-03-16,2024-03-01,Patna,East,21,7285.89
S01006,C01006,R035,D0507,P003,2024-03-05,2024-03-01,Nagpur,West,30,19044.88
S01007,C01007,R010,D0778,P005,2024-03-12,2024-03-01,Surat,West,23,10427.67
S01008,C01008,R071,D0733,P005,2024-03-02,2024-03-01,Ranchi,East,21,9685.64
S01009,C01009,R047,D0739,P008,2024-03-14,2024-03-01,Ranchi,East,19,6416.26
S01010,C01010,R062,D0110,P005,2024-03-07,2024-03-01,Chennai,South,23,11033.36
S01011,C01011,R049,D0672,P005,2024-03-07,2024-03-01,North Delhi,North,11,5021.19
S01012,C01012,R031,D0292,P004,2024-03-26,2024-03-01,Mumbai,West,29,26583.61
S01013,C01013,R039,D0474,P004,2024-03-05,2024-03-01,Hyderabad,South,13,12183.77
S01014,C01014,R069,D0319,P004,2024-03-04,2024-03-01,Patna,East,24,19602.64
S01015,C01015,R068,D0330,P004,2024-03-10,2024-03-01,Bhubaneswar,East,14,12225.25
S01016,C01016,R017,D0818,P007,2024-03-01,2024-03-01,Coimbatore,South,14,8027.31
S01017,C01017,R029,D0800,P001,2024-03-27,2024-03-01,Ludhiana,North,21,15784.91
S01018,C01018,R042,D0408,P005,2024-03-31,2024-03-01,Vijayawada,South,13,6174.38
S01019,C01019,R018,D0020,P005,2024-03-25,2024-03-01,Vijayawada,South,48,20754.89
S01020,C01020,R021,D0194,P007,2024-03-25,2024-03-01,Patna,East,14,9526.13
S01021,C01021,R035,D0240,P006,2024-03-04,2024-03-01,Nagpur,West,54,28447.48
S01022,C01022,R020,D0847,P004,2024-03-18,2024-03-01,Bhubaneswar,East,12,10367.82
S01023,C01023,R015,D0302,P001,2024-03-03,2024-03-01,Hyderabad,South,16,12397.94
S01024,C01024,R007,D0023,P003,2024-03-10,2024-03-01,Mumbai,West,41,25317.01
S01025,C01025,R048,D0482,P003,2024-03-16,2024-03-01,Siliguri,East,13,7947.42
S01026,C01026,R046,D0821,P002,2024-03-22,2024-03-01,Guwahati,East,9,4766.34
S01027,C01027,R041,D0491,P006,2024-03-09,2024-03-01,Coimbatore,South,8,4346.94
S01028,C01028,R066,D0369,P004,2024-03-08,2024-03-01,Vijayawada,South,20,16547.89
S01029,C01029,R068,D0314,P007,2024-03-26,2024-03-01,Bhubaneswar,East,22,14247.36
S01030,C01030,R039,D0767,P002,2024-03-07,2024-03-01,Hyderabad,South,24,12839.67
S01031,C01031,R057,D0121,P008,2024-03-16,2024-03-01,Ahmedabad,West,22,7124.01
S01032,C01032,R012,D0809,P004,2024-03-09,2024-03-01,Goa,West,18,16078.5
S01033,C01033,R014,D0190,P003,2024-03-27,2024-03-01,Chennai,South,34,23308.94
S01034,C01034,R015,D0114,P003,2024-03-17,2024-03-01,Hyderabad,South,18,12532.02
S01035,C01035,R059,D0354,P007,2024-03-04,2024-03-01,Nagpur,West,15,9051.84
S01036,C01036,R014,D0014,P006,2024-03-05,2024-03-01,Chennai,South,37,19351.04
S01037,C01037,R048,D0026,P002,2024-03-31,2024-03-01,Siliguri,East,16,9201.93
S01038,C01038,R042,D0135,P008,2024-03-30,2024-03-01,Vijayawada,South,16,5328.41
S01039,C01039,R027,D0619,P002,2024-03-24,2024-03-01,Jaipur,North,17,8990.36
S01040,C01040,R002,D0723,P003,2024-03-03,2024-03-01,Chandigarh,North,27,17646.18
S01041,C01041,R064,D0331,P006,2024-03-23,2024-03-01,Kochi,South,18,8727.19
S01042,C01042,R063,D0533,P005,2024-03-21,2024-03-01,Hyderabad,South,15,7527.12
S01043,C01043,R019,D0264,P004,2024-03-30,2024-03-01,Kolkata,East,11,9940.02
S01044,C01044,R006,D0450,P008,2024-03-16,2024-03-01,Dehradun,North,19,5653.36
S01045,C01045,R024,D0305,P007,2024-03-15,2024-03-01,Siliguri,East,15,8765.78
S01046,C01046,R002,D0790,P008,2024-03-20,2024-03-01,Chandigarh,North,22,6985.94
S01047,C01047,R052,D0358,P003,2024-03-05,2024-03-01,Lucknow,North,26,18311.5
S01048,C01048,R003,D0527,P007,2024-03-24,2024-03-01,Jaipur,North,12,7250.09
S01049,C01049,R033,D0791,P002,2024-03-16,2024-03-01,Ahmedabad,West,38,21139.66
S01050,C01050,R032,D0537,P007,2024-03-06,2024-03-01,Pune,West,30,17646.13
S01051,C01051,R069,D0085,P005,2024-03-26,2024-03-01,Patna,East,12,5697.84
S01052,C01052,R065,D0130,P005,2024-03-09,2024-03-01,Coimbatore,South,29,14207.91
S01053,C01053,R011,D0354,P001,2024-03-27,2024-03-01,Nagpur,West,14,11351.18
S01054,C01054,R058,D0069,P008,2024-03-09,2024-03-01,Surat,West,18,5052.4
S01055,C01055,R041,D0561,P003,2024-03-16,2024-03-01,Coimbatore,South,19,12444.34
S01056,C01056,R011,D0485,P005,2024-03-14,2024-03-01,Nagpur,West,20,8713.45
S01057,C01057,R034,D0038,P002,2024-03-23,2024-03-01,Surat,West,11,6139.36
S01058,C01058,R050,D0329,P008,2024-03-06,2024-03-01,Chandigarh,North,15,4816.86
S01059,C01059,R062,D0693,P003,2024-03-08,2024-03-01,Chennai,South,19,13613.22
S01060,C01060,R007,D0769,P007,2024-03-06,2024-03-01,Mumbai,West,18,10797.53
S01061,C01061,R007,D0780,P007,2024-03-08,2024-03-01,Mumbai,West,19,11632.2
S01062,C01062,R026,D0810,P005,2024-03-15,2024-03-01,Chandigarh,North,24,10972.0
S01063,C01063,R060,D0539,P001,2024-03-19,2024-03-01,Goa,West,24,19392.72
S01064,C01064,R016,D0787,P003,2024-03-27,2024-03-01,Kochi,South,26,16326.37
S01065,C01065,R033,D0840,P005,2024-03-14,2024-03-01,Ahmedabad,West,43,18790.89
S01066,C01066,R020,D0607,P005,2024-03-13,2024-03-01,Bhubaneswar,East,14,6258.62
S01067,C01067,R052,D0297,P005,2024-03-05,2024-03-01,Lucknow,North,19,8995.54
S01068,C01068,R054,D0820,P002,2024-03-04,2024-03-01,Dehradun,North,21,11929.18
S01069,C01069,R054,D0450,P005,2024-03-24,2024-03-01,Dehradun,North,17,7783.63
S01070,C01070,R010,D0104,P001,2024-03-20,2024-03-01,Surat,West,31,24895.18
S01071,C01071,R028,D0126,P004,2024-03-17,2024-03-01,Lucknow,North,25,22815.11
S01072,C01072,R059,D0507,P001,2024-03-14,2024-03-01,Nagpur,West,18,13999.62
S01073,C01073,R054,D0059,P006,2024-03-17,2024-03-01,Dehradun,North,17,8634.76
S01074,C01074,R012,D0139,P005,2024-03-27,2024-03-01,Goa,West,16,7640.61
S01075,C01075,R050,D0221,P007,2024-03-06,2024-03-01,Chandigarh,North,29,19384.36
S01076,C01076,R008,D0480,P004,2024-03-16,2024-03-01,Pune,West,18,16811.4
S01077,C01077,R052,D0356,P002,2024-03-08,2024-03-01,Lucknow,North,32,18319.28
S01078,C01078,R053,D0453,P002,2024-03-04,2024-03-01,Ludhiana,North,16,9520.89
S01079,C01079,R011,D0485,P007,2024-03-22,2024-03-01,Nagpur,West,26,15306.43
S01080,C01080,R048,D0738,P008,2024-03-22,2024-03-01,Siliguri,East,35,11592.81
S01081,C01081,R039,D0179,P001,2024-03-27,2024-03-01,Hyderabad,South,15,12551.92
S01082,C01082,R052,D0320,P006,2024-03-01,2024-03-01,Lucknow,North,14,7475.29
S01083,C01083,R001,D0573,P004,2024-03-06,2024-03-01,North Delhi,North,18,15540.15
S01084,C01084,R013,D0199,P003,2024-03-18,2024-03-01,Bengaluru,South,33,20912.28
S01085,C01085,R067,D0125,P005,2024-03-26,2024-03-01,Kolkata,East,12,5970.72
S01086,C01086,R057,D0049,P008,2024-03-30,2024-03-01,Ahmedabad,West,16,5226.42
S01087,C01087,R026,D0261,P002,2024-03-25,2024-03-01,Chandigarh,North,14,7675.51
S01088,C01088,R072,D0178,P007,2024-03-29,2024-03-01,Siliguri,East,11,6716.54
S01089,C01089,R016,D0237,P001,2024-03-26,2024-03-01,Kochi,South,18,15100.07
S01090,C01090,R063,D0196,P006,2024-03-10,2024-03-01,Hyderabad,South,27,14440.68
S01091,C01091,R008,D0621,P001,2024-03-19,2024-03-01,Pune,West,25,19318.61
S01092,C01092,R016,D0709,P001,2024-03-20,2024-03-01,Kochi,South,24,19573.09
S01093,C01093,R015,D0387,P001,2024-03-11,2024-03-01,Hyderabad,South,12,9443.4
S01094,C01094,R007,D0051,P007,2024-03-28,2024-03-01,Mumbai,West,36,22917.28
S01095,C01095,R034,D0542,P005,2024-03-24,2024-03-01,Surat,West,11,5403.12
S01096,C01096,R037,D0075,P006,2024-03-17,2024-03-01,Bengaluru,South,26,14079.71
S01097,C01097,R025,D0032,P002,2024-03-15,2024-03-01,North Delhi,North,14,6907.67
S01098,C01098,R017,D0491,P008,2024-03-25,2024-03-01,Coimbatore,South,18,5907.93
S01099,C01099,R014,D0381,P007,2024-03-07,2024-03-01,Chennai,South,41,26858.36
S01100,C01100,R011,D0342,P004,2024-03-07,2024-03-01,Nagpur,West,27,23166.34
S01101,C01101,R040,D0798,P008,2024-03-13,2024-03-01,Kochi,South,26,9147.53
S01102,C01102,R027,D0088,P002,2024-03-04,2024-03-01,Jaipur,North,21,11691.93
S01103,C01103,R051,D0071,P003,2024-03-15,2024-03-01,Jaipur,North,23,15907.48
S01104,C01104,R014,D0487,P001,2024-03-14,2024-03-01,Chennai,South,30,24520.36
S01105,C01105,R072,D0348,P002,2024-03-16,2024-03-01,Siliguri,East,15,7555.5
S01106,C01106,R003,D0690,P007,2024-03-15,2024-03-01,Jaipur,North,20,12807.2
S01107,C01107,R004,D0027,P004,2024-03-28,2024-03-01,Lucknow,North,22,20062.82
S01108,C01108,R071,D0327,P006,2024-03-09,2024-03-01,Ranchi,East,26,12963.0
S01109,C01109,R069,D0084,P008,2024-03-13,2024-03-01,Patna,East,17,5881.59
S01110,C01110,R005,D0013,P007,2024-03-23,2024-03-01,Ludhiana,North,35,19327.28
S01111,C01111,R046,D0411,P004,2024-03-09,2024-03-01,Guwahati,East,18,15529.36
S01112,C01112,R015,D0576,P003,2024-03-21,2024-03-01,Hyderabad,South,28,19822.96
S01113,C01113,R071,D0116,P001,2024-03-30,2024-03-01,Ranchi,East,20,16387.04
S01114,C01114,R038,D0693,P007,2024-03-12,2024-03-01,Chennai,South,26,15433.66
S01115,C01115,R072,D0396,P008,2024-03-08,2024-03-01,Siliguri,East,19,5863.52
S01116,C01116,R027,D0432,P005,2024-03-06,2024-03-01,Jaipur,North,23,10494.37
S01117,C01117,R021,D0801,P004,2024-03-01,2024-03-01,Patna,East,20,18148.63
S01118,C01118,R025,D0263,P007,2024-03-09,2024-03-01,North Delhi,North,20,11990.45
S01119,C01119,R064,D0237,P003,2024-03-27,2024-03-01,Kochi,South,19,12548.74
S01120,C01120,R057,D0757,P004,2024-03-08,2024-03-01,Ahmedabad,West,13,11681.47
S01121,C01121,R022,D0066,P008,2024-03-30,2024-03-01,Guwahati,East,23,7278.22
S01122,C01122,R053,D0800,P004,2024-03-30,2024-03-01,Ludhiana,North,17,14882.09
S01123,C01123,R036,D0766,P008,2024-03-22,2024-03-01,Goa,West,30,9096.25
S01124,C01124,R039,D0844,P002,2024-03-31,2024-03-01,Hyderabad,South,43,23337.04
S01125,C01125,R018,D0393,P004,2024-03-13,2024-03-01,Vijayawada,South,35,31276.09
S01126,C01126,R065,D0505,P004,2024-03-30,2024-03-01,Coimbatore,South,24,20495.25
S01127,C01127,R026,D0790,P003,2024-03-17,2024-03-01,Chandigarh,North,28,18858.2
S01128,C01128,R001,D0094,P008,2024-03-03,2024-03-01,North Delhi,North,31,10567.03
S01129,C01129,R022,D0228,P004,2024-03-26,2024-03-01,Guwahati,East,26,23360.39
S01130,C01130,R057,D0403,P008,2024-03-30,2024-03-01,Ahmedabad,West,16,5262.43
S01131,C01131,R027,D0615,P002,2024-03-28,2024-03-01,Jaipur,North,9,5130.73
S01132,C01132,R037,D0601,P003,2024-03-13,2024-03-01,Bengaluru,South,19,12597.65
S01133,C01133,R002,D0810,P004,2024-03-04,2024-03-01,Chandigarh,North,15,14030.12
S01134,C01134,R022,D0418,P005,2024-03-19,2024-03-01,Guwahati,East,28,11478.05
S01135,C01135,R056,D0188,P002,2024-03-27,2024-03-01,Pune,West,17,8912.94
S01136,C01136,R068,D0314,P003,2024-03-27,2024-03-01,Bhubaneswar,East,13,8161.4
S01137,C01137,R009,D0757,P005,2024-03-20,2024-03-01,Ahmedabad,West,26,12878.6
S01138,C01138,R060,D0370,P003,2024-03-25,2024-03-01,Goa,West,27,18495.03
S01139,C01139,R026,D0628,P007,2024-03-02,2024-03-01,Chandigarh,North,21,12116.11
S01140,C01140,R060,D0528,P004,2024-03-20,2024-03-01,Goa,West,30,25564.55
S01141,C01141,R068,D0688,P008,2024-03-04,2024-03-01,Bhubaneswar,East,23,6901.47
S01142,C01142,R047,D0182,P002,2024-03-24,2024-03-01,Ranchi,East,31,17118.72
S01143,C01143,R027,D0159,P007,2024-03-02,2024-03-01,Jaipur,North,39,24169.34
S01144,C01144,R008,D0622,P004,2024-03-19,2024-03-01,Pune,West,21,18411.87
S01145,C01145,R017,D0452,P001,2024-03-30,2024-03-01,Coimbatore,South,26,19517.71
S01146,C01146,R042,D0644,P006,2024-03-04,2024-03-01,Vijayawada,South,16,8198.2
S01147,C01147,R045,D0084,P002,2024-03-14,2024-03-01,Patna,East,20,12258.89
S01148,C01148,R069,D0215,P002,2024-03-02,2024-03-01,Patna,East,20,10660.12
S01149,C01149,R037,D0827,P005,2024-03-23,2024-03-01,Bengaluru,South,29,14185.98
S01150,C01150,R001,D0751,P007,2024-03-29,2024-03-01,North Delhi,North,15,9069.94
S01151,C01151,R022,D0063,P003,2024-03-01,2024-03-01,Guwahati,East,15,10441.03
S01152,C01152,R070,D0654,P005,2024-03-17,2024-03-01,Guwahati,East,26,12394.44
S01153,C01153,R001,D0033,P001,2024-03-25,2024-03-01,North Delhi,North,16,12536.29
S01154,C01154,R032,D0171,P002,2024-03-01,2024-03-01,Pune,West,24,13453.72
S01155,C01155,R023,D0763,P007,2024-03-15,2024-03-01,Ranchi,East,34,22110.06
S01156,C01156,R002,D0151,P001,2024-03-04,2024-03-01,Chandigarh,North,14,11023.8
S01157,C01157,R004,D0276,P003,2024-03-29,2024-03-01,Lucknow,North,30,19741.98
S01158,C01158,R015,D0114,P005,2024-03-16,2024-03-01,Hyderabad,South,19,9084.18
S01159,C01159,R043,D0524,P001,2024-03-17,2024-03-01,Kolkata,East,12,10180.49
S01160,C01160,R010,D0044,P008,2024-03-31,2024-03-01,Surat,West,11,3296.8
S01161,C01161,R028,D0258,P005,2024-03-25,2024-03-01,Lucknow,North,19,8239.63
S01162,C01162,R047,D0280,P003,2024-03-10,2024-03-01,Ranchi,East,24,17057.23
S01163,C01163,R062,D0504,P008,2024-03-20,2024-03-01,Chennai,South,13,4072.81
S01164,C01164,R009,D0406,P005,2024-03-10,2024-03-01,Ahmedabad,West,37,18183.15
S01165,C01165,R007,D0232,P006,2024-03-17,2024-03-01,Mumbai,West,18,8926.86
S01166,C01166,R063,D0374,P001,2024-03-26,2024-03-01,Hyderabad,South,24,18395.79
S01167,C01167,R019,D0399,P002,2024-03-30,2024-03-01,Kolkata,East,14,7999.29
S01168,C01168,R040,D0365,P001,2024-03-30,2024-03-01,Kochi,South,32,26028.27
S01169,C01169,R036,D0506,P005,2024-03-16,2024-03-01,Goa,West,38,16595.47
S01170,C01170,R044,D0337,P007,2024-03-28,2024-03-01,Bhubaneswar,East,19,12006.6
S01171,C01171,R067,D0264,P008,2024-03-28,2024-03-01,Kolkata,East,14,4357.7
S01172,C01172,R003,D0671,P005,2024-03-17,2024-03-01,Jaipur,North,24,11347.99
S01173,C01173,R038,D0198,P001,2024-03-02,2024-03-01,Chennai,South,19,14955.84
S01174,C01174,R033,D0277,P006,2024-03-04,2024-03-01,Ahmedabad,West,17,8648.89
S01175,C01175,R019,D0081,P006,2024-03-21,2024-03-01,Kolkata,East,15,7460.89
S01176,C01176,R049,D0613,P005,2024-03-26,2024-03-01,North Delhi,North,24,10185.46
S01177,C01177,R056,D0621,P006,2024-03-29,2024-03-01,Pune,West,32,15905.41
S01178,C01178,R037,D0601,P005,2024-03-08,2024-03-01,Bengaluru,South,24,11491.29
S01179,C01179,R034,D0111,P006,2024-03-28,2024-03-01,Surat,West,14,7346.81
S01180,C01180,R053,D0421,P004,2024-03-26,2024-03-01,Ludhiana,North,33,28327.97
S01181,C01181,R035,D0274,P002,2024-03-16,2024-03-01,Nagpur,West,33,18915.97
S01182,C01182,R004,D0584,P001,2024-03-12,2024-03-01,Lucknow,North,23,18381.4
S01183,C01183,R045,D0246,P008,2024-03-15,2024-03-01,Patna,East,17,5643.6
S01184,C01184,R042,D0368,P004,2024-03-21,2024-03-01,Vijayawada,South,19,16145.38
S01185,C01185,R060,D0370,P003,2024-03-26,2024-03-01,Goa,West,27,19548.99
S01186,C01186,R058,D0566,P003,2024-03-06,2024-03-01,Surat,West,15,10206.25
S01187,C01187,R004,D0557,P001,2024-03-11,2024-03-01,Lucknow,North,19,16063.12
S01188,C01188,R013,D0686,P008,2024-03-04,2024-03-01,Bengaluru,South,33,10302.48
S01189,C01189,R057,D0328,P001,2024-03-30,2024-03-01,Ahmedabad,West,23,16427.99
S01190,C01190,R066,D0644,P002,2024-03-13,2024-03-01,Vijayawada,South,21,10886.21
S01191,C01191,R016,D0730,P004,2024-03-08,2024-03-01,Kochi,South,12,11313.59
S01192,C01192,R021,D0386,P003,2024-03-07,2024-03-01,Patna,East,19,11922.89
S01193,C01193,R018,D0475,P001,2024-03-03,2024-03-01,Vijayawada,South,19,16033.83
S01194,C01194,R025,D0793,P003,2024-03-15,2024-03-01,North Delhi,North,17,10895.82
S01195,C01195,R034,D0692,P007,2024-03-24,2024-03-01,Surat,West,18,11273.51
S01196,C01196,R014,D0247,P003,2024-03-11,2024-03-01,Chennai,South,20,13451.74
S01197,C01197,R070,D0590,P007,2024-03-13,2024-03-01,Guwahati,East,18,10890.3
S01198,C01198,R041,D0462,P003,2024-03-20,2024-03-01,Coimbatore,South,32,20953.84
S01199,C01199,R008,D0173,P001,2024-03-12,2024-03-01,Pune,West,20,14945.73
S01200,C01200,R029,D0310,P001,2024-03-23,2024-03-01,Ludhiana,North,15,12931.78
S01201,C01201,R010,D0823,P007,2024-03-10,2024-03-01,Surat,West,41,25839.81
S01202,C01202,R040,D0798,P004,2024-03-14,2024-03-01,Kochi,South,29,23901.6
S01203,C01203,R001,D0672,P008,2024-03-31,2024-03-01,North Delhi,North,19,5711.76
S01204,C01204,R055,D0842,P007,2024-03-26,2024-03-01,Mumbai,West,19,11981.85
S01205,C01205,R044,D0556,P001,2024-03-18,2024-03-01,Bhubaneswar,East,12,9422.74
S01206,C01206,R055,D0661,P003,2024-03-13,2024-03-01,Mumbai,West,27,16331.11
S01207,C01207,R060,D0149,P006,2024-03-31,2024-03-01,Goa,West,36,20823.43
S01208,C01208,R047,D0260,P001,2024-03-15,2024-03-01,Ranchi,East,20,13537.47
S01209,C01209,R041,D0130,P008,2024-03-11,2024-03-01,Coimbatore,South,22,6927.76
S01210,C01210,R020,D0805,P002,2024-03-19,2024-03-01,Bhubaneswar,East,21,11432.05
S01211,C01211,R070,D0464,P007,2024-03-13,2024-03-01,Guwahati,East,21,12465.03
S01212,C01212,R067,D0779,P007,2024-03-28,2024-03-01,Kolkata,East,14,8965.55
S01213,C01213,R037,D0270,P005,2024-03-07,2024-03-01,Bengaluru,South,26,12352.37
S01214,C01214,R050,D0329,P007,2024-03-02,2024-03-01,Chandigarh,North,15,9280.45
S01215,C01215,R023,D0519,P008,2024-03-14,2024-03-01,Ranchi,East,15,4817.16
S01216,C01216,R005,D0550,P006,2024-03-30,2024-03-01,Ludhiana,North,12,6328.24
S01217,C01217,R018,D0253,P006,2024-03-02,2024-03-01,Vijayawada,South,36,18299.2
S01218,C01218,R047,D0280,P004,2024-03-26,2024-03-01,Ranchi,East,19,15753.38
S01219,C01219,R018,D0405,P003,2024-03-01,2024-03-01,Vijayawada,South,34,23686.4
S01220,C01220,R053,D0054,P007,2024-03-18,2024-03-01,Ludhiana,North,12,8013.01
S01221,C01221,R049,D0133,P002,2024-03-15,2024-03-01,North Delhi,North,27,14746.15
S01222,C01222,R011,D0037,P004,2024-03-05,2024-03-01,Nagpur,West,13,11713.8
S01223,C01223,R072,D0097,P005,2024-03-24,2024-03-01,Siliguri,East,23,10637.14
S01224,C01224,R008,D0212,P004,2024-03-06,2024-03-01,Pune,West,28,23457.01
S01225,C01225,R027,D0080,P003,2024-03-14,2024-03-01,Jaipur,North,10,6468.18
S01226,C01226,R013,D0019,P005,2024-03-18,2024-03-01,Bengaluru,South,28,13485.73
S01227,C01227,R005,D0735,P003,2024-03-17,2024-03-01,Ludhiana,North,30,20195.01
S01228,C01228,R020,D0314,P008,2024-03-01,2024-03-01,Bhubaneswar,East,15,5246.84
S01229,C01229,R031,D0536,P002,2024-03-14,2024-03-01,Mumbai,West,25,14102.8
S01230,C01230,R064,D0073,P004,2024-03-21,2024-03-01,Kochi,South,22,19324.84
S01231,C01231,R059,D0826,P007,2024-03-17,2024-03-01,Nagpur,West,18,11430.98
S01232,C01232,R004,D0204,P004,2024-03-23,2024-03-01,Lucknow,North,24,21307.8
S01233,C01233,R071,D0583,P006,2024-03-25,2024-03-01,Ranchi,East,24,11323.65
S01234,C01234,R029,D0625,P006,2024-03-06,2024-03-01,Ludhiana,North,23,12431.13
S01235,C01235,R022,D0637,P003,2024-03-25,2024-03-01,Guwahati,East,17,11588.98
S01236,C01236,R030,D0591,P006,2024-03-28,2024-03-01,Dehradun,North,9,5299.57
S01237,C01237,R063,D0387,P002,2024-03-26,2024-03-01,Hyderabad,South,17,9003.02
S01238,C01238,R008,D0633,P006,2024-03-27,2024-03-01,Pune,West,23,12249.09
S01239,C01239,R046,D0654,P002,2024-03-07,2024-03-01,Guwahati,East,30,15722.82
S01240,C01240,R043,D0334,P006,2024-03-21,2024-03-01,Kolkata,East,24,11801.96
S01241,C01241,R011,D0785,P001,2024-03-15,2024-03-01,Nagpur,West,16,14029.42
S01242,C01242,R061,D0839,P007,2024-03-31,2024-03-01,Bengaluru,South,30,16551.34
S01243,C01243,R041,D0606,P006,2024-03-26,2024-03-01,Coimbatore,South,34,17436.89
S01244,C01244,R045,D0801,P001,2024-03-06,2024-03-01,Patna,East,15,12804.53
S01245,C01245,R070,D0066,P001,2024-03-30,2024-03-01,Guwahati,East,36,26116.25
S01246,C01246,R059,D0496,P002,2024-03-22,2024-03-01,Nagpur,West,10,5301.48
S01247,C01247,R019,D0562,P008,2024-03-17,2024-03-01,Kolkata,East,26,8757.38
S01248,C01248,R052,D0777,P005,2024-03-14,2024-03-01,Lucknow,North,30,13068.95
S01249,C01249,R040,D0103,P003,2024-03-16,2024-03-01,Kochi,South,20,13511.67
S01250,C01250,R039,D0695,P003,2024-03-24,2024-03-01,Hyderabad,South,9,5747.59
S01251,C01251,R026,D0131,P001,2024-03-24,2024-03-01,Chandigarh,North,26,21781.84
S01252,C01252,R036,D0304,P002,2024-03-18,2024-03-01,Goa,West,16,9264.43
S01253,C01253,R050,D0664,P007,2024-03-31,2024-03-01,Chandigarh,North,14,8396.0
S01254,C01254,R033,D0275,P005,2024-03-08,2024-03-01,Ahmedabad,West,21,8341.78
S01255,C01255,R005,D0742,P003,2024-03-14,2024-03-01,Ludhiana,North,17,11589.3
S01256,C01256,R009,D0836,P001,2024-03-19,2024-03-01,Ahmedabad,West,25,20636.2
S01257,C01257,R010,D0104,P003,2024-03-06,2024-03-01,Surat,West,33,22506.15
S01258,C01258,R061,D0199,P004,2024-03-16,2024-03-01,Bengaluru,South,29,26506.53
S01259,C01259,R032,D0129,P001,2024-03-26,2024-03-01,Pune,West,34,27059.34
S01260,C01260,R047,D0571,P005,2024-03-21,2024-03-01,Ranchi,East,16,7286.41
S01261,C01261,R064,D0730,P006,2024-03-23,2024-03-01,Kochi,South,20,9881.7
S01262,C01262,R054,D0587,P008,2024-03-06,2024-03-01,Dehradun,North,23,7424.64
S01263,C01263,R067,D0076,P003,2024-03-05,2024-03-01,Kolkata,East,15,9848.38
S01264,C01264,R054,D0161,P003,2024-03-14,2024-03-01,Dehradun,North,18,12363.49
S01265,C01265,R061,D0019,P007,2024-03-11,2024-03-01,Bengaluru,South,36,21158.95
S01266,C01266,R061,D0308,P003,2024-03-01,2024-03-01,Bengaluru,South,13,8446.73
S01267,C01267,R065,D0606,P006,2024-03-18,2024-03-01,Coimbatore,South,30,15451.51
S01268,C01268,R040,D0105,P006,2024-03-24,2024-03-01,Kochi,South,28,13816.93
S01269,C01269,R044,D0722,P008,2024-03-23,2024-03-01,Bhubaneswar,East,18,5390.29
S01270,C01270,R025,D0219,P003,2024-03-04,2024-03-01,North Delhi,North,22,15064.41
S01271,C01271,R064,D0438,P005,2024-03-25,2024-03-01,Kochi,South,22,9512.08
S01272,C01272,R062,D0549,P002,2024-03-12,2024-03-01,Chennai,South,23,12600.54
S01273,C01273,R058,D0367,P007,2024-03-05,2024-03-01,Surat,West,23,14476.23
S01274,C01274,R023,D0364,P001,2024-03-15,2024-03-01,Ranchi,East,23,19307.12
S01275,C01275,R042,D0249,P006,2024-03-07,2024-03-01,Vijayawada,South,24,13713.99
S01276,C01276,R001,D0388,P002,2024-03-21,2024-03-01,North Delhi,North,13,7518.33
S01277,C01277,R037,D0150,P004,2024-03-24,2024-03-01,Bengaluru,South,22,18987.44
S01278,C01278,R026,D0239,P001,2024-03-23,2024-03-01,Chandigarh,North,15,11585.06
S01279,C01279,R061,D0660,P006,2024-03-04,2024-03-01,Bengaluru,South,22,11445.95
S01280,C01280,R068,D0756,P004,2024-03-11,2024-03-01,Bhubaneswar,East,15,13375.79
S01281,C01281,R062,D0693,P006,2024-03-16,2024-03-01,Chennai,South,18,9296.53
S01282,C01282,R012,D0282,P003,2024-03-31,2024-03-01,Goa,West,36,25359.18
S01283,C01283,R006,D0254,P001,2024-03-17,2024-03-01,Dehradun,North,25,19722.5
S01284,C01284,R009,D0061,P005,2024-03-21,2024-03-01,Ahmedabad,West,24,11598.95
S01285,C01285,R006,D0242,P006,2024-03-11,2024-03-01,Dehradun,North,30,14509.27
S01286,C01286,R024,D0482,P006,2024-03-10,2024-03-01,Siliguri,East,15,7870.98
S01287,C01287,R048,D0180,P003,2024-03-25,2024-03-01,Siliguri,East,20,12158.25
S01288,C01288,R007,D0651,P006,2024-03-26,2024-03-01,Mumbai,West,39,21096.18
S01289,C01289,R029,D0052,P005,2024-03-02,2024-03-01,Ludhiana,North,24,10988.72
S01290,C01290,R016,D0373,P002,2024-03-17,2024-03-01,Kochi,South,10,5052.13
S01291,C01291,R063,D0196,P001,2024-03-25,2024-03-01,Hyderabad,South,38,29362.07
S01292,C01292,R029,D0453,P003,2024-03-05,2024-03-01,Ludhiana,North,17,11537.3
S01293,C01293,R030,D0006,P001,2024-03-21,2024-03-01,Dehradun,North,9,6616.74
S01294,C01294,R006,D0450,P006,2024-03-15,2024-03-01,Dehradun,North,16,7838.06
S01295,C01295,R049,D0679,P001,2024-03-16,2024-03-01,North Delhi,North,33,25346.26
S01296,C01296,R072,D0620,P001,2024-03-19,2024-03-01,Siliguri,East,13,10608.16
S01297,C01297,R072,D0178,P002,2024-04-27,2024-04-01,Siliguri,East,25,12202.1
S01298,C01298,R032,D0433,P003,2024-04-03,2024-04-01,Pune,West,29,19664.74
S01299,C01299,R056,D0621,P001,2024-04-07,2024-04-01,Pune,West,27,20886.73
S01300,C01300,R021,D0311,P006,2024-04-11,2024-04-01,Patna,East,15,8094.3
S01301,C01301,R043,D0457,P002,2024-04-25,2024-04-01,Kolkata,East,21,11618.43
S01302,C01302,R064,D0360,P007,2024-04-18,2024-04-01,Kochi,South,19,12429.71
S01303,C01303,R048,D0620,P005,2024-04-06,2024-04-01,Siliguri,East,13,6129.67
S01304,C01304,R009,D0554,P001,2024-04-01,2024-04-01,Ahmedabad,West,18,13252.36
S01305,C01305,R008,D0817,P004,2024-04-30,2024-04-01,Pune,West,28,25566.2
S01306,C01306,R021,D0669,P002,2024-04-05,2024-04-01,Patna,East,11,6112.75
S01307,C01307,R013,D0266,P008,2024-04-01,2024-04-01,Bengaluru,South,23,7135.79
S01308,C01308,R062,D0288,P005,2024-04-13,2024-04-01,Chennai,South,36,16179.93
S01309,C01309,R026,D0131,P007,2024-04-17,2024-04-01,Chandigarh,North,17,9164.44
S01310,C01310,R010,D0426,P003,2024-04-08,2024-04-01,Surat,West,26,17858.38
S01311,C01311,R025,D0666,P002,2024-04-06,2024-04-01,North Delhi,North,15,8073.45
S01312,C01312,R033,D0287,P002,2024-04-03,2024-04-01,Ahmedabad,West,20,10530.72
S01313,C01313,R031,D0010,P004,2024-04-13,2024-04-01,Mumbai,West,33,27995.11
S01314,C01314,R013,D0686,P007,2024-04-29,2024-04-01,Bengaluru,South,36,21489.92
S01315,C01315,R041,D0163,P004,2024-04-05,2024-04-01,Coimbatore,South,39,35586.6
S01316,C01316,R008,D0502,P008,2024-04-18,2024-04-01,Pune,West,21,6802.84
S01317,C01317,R025,D0032,P003,2024-04-06,2024-04-01,North Delhi,North,14,9115.72
S01318,C01318,R039,D0012,P002,2024-04-21,2024-04-01,Hyderabad,South,24,12207.59
S01319,C01319,R066,D0694,P004,2024-04-02,2024-04-01,Vijayawada,South,21,18427.59
S01320,C01320,R013,D0601,P001,2024-04-07,2024-04-01,Bengaluru,South,14,10496.64
S01321,C01321,R066,D0020,P006,2024-04-01,2024-04-01,Vijayawada,South,29,14669.37
S01322,C01322,R048,D0096,P001,2024-04-20,2024-04-01,Siliguri,East,10,8063.13
S01323,C01323,R053,D0453,P006,2024-04-22,2024-04-01,Ludhiana,North,19,9453.75
S01324,C01324,R070,D0514,P004,2024-04-06,2024-04-01,Guwahati,East,13,12566.29
S01325,C01325,R057,D0328,P003,2024-04-14,2024-04-01,Ahmedabad,West,28,17997.35
S01326,C01326,R038,D0752,P005,2024-04-09,2024-04-01,Chennai,South,23,9697.57
S01327,C01327,R064,D0535,P006,2024-04-02,2024-04-01,Kochi,South,26,13142.38
S01328,C01328,R060,D0539,P008,2024-04-02,2024-04-01,Goa,West,21,6531.94
S01329,C01329,R053,D0236,P003,2024-04-29,2024-04-01,Ludhiana,North,17,13159.22
S01330,C01330,R016,D0545,P007,2024-04-20,2024-04-01,Kochi,South,20,11943.96
S01331,C01331,R036,D0804,P007,2024-04-20,2024-04-01,Goa,West,12,6776.06
S01332,C01332,R011,D0037,P008,2024-04-09,2024-04-01,Nagpur,West,18,5771.86
S01333,C01333,R020,D0646,P008,2024-04-08,2024-04-01,Bhubaneswar,East,17,5395.6
S01334,C01334,R016,D0730,P007,2024-04-24,2024-04-01,Kochi,South,15,8616.71
S01335,C01335,R044,D0443,P003,2024-04-14,2024-04-01,Bhubaneswar,East,22,14781.05
S01336,C01336,R003,D0671,P006,2024-04-04,2024-04-01,Jaipur,North,27,14159.8
S01337,C01337,R002,D0303,P007,2024-04-15,2024-04-01,Chandigarh,North,10,6124.74
S01338,C01338,R025,D0133,P003,2024-04-16,2024-04-01,North Delhi,North,25,16279.89
S01339,C01339,R063,D0743,P007,2024-04-18,2024-04-01,Hyderabad,South,22,13172.87
S01340,C01340,R054,D0254,P006,2024-04-17,2024-04-01,Dehradun,North,17,8399.78
S01341,C01341,R030,D0649,P004,2024-04-26,2024-04-01,Dehradun,North,18,14993.63
S01342,C01342,R063,D0223,P007,2024-04-08,2024-04-01,Hyderabad,South,15,9829.38
S01343,C01343,R006,D0339,P001,2024-04-18,2024-04-01,Dehradun,North,26,22751.71
S01344,C01344,R003,D0619,P006,2024-04-27,2024-04-01,Jaipur,North,26,12579.13
S01345,C01345,R008,D0366,P007,2024-04-30,2024-04-01,Pune,West,21,12424.02
S01346,C01346,R069,D0682,P001,2024-04-29,2024-04-01,Patna,East,22,16231.95
S01347,C01347,R037,D0019,P004,2024-04-22,2024-04-01,Bengaluru,South,56,52059.52
S01348,C01348,R022,D0042,P005,2024-04-04,2024-04-01,Guwahati,East,17,7423.09
S01349,C01349,R002,D0131,P002,2024-04-30,2024-04-01,Chandigarh,North,27,15089.16
S01350,C01350,R049,D0219,P008,2024-04-01,2024-04-01,North Delhi,North,20,6536.93
S01351,C01351,R048,D0050,P006,2024-04-17,2024-04-01,Siliguri,East,32,16194.97
S01352,C01352,R061,D0266,P003,2024-04-14,2024-04-01,Bengaluru,South,21,14802.4
S01353,C01353,R027,D0040,P004,2024-04-21,2024-04-01,Jaipur,North,17,14865.37
S01354,C01354,R030,D0649,P001,2024-04-24,2024-04-01,Dehradun,North,14,10921.25
S01355,C01355,R055,D0168,P001,2024-04-23,2024-04-01,Mumbai,West,31,22708.95
S01356,C01356,R060,D0815,P006,2024-04-07,2024-04-01,Goa,West,26,11641.39
S01357,C01357,R060,D0804,P008,2024-04-23,2024-04-01,Goa,West,21,7076.18
S01358,C01358,R035,D0593,P003,2024-04-23,2024-04-01,Nagpur,West,19,12152.32
S01359,C01359,R072,D0610,P002,2024-04-01,2024-04-01,Siliguri,East,17,9710.81
S01360,C01360,R005,D0720,P006,2024-04-20,2024-04-01,Ludhiana,North,9,4509.14
S01361,C01361,R040,D0711,P005,2024-04-04,2024-04-01,Kochi,South,36,16469.87
S01362,C01362,R047,D0447,P002,2024-04-17,2024-04-01,Ranchi,East,13,7092.32
S01363,C01363,R010,D0426,P006,2024-04-07,2024-04-01,Surat,West,45,22331.03
S01364,C01364,R064,D0422,P002,2024-04-11,2024-04-01,Kochi,South,20,9927.74
S01365,C01365,R008,D0517,P001,2024-04-09,2024-04-01,Pune,West,22,16412.39
S01366,C01366,R038,D0347,P004,2024-04-26,2024-04-01,Chennai,South,32,27127.16
S01367,C01367,R055,D0154,P006,2024-04-28,2024-04-01,Mumbai,West,20,10182.9
S01368,C01368,R047,D0808,P005,2024-04-24,2024-04-01,Ranchi,East,34,16513.49
S01369,C01369,R019,D0631,P006,2024-04-22,2024-04-01,Kolkata,East,15,7372.45
S01370,C01370,R017,D0561,P002,2024-04-11,2024-04-01,Coimbatore,South,10,5373.11
S01371,C01371,R062,D0247,P004,2024-04-05,2024-04-01,Chennai,South,18,16211.28
S01372,C01372,R037,D0660,P006,2024-04-18,2024-04-01,Bengaluru,South,33,16161.7
S01373,C01373,R032,D0477,P005,2024-04-13,2024-04-01,Pune,West,15,7032.94
S01374,C01374,R067,D0024,P002,2024-04-09,2024-04-01,Kolkata,East,32,18230.82
S01375,C01375,R009,D0840,P008,2024-04-08,2024-04-01,Ahmedabad,West,23,7504.83
S01376,C01376,R041,D0818,P001,2024-04-05,2024-04-01,Coimbatore,South,12,9336.49
S01377,C01377,R031,D0749,P008,2024-04-25,2024-04-01,Mumbai,West,32,9809.43
S01378,C01378,R036,D0376,P006,2024-04-10,2024-04-01,Goa,West,34,17237.11
S01379,C01379,R021,D0206,P001,2024-04-28,2024-04-01,Patna,East,22,16514.05
S01380,C01380,R004,D0005,P003,2024-04-21,2024-04-01,Lucknow,North,25,16016.01
S01381,C01381,R050,D0689,P003,2024-04-05,2024-04-01,Chandigarh,North,13,8527.62
S01382,C01382,R040,D0730,P008,2024-04-02,2024-04-01,Kochi,South,17,5383.38
S01383,C01383,R046,D0066,P005,2024-04-13,2024-04-01,Guwahati,East,26,12577.79
S01384,C01384,R003,D0619,P003,2024-04-03,2024-04-01,Jaipur,North,27,17296.15
S01385,C01385,R063,D0004,P008,2024-04-29,2024-04-01,Hyderabad,South,13,4240.84
S01386,C01386,R046,D0650,P001,2024-04-28,2024-04-01,Guwahati,East,21,15999.51
S01387,C01387,R031,D0023,P007,2024-04-20,2024-04-01,Mumbai,West,43,25035.24
S01388,C01388,R012,D0815,P007,2024-04-09,2024-04-01,Goa,West,27,16969.56
S01389,C01389,R042,D0100,P004,2024-04-27,2024-04-01,Vijayawada,South,30,27259.23
S01390,C01390,R054,D0339,P001,2024-04-20,2024-04-01,Dehradun,North,24,18158.28
S01391,C01391,R023,D0571,P008,2024-04-11,2024-04-01,Ranchi,East,17,4589.96
S01392,C01392,R060,D0804,P008,2024-04-27,2024-04-01,Goa,West,16,5406.88
S01393,C01393,R056,D0371,P004,2024-04-07,2024-04-01,Pune,West,23,21265.45
S01394,C01394,R015,D0844,P002,2024-04-18,2024-04-01,Hyderabad,South,37,21133.08
S01395,C01395,R058,D0016,P003,2024-04-21,2024-04-01,Surat,West,19,13297.3
S01396,C01396,R013,D0307,P002,2024-04-28,2024-04-01,Bengaluru,South,27,14590.74
S01397,C01397,R028,D0830,P005,2024-04-05,2024-04-01,Lucknow,North,18,8107.6
S01398,C01398,R024,D0180,P005,2024-04-09,2024-04-01,Siliguri,East,25,10469.86
S01399,C01399,R023,D0404,P003,2024-04-26,2024-04-01,Ranchi,East,21,13953.96
S01400,C01400,R067,D0399,P006,2024-04-15,2024-04-01,Kolkata,East,13,6481.04
S01401,C01401,R033,D0324,P005,2024-04-23,2024-04-01,Ahmedabad,West,41,18121.78
S01402,C01402,R021,D0669,P001,2024-04-24,2024-04-01,Patna,East,17,12359.14
S01403,C01403,R010,D0362,P004,2024-04-10,2024-04-01,Surat,West,26,21947.92
S01404,C01404,R049,D0613,P007,2024-04-10,2024-04-01,North Delhi,North,30,17068.49
S01405,C01405,R045,D0386,P007,2024-04-15,2024-04-01,Patna,East,22,14086.26
S01406,C01406,R005,D0846,P007,2024-04-01,2024-04-01,Ludhiana,North,25,16100.68
S01407,C01407,R038,D0412,P008,2024-04-24,2024-04-01,Chennai,South,19,5854.35
S01408,C01408,R018,D0618,P001,2024-04-04,2024-04-01,Vijayawada,South,13,10760.89
S01409,C01409,R044,D0607,P003,2024-04-29,2024-04-01,Bhubaneswar,East,8,5307.12
S01410,C01410,R047,D0733,P004,2024-04-24,2024-04-01,Ranchi,East,21,20062.08
S01411,C01411,R007,D0768,P005,2024-04-11,2024-04-01,Mumbai,West,11,5210.91
S01412,C01412,R047,D0182,P007,2024-04-03,2024-04-01,Ranchi,East,24,15102.75
S01413,C01413,R003,D0217,P006,2024-04-24,2024-04-01,Jaipur,North,22,11357.45
S01414,C01414,R061,D0209,P006,2024-04-14,2024-04-01,Bengaluru,South,18,8848.73
S01415,C01415,R057,D0406,P002,2024-04-06,2024-04-01,Ahmedabad,West,32,16139.25
S01416,C01416,R059,D0485,P006,2024-04-13,2024-04-01,Nagpur,West,24,12365.38
S01417,C01417,R052,D0005,P007,2024-04-28,2024-04-01,Lucknow,North,24,14570.21
S01418,C01418,R060,D0806,P007,2024-04-21,2024-04-01,Goa,West,24,16542.8
S01419,C01419,R041,D0635,P005,2024-04-21,2024-04-01,Coimbatore,South,47,22428.25
S01420,C01420,R013,D0416,P001,2024-04-16,2024-04-01,Bengaluru,South,16,11953.03
S01421,C01421,R072,D0289,P002,2024-04-05,2024-04-01,Siliguri,East,15,8065.82
S01422,C01422,R022,D0654,P006,2024-04-29,2024-04-01,Guwahati,East,22,11013.35
S01423,C01423,R049,D0219,P007,2024-04-23,2024-04-01,North Delhi,North,21,12784.81
S01424,C01424,R024,D0289,P007,2024-04-16,2024-04-01,Siliguri,East,18,10260.01
S01425,C01425,R007,D0842,P004,2024-04-22,2024-04-01,Mumbai,West,31,28841.91
S01426,C01426,R046,D0802,P005,2024-04-11,2024-04-01,Guwahati,East,7,3156.37
S01427,C01427,R008,D0502,P002,2024-04-23,2024-04-01,Pune,West,20,11153.33
S01428,C01428,R030,D0161,P005,2024-04-30,2024-04-01,Dehradun,North,20,8922.34
S01429,C01429,R024,D0096,P002,2024-04-11,2024-04-01,Siliguri,East,16,8468.27
S01430,C01430,R044,D0805,P007,2024-04-01,2024-04-01,Bhubaneswar,East,19,11933.81
S01431,C01431,R009,D0250,P007,2024-04-23,2024-04-01,Ahmedabad,West,34,18592.23
S01432,C01432,R013,D0601,P001,2024-04-26,2024-04-01,Bengaluru,South,42,34377.17
S01433,C01433,R011,D0357,P008,2024-04-25,2024-04-01,Nagpur,West,16,5496.28
S01434,C01434,R054,D0525,P007,2024-04-30,2024-04-01,Dehradun,North,14,9159.31
S01435,C01435,R032,D0834,P004,2024-04-11,2024-04-01,Pune,West,18,15458.54
S01436,C01436,R068,D0596,P004,2024-04-28,2024-04-01,Bhubaneswar,East,21,18971.97
S01437,C01437,R002,D0329,P001,2024-04-07,2024-04-01,Chandigarh,North,19,14489.33
S01438,C01438,R022,D0351,P008,2024-04-18,2024-04-01,Guwahati,East,18,5331.98
S01439,C01439,R051,D0177,P001,2024-04-27,2024-04-01,Jaipur,North,22,17236.12
S01440,C01440,R018,D0408,P008,2024-04-28,2024-04-01,Vijayawada,South,14,4153.72
S01441,C01441,R067,D0471,P006,2024-04-19,2024-04-01,Kolkata,East,34,17859.73
S01442,C01442,R042,D0072,P008,2024-04-17,2024-04-01,Vijayawada,South,32,10659.22
S01443,C01443,R033,D0324,P003,2024-04-14,2024-04-01,Ahmedabad,West,35,24591.38
S01444,C01444,R018,D0437,P008,2024-04-27,2024-04-01,Vijayawada,South,25,8204.97
S01445,C01445,R069,D0008,P004,2024-04-27,2024-04-01,Patna,East,13,11330.7
S01446,C01446,R014,D0786,P003,2024-04-08,2024-04-01,Chennai,South,48,31380.73
S01447,C01447,R061,D0700,P003,2024-04-05,2024-04-01,Bengaluru,South,18,11952.95
S01448,C01448,R023,D0515,P008,2024-04-25,2024-04-01,Ranchi,East,43,14766.45
S01449,C01449,R008,D0106,P004,2024-04-25,2024-04-01,Pune,West,20,19111.33
S01450,C01450,R068,D0546,P004,2024-04-03,2024-04-01,Bhubaneswar,East,12,10635.09
S01451,C01451,R058,D0724,P006,2024-04-15,2024-04-01,Surat,West,26,13911.65
S01452,C01452,R071,D0029,P005,2024-04-16,2024-04-01,Ranchi,East,26,11651.41
S01453,C01453,R050,D0721,P005,2024-04-02,2024-04-01,Chandigarh,North,19,8930.65
S01454,C01454,R019,D0712,P004,2024-04-20,2024-04-01,Kolkata,East,9,7870.05
S01455,C01455,R001,D0033,P002,2024-04-30,2024-04-01,North Delhi,North,16,8745.38
S01456,C01456,R051,D0177,P008,2024-04-07,2024-04-01,Jaipur,North,35,10739.74
S01457,C01457,R005,D0699,P004,2024-04-24,2024-04-01,Ludhiana,North,25,20669.81
S01458,C01458,R055,D0769,P008,2024-04-03,2024-04-01,Mumbai,West,13,3900.78
S01459,C01459,R016,D0608,P004,2024-04-07,2024-04-01,Kochi,South,29,26562.46
S01460,C01460,R037,D0341,P005,2024-04-17,2024-04-01,Bengaluru,South,25,10859.3
S01461,C01461,R019,D0524,P005,2024-04-28,2024-04-01,Kolkata,East,14,6330.14
S01462,C01462,R006,D0532,P008,2024-04-27,2024-04-01,Dehradun,North,19,6350.68
S01463,C01463,R020,D0556,P001,2024-04-29,2024-04-01,Bhubaneswar,East,13,10708.02
S01464,C01464,R021,D0669,P005,2024-04-30,2024-04-01,Patna,East,15,6562.1
S01465,C01465,R064,D0065,P002,2024-04-25,2024-04-01,Kochi,South,16,7603.05
S01466,C01466,R037,D0117,P007,2024-04-11,2024-04-01,Bengaluru,South,29,16979.24
S01467,C01467,R052,D0045,P005,2024-04-04,2024-04-01,Lucknow,North,19,8827.63
S01468,C01468,R027,D0690,P008,2024-04-25,2024-04-01,Jaipur,North,22,7276.25
S01469,C01469,R031,D0651,P003,2024-04-06,2024-04-01,Mumbai,West,51,31674.46
S01470,C01470,R069,D0008,P002,2024-04-16,2024-04-01,Patna,East,16,7876.79
S01471,C01471,R034,D0069,P006,2024-04-23,2024-04-01,Surat,West,23,11197.58
S01472,C01472,R005,D0233,P002,2024-04-02,2024-04-01,Ludhiana,North,19,9993.66
S01473,C01473,R009,D0214,P003,2024-04-28,2024-04-01,Ahmedabad,West,32,23324.53
S01474,C01474,R005,D0466,P003,2024-04-10,2024-04-01,Ludhiana,North,24,15926.99
S01475,C01475,R030,D0525,P002,2024-04-07,2024-04-01,Dehradun,North,21,11707.78
S01476,C01476,R056,D0371,P002,2024-04-12,2024-04-01,Pune,West,24,13672.89
S01477,C01477,R011,D0191,P006,2024-04-14,2024-04-01,Nagpur,West,11,5483.9
S01478,C01478,R001,D0609,P007,2024-04-14,2024-04-01,North Delhi,North,18,11035.15
S01479,C01479,R059,D0687,P004,2024-04-05,2024-04-01,Nagpur,West,21,18926.43
S01480,C01480,R049,D0609,P003,2024-04-06,2024-04-01,North Delhi,North,39,26520.32
S01481,C01481,R024,D0612,P002,2024-04-15,2024-04-01,Siliguri,East,29,15559.32
S01482,C01482,R036,D0809,P006,2024-04-07,2024-04-01,Goa,West,14,7512.7
S01483,C01483,R068,D0722,P007,2024-04-20,2024-04-01,Bhubaneswar,East,15,9654.85
S01484,C01484,R025,D0609,P005,2024-04-27,2024-04-01,North Delhi,North,28,12697.47
S01485,C01485,R052,D0045,P004,2024-04-01,2024-04-01,Lucknow,North,21,19399.36
S01486,C01486,R071,D0284,P006,2024-04-02,2024-04-01,Ranchi,East,21,10918.42
S01487,C01487,R009,D0328,P008,2024-04-20,2024-04-01,Ahmedabad,West,26,9427.31
S01488,C01488,R069,D0548,P008,2024-04-01,2024-04-01,Patna,East,12,4012.07
S01489,C01489,R022,D0655,P002,2024-04-20,2024-04-01,Guwahati,East,16,8806.86
S01490,C01490,R068,D0607,P004,2024-04-15,2024-04-01,Bhubaneswar,East,15,12970.0
S01491,C01491,R057,D0317,P008,2024-04-14,2024-04-01,Ahmedabad,West,25,7586.21
S01492,C01492,R062,D0653,P006,2024-04-19,2024-04-01,Chennai,South,16,8375.32
S01493,C01493,R037,D0604,P007,2024-04-27,2024-04-01,Bengaluru,South,23,12831.64
S01494,C01494,R061,D0663,P008,2024-04-04,2024-04-01,Bengaluru,South,31,10725.47
S01495,C01495,R055,D0538,P001,2024-04-05,2024-04-01,Mumbai,West,26,18191.79
S01496,C01496,R053,D0625,P005,2024-04-21,2024-04-01,Ludhiana,North,32,13962.53
S01497,C01497,R070,D0262,P005,2024-04-02,2024-04-01,Guwahati,East,19,9177.01
S01498,C01498,R007,D0429,P003,2024-04-13,2024-04-01,Mumbai,West,19,12517.8
S01499,C01499,R049,D0259,P006,2024-04-15,2024-04-01,North Delhi,North,16,8234.68
S01500,C01500,R029,D0233,P001,2024-04-12,2024-04-01,Ludhiana,North,13,9791.45
S01501,C01501,R028,D0454,P004,2024-04-16,2024-04-01,Lucknow,North,10,8843.22
S01502,C01502,R045,D0283,P004,2024-04-04,2024-04-01,Patna,East,23,21170.29
S01503,C01503,R045,D0084,P004,2024-04-09,2024-04-01,Patna,East,21,17912.25
S01504,C01504,R014,D0022,P005,2024-04-01,2024-04-01,Chennai,South,29,13165.21
S01505,C01505,R048,D0620,P008,2024-04-29,2024-04-01,Siliguri,East,31,9922.63
S01506,C01506,R012,D0361,P008,2024-04-25,2024-04-01,Goa,West,14,4419.34
S01507,C01507,R016,D0508,P006,2024-04-08,2024-04-01,Kochi,South,21,11112.08
S01508,C01508,R002,D0810,P003,2024-04-02,2024-04-01,Chandigarh,North,25,16879.04
S01509,C01509,R023,D0077,P008,2024-04-09,2024-04-01,Ranchi,East,27,8594.8
S01510,C01510,R004,D0781,P008,2024-04-29,2024-04-01,Lucknow,North,27,7903.01
S01511,C01511,R055,D0588,P007,2024-04-25,2024-04-01,Mumbai,West,19,12274.87
S01512,C01512,R033,D0554,P007,2024-04-20,2024-04-01,Ahmedabad,West,14,8145.56
S01513,C01513,R045,D0293,P007,2024-04-28,2024-04-01,Patna,East,13,8634.21
S01514,C01514,R003,D0656,P007,2024-04-06,2024-04-01,Jaipur,North,22,12853.11
S01515,C01515,R015,D0179,P006,2024-04-17,2024-04-01,Hyderabad,South,21,10846.09
S01516,C01516,R052,D0276,P006,2024-04-24,2024-04-01,Lucknow,North,45,23679.73
S01517,C01517,R007,D0780,P006,2024-04-01,2024-04-01,Mumbai,West,28,14139.62
S01518,C01518,R028,D0258,P004,2024-04-14,2024-04-01,Lucknow,North,13,11750.46
S01519,C01519,R059,D0600,P008,2024-04-11,2024-04-01,Nagpur,West,20,6309.59
S01520,C01520,R058,D0755,P006,2024-04-06,2024-04-01,Surat,West,14,7814.44
S01521,C01521,R033,D0541,P005,2024-04-07,2024-04-01,Ahmedabad,West,25,11616.27
S01522,C01522,R064,D0344,P006,2024-04-30,2024-04-01,Kochi,South,22,11154.7
S01523,C01523,R004,D0680,P001,2024-04-16,2024-04-01,Lucknow,North,28,22106.69
S01524,C01524,R012,D0766,P008,2024-04-03,2024-04-01,Goa,West,37,12510.28
S01525,C01525,R030,D0544,P005,2024-04-21,2024-04-01,Dehradun,North,11,5158.78
S01526,C01526,R038,D0109,P008,2024-04-18,2024-04-01,Chennai,South,33,10656.84
S01527,C01527,R061,D0272,P001,2024-04-12,2024-04-01,Bengaluru,South,14,10136.68
S01528,C01528,R036,D0361,P002,2024-04-12,2024-04-01,Goa,West,9,5140.75
S01529,C01529,R017,D0130,P008,2024-04-17,2024-04-01,Coimbatore,South,25,8140.11
S01530,C01530,R028,D0291,P006,2024-04-28,2024-04-01,Lucknow,North,20,9972.86
S01531,C01531,R007,D0168,P006,2024-04-23,2024-04-01,Mumbai,West,25,12958.28
S01532,C01532,R062,D0597,P004,2024-04-13,2024-04-01,Chennai,South,20,19037.89
S01533,C01533,R035,D0397,P005,2024-04-08,2024-04-01,Nagpur,West,29,13816.94
S01534,C01534,R062,D0602,P005,2024-04-04,2024-04-01,Chennai,South,25,12631.92
S01535,C01535,R065,D0462,P002,2024-04-06,2024-04-01,Coimbatore,South,17,9581.33
S01536,C01536,R031,D0588,P005,2024-04-05,2024-04-01,Mumbai,West,25,10390.6
S01537,C01537,R029,D0718,P005,2024-04-25,2024-04-01,Ludhiana,North,20,9780.03
S01538,C01538,R022,D0102,P003,2024-04-18,2024-04-01,Guwahati,East,11,6627.21
S01539,C01539,R043,D0359,P003,2024-04-02,2024-04-01,Kolkata,East,26,18319.11
S01540,C01540,R001,D0666,P007,2024-04-28,2024-04-01,North Delhi,North,13,8280.95
S01541,C01541,R012,D0528,P006,2024-04-05,2024-04-01,Goa,West,27,14926.65
S01542,C01542,R048,D0160,P004,2024-04-20,2024-04-01,Siliguri,East,17,15465.04
S01543,C01543,R067,D0702,P005,2024-04-01,2024-04-01,Kolkata,East,22,10264.82
S01544,C01544,R042,D0135,P002,2024-04-18,2024-04-01,Vijayawada,South,20,11468.87
S01545,C01545,R012,D0815,P004,2024-04-17,2024-04-01,Goa,West,18,15077.38
S01546,C01546,R009,D0673,P005,2024-04-28,2024-04-01,Ahmedabad,West,18,8296.69
S01547,C01547,R042,D0244,P003,2024-04-19,2024-04-01,Vijayawada,South,26,16962.65
S01548,C01548,R071,D0134,P002,2024-04-15,2024-04-01,Ranchi,East,16,8454.46
S01549,C01549,R058,D0724,P005,2024-04-16,2024-04-01,Surat,West,17,7596.86
S01550,C01550,R044,D0546,P008,2024-04-19,2024-04-01,Bhubaneswar,East,14,4515.4
S01551,C01551,R014,D0685,P004,2024-04-13,2024-04-01,Chennai,South,41,37800.54
S01552,C01552,R046,D0655,P008,2024-04-22,2024-04-01,Guwahati,East,10,3437.97
S01553,C01553,R018,D0064,P007,2024-04-16,2024-04-01,Vijayawada,South,23,13830.22
S01554,C01554,R022,D0514,P006,2024-04-30,2024-04-01,Guwahati,East,10,5006.28
S01555,C01555,R067,D0264,P008,2024-04-06,2024-04-01,Kolkata,East,13,3573.23
S01556,C01556,R065,D0725,P004,2024-04-22,2024-04-01,Coimbatore,South,12,11462.05
S01557,C01557,R001,D0157,P007,2024-04-25,2024-04-01,North Delhi,North,15,8528.7
S01558,C01558,R052,D0027,P002,2024-04-22,2024-04-01,Lucknow,North,28,15483.2
S01559,C01559,R004,D0458,P003,2024-04-30,2024-04-01,Lucknow,North,28,18750.34
S01560,C01560,R023,D0447,P005,2024-04-14,2024-04-01,Ranchi,East,16,7724.45
S01561,C01561,R026,D0479,P001,2024-04-17,2024-04-01,Chandigarh,North,28,20879.5
S01562,C01562,R048,D0178,P007,2024-04-05,2024-04-01,Siliguri,East,44,27610.5
S01563,C01563,R059,D0485,P008,2024-04-12,2024-04-01,Nagpur,West,28,9689.56
S01564,C01564,R035,D0826,P001,2024-04-05,2024-04-01,Nagpur,West,34,26828.31
S01565,C01565,R020,D0676,P008,2024-04-24,2024-04-01,Bhubaneswar,East,17,5201.68
S01566,C01566,R062,D0786,P001,2024-04-24,2024-04-01,Chennai,South,32,23128.96
S01567,C01567,R020,D0337,P002,2024-04-06,2024-04-01,Bhubaneswar,East,18,10443.63
S01568,C01568,R066,D0675,P007,2024-04-25,2024-04-01,Vijayawada,South,15,8949.07
S01569,C01569,R034,D0238,P006,2024-04-10,2024-04-01,Surat,West,25,12596.67
S01570,C01570,R029,D0828,P008,2024-04-22,2024-04-01,Ludhiana,North,14,5046.39
S01571,C01571,R020,D0722,P004,2024-04-29,2024-04-01,Bhubaneswar,East,12,11172.85
S01572,C01572,R039,D0141,P005,2024-04-25,2024-04-01,Hyderabad,South,21,10213.35
S01573,C01573,R072,D0738,P002,2024-04-06,2024-04-01,Siliguri,East,17,9933.5
S01574,C01574,R026,D0628,P006,2024-04-06,2024-04-01,Chandigarh,North,34,15987.5
S01575,C01575,R007,D0683,P008,2024-04-04,2024-04-01,Mumbai,West,13,4479.22
S01576,C01576,R032,D0502,P005,2024-04-26,2024-04-01,Pune,West,21,10467.04
S01577,C01577,R063,D0179,P008,2024-04-17,2024-04-01,Hyderabad,South,22,6882.95
S01578,C01578,R027,D0825,P004,2024-04-05,2024-04-01,Jaipur,North,31,28627.39
S01579,C01579,R052,D0126,P008,2024-04-18,2024-04-01,Lucknow,North,31,10399.9
S01580,C01580,R019,D0702,P005,2024-04-16,2024-04-01,Kolkata,East,18,7986.96
S01581,C01581,R015,D0179,P002,2024-04-18,2024-04-01,Hyderabad,South,16,9035.07
S01582,C01582,R056,D0633,P003,2024-04-20,2024-04-01,Pune,West,19,12141.71
S01583,C01583,R066,D0368,P004,2024-04-05,2024-04-01,Vijayawada,South,25,25133.66
S01584,C01584,R068,D0321,P001,2024-04-12,2024-04-01,Bhubaneswar,East,35,27520.67
S01585,C01585,R017,D0163,P008,2024-04-22,2024-04-01,Coimbatore,South,12,3948.88
S01586,C01586,R001,D0263,P002,2024-04-28,2024-04-01,North Delhi,North,17,8432.94
S01587,C01587,R065,D0725,P006,2024-04-08,2024-04-01,Coimbatore,South,18,9361.76
S01588,C01588,R065,D0617,P008,2024-04-18,2024-04-01,Coimbatore,South,22,7469.44
S01589,C01589,R051,D0616,P004,2024-04-29,2024-04-01,Jaipur,North,24,20404.57
S01590,C01590,R036,D0589,P005,2024-04-19,2024-04-01,Goa,West,26,11647.7
S01591,C01591,R070,D0351,P005,2024-04-07,2024-04-01,Guwahati,East,16,7098.4
S01592,C01592,R039,D0767,P007,2024-04-18,2024-04-01,Hyderabad,South,22,12645.52
S01593,C01593,R029,D0236,P001,2024-04-01,2024-04-01,Ludhiana,North,14,10212.74
S01594,C01594,R035,D0785,P003,2024-04-15,2024-04-01,Nagpur,West,25,17349.13
S01595,C01595,R046,D0301,P005,2024-04-18,2024-04-01,Guwahati,East,22,9479.56
S01596,C01596,R039,D0223,P001,2024-04-02,2024-04-01,Hyderabad,South,38,26996.63
S01597,C01597,R002,D0352,P007,2024-04-07,2024-04-01,Chandigarh,North,12,7125.23
S01598,C01598,R043,D0634,P006,2024-04-30,2024-04-01,Kolkata,East,16,8180.47
S01599,C01599,R032,D0622,P001,2024-04-19,2024-04-01,Pune,West,21,16855.29
S01600,C01600,R038,D0653,P001,2024-04-14,2024-04-01,Chennai,South,19,14162.44
S01601,C01601,R004,D0048,P002,2024-04-07,2024-04-01,Lucknow,North,23,12054.7
S01602,C01602,R015,D0141,P006,2024-04-04,2024-04-01,Hyderabad,South,36,18856.57
S01603,C01603,R037,D0700,P005,2024-04-13,2024-04-01,Bengaluru,South,21,10096.88
S01604,C01604,R004,D0830,P004,2024-04-17,2024-04-01,Lucknow,North,24,22688.05
S01605,C01605,R011,D0093,P005,2024-04-06,2024-04-01,Nagpur,West,19,8949.56
S01606,C01606,R043,D0772,P004,2024-04-25,2024-04-01,Kolkata,East,22,17957.07
S01607,C01607,R006,D0227,P003,2024-04-13,2024-04-01,Dehradun,North,17,10729.02
S01608,C01608,R071,D0850,P001,2024-04-02,2024-04-01,Ranchi,East,15,12433.57
S01609,C01609,R040,D0831,P001,2024-04-05,2024-04-01,Kochi,South,29,24622.76
S01610,C01610,R015,D0533,P006,2024-04-26,2024-04-01,Hyderabad,South,15,7616.46
S01611,C01611,R006,D0167,P006,2024-04-11,2024-04-01,Dehradun,North,17,8593.84
S01612,C01612,R026,D0721,P002,2024-04-12,2024-04-01,Chandigarh,North,22,11285.43
S01613,C01613,R051,D0088,P002,2024-04-06,2024-04-01,Jaipur,North,14,8096.88
S01614,C01614,R011,D0354,P004,2024-04-25,2024-04-01,Nagpur,West,11,9271.94
S01615,C01615,R034,D0426,P006,2024-04-25,2024-04-01,Surat,West,39,21840.93
S01616,C01616,R051,D0080,P005,2024-04-08,2024-04-01,Jaipur,North,19,8704.32
S01617,C01617,R001,D0299,P005,2024-04-22,2024-04-01,North Delhi,North,16,7043.55
S01618,C01618,R045,D0682,P001,2024-04-14,2024-04-01,Patna,East,24,17051.01
S01619,C01619,R064,D0073,P004,2024-04-06,2024-04-01,Kochi,South,23,20193.19
S01620,C01620,R017,D0434,P007,2024-04-24,2024-04-01,Coimbatore,South,12,7273.79
S01621,C01621,R040,D0043,P005,2024-04-03,2024-04-01,Kochi,South,17,7695.35
S01622,C01622,R056,D0605,P007,2024-04-27,2024-04-01,Pune,West,15,9152.31
S01623,C01623,R030,D0060,P006,2024-04-01,2024-04-01,Dehradun,North,21,11451.99
S01624,C01624,R069,D0215,P008,2024-04-10,2024-04-01,Patna,East,15,4948.52
S01625,C01625,R060,D0427,P005,2024-04-07,2024-04-01,Goa,West,14,6502.72
S01626,C01626,R014,D0190,P005,2024-04-08,2024-04-01,Chennai,South,32,15560.28
S01627,C01627,R042,D0210,P005,2024-04-15,2024-04-01,Vijayawada,South,18,7900.66
S01628,C01628,R010,D0692,P003,2024-04-23,2024-04-01,Surat,West,21,14354.36
S01629,C01629,R031,D0683,P004,2024-04-12,2024-04-01,Mumbai,West,23,21180.67
S01630,C01630,R057,D0107,P002,2024-04-16,2024-04-01,Ahmedabad,West,16,9287.87
S01631,C01631,R056,D0659,P004,2024-04-30,2024-04-01,Pune,West,15,12435.11
S01632,C01632,R065,D0462,P002,2024-04-15,2024-04-01,Coimbatore,South,21,10848.88
S01633,C01633,R017,D0083,P004,2024-04-24,2024-04-01,Coimbatore,South,14,11955.27
S01634,C01634,R053,D0824,P008,2024-04-12,2024-04-01,Ludhiana,North,22,7208.32
S01635,C01635,R044,D0337,P004,2024-04-03,2024-04-01,Bhubaneswar,East,19,17099.38
S01636,C01636,R054,D0256,P006,2024-04-08,2024-04-01,Dehradun,North,10,5244.78
S01637,C01637,R057,D0132,P004,2024-04-05,2024-04-01,Ahmedabad,West,16,12739.91
S01638,C01638,R040,D0730,P008,2024-04-28,2024-04-01,Kochi,South,16,5496.88
S01639,C01639,R010,D0197,P002,2024-04-01,2024-04-01,Surat,West,16,8741.52
S01640,C01640,R032,D0502,P007,2024-04-25,2024-04-01,Pune,West,23,14417.62
S01641,C01641,R071,D0187,P006,2024-04-05,2024-04-01,Ranchi,East,13,6752.76
S01642,C01642,R018,D0694,P008,2024-04-05,2024-04-01,Vijayawada,South,12,3719.46
S01643,C01643,R066,D0618,P002,2024-04-16,2024-04-01,Vijayawada,South,15,8309.8
S01644,C01644,R070,D0418,P008,2024-04-03,2024-04-01,Guwahati,East,15,4818.29
S01645,C01645,R002,D0303,P008,2024-04-03,2024-04-01,Chandigarh,North,13,4173.09
S01646,C01646,R058,D0484,P003,2024-04-24,2024-04-01,Surat,West,39,26374.74
S01647,C01647,R057,D0406,P005,2024-04-02,2024-04-01,Ahmedabad,West,20,9152.84
S01648,C01648,R051,D0803,P005,2024-04-18,2024-04-01,Jaipur,North,28,12003.72
S01649,C01649,R050,D0664,P001,2024-04-04,2024-04-01,Chandigarh,North,18,13912.59
S01650,C01650,R042,D0025,P005,2024-04-03,2024-04-01,Vijayawada,South,20,9947.51
S01651,C01651,R034,D0641,P006,2024-04-21,2024-04-01,Surat,West,26,12893.08
S01652,C01652,R024,D0147,P002,2024-04-12,2024-04-01,Siliguri,East,22,11935.89
S01653,C01653,R016,D0344,P003,2024-04-01,2024-04-01,Kochi,South,24,16500.81
S01654,C01654,R053,D0401,P005,2024-04-21,2024-04-01,Ludhiana,North,20,10174.88
S01655,C01655,R072,D0160,P008,2024-04-30,2024-04-01,Siliguri,East,17,5370.44
S01656,C01656,R054,D0820,P001,2024-04-17,2024-04-01,Dehradun,North,9,6589.26
S01657,C01657,R012,D0815,P008,2024-04-12,2024-04-01,Goa,West,22,7276.73
S01658,C01658,R028,D0155,P007,2024-04-26,2024-04-01,Lucknow,North,13,7607.94
S01659,C01659,R019,D0220,P007,2024-04-11,2024-04-01,Kolkata,East,10,6190.07
S01660,C01660,R050,D0326,P001,2024-04-19,2024-04-01,Chandigarh,North,16,12858.16
S01661,C01661,R011,D0574,P005,2024-04-15,2024-04-01,Nagpur,West,19,8530.52
S01662,C01662,R038,D0487,P003,2024-04-22,2024-04-01,Chennai,South,33,21483.72
S01663,C01663,R026,D0664,P008,2024-04-16,2024-04-01,Chandigarh,North,20,6662.15
S01664,C01664,R028,D0027,P006,2024-04-15,2024-04-01,Lucknow,North,26,13984.4
S01665,C01665,R018,D0405,P006,2024-04-13,2024-04-01,Vijayawada,South,26,13289.31
S01666,C01666,R061,D0117,P001,2024-04-09,2024-04-01,Bengaluru,South,19,14944.94
S01667,C01667,R019,D0172,P008,2024-04-15,2024-04-01,Kolkata,East,18,5436.31
S01668,C01668,R063,D0585,P004,2024-04-02,2024-04-01,Hyderabad,South,24,21486.11
S01669,C01669,R039,D0114,P002,2024-04-11,2024-04-01,Hyderabad,South,20,10588.51
S01670,C01670,R050,D0003,P007,2024-04-03,2024-04-01,Chandigarh,North,16,9798.38
S01671,C01671,R065,D0470,P008,2024-04-10,2024-04-01,Coimbatore,South,19,6511.14
S01672,C01672,R034,D0542,P004,2024-04-11,2024-04-01,Surat,West,17,14278.06
S01673,C01673,R003,D0527,P006,2024-04-01,2024-04-01,Jaipur,North,19,10259.46
S01674,C01674,R006,D0161,P005,2024-04-09,2024-04-01,Dehradun,North,26,12076.46
S01675,C01675,R067,D0670,P003,2024-04-21,2024-04-01,Kolkata,East,11,7250.22
S01676,C01676,R010,D0238,P006,2024-04-30,2024-04-01,Surat,West,18,8781.25
S01677,C01677,R016,D0581,P008,2024-04-19,2024-04-01,Kochi,South,9,2920.25
S01678,C01678,R055,D0232,P008,2024-04-22,2024-04-01,Mumbai,West,22,7804.36
S01679,C01679,R059,D0770,P006,2024-04-21,2024-04-01,Nagpur,West,18,8010.67
S01680,C01680,R050,D0239,P003,2024-04-29,2024-04-01,Chandigarh,North,22,13100.29
S01681,C01681,R043,D0797,P008,2024-04-29,2024-04-01,Kolkata,East,12,3806.06
S01682,C01682,R017,D0434,P008,2024-04-04,2024-04-01,Coimbatore,South,22,7155.11
S01683,C01683,R036,D0704,P001,2024-04-15,2024-04-01,Goa,West,29,23682.61
S01684,C01684,R041,D0470,P003,2024-04-28,2024-04-01,Coimbatore,South,18,12148.55
S01685,C01685,R029,D0054,P005,2024-04-27,2024-04-01,Ludhiana,North,11,4646.1
S01686,C01686,R053,D0090,P005,2024-04-17,2024-04-01,Ludhiana,North,12,5690.05
S01687,C01687,R069,D0283,P006,2024-04-14,2024-04-01,Patna,East,22,11123.2
S01688,C01688,R026,D0184,P005,2024-04-02,2024-04-01,Chandigarh,North,19,9126.88
S01689,C01689,R072,D0493,P001,2024-04-15,2024-04-01,Siliguri,East,17,12784.57
S01690,C01690,R070,D0082,P002,2024-04-16,2024-04-01,Guwahati,East,14,6980.97
S01691,C01691,R071,D0498,P007,2024-04-19,2024-04-01,Ranchi,East,22,13117.35
S01692,C01692,R041,D0163,P006,2024-04-16,2024-04-01,Coimbatore,South,34,17765.73
S01693,C01693,R068,D0314,P006,2024-04-07,2024-04-01,Bhubaneswar,East,22,11434.84
S01694,C01694,R035,D0357,P004,2024-04-30,2024-04-01,Nagpur,West,32,28504.06
S01695,C01695,R034,D0410,P003,2024-04-07,2024-04-01,Surat,West,24,15355.64
S01696,C01696,R024,D0312,P003,2024-04-12,2024-04-01,Siliguri,East,19,12457.26
S01697,C01697,R043,D0264,P006,2024-04-16,2024-04-01,Kolkata,East,11,6025.63
S01698,C01698,R006,D0256,P005,2024-04-09,2024-04-01,Dehradun,North,11,5705.69
S01699,C01699,R047,D0284,P002,2024-04-03,2024-04-01,Ranchi,East,37,20405.15
S01700,C01700,R020,D0431,P004,2024-04-19,2024-04-01,Bhubaneswar,East,18,16841.16
S01701,C01701,R058,D0692,P007,2024-04-08,2024-04-01,Surat,West,42,24688.23
S01702,C01702,R029,D0550,P005,2024-04-27,2024-04-01,Ludhiana,North,8,3929.0
S01703,C01703,R025,D0346,P007,2024-04-24,2024-04-01,North Delhi,North,25,14983.73
S01704,C01704,R027,D0667,P005,2024-04-13,2024-04-01,Jaipur,North,18,7755.55
S01705,C01705,R044,D0546,P004,2024-04-14,2024-04-01,Bhubaneswar,East,15,14119.15
S01706,C01706,R046,D0821,P008,2024-04-29,2024-04-01,Guwahati,East,15,4821.51
S01707,C01707,R054,D0559,P005,2024-04-01,2024-04-01,Dehradun,North,22,10825.25
S01708,C01708,R021,D0206,P002,2024-04-12,2024-04-01,Patna,East,15,8434.68
S01709,C01709,R045,D0455,P004,2024-04-02,2024-04-01,Patna,East,15,12486.49
S01710,C01710,R033,D0717,P006,2024-04-05,2024-04-01,Ahmedabad,West,32,16470.64
S01711,C01711,R023,D0182,P003,2024-04-28,2024-04-01,Ranchi,East,27,17020.95
S01712,C01712,R027,D0166,P004,2024-04-04,2024-04-01,Jaipur,North,19,17978.53
S01713,C01713,R063,D0494,P007,2024-04-29,2024-04-01,Hyderabad,South,23,14090.47
S01714,C01714,R025,D0792,P004,2024-04-24,2024-04-01,North Delhi,North,21,18074.85
S01715,C01715,R027,D0226,P003,2024-04-20,2024-04-01,Jaipur,North,18,10674.07
S01716,C01716,R035,D0485,P001,2024-04-23,2024-04-01,Nagpur,West,34,28066.38
S01717,C01717,R039,D0533,P004,2024-04-06,2024-04-01,Hyderabad,South,17,14870.78
S01718,C01718,R005,D0647,P007,2024-04-04,2024-04-01,Ludhiana,North,28,16856.42
S01719,C01719,R040,D0105,P003,2024-04-12,2024-04-01,Kochi,South,27,18251.08
S01720,C01720,R014,D0347,P004,2024-04-23,2024-04-01,Chennai,South,42,35726.98
S01721,C01721,R066,D0758,P006,2024-04-10,2024-04-01,Vijayawada,South,22,10368.31
S01722,C01722,R059,D0741,P008,2024-04-06,2024-04-01,Nagpur,West,19,6138.68
S01723,C01723,R014,D0653,P007,2024-04-24,2024-04-01,Chennai,South,19,11050.46
S01724,C01724,R047,D0029,P003,2024-04-20,2024-04-01,Ranchi,East,33,21696.35
S01725,C01725,R070,D0351,P002,2024-04-17,2024-04-01,Guwahati,East,17,8782.79
S01726,C01726,R041,D0046,P006,2024-04-13,2024-04-01,Coimbatore,South,22,10457.47
S01727,C01727,R015,D0208,P003,2024-04-24,2024-04-01,Hyderabad,South,40,24233.37
S01728,C01728,R049,D0760,P004,2024-04-23,2024-04-01,North Delhi,North,20,17889.89
S01729,C01729,R013,D0266,P001,2024-05-12,2024-05-01,Bengaluru,South,26,21391.85
S01730,C01730,R056,D0188,P007,2024-05-05,2024-05-01,Pune,West,17,10877.08
S01731,C01731,R021,D0548,P002,2024-05-27,2024-05-01,Patna,East,12,6488.05
S01732,C01732,R012,D0745,P004,2024-05-05,2024-05-01,Goa,West,26,24788.45
S01733,C01733,R056,D0537,P004,2024-05-14,2024-05-01,Pune,West,19,16457.11
S01734,C01734,R050,D0723,P001,2024-05-28,2024-05-01,Chandigarh,North,26,21110.29
S01735,C01735,R005,D0678,P007,2024-05-13,2024-05-01,Ludhiana,North,20,11899.82
S01736,C01736,R029,D0625,P005,2024-05-26,2024-05-01,Ludhiana,North,21,9309.39
S01737,C01737,R056,D0697,P005,2024-05-16,2024-05-01,Pune,West,22,10529.67
S01738,C01738,R001,D0263,P002,2024-05-24,2024-05-01,North Delhi,North,24,13240.35
S01739,C01739,R004,D0320,P001,2024-05-19,2024-05-01,Lucknow,North,11,8850.08
S01740,C01740,R001,D0552,P001,2024-05-09,2024-05-01,North Delhi,North,13,9385.32
S01741,C01741,R046,D0514,P006,2024-05-28,2024-05-01,Guwahati,East,15,8043.59
S01742,C01742,R062,D0412,P006,2024-05-15,2024-05-01,Chennai,South,23,12127.16
S01743,C01743,R031,D0459,P007,2024-05-15,2024-05-01,Mumbai,West,20,11954.28
S01744,C01744,R052,D0169,P007,2024-05-21,2024-05-01,Lucknow,North,13,8161.15
S01745,C01745,R068,D0607,P004,2024-05-29,2024-05-01,Bhubaneswar,East,16,15020.49
S01746,C01746,R022,D0082,P001,2024-05-28,2024-05-01,Guwahati,East,11,8264.29
S01747,C01747,R031,D0460,P002,2024-05-13,2024-05-01,Mumbai,West,31,16129.51
S01748,C01748,R048,D0348,P007,2024-05-08,2024-05-01,Siliguri,East,24,14428.82
S01749,C01749,R064,D0608,P007,2024-05-11,2024-05-01,Kochi,South,37,20063.13
S01750,C01750,R034,D0353,P005,2024-05-09,2024-05-01,Surat,West,14,6546.29
S01751,C01751,R014,D0014,P001,2024-05-10,2024-05-01,Chennai,South,24,19572.54
S01752,C01752,R070,D0418,P007,2024-05-14,2024-05-01,Guwahati,East,35,21958.55
S01753,C01753,R033,D0207,P007,2024-05-01,2024-05-01,Ahmedabad,West,15,9369.26
S01754,C01754,R029,D0310,P002,2024-05-17,2024-05-01,Ludhiana,North,13,7379.24
S01755,C01755,R060,D0268,P007,2024-05-27,2024-05-01,Goa,West,29,17601.34
S01756,C01756,R035,D0191,P006,2024-05-14,2024-05-01,Nagpur,West,16,7518.76
S01757,C01757,R046,D0821,P008,2024-05-03,2024-05-01,Guwahati,East,16,5153.13
S01758,C01758,R020,D0321,P006,2024-05-13,2024-05-01,Bhubaneswar,East,26,14122.83
S01759,C01759,R036,D0427,P001,2024-05-11,2024-05-01,Goa,West,14,11117.23
S01760,C01760,R026,D0723,P006,2024-05-19,2024-05-01,Chandigarh,North,24,12012.38
S01761,C01761,R012,D0304,P001,2024-05-08,2024-05-01,Goa,West,21,17022.22
S01762,C01762,R033,D0836,P003,2024-05-10,2024-05-01,Ahmedabad,West,36,24218.71
S01763,C01763,R071,D0322,P007,2024-05-24,2024-05-01,Ranchi,East,29,17499.13
S01764,C01764,R010,D0755,P008,2024-05-06,2024-05-01,Surat,West,20,6438.1
S01765,C01765,R055,D0459,P004,2024-05-29,2024-05-01,Mumbai,West,24,21021.04
S01766,C01766,R066,D0020,P003,2024-05-10,2024-05-01,Vijayawada,South,23,15646.66
S01767,C01767,R038,D0752,P004,2024-05-26,2024-05-01,Chennai,South,23,19548.96
S01768,C01768,R030,D0744,P002,2024-05-03,2024-05-01,Dehradun,North,19,10429.27
S01769,C01769,R023,D0843,P005,2024-05-10,2024-05-01,Ranchi,East,12,5759.92
S01770,C01770,R026,D0151,P004,2024-05-12,2024-05-01,Chandigarh,North,19,17111.16
S01771,C01771,R057,D0775,P001,2024-05-15,2024-05-01,Ahmedabad,West,20,15794.43
S01772,C01772,R016,D0360,P005,2024-05-03,2024-05-01,Kochi,South,13,6000.93
S01773,C01773,R072,D0620,P006,2024-05-08,2024-05-01,Siliguri,East,10,5236.32
S01774,C01774,R041,D0818,P006,2024-05-28,2024-05-01,Coimbatore,South,23,11519.29
S01775,C01775,R049,D0133,P008,2024-05-29,2024-05-01,North Delhi,North,38,12080.63
S01776,C01776,R026,D0326,P006,2024-05-14,2024-05-01,Chandigarh,North,15,7305.37
S01777,C01777,R040,D0331,P006,2024-05-04,2024-05-01,Kochi,South,22,11068.58
S01778,C01778,R019,D0218,P002,2024-05-09,2024-05-01,Kolkata,East,12,5830.53
S01779,C01779,R014,D0487,P004,2024-05-30,2024-05-01,Chennai,South,27,24064.28
S01780,C01780,R016,D0373,P004,2024-05-29,2024-05-01,Kochi,South,13,11926.36
S01781,C01781,R054,D0603,P008,2024-05-26,2024-05-01,Dehradun,North,13,4146.06
S01782,C01782,R013,D0601,P004,2024-05-27,2024-05-01,Bengaluru,South,20,18619.87
S01783,C01783,R005,D0148,P006,2024-05-23,2024-05-01,Ludhiana,North,27,14689.41
S01784,C01784,R042,D0025,P005,2024-05-20,2024-05-01,Vijayawada,South,21,9652.24
S01785,C01785,R042,D0522,P001,2024-05-24,2024-05-01,Vijayawada,South,13,9634.78
S01786,C01786,R042,D0135,P008,2024-05-21,2024-05-01,Vijayawada,South,19,6411.81
S01787,C01787,R047,D0134,P006,2024-05-11,2024-05-01,Ranchi,East,12,6392.1
S01788,C01788,R066,D0417,P002,2024-05-20,2024-05-01,Vijayawada,South,26,14355.16
S01789,C01789,R012,D0164,P001,2024-05-10,2024-05-01,Goa,West,32,24305.47
S01790,C01790,R028,D0186,P008,2024-05-20,2024-05-01,Lucknow,North,29,9455.36
S01791,C01791,R024,D0289,P003,2024-05-12,2024-05-01,Siliguri,East,11,7146.95
S01792,C01792,R065,D0486,P001,2024-05-16,2024-05-01,Coimbatore,South,29,21790.19
S01793,C01793,R061,D0700,P005,2024-05-06,2024-05-01,Bengaluru,South,14,6555.65
S01794,C01794,R062,D0786,P001,2024-05-30,2024-05-01,Chennai,South,20,14840.93
S01795,C01795,R070,D0590,P002,2024-05-24,2024-05-01,Guwahati,East,21,11768.58
S01796,C01796,R071,D0763,P008,2024-05-04,2024-05-01,Ranchi,East,16,5192.08
S01797,C01797,R008,D0480,P001,2024-05-15,2024-05-01,Pune,West,14,10859.13
S01798,C01798,R063,D0332,P007,2024-05-15,2024-05-01,Hyderabad,South,24,14609.56
S01799,C01799,R018,D0644,P005,2024-05-28,2024-05-01,Vijayawada,South,21,9141.66
S01800,C01800,R042,D0244,P003,2024-05-24,2024-05-01,Vijayawada,South,30,18796.97
S01801,C01801,R068,D0688,P003,2024-05-28,2024-05-01,Bhubaneswar,East,19,13626.49
S01802,C01802,R056,D0834,P004,2024-05-15,2024-05-01,Pune,West,13,11482.7
S01803,C01803,R007,D0429,P005,2024-05-05,2024-05-01,Mumbai,West,16,6835.98
S01804,C01804,R051,D0615,P008,2024-05-23,2024-05-01,Jaipur,North,16,5355.14
S01805,C01805,R002,D0721,P003,2024-05-07,2024-05-01,Chandigarh,North,14,8766.76
S01806,C01806,R054,D0665,P005,2024-05-20,2024-05-01,Dehradun,North,29,13724.6
S01807,C01807,R044,D0315,P006,2024-05-13,2024-05-01,Bhubaneswar,East,19,10404.24
S01808,C01808,R014,D0776,P001,2024-05-11,2024-05-01,Chennai,South,29,22374.46
S01809,C01809,R031,D0461,P008,2024-05-04,2024-05-01,Mumbai,West,28,9478.67
S01810,C01810,R040,D0065,P008,2024-05-25,2024-05-01,Kochi,South,14,4644.38
S01811,C01811,R046,D0082,P001,2024-05-22,2024-05-01,Guwahati,East,10,8413.58
S01812,C01812,R003,D0656,P003,2024-05-11,2024-05-01,Jaipur,North,27,18338.42
S01813,C01813,R016,D0373,P007,2024-05-23,2024-05-01,Kochi,South,12,7126.51
S01814,C01814,R005,D0090,P007,2024-05-31,2024-05-01,Ludhiana,North,17,9289.97
S01815,C01815,R022,D0441,P002,2024-05-23,2024-05-01,Guwahati,East,21,10890.9
S01816,C01816,R025,D0553,P008,2024-05-30,2024-05-01,North Delhi,North,17,5303.39
S01817,C01817,R045,D0009,P003,2024-05-15,2024-05-01,Patna,East,19,13162.4
S01818,C01818,R037,D0252,P003,2024-05-12,2024-05-01,Bengaluru,South,29,20301.96
S01819,C01819,R013,D0307,P003,2024-05-27,2024-05-01,Bengaluru,South,26,16219.61
S01820,C01820,R061,D0663,P006,2024-05-21,2024-05-01,Bengaluru,South,29,15694.35
S01821,C01821,R002,D0662,P002,2024-05-19,2024-05-01,Chandigarh,North,14,7267.65
S01822,C01822,R005,D0054,P005,2024-05-20,2024-05-01,Ludhiana,North,15,6612.49
S01823,C01823,R043,D0526,P001,2024-05-31,2024-05-01,Kolkata,East,21,15246.83
S01824,C01824,R047,D0763,P002,2024-05-22,2024-05-01,Ranchi,East,26,14277.11
S01825,C01825,R052,D0045,P007,2024-05-26,2024-05-01,Lucknow,North,22,13027.0
S01826,C01826,R004,D0830,P004,2024-05-02,2024-05-01,Lucknow,North,22,20865.45
S01827,C01827,R060,D0139,P007,2024-05-23,2024-05-01,Goa,West,25,14557.56
S01828,C01828,R017,D0505,P006,2024-05-10,2024-05-01,Coimbatore,South,34,17974.82
S01829,C01829,R055,D0391,P008,2024-05-04,2024-05-01,Mumbai,West,18,5410.85
S01830,C01830,R024,D0568,P002,2024-05-09,2024-05-01,Siliguri,East,30,17035.82
S01831,C01831,R022,D0655,P008,2024-05-26,2024-05-01,Guwahati,East,9,2896.87
S01832,C01832,R054,D0710,P008,2024-05-26,2024-05-01,Dehradun,North,18,5844.37
S01833,C01833,R023,D0739,P004,2024-05-10,2024-05-01,Ranchi,East,16,13984.81
S01834,C01834,R065,D0630,P002,2024-05-06,2024-05-01,Coimbatore,South,17,8989.49
S01835,C01835,R027,D0217,P002,2024-05-13,2024-05-01,Jaipur,North,23,12728.5
S01836,C01836,R021,D0311,P005,2024-05-11,2024-05-01,Patna,East,16,8025.53
S01837,C01837,R007,D0651,P001,2024-05-15,2024-05-01,Mumbai,West,35,25867.21
S01838,C01838,R011,D0191,P001,2024-05-25,2024-05-01,Nagpur,West,12,9200.58
S01839,C01839,R069,D0455,P005,2024-05-11,2024-05-01,Patna,East,12,5350.92
S01840,C01840,R011,D0496,P005,2024-05-06,2024-05-01,Nagpur,West,27,11481.2
S01841,C01841,R066,D0758,P007,2024-05-04,2024-05-01,Vijayawada,South,24,13524.18
S01842,C01842,R019,D0021,P008,2024-05-22,2024-05-01,Kolkata,East,36,11098.07
S01843,C01843,R035,D0091,P003,2024-05-07,2024-05-01,Nagpur,West,42,27171.24
S01844,C01844,R017,D0018,P003,2024-05-07,2024-05-01,Coimbatore,South,25,17668.28
S01845,C01845,R061,D0379,P002,2024-05-25,2024-05-01,Bengaluru,South,24,13601.07
S01846,C01846,R031,D0536,P002,2024-05-03,2024-05-01,Mumbai,West,32,16571.16
S01847,C01847,R067,D0524,P004,2024-05-21,2024-05-01,Kolkata,East,12,11092.7
S01848,C01848,R039,D0183,P008,2024-05-01,2024-05-01,Hyderabad,South,39,11981.21
S01849,C01849,R070,D0228,P008,2024-05-30,2024-05-01,Guwahati,East,18,5734.71
S01850,C01850,R069,D0293,P008,2024-05-23,2024-05-01,Patna,East,20,6503.61
S01851,C01851,R006,D0059,P004,2024-05-26,2024-05-01,Dehradun,North,24,23613.48
S01852,C01852,R015,D0585,P006,2024-05-21,2024-05-01,Hyderabad,South,29,14988.78
S01853,C01853,R063,D0011,P006,2024-05-13,2024-05-01,Hyderabad,South,25,11807.77
S01854,C01854,R046,D0514,P002,2024-05-31,2024-05-01,Guwahati,East,14,7841.31
S01855,C01855,R048,D0385,P004,2024-05-25,2024-05-01,Siliguri,East,10,9406.05
S01856,C01856,R032,D0834,P005,2024-05-03,2024-05-01,Pune,West,17,8167.44
S01857,C01857,R022,D0577,P003,2024-05-18,2024-05-01,Guwahati,East,16,10035.05
S01858,C01858,R068,D0509,P004,2024-05-17,2024-05-01,Bhubaneswar,East,19,17015.12
S01859,C01859,R067,D0631,P004,2024-05-09,2024-05-01,Kolkata,East,26,23119.27
S01860,C01860,R033,D0121,P001,2024-05-15,2024-05-01,Ahmedabad,West,38,32262.42
S01861,C01861,R023,D0134,P007,2024-05-31,2024-05-01,Ranchi,East,17,10689.78
S01862,C01862,R052,D0356,P008,2024-05-03,2024-05-01,Lucknow,North,15,5212.01
S01863,C01863,R010,D0707,P007,2024-05-29,2024-05-01,Surat,West,23,13532.39
S01864,C01864,R034,D0641,P008,2024-05-22,2024-05-01,Surat,West,48,15193.56
S01865,C01865,R062,D0325,P004,2024-05-04,2024-05-01,Chennai,South,22,19053.72
S01866,C01866,R063,D0208,P001,2024-05-10,2024-05-01,Hyderabad,South,28,22908.75
S01867,C01867,R014,D0776,P003,2024-05-27,2024-05-01,Chennai,South,24,16742.55
S01868,C01868,R070,D0451,P007,2024-05-22,2024-05-01,Guwahati,East,19,11816.47
S01869,C01869,R052,D0128,P002,2024-05-03,2024-05-01,Lucknow,North,29,15734.21
S01870,C01870,R011,D0240,P005,2024-05-05,2024-05-01,Nagpur,West,30,14088.29
S01871,C01871,R055,D0748,P001,2024-05-29,2024-05-01,Mumbai,West,40,29043.23
S01872,C01872,R029,D0816,P003,2024-05-05,2024-05-01,Ludhiana,North,28,18100.03
S01873,C01873,R027,D0773,P001,2024-05-20,2024-05-01,Jaipur,North,25,19177.43
S01874,C01874,R065,D0018,P001,2024-05-31,2024-05-01,Coimbatore,South,34,26501.97
S01875,C01875,R044,D0688,P002,2024-05-06,2024-05-01,Bhubaneswar,East,20,10447.92
S01876,C01876,R008,D0171,P005,2024-05-02,2024-05-01,Pune,West,29,12773.51
S01877,C01877,R029,D0735,P006,2024-05-26,2024-05-01,Ludhiana,North,19,8915.77
S01878,C01878,R033,D0811,P003,2024-05-30,2024-05-01,Ahmedabad,West,26,17530.72
S01879,C01879,R028,D0285,P007,2024-05-16,2024-05-01,Lucknow,North,31,17613.04
S01880,C01880,R067,D0125,P004,2024-05-08,2024-05-01,Kolkata,East,17,15886.09
S01881,C01881,R001,D0613,P006,2024-05-02,2024-05-01,North Delhi,North,27,13993.03
S01882,C01882,R050,D0131,P005,2024-05-29,2024-05-01,Chandigarh,North,17,8166.59
S01883,C01883,R072,D0482,P006,2024-05-25,2024-05-01,Siliguri,East,10,4872.6
S01884,C01884,R008,D0366,P008,2024-05-28,2024-05-01,Pune,West,20,6996.41
S01885,C01885,R053,D0401,P008,2024-05-25,2024-05-01,Ludhiana,North,21,7465.82
S01886,C01886,R032,D0657,P005,2024-05-14,2024-05-01,Pune,West,20,9213.82
S01887,C01887,R015,D0844,P008,2024-05-15,2024-05-01,Hyderabad,South,45,14683.26
S01888,C01888,R049,D0346,P006,2024-05-12,2024-05-01,North Delhi,North,22,11212.82
S01889,C01889,R054,D0242,P003,2024-05-23,2024-05-01,Dehradun,North,23,15944.56
S01890,C01890,R020,D0688,P008,2024-05-04,2024-05-01,Bhubaneswar,East,21,6986.34
S01891,C01891,R038,D0347,P002,2024-05-02,2024-05-01,Chennai,South,35,17222.27
S01892,C01892,R059,D0203,P004,2024-05-30,2024-05-01,Nagpur,West,31,26449.66
S01893,C01893,R032,D0705,P002,2024-05-10,2024-05-01,Pune,West,36,19821.75
S01894,C01894,R041,D0818,P007,2024-05-02,2024-05-01,Coimbatore,South,20,12671.97
S01895,C01895,R002,D0239,P008,2024-05-21,2024-05-01,Chandigarh,North,21,6770.19
S01896,C01896,R004,D0155,P007,2024-05-13,2024-05-01,Lucknow,North,23,12839.76
S01897,C01897,R069,D0085,P001,2024-05-08,2024-05-01,Patna,East,17,13629.01
S01898,C01898,R048,D0482,P003,2024-05-14,2024-05-01,Siliguri,East,20,14404.4
S01899,C01899,R040,D0344,P003,2024-05-14,2024-05-01,Kochi,South,19,11100.33
S01900,C01900,R003,D0615,P001,2024-05-19,2024-05-01,Jaipur,North,20,16332.65
S01901,C01901,R048,D0580,P005,2024-05-29,2024-05-01,Siliguri,East,28,14059.87
S01902,C01902,R070,D0042,P001,2024-05-28,2024-05-01,Guwahati,East,30,24503.96
S01903,C01903,R017,D0635,P005,2024-05-26,2024-05-01,Coimbatore,South,20,9162.87
S01904,C01904,R034,D0038,P005,2024-05-16,2024-05-01,Surat,West,14,6728.79
S01905,C01905,R047,D0077,P005,2024-05-18,2024-05-01,Ranchi,East,25,11450.2
S01906,C01906,R058,D0542,P008,2024-05-05,2024-05-01,Surat,West,15,4930.09
S01907,C01907,R062,D0504,P007,2024-05-18,2024-05-01,Chennai,South,13,7963.04
S01908,C01908,R058,D0823,P003,2024-05-21,2024-05-01,Surat,West,41,27210.59
S01909,C01909,R055,D0538,P005,2024-05-28,2024-05-01,Mumbai,West,23,10176.97
S01910,C01910,R060,D0361,P007,2024-05-02,2024-05-01,Goa,West,28,16684.32
S01911,C01911,R049,D0611,P007,2024-05-27,2024-05-01,North Delhi,North,24,15829.29
S01912,C01912,R030,D0649,P006,2024-05-17,2024-05-01,Dehradun,North,17,8401.31
S01913,C01913,R007,D0579,P001,2024-05-03,2024-05-01,Mumbai,West,10,7037.25
S01914,C01914,R057,D0317,P004,2024-05-31,2024-05-01,Ahmedabad,West,31,32439.48
S01915,C01915,R021,D0807,P007,2024-05-15,2024-05-01,Patna,East,10,5966.85
S01916,C01916,R058,D0197,P001,2024-05-13,2024-05-01,Surat,West,21,16160.08
S01917,C01917,R048,D0305,P005,2024-05-06,2024-05-01,Siliguri,East,13,5859.78
S01918,C01918,R072,D0180,P005,2024-05-03,2024-05-01,Siliguri,East,11,5064.03
S01919,C01919,R035,D0342,P002,2024-05-03,2024-05-01,Nagpur,West,41,21299.64
S01920,C01920,R015,D0179,P003,2024-05-09,2024-05-01,Hyderabad,South,16,11346.42
S01921,C01921,R059,D0530,P008,2024-05-10,2024-05-01,Nagpur,West,27,8553.78
S01922,C01922,R043,D0634,P005,2024-05-15,2024-05-01,Kolkata,East,13,5667.38
S01923,C01923,R036,D0361,P008,2024-05-19,2024-05-01,Goa,West,17,4659.7
S01924,C01924,R018,D0703,P004,2024-05-31,2024-05-01,Vijayawada,South,33,30977.82
S01925,C01925,R021,D0319,P007,2024-05-25,2024-05-01,Patna,East,21,12527.74
S01926,C01926,R051,D0383,P005,2024-05-16,2024-05-01,Jaipur,North,35,16402.43
S01927,C01927,R018,D0064,P008,2024-05-29,2024-05-01,Vijayawada,South,27,8238.67
S01928,C01928,R006,D0794,P003,2024-05-18,2024-05-01,Dehradun,North,21,13925.0
S01929,C01929,R063,D0114,P004,2024-05-14,2024-05-01,Hyderabad,South,19,16886.93
S01930,C01930,R058,D0104,P001,2024-05-07,2024-05-01,Surat,West,40,32636.57
S01931,C01931,R043,D0779,P002,2024-05-14,2024-05-01,Kolkata,East,24,13067.27
S01932,C01932,R072,D0396,P002,2024-05-02,2024-05-01,Siliguri,East,17,8664.58
S01933,C01933,R059,D0079,P002,2024-05-05,2024-05-01,Nagpur,West,33,19960.56
S01934,C01934,R064,D0400,P003,2024-05-30,2024-05-01,Kochi,South,32,21578.9
S01935,C01935,R026,D0582,P007,2024-05-07,2024-05-01,Chandigarh,North,16,9298.9
S01936,C01936,R009,D0035,P004,2024-05-18,2024-05-01,Ahmedabad,West,20,17968.31
S01937,C01937,R045,D0558,P007,2024-05-04,2024-05-01,Patna,East,19,11816.63
S01938,C01938,R064,D0535,P007,2024-05-19,2024-05-01,Kochi,South,39,24365.83
S01939,C01939,R043,D0017,P008,2024-05-31,2024-05-01,Kolkata,East,30,9774.38
S01940,C01940,R039,D0494,P005,2024-05-15,2024-05-01,Hyderabad,South,30,13969.29
S01941,C01941,R057,D0207,P007,2024-05-04,2024-05-01,Ahmedabad,West,26,16587.73
S01942,C01942,R034,D0542,P004,2024-05-01,2024-05-01,Surat,West,10,9223.9
S01943,C01943,R044,D0355,P006,2024-05-24,2024-05-01,Bhubaneswar,East,18,9522.63
S01944,C01944,R019,D0140,P007,2024-05-04,2024-05-01,Kolkata,East,19,10560.49
S01945,C01945,R054,D0532,P002,2024-05-10,2024-05-01,Dehradun,North,19,9370.3
S01946,C01946,R052,D0313,P001,2024-05-27,2024-05-01,Lucknow,North,31,23221.03
S01947,C01947,R029,D0290,P002,2024-05-17,2024-05-01,Ludhiana,North,33,17598.64
S01948,C01948,R031,D0768,P006,2024-05-28,2024-05-01,Mumbai,West,21,10303.05
S01949,C01949,R017,D0531,P004,2024-05-28,2024-05-01,Coimbatore,South,25,21119.92
S01950,C01950,R013,D0308,P003,2024-05-21,2024-05-01,Bengaluru,South,23,15361.31
S01951,C01951,R002,D0201,P007,2024-05-30,2024-05-01,Chandigarh,North,12,7000.56
S01952,C01952,R025,D0552,P001,2024-05-02,2024-05-01,North Delhi,North,23,15784.02
S01953,C01953,R007,D0010,P002,2024-05-08,2024-05-01,Mumbai,West,39,19629.78
S01954,C01954,R030,D0794,P004,2024-05-09,2024-05-01,Dehradun,North,13,11217.26
S01955,C01955,R068,D0034,P008,2024-05-29,2024-05-01,Bhubaneswar,East,11,3474.55
S01956,C01956,R071,D0571,P006,2024-05-20,2024-05-01,Ranchi,East,16,8526.67
S01957,C01957,R049,D0294,P006,2024-05-08,2024-05-01,North Delhi,North,44,22927.56
S01958,C01958,R028,D0560,P006,2024-05-07,2024-05-01,Lucknow,North,24,11012.82
S01959,C01959,R069,D0248,P003,2024-05-25,2024-05-01,Patna,East,14,9911.09
S01960,C01960,R013,D0015,P004,2024-05-27,2024-05-01,Bengaluru,South,46,40531.99
S01961,C01961,R045,D0807,P008,2024-05-01,2024-05-01,Patna,East,11,3532.17
S01962,C01962,R021,D0669,P006,2024-05-12,2024-05-01,Patna,East,9,4617.82
S01963,C01963,R059,D0037,P005,2024-05-17,2024-05-01,Nagpur,West,23,10128.93
S01964,C01964,R012,D0062,P001,2024-05-08,2024-05-01,Goa,West,29,23257.23
S01965,C01965,R009,D0495,P006,2024-05-23,2024-05-01,Ahmedabad,West,21,9666.69
S01966,C01966,R011,D0826,P003,2024-05-24,2024-05-01,Nagpur,West,20,14084.47
S01967,C01967,R025,D0553,P004,2024-05-27,2024-05-01,North Delhi,North,17,15271.87
S01968,C01968,R020,D0034,P006,2024-05-25,2024-05-01,Bhubaneswar,East,14,7269.68
S01969,C01969,R042,D0475,P004,2024-05-27,2024-05-01,Vijayawada,South,36,32883.64
S01970,C01970,R035,D0397,P005,2024-05-12,2024-05-01,Nagpur,West,22,9896.63
S01971,C01971,R046,D0492,P001,2024-05-10,2024-05-01,Guwahati,East,16,13273.2
S01972,C01972,R060,D0304,P002,2024-05-10,2024-05-01,Goa,West,23,11969.64
S01973,C01973,R071,D0029,P005,2024-05-27,2024-05-01,Ranchi,East,27,11798.64
S01974,C01974,R027,D0040,P008,2024-05-21,2024-05-01,Jaipur,North,22,7092.45
S01975,C01975,R061,D0483,P007,2024-05-11,2024-05-01,Bengaluru,South,36,20447.2
S01976,C01976,R057,D0554,P004,2024-05-23,2024-05-01,Ahmedabad,West,11,9512.8
S01977,C01977,R030,D0254,P008,2024-05-08,2024-05-01,Dehradun,North,5,1620.86
S01978,C01978,R050,D0131,P003,2024-05-09,2024-05-01,Chandigarh,North,17,11632.36
S01979,C01979,R025,D0672,P008,2024-05-01,2024-05-01,North Delhi,North,16,5110.42
S01980,C01980,R049,D0094,P004,2024-05-30,2024-05-01,North Delhi,North,26,22093.76
S01981,C01981,R037,D0087,P001,2024-05-08,2024-05-01,Bengaluru,South,24,18404.38
S01982,C01982,R040,D0400,P001,2024-05-24,2024-05-01,Kochi,South,28,21110.48
S01983,C01983,R015,D0563,P008,2024-05-04,2024-05-01,Hyderabad,South,21,6687.19
S01984,C01984,R064,D0831,P006,2024-05-02,2024-05-01,Kochi,South,22,10872.04
S01985,C01985,R003,D0615,P002,2024-05-21,2024-05-01,Jaipur,North,17,8731.42
S01986,C01986,R019,D0797,P008,2024-05-04,2024-05-01,Kolkata,East,19,5745.05
S01987,C01987,R016,D0535,P001,2024-05-05,2024-05-01,Kochi,South,21,14874.4
S01988,C01988,R041,D0635,P003,2024-05-11,2024-05-01,Coimbatore,South,20,13913.64
S01989,C01989,R061,D0087,P006,2024-05-19,2024-05-01,Bengaluru,South,21,11093.31
S01990,C01990,R031,D0051,P001,2024-05-01,2024-05-01,Mumbai,West,41,30015.61
S01991,C01991,R051,D0616,P008,2024-05-04,2024-05-01,Jaipur,North,33,10903.6
S01992,C01992,R008,D0834,P006,2024-05-11,2024-05-01,Pune,West,11,5621.89
S01993,C01993,R066,D0522,P008,2024-05-22,2024-05-01,Vijayawada,South,19,5687.24
S01994,C01994,R038,D0288,P007,2024-05-04,2024-05-01,Chennai,South,43,24852.27
S01995,C01995,R016,D0436,P007,2024-05-09,2024-05-01,Kochi,South,18,10898.17
S01996,C01996,R007,D0154,P002,2024-05-06,2024-05-01,Mumbai,West,24,13440.29
S01997,C01997,R066,D0249,P002,2024-05-10,2024-05-01,Vijayawada,South,40,22241.67
S01998,C01998,R037,D0601,P002,2024-05-08,2024-05-01,Bengaluru,South,21,11034.57
S01999,C01999,R030,D0161,P002,2024-05-20,2024-05-01,Dehradun,North,12,6628.81
S02000,C02000,R030,D0525,P006,2024-05-03,2024-05-01,Dehradun,North,15,7587.78
S02001,C02001,R018,D0229,P001,2024-05-30,2024-05-01,Vijayawada,South,30,22540.14
S02002,C02002,R044,D0511,P004,2024-05-08,2024-05-01,Bhubaneswar,East,13,12125.67
S02003,C02003,R034,D0575,P005,2024-05-31,2024-05-01,Surat,West,16,7417.32
S02004,C02004,R048,D0713,P005,2024-05-23,2024-05-01,Siliguri,East,18,8491.49
S02005,C02005,R058,D0271,P004,2024-05-12,2024-05-01,Surat,West,26,21869.93
S02006,C02006,R023,D0737,P002,2024-05-10,2024-05-01,Ranchi,East,21,11045.35
S02007,C02007,R071,D0571,P001,2024-05-30,2024-05-01,Ranchi,East,22,17863.69
S02008,C02008,R010,D0734,P008,2024-05-31,2024-05-01,Surat,West,17,5363.65
S02009,C02009,R039,D0576,P004,2024-05-19,2024-05-01,Hyderabad,South,38,33443.09
S02010,C02010,R039,D0415,P005,2024-05-02,2024-05-01,Hyderabad,South,46,20037.34
S02011,C02011,R023,D0519,P005,2024-05-29,2024-05-01,Ranchi,East,26,12077.73
S02012,C02012,R050,D0261,P003,2024-05-15,2024-05-01,Chandigarh,North,16,9990.21
S02013,C02013,R051,D0616,P006,2024-05-01,2024-05-01,Jaipur,North,37,19215.11
S02014,C02014,R010,D0513,P004,2024-05-25,2024-05-01,Surat,West,24,20299.62
S02015,C02015,R009,D0551,P004,2024-05-02,2024-05-01,Ahmedabad,West,14,12329.54
S02016,C02016,R005,D0090,P007,2024-05-12,2024-05-01,Ludhiana,North,10,6580.38
S02017,C02017,R010,D0362,P003,2024-05-03,2024-05-01,Surat,West,26,17473.84
S02018,C02018,R035,D0600,P006,2024-05-14,2024-05-01,Nagpur,West,18,9020.98
S02019,C02019,R043,D0140,P006,2024-05-25,2024-05-01,Kolkata,East,16,8509.58
S02020,C02020,R046,D0650,P001,2024-05-05,2024-05-01,Guwahati,East,26,19546.37
S02021,C02021,R021,D0727,P006,2024-05-05,2024-05-01,Patna,East,20,9697.03
S02022,C02022,R060,D0506,P007,2024-05-30,2024-05-01,Goa,West,31,18565.18
S02023,C02023,R040,D0798,P003,2024-05-06,2024-05-01,Kochi,South,46,32027.79
S02024,C02024,R036,D0804,P008,2024-05-04,2024-05-01,Goa,West,14,4713.52
S02025,C02025,R036,D0370,P001,2024-05-19,2024-05-01,Goa,West,35,26622.05
S02026,C02026,R044,D0756,P002,2024-05-09,2024-05-01,Bhubaneswar,East,16,8517.34
S02027,C02027,R044,D0774,P008,2024-05-30,2024-05-01,Bhubaneswar,East,24,7841.4
S02028,C02028,R035,D0093,P007,2024-05-06,2024-05-01,Nagpur,West,15,10260.89
S02029,C02029,R047,D0850,P007,2024-05-18,2024-05-01,Ranchi,East,14,8438.55
S02030,C02030,R041,D0018,P005,2024-05-29,2024-05-01,Coimbatore,South,43,21147.32
S02031,C02031,R062,D0468,P002,2024-05-23,2024-05-01,Chennai,South,25,13668.39
S02032,C02032,R003,D0803,P004,2024-05-01,2024-05-01,Jaipur,North,24,22271.29
S02033,C02033,R036,D0704,P005,2024-05-06,2024-05-01,Goa,West,32,15465.99
S02034,C02034,R036,D0164,P001,2024-05-04,2024-05-01,Goa,West,29,22819.03
S02035,C02035,R022,D0492,P005,2024-05-29,2024-05-01,Guwahati,East,15,6890.22
S02036,C02036,R005,D0148,P001,2024-05-07,2024-05-01,Ludhiana,North,16,12350.71
S02037,C02037,R019,D0172,P002,2024-05-02,2024-05-01,Kolkata,East,27,14835.61
S02038,C02038,R037,D0761,P002,2024-05-12,2024-05-01,Bengaluru,South,21,12013.5
S02039,C02039,R009,D0049,P002,2024-05-09,2024-05-01,Ahmedabad,West,21,12089.99
S02040,C02040,R007,D0780,P001,2024-05-06,2024-05-01,Mumbai,West,34,28125.21
S02041,C02041,R006,D0512,P008,2024-05-15,2024-05-01,Dehradun,North,15,4688.17
S02042,C02042,R045,D0009,P007,2024-05-28,2024-05-01,Patna,East,18,10668.07
S02043,C02043,R026,D0721,P005,2024-05-08,2024-05-01,Chandigarh,North,30,13228.62
S02044,C02044,R040,D0065,P003,2024-05-31,2024-05-01,Kochi,South,21,13966.74
S02045,C02045,R054,D0256,P002,2024-05-21,2024-05-01,Dehradun,North,10,5651.89
S02046,C02046,R033,D0214,P008,2024-05-12,2024-05-01,Ahmedabad,West,40,12438.38
S02047,C02047,R014,D0653,P007,2024-05-22,2024-05-01,Chennai,South,19,11483.96
S02048,C02048,R059,D0390,P007,2024-05-11,2024-05-01,Nagpur,West,18,11335.02
S02049,C02049,R004,D0454,P004,2024-05-07,2024-05-01,Lucknow,North,18,15762.75
S02050,C02050,R064,D0067,P001,2024-05-08,2024-05-01,Kochi,South,11,8498.34
S02051,C02051,R011,D0593,P006,2024-05-01,2024-05-01,Nagpur,West,8,4307.33
S02052,C02052,R053,D0699,P004,2024-05-21,2024-05-01,Ludhiana,North,12,10692.65
S02053,C02053,R032,D0265,P003,2024-05-03,2024-05-01,Pune,West,28,17814.48
S02054,C02054,R001,D0792,P003,2024-05-07,2024-05-01,North Delhi,North,12,7958.15
S02055,C02055,R004,D0320,P001,2024-05-01,2024-05-01,Lucknow,North,22,17531.8
S02056,C02056,R029,D0647,P007,2024-05-03,2024-05-01,Ludhiana,North,21,14414.15
S02057,C02057,R020,D0314,P002,2024-05-29,2024-05-01,Bhubaneswar,East,15,8715.23
S02058,C02058,R022,D0802,P007,2024-05-01,2024-05-01,Guwahati,East,9,6366.3
S02059,C02059,R014,D0198,P008,2024-05-20,2024-05-01,Chennai,South,35,10603.41
S02060,C02060,R053,D0598,P001,2024-05-11,2024-05-01,Ludhiana,North,22,18353.67
S02061,C02061,R065,D0053,P005,2024-05-05,2024-05-01,Coimbatore,South,11,5452.89
S02062,C02062,R047,D0031,P001,2024-05-10,2024-05-01,Ranchi,East,21,16404.97
S02063,C02063,R069,D0084,P007,2024-05-03,2024-05-01,Patna,East,17,10166.53
S02064,C02064,R071,D0808,P005,2024-05-10,2024-05-01,Ranchi,East,30,14308.72
S02065,C02065,R027,D0177,P001,2024-05-26,2024-05-01,Jaipur,North,26,19949.57
S02066,C02066,R042,D0694,P007,2024-05-20,2024-05-01,Vijayawada,South,22,12652.43
S02067,C02067,R067,D0471,P007,2024-05-26,2024-05-01,Kolkata,East,19,10768.71
S02068,C02068,R012,D0118,P008,2024-05-22,2024-05-01,Goa,West,14,4144.73
S02069,C02069,R006,D0512,P004,2024-05-29,2024-05-01,Dehradun,North,19,17107.09
S02070,C02070,R006,D0525,P008,2024-05-04,2024-05-01,Dehradun,North,25,8268.5
S02071,C02071,R028,D0245,P006,2024-05-05,2024-05-01,Lucknow,North,19,9217.79
S02072,C02072,R015,D0494,P005,2024-05-13,2024-05-01,Hyderabad,South,26,12249.22
S02073,C02073,R062,D0693,P003,2024-05-17,2024-05-01,Chennai,South,15,10135.92
S02074,C02074,R012,D0806,P003,2024-05-25,2024-05-01,Goa,West,20,13428.85
S02075,C02075,R039,D0387,P005,2024-05-04,2024-05-01,Hyderabad,South,20,9512.76
S02076,C02076,R037,D0761,P006,2024-05-04,2024-05-01,Bengaluru,South,23,11856.42
S02077,C02077,R056,D0784,P001,2024-05-25,2024-05-01,Pune,West,21,17471.62
S02078,C02078,R025,D0033,P004,2024-05-18,2024-05-01,North Delhi,North,14,12848.6
S02079,C02079,R024,D0520,P001,2024-05-13,2024-05-01,Siliguri,East,18,13159.29
S02080,C02080,R068,D0676,P004,2024-05-07,2024-05-01,Bhubaneswar,East,13,12634.46
S02081,C02081,R026,D0003,P007,2024-05-22,2024-05-01,Chandigarh,North,18,10452.53
S02082,C02082,R033,D0551,P006,2024-05-25,2024-05-01,Ahmedabad,West,26,13249.26
S02083,C02083,R063,D0795,P001,2024-05-01,2024-05-01,Hyderabad,South,10,8795.33
S02084,C02084,R038,D0198,P006,2024-05-02,2024-05-01,Chennai,South,48,25079.41
S02085,C02085,R028,D0680,P001,2024-05-25,2024-05-01,Lucknow,North,28,20941.79
S02086,C02086,R041,D0788,P001,2024-05-28,2024-05-01,Coimbatore,South,21,16655.81
S02087,C02087,R024,D0520,P008,2024-05-08,2024-05-01,Siliguri,East,17,5582.08
S02088,C02088,R011,D0567,P001,2024-05-22,2024-05-01,Nagpur,West,19,14969.06
S02089,C02089,R018,D0407,P003,2024-05-27,2024-05-01,Vijayawada,South,18,11578.98
S02090,C02090,R025,D0346,P002,2024-05-04,2024-05-01,North Delhi,North,18,9098.0
S02091,C02091,R003,D0383,P005,2024-05-06,2024-05-01,Jaipur,North,38,16462.09
S02092,C02092,R051,D0527,P005,2024-05-05,2024-05-01,Jaipur,North,25,11051.89
S02093,C02093,R065,D0470,P007,2024-05-25,2024-05-01,Coimbatore,South,18,11690.91
S02094,C02094,R038,D0685,P008,2024-05-24,2024-05-01,Chennai,South,57,17128.33
S02095,C02095,R013,D0660,P006,2024-05-05,2024-05-01,Bengaluru,South,36,18502.98
S02096,C02096,R016,D0360,P004,2024-05-06,2024-05-01,Kochi,South,18,17140.07
S02097,C02097,R045,D0386,P001,2024-05-21,2024-05-01,Patna,East,17,13691.46
S02098,C02098,R050,D0201,P008,2024-05-28,2024-05-01,Chandigarh,North,16,5483.88
S02099,C02099,R052,D0169,P005,2024-05-25,2024-05-01,Lucknow,North,15,6697.71
S02100,C02100,R034,D0231,P002,2024-05-06,2024-05-01,Surat,West,15,8354.4
S02101,C02101,R015,D0011,P005,2024-05-12,2024-05-01,Hyderabad,South,35,17026.48
S02102,C02102,R017,D0635,P004,2024-05-03,2024-05-01,Coimbatore,South,24,22365.17
S02103,C02103,R020,D0193,P003,2024-05-08,2024-05-01,Bhubaneswar,East,26,17923.54
S02104,C02104,R058,D0216,P004,2024-05-18,2024-05-01,Surat,West,24,20084.13
S02105,C02105,R068,D0321,P007,2024-05-11,2024-05-01,Bhubaneswar,East,19,11976.56
S02106,C02106,R056,D0212,P002,2024-05-19,2024-05-01,Pune,West,31,17148.25
S02107,C02107,R065,D0434,P008,2024-05-10,2024-05-01,Coimbatore,South,18,5716.71
S02108,C02108,R032,D0622,P001,2024-05-18,2024-05-01,Pune,West,16,12102.53
S02109,C02109,R055,D0768,P002,2024-05-20,2024-05-01,Mumbai,West,18,9938.92
S02110,C02110,R008,D0212,P006,2024-05-07,2024-05-01,Pune,West,31,15029.51
S02111,C02111,R024,D0178,P002,2024-05-02,2024-05-01,Siliguri,East,31,16379.0
S02112,C02112,R002,D0352,P007,2024-05-11,2024-05-01,Chandigarh,North,11,7026.09
S02113,C02113,R002,D0261,P006,2024-05-02,2024-05-01,Chandigarh,North,7,3756.0
S02114,C02114,R064,D0674,P004,2024-05-05,2024-05-01,Kochi,South,32,29166.5
S02115,C02115,R053,D0222,P004,2024-05-09,2024-05-01,Ludhiana,North,15,13043.09
S02116,C02116,R057,D0324,P008,2024-05-11,2024-05-01,Ahmedabad,West,24,7253.17
S02117,C02117,R020,D0546,P007,2024-05-09,2024-05-01,Bhubaneswar,East,13,7620.95
S02118,C02118,R037,D0266,P006,2024-05-02,2024-05-01,Bengaluru,South,24,13026.79
S02119,C02119,R053,D0598,P002,2024-05-06,2024-05-01,Ludhiana,North,37,20174.35
S02120,C02120,R067,D0698,P005,2024-05-28,2024-05-01,Kolkata,East,22,10068.43
S02121,C02121,R066,D0407,P001,2024-05-23,2024-05-01,Vijayawada,South,16,12582.0
S02122,C02122,R072,D0385,P003,2024-05-14,2024-05-01,Siliguri,East,8,5460.72
S02123,C02123,R032,D0817,P006,2024-05-01,2024-05-01,Pune,West,30,14514.66
S02124,C02124,R039,D0844,P004,2024-05-12,2024-05-01,Hyderabad,South,31,26919.07
S02125,C02125,R070,D0848,P008,2024-05-29,2024-05-01,Guwahati,East,16,5285.39
S02126,C02126,R061,D0015,P008,2024-05-26,2024-05-01,Bengaluru,South,39,12629.62
S02127,C02127,R028,D0658,P001,2024-05-24,2024-05-01,Lucknow,North,19,15639.63
S02128,C02128,R004,D0728,P008,2024-05-08,2024-05-01,Lucknow,North,46,15274.5
S02129,C02129,R001,D0679,P007,2024-05-13,2024-05-01,North Delhi,North,21,12315.49
S02130,C02130,R055,D0661,P001,2024-05-01,2024-05-01,Mumbai,West,24,15596.06
S02131,C02131,R047,D0298,P004,2024-05-27,2024-05-01,Ranchi,East,39,35064.53
S02132,C02132,R003,D0656,P008,2024-05-04,2024-05-01,Jaipur,North,12,3639.31
S02133,C02133,R060,D0528,P001,2024-05-20,2024-05-01,Goa,West,20,15995.93
S02134,C02134,R067,D0702,P001,2024-05-09,2024-05-01,Kolkata,East,18,15156.52
S02135,C02135,R018,D0253,P005,2024-05-18,2024-05-01,Vijayawada,South,34,14834.81
S02136,C02136,R009,D0706,P008,2024-05-26,2024-05-01,Ahmedabad,West,32,10570.99
S02137,C02137,R051,D0671,P003,2024-05-10,2024-05-01,Jaipur,North,15,10330.77
S02138,C02138,R045,D0727,P007,2024-05-01,2024-05-01,Patna,East,20,12410.89
S02139,C02139,R024,D0147,P006,2024-05-21,2024-05-01,Siliguri,East,23,11922.3
S02140,C02140,R069,D0740,P002,2024-05-17,2024-05-01,Patna,East,21,10162.67
S02141,C02141,R019,D0140,P003,2024-05-05,2024-05-01,Kolkata,East,15,9932.44
S02142,C02142,R063,D0795,P005,2024-05-02,2024-05-01,Hyderabad,South,14,6437.21
S02143,C02143,R023,D0031,P004,2024-05-17,2024-05-01,Ranchi,East,27,25291.25
S02144,C02144,R017,D0163,P002,2024-05-20,2024-05-01,Coimbatore,South,17,9620.62
S02145,C02145,R009,D0551,P002,2024-05-04,2024-05-01,Ahmedabad,West,17,8945.75
S02146,C02146,R008,D0480,P005,2024-05-19,2024-05-01,Pune,West,21,8742.32
S02147,C02147,R049,D0611,P007,2024-05-14,2024-05-01,North Delhi,North,14,7858.5
S02148,C02148,R059,D0390,P004,2024-05-05,2024-05-01,Nagpur,West,23,21911.82
S02149,C02149,R006,D0006,P008,2024-05-20,2024-05-01,Dehradun,North,14,4462.69
S02150,C02150,R043,D0526,P006,2024-05-21,2024-05-01,Kolkata,East,11,5204.22
S02151,C02151,R038,D0468,P004,2024-05-05,2024-05-01,Chennai,South,30,24934.68
S02152,C02152,R072,D0396,P006,2024-05-21,2024-05-01,Siliguri,East,14,7222.4
S02153,C02153,R010,D0231,P004,2024-05-07,2024-05-01,Surat,West,26,23279.95
S02154,C02154,R057,D0811,P007,2024-05-19,2024-05-01,Ahmedabad,West,14,9247.07
S02155,C02155,R041,D0617,P008,2024-05-26,2024-05-01,Coimbatore,South,25,7967.92
S02156,C02156,R001,D0113,P007,2024-05-30,2024-05-01,North Delhi,North,14,8704.9
S02157,C02157,R027,D0071,P002,2024-05-08,2024-05-01,Jaipur,North,20,10777.37
S02158,C02158,R053,D0146,P001,2024-05-11,2024-05-01,Ludhiana,North,23,18674.58
S02159,C02159,R027,D0071,P007,2024-05-03,2024-05-01,Jaipur,North,21,13937.32
S02160,C02160,R050,D0681,P007,2024-05-31,2024-05-01,Chandigarh,North,24,15331.33
S02161,C02161,R007,D0547,P005,2024-06-10,2024-06-01,Mumbai,West,12,6064.0
S02162,C02162,R044,D0509,P002,2024-06-25,2024-06-01,Bhubaneswar,East,23,12755.93
S02163,C02163,R016,D0508,P008,2024-06-29,2024-06-01,Kochi,South,21,6187.09
S02164,C02164,R003,D0690,P004,2024-06-15,2024-06-01,Jaipur,North,33,28159.92
S02165,C02165,R061,D0686,P003,2024-06-21,2024-06-01,Bengaluru,South,35,24048.09
S02166,C02166,R037,D0272,P003,2024-06-15,2024-06-01,Bengaluru,South,24,15648.91
S02167,C02167,R064,D0508,P003,2024-06-18,2024-06-01,Kochi,South,47,31022.87
S02168,C02168,R022,D0463,P003,2024-06-08,2024-06-01,Guwahati,East,12,7599.19
S02169,C02169,R014,D0776,P003,2024-06-26,2024-06-01,Chennai,South,41,29014.31
S02170,C02170,R002,D0689,P006,2024-06-04,2024-06-01,Chandigarh,North,12,6588.62
S02171,C02171,R050,D0261,P001,2024-06-20,2024-06-01,Chandigarh,North,15,11566.04
S02172,C02172,R069,D0789,P003,2024-06-28,2024-06-01,Patna,East,15,9791.48
S02173,C02173,R044,D0431,P002,2024-06-25,2024-06-01,Bhubaneswar,East,21,12063.17
S02174,C02174,R015,D0585,P006,2024-06-23,2024-06-01,Hyderabad,South,30,16100.26
S02175,C02175,R054,D0837,P008,2024-06-20,2024-06-01,Dehradun,North,13,3820.76
S02176,C02176,R056,D0642,P007,2024-06-29,2024-06-01,Pune,West,22,13875.94
S02177,C02177,R065,D0053,P002,2024-06-26,2024-06-01,Coimbatore,South,15,8300.8
S02178,C02178,R007,D0267,P005,2024-06-09,2024-06-01,Mumbai,West,29,13464.51
S02179,C02179,R011,D0687,P001,2024-06-19,2024-06-01,Nagpur,West,26,19390.11
S02180,C02180,R039,D0108,P004,2024-06-13,2024-06-01,Hyderabad,South,21,17890.24
S02181,C02181,R054,D0006,P003,2024-06-08,2024-06-01,Dehradun,North,10,5577.49
S02182,C02182,R013,D0199,P005,2024-06-25,2024-06-01,Bengaluru,South,34,15126.68
S02183,C02183,R056,D0442,P004,2024-06-02,2024-06-01,Pune,West,24,19255.29
S02184,C02184,R026,D0151,P006,2024-06-04,2024-06-01,Chandigarh,North,33,16374.84
S02185,C02185,R021,D0085,P005,2024-06-04,2024-06-01,Patna,East,25,11731.24
S02186,C02186,R072,D0305,P008,2024-06-07,2024-06-01,Siliguri,East,10,3013.17
S02187,C02187,R021,D0499,P001,2024-06-16,2024-06-01,Patna,East,9,7487.5
S02188,C02188,R026,D0479,P008,2024-06-29,2024-06-01,Chandigarh,North,23,8079.79
S02189,C02189,R026,D0721,P007,2024-06-30,2024-06-01,Chandigarh,North,22,13578.97
S02190,C02190,R031,D0842,P006,2024-06-28,2024-06-01,Mumbai,West,51,26801.42
S02191,C02191,R024,D0026,P007,2024-06-23,2024-06-01,Siliguri,East,26,14576.56
S02192,C02192,R033,D0632,P001,2024-06-14,2024-06-01,Ahmedabad,West,35,27550.35
S02193,C02193,R050,D0156,P002,2024-06-24,2024-06-01,Chandigarh,North,19,9539.16
S02194,C02194,R032,D0371,P001,2024-06-09,2024-06-01,Pune,West,25,17819.09
S02195,C02195,R017,D0425,P007,2024-06-20,2024-06-01,Coimbatore,South,10,5713.86
S02196,C02196,R009,D0673,P003,2024-06-01,2024-06-01,Ahmedabad,West,17,11133.41
S02197,C02197,R016,D0331,P003,2024-06-28,2024-06-01,Kochi,South,18,11855.83
S02198,C02198,R061,D0761,P005,2024-06-30,2024-06-01,Bengaluru,South,33,15124.74
S02199,C02199,R009,D0324,P004,2024-06-23,2024-06-01,Ahmedabad,West,17,14249.61
S02200,C02200,R005,D0735,P006,2024-06-06,2024-06-01,Ludhiana,North,20,10254.14
S02201,C02201,R033,D0836,P008,2024-06-08,2024-06-01,Ahmedabad,West,20,6177.48
S02202,C02202,R070,D0418,P003,2024-06-23,2024-06-01,Guwahati,East,41,27234.13
S02203,C02203,R021,D0056,P008,2024-06-15,2024-06-01,Patna,East,15,4743.37
S02204,C02204,R005,D0678,P005,2024-06-17,2024-06-01,Ludhiana,North,15,6278.08
S02205,C02205,R008,D0433,P004,2024-06-13,2024-06-01,Pune,West,22,18914.91
S02206,C02206,R067,D0264,P008,2024-06-26,2024-06-01,Kolkata,East,11,3615.79
S02207,C02207,R043,D0399,P004,2024-06-05,2024-06-01,Kolkata,East,11,10200.53
S02208,C02208,R010,D0197,P002,2024-06-14,2024-06-01,Surat,West,13,6587.62
S02209,C02209,R040,D0335,P003,2024-06-07,2024-06-01,Kochi,South,26,16504.37
S02210,C02210,R022,D0848,P007,2024-06-21,2024-06-01,Guwahati,East,7,4174.51
S02211,C02211,R001,D0259,P005,2024-06-09,2024-06-01,North Delhi,North,12,5843.34
S02212,C02212,R029,D0421,P005,2024-06-09,2024-06-01,Ludhiana,North,17,8003.44
S02213,C02213,R008,D0622,P006,2024-06-06,2024-06-01,Pune,West,31,14798.2
S02214,C02214,R065,D0163,P002,2024-06-26,2024-06-01,Coimbatore,South,31,17151.89
S02215,C02215,R005,D0598,P001,2024-06-07,2024-06-01,Ludhiana,North,49,40644.57
S02216,C02216,R029,D0816,P004,2024-06-27,2024-06-01,Ludhiana,North,31,27888.53
S02217,C02217,R039,D0743,P008,2024-06-28,2024-06-01,Hyderabad,South,28,8612.8
S02218,C02218,R016,D0065,P002,2024-06-29,2024-06-01,Kochi,South,14,7880.61
S02219,C02219,R003,D0281,P006,2024-06-11,2024-06-01,Jaipur,North,15,7720.76
S02220,C02220,R007,D0010,P008,2024-06-20,2024-06-01,Mumbai,West,29,9164.15
S02221,C02221,R006,D0587,P001,2024-06-25,2024-06-01,Dehradun,North,29,23630.11
S02222,C02222,R004,D0278,P002,2024-06-03,2024-06-01,Lucknow,North,28,15117.05
S02223,C02223,R029,D0816,P007,2024-06-02,2024-06-01,Ludhiana,North,22,13474.14
S02224,C02224,R035,D0191,P001,2024-06-07,2024-06-01,Nagpur,West,15,12203.22
S02225,C02225,R066,D0675,P006,2024-06-30,2024-06-01,Vijayawada,South,20,9944.5
S02226,C02226,R055,D0391,P007,2024-06-03,2024-06-01,Mumbai,West,16,9195.71
S02227,C02227,R009,D0835,P003,2024-06-23,2024-06-01,Ahmedabad,West,22,14756.13
S02228,C02228,R042,D0135,P003,2024-06-26,2024-06-01,Vijayawada,South,9,6402.38
S02229,C02229,R028,D0245,P005,2024-06-28,2024-06-01,Lucknow,North,13,5299.92
S02230,C02230,R030,D0256,P005,2024-06-16,2024-06-01,Dehradun,North,8,3814.94
S02231,C02231,R072,D0738,P007,2024-06-16,2024-06-01,Siliguri,East,18,10999.09
S02232,C02232,R021,D0548,P005,2024-06-23,2024-06-01,Patna,East,12,5372.58
S02233,C02233,R020,D0688,P008,2024-06-20,2024-06-01,Bhubaneswar,East,20,6193.17
S02234,C02234,R011,D0507,P002,2024-06-24,2024-06-01,Nagpur,West,25,14109.5
S02235,C02235,R032,D0642,P003,2024-06-11,2024-06-01,Pune,West,21,14331.16
S02236,C02236,R069,D0500,P002,2024-06-29,2024-06-01,Patna,East,18,9215.97
S02237,C02237,R036,D0624,P006,2024-06-13,2024-06-01,Goa,West,23,11908.66
S02238,C02238,R012,D0766,P001,2024-06-08,2024-06-01,Goa,West,31,25839.12
S02239,C02239,R072,D0738,P007,2024-06-23,2024-06-01,Siliguri,East,17,10731.61
S02240,C02240,R067,D0471,P007,2024-06-19,2024-06-01,Kolkata,East,15,8386.94
S02241,C02241,R050,D0333,P008,2024-06-02,2024-06-01,Chandigarh,North,12,3964.03
S02242,C02242,R032,D0537,P008,2024-06-05,2024-06-01,Pune,West,20,6000.82
S02243,C02243,R031,D0651,P001,2024-06-02,2024-06-01,Mumbai,West,38,29963.2
S02244,C02244,R041,D0818,P006,2024-06-18,2024-06-01,Coimbatore,South,32,15709.9
S02245,C02245,R028,D0557,P005,2024-06-27,2024-06-01,Lucknow,North,19,8915.89
S02246,C02246,R006,D0820,P006,2024-06-10,2024-06-01,Dehradun,North,19,9365.52
S02247,C02247,R012,D0704,P007,2024-06-04,2024-06-01,Goa,West,23,13295.97
S02248,C02248,R008,D0817,P005,2024-06-26,2024-06-01,Pune,West,21,9812.1
S02249,C02249,R051,D0667,P001,2024-06-22,2024-06-01,Jaipur,North,30,23535.0
S02250,C02250,R060,D0806,P007,2024-06-17,2024-06-01,Goa,West,32,20321.9
S02251,C02251,R065,D0130,P004,2024-06-06,2024-06-01,Coimbatore,South,25,21660.08
S02252,C02252,R007,D0842,P004,2024-06-21,2024-06-01,Mumbai,West,31,25501.52
S02253,C02253,R002,D0303,P005,2024-06-11,2024-06-01,Chandigarh,North,12,5706.59
S02254,C02254,R018,D0618,P008,2024-06-08,2024-06-01,Vijayawada,South,14,4804.11
S02255,C02255,R064,D0372,P005,2024-06-09,2024-06-01,Kochi,South,18,8040.78
S02256,C02256,R048,D0385,P002,2024-06-02,2024-06-01,Siliguri,East,20,11062.52
S02257,C02257,R024,D0580,P006,2024-06-15,2024-06-01,Siliguri,East,23,11547.18
S02258,C02258,R042,D0407,P006,2024-06-23,2024-06-01,Vijayawada,South,19,10626.32
S02259,C02259,R001,D0613,P001,2024-06-25,2024-06-01,North Delhi,North,25,18987.23
S02260,C02260,R047,D0055,P005,2024-06-22,2024-06-01,Ranchi,East,21,9637.74
S02261,C02261,R056,D0657,P007,2024-06-27,2024-06-01,Pune,West,20,10966.55
S02262,C02262,R031,D0429,P008,2024-06-29,2024-06-01,Mumbai,West,19,6558.22
S02263,C02263,R056,D0633,P003,2024-06-07,2024-06-01,Pune,West,32,20555.71
S02264,C02264,R019,D0218,P005,2024-06-14,2024-06-01,Kolkata,East,15,7347.97
S02265,C02265,R046,D0463,P007,2024-06-11,2024-06-01,Guwahati,East,8,4716.49
S02266,C02266,R018,D0414,P005,2024-06-21,2024-06-01,Vijayawada,South,35,16036.63
S02267,C02267,R001,D0094,P004,2024-06-26,2024-06-01,North Delhi,North,21,17959.82
S02268,C02268,R027,D0432,P002,2024-06-27,2024-06-01,Jaipur,North,16,8236.24
S02269,C02269,R020,D0607,P001,2024-06-03,2024-06-01,Bhubaneswar,East,13,9991.41
S02270,C02270,R020,D0688,P006,2024-06-16,2024-06-01,Bhubaneswar,East,16,8103.5
S02271,C02271,R019,D0715,P008,2024-06-04,2024-06-01,Kolkata,East,27,8482.39
S02272,C02272,R012,D0318,P005,2024-06-10,2024-06-01,Goa,West,21,8924.93
S02273,C02273,R054,D0591,P007,2024-06-15,2024-06-01,Dehradun,North,10,6186.52
S02274,C02274,R071,D0116,P006,2024-06-19,2024-06-01,Ranchi,East,21,9662.14
S02275,C02275,R033,D0811,P003,2024-06-24,2024-06-01,Ahmedabad,West,21,13625.84
S02276,C02276,R063,D0764,P005,2024-06-30,2024-06-01,Hyderabad,South,28,11862.18
S02277,C02277,R042,D0758,P003,2024-06-11,2024-06-01,Vijayawada,South,26,17932.46
S02278,C02278,R039,D0377,P002,2024-06-17,2024-06-01,Hyderabad,South,51,29236.63
S02279,C02279,R070,D0262,P005,2024-06-03,2024-06-01,Guwahati,East,27,12787.56
S02280,C02280,R008,D0623,P006,2024-06-04,2024-06-01,Pune,West,23,11450.68
S02281,C02281,R010,D0542,P008,2024-06-30,2024-06-01,Surat,West,15,4622.03
S02282,C02282,R002,D0201,P002,2024-06-29,2024-06-01,Chandigarh,North,8,4265.2
S02283,C02283,R058,D0367,P003,2024-06-29,2024-06-01,Surat,West,20,13163.81
S02284,C02284,R001,D0609,P002,2024-06-08,2024-06-01,North Delhi,North,28,15484.87
S02285,C02285,R031,D0459,P008,2024-06-20,2024-06-01,Mumbai,West,28,9138.24
S02286,C02286,R036,D0304,P007,2024-06-07,2024-06-01,Goa,West,17,9313.14
S02287,C02287,R043,D0172,P003,2024-06-21,2024-06-01,Kolkata,East,17,11591.46
S02288,C02288,R063,D0332,P008,2024-06-15,2024-06-01,Hyderabad,South,19,6197.23
S02289,C02289,R047,D0187,P006,2024-06-29,2024-06-01,Ranchi,East,18,8821.14
S02290,C02290,R042,D0244,P004,2024-06-12,2024-06-01,Vijayawada,South,21,17785.87
S02291,C02291,R018,D0135,P004,2024-06-20,2024-06-01,Vijayawada,South,17,15176.62
S02292,C02292,R062,D0325,P005,2024-06-20,2024-06-01,Chennai,South,15,6962.13
S02293,C02293,R064,D0534,P001,2024-06-24,2024-06-01,Kochi,South,30,22110.64
S02294,C02294,R020,D0355,P002,2024-06-02,2024-06-01,Bhubaneswar,East,16,8665.17
S02295,C02295,R025,D0094,P008,2024-06-14,2024-06-01,North Delhi,North,21,6781.99
S02296,C02296,R049,D0679,P002,2024-06-14,2024-06-01,North Delhi,North,27,15205.52
S02297,C02297,R044,D0443,P002,2024-06-07,2024-06-01,Bhubaneswar,East,20,10740.05
S02298,C02298,R022,D0463,P007,2024-06-25,2024-06-01,Guwahati,East,8,4385.17
S02299,C02299,R059,D0496,P008,2024-06-25,2024-06-01,Nagpur,West,16,5184.52
S02300,C02300,R031,D0461,P007,2024-06-03,2024-06-01,Mumbai,West,35,19545.21
S02301,C02301,R069,D0293,P001,2024-06-21,2024-06-01,Patna,East,19,14190.18
S02302,C02302,R066,D0595,P007,2024-06-26,2024-06-01,Vijayawada,South,22,12513.63
S02303,C02303,R068,D0722,P003,2024-06-09,2024-06-01,Bhubaneswar,East,19,12849.65
S02304,C02304,R057,D0811,P001,2024-06-19,2024-06-01,Ahmedabad,West,18,13277.51
S02305,C02305,R037,D0272,P008,2024-06-19,2024-06-01,Bengaluru,South,31,10415.66
S02306,C02306,R025,D0294,P003,2024-06-01,2024-06-01,North Delhi,North,32,19897.23
S02307,C02307,R046,D0063,P006,2024-06-25,2024-06-01,Guwahati,East,18,8255.78
S02308,C02308,R005,D0421,P001,2024-06-23,2024-06-01,Ludhiana,North,28,21460.07
S02309,C02309,R027,D0825,P002,2024-06-09,2024-06-01,Jaipur,North,32,16132.69
S02310,C02310,R060,D0164,P008,2024-06-10,2024-06-01,Goa,West,44,15006.87
S02311,C02311,R059,D0732,P005,2024-06-24,2024-06-01,Nagpur,West,26,11553.63
S02312,C02312,R036,D0745,P008,2024-06-25,2024-06-01,Goa,West,29,9815.55
S02313,C02313,R041,D0531,P002,2024-06-03,2024-06-01,Coimbatore,South,40,21269.62
S02314,C02314,R071,D0472,P008,2024-06-11,2024-06-01,Ranchi,East,23,7491.08
S02315,C02315,R030,D0649,P007,2024-06-19,2024-06-01,Dehradun,North,12,7126.25
S02316,C02316,R062,D0078,P008,2024-06-04,2024-06-01,Chennai,South,18,6444.62
S02317,C02317,R048,D0096,P001,2024-06-30,2024-06-01,Siliguri,East,14,10292.73
S02318,C02318,R015,D0179,P001,2024-06-07,2024-06-01,Hyderabad,South,21,13880.24
S02319,C02319,R063,D0585,P005,2024-06-26,2024-06-01,Hyderabad,South,32,14911.51
S02320,C02320,R044,D0443,P001,2024-06-02,2024-06-01,Bhubaneswar,East,23,17020.63
S02321,C02321,R056,D0212,P001,2024-06-27,2024-06-01,Pune,West,37,29154.81
S02322,C02322,R006,D0059,P007,2024-06-02,2024-06-01,Dehradun,North,24,14589.26
S02323,C02323,R039,D0377,P006,2024-06-21,2024-06-01,Hyderabad,South,46,22839.01
S02324,C02324,R043,D0345,P007,2024-06-11,2024-06-01,Kolkata,East,18,10756.59
S02325,C02325,R036,D0149,P008,2024-06-14,2024-06-01,Goa,West,26,8490.25
S02326,C02326,R042,D0020,P002,2024-06-04,2024-06-01,Vijayawada,South,32,16967.86
S02327,C02327,R071,D0583,P007,2024-06-21,2024-06-01,Ranchi,East,31,18765.57
S02328,C02328,R055,D0683,P001,2024-06-19,2024-06-01,Mumbai,West,15,11408.78
S02329,C02329,R023,D0187,P003,2024-06-10,2024-06-01,Ranchi,East,16,11419.79
S02330,C02330,R040,D0436,P003,2024-06-15,2024-06-01,Kochi,South,15,10548.25
S02331,C02331,R009,D0214,P002,2024-06-17,2024-06-01,Ahmedabad,West,28,14006.85
S02332,C02332,R028,D0291,P006,2024-06-21,2024-06-01,Lucknow,North,18,9181.17
S02333,C02333,R064,D0103,P001,2024-06-17,2024-06-01,Kochi,South,21,15712.88
S02334,C02334,R044,D0805,P007,2024-06-02,2024-06-01,Bhubaneswar,East,14,8008.28
S02335,C02335,R052,D0560,P007,2024-06-17,2024-06-01,Lucknow,North,36,18448.21
S02336,C02336,R059,D0770,P006,2024-06-11,2024-06-01,Nagpur,West,31,15552.73
S02337,C02337,R002,D0239,P001,2024-06-13,2024-06-01,Chandigarh,North,16,12324.84
S02338,C02338,R004,D0719,P005,2024-06-12,2024-06-01,Lucknow,North,28,13753.2
S02339,C02339,R019,D0449,P006,2024-06-11,2024-06-01,Kolkata,East,27,14491.16
S02340,C02340,R070,D0142,P003,2024-06-08,2024-06-01,Guwahati,East,27,18258.22
S02341,C02341,R035,D0354,P003,2024-06-10,2024-06-01,Nagpur,West,23,15740.07
S02342,C02342,R057,D0765,P004,2024-06-22,2024-06-01,Ahmedabad,West,19,17630.12
S02343,C02343,R027,D0671,P008,2024-06-07,2024-06-01,Jaipur,North,19,6228.23
S02344,C02344,R062,D0597,P001,2024-06-23,2024-06-01,Chennai,South,24,20016.13
S02345,C02345,R051,D0177,P005,2024-06-14,2024-06-01,Jaipur,North,17,7323.59
S02346,C02346,R033,D0629,P003,2024-06-19,2024-06-01,Ahmedabad,West,32,20605.29
S02347,C02347,R050,D0829,P005,2024-06-04,2024-06-01,Chandigarh,North,22,9801.91
S02348,C02348,R061,D0019,P001,2024-06-07,2024-06-01,Bengaluru,South,36,27305.74
S02349,C02349,R022,D0243,P008,2024-06-28,2024-06-01,Guwahati,East,18,5716.33
S02350,C02350,R017,D0053,P004,2024-06-25,2024-06-01,Coimbatore,South,14,13477.09
S02351,C02351,R046,D0066,P008,2024-06-03,2024-06-01,Guwahati,East,17,5683.53
S02352,C02352,R003,D0825,P002,2024-06-28,2024-06-01,Jaipur,North,45,25786.1
S02353,C02353,R068,D0321,P005,2024-06-26,2024-06-01,Bhubaneswar,East,31,14204.44
S02354,C02354,R029,D0146,P006,2024-06-05,2024-06-01,Ludhiana,North,27,13685.17
S02355,C02355,R011,D0079,P007,2024-06-08,2024-06-01,Nagpur,West,21,13180.45
S02356,C02356,R055,D0842,P001,2024-06-06,2024-06-01,Mumbai,West,28,22311.8
S02357,C02357,R019,D0399,P006,2024-06-26,2024-06-01,Kolkata,East,16,8336.03
S02358,C02358,R015,D0695,P002,2024-06-26,2024-06-01,Hyderabad,South,22,13257.13
S02359,C02359,R011,D0269,P004,2024-06-22,2024-06-01,Nagpur,West,24,21985.69
S02360,C02360,R038,D0504,P001,2024-06-08,2024-06-01,Chennai,South,23,17233.96
S02361,C02361,R034,D0724,P001,2024-06-28,2024-06-01,Surat,West,13,9783.12
S02362,C02362,R046,D0514,P007,2024-06-26,2024-06-01,Guwahati,East,18,11442.18
S02363,C02363,R014,D0468,P006,2024-06-27,2024-06-01,Chennai,South,54,28591.73
S02364,C02364,R045,D0206,P008,2024-06-11,2024-06-01,Patna,East,18,6041.87
S02365,C02365,R012,D0158,P006,2024-06-22,2024-06-01,Goa,West,12,6279.39
S02366,C02366,R013,D0416,P005,2024-06-21,2024-06-01,Bengaluru,South,19,8285.48
S02367,C02367,R011,D0420,P001,2024-06-05,2024-06-01,Nagpur,West,31,26037.85
S02368,C02368,R034,D0038,P007,2024-06-18,2024-06-01,Surat,West,12,7811.49
S02369,C02369,R030,D0167,P002,2024-06-17,2024-06-01,Dehradun,North,13,6884.65
S02370,C02370,R036,D0361,P001,2024-06-18,2024-06-01,Goa,West,15,11914.4
S02371,C02371,R061,D0087,P006,2024-06-11,2024-06-01,Bengaluru,South,18,9265.28
S02372,C02372,R012,D0506,P005,2024-06-21,2024-06-01,Goa,West,34,15349.45
S02373,C02373,R024,D0289,P002,2024-06-27,2024-06-01,Siliguri,East,24,12208.85
S02374,C02374,R010,D0197,P005,2024-06-19,2024-06-01,Surat,West,18,8517.83
S02375,C02375,R060,D0139,P006,2024-06-27,2024-06-01,Goa,West,29,13686.68
S02376,C02376,R036,D0427,P004,2024-06-24,2024-06-01,Goa,West,18,15543.1
S02377,C02377,R059,D0191,P006,2024-06-10,2024-06-01,Nagpur,West,18,9965.73
S02378,C02378,R015,D0533,P005,2024-06-23,2024-06-01,Hyderabad,South,30,14087.28
S02379,C02379,R053,D0828,P003,2024-06-21,2024-06-01,Ludhiana,North,22,14798.17
S02380,C02380,R002,D0810,P002,2024-06-29,2024-06-01,Chandigarh,North,24,12769.14
S02381,C02381,R010,D0490,P003,2024-06-11,2024-06-01,Surat,West,25,15211.87
S02382,C02382,R061,D0686,P007,2024-06-05,2024-06-01,Bengaluru,South,22,13697.98
S02383,C02383,R070,D0802,P003,2024-06-21,2024-06-01,Guwahati,East,15,10146.96
S02384,C02384,R054,D0627,P006,2024-06-19,2024-06-01,Dehradun,North,19,10074.78
S02385,C02385,R063,D0196,P003,2024-06-19,2024-06-01,Hyderabad,South,42,27175.84
S02386,C02386,R071,D0378,P005,2024-06-23,2024-06-01,Ranchi,East,28,12616.81
S02387,C02387,R052,D0680,P005,2024-06-16,2024-06-01,Lucknow,North,29,13718.92
S02388,C02388,R030,D0603,P004,2024-06-01,2024-06-01,Dehradun,North,17,14178.44
S02389,C02389,R020,D0355,P006,2024-06-27,2024-06-01,Bhubaneswar,East,21,11145.4
S02390,C02390,R041,D0130,P008,2024-06-09,2024-06-01,Coimbatore,South,21,6666.15
S02391,C02391,R045,D0084,P007,2024-06-08,2024-06-01,Patna,East,19,11759.81
S02392,C02392,R060,D0318,P008,2024-06-25,2024-06-01,Goa,West,21,7495.39
S02393,C02393,R037,D0663,P001,2024-06-24,2024-06-01,Bengaluru,South,34,26159.44
S02394,C02394,R006,D0544,P007,2024-06-16,2024-06-01,Dehradun,North,10,6142.49
S02395,C02395,R032,D0129,P006,2024-06-21,2024-06-01,Pune,West,38,19409.03
S02396,C02396,R066,D0703,P004,2024-06-03,2024-06-01,Vijayawada,South,33,26464.05
S02397,C02397,R001,D0346,P003,2024-06-09,2024-06-01,North Delhi,North,18,12243.21
S02398,C02398,R023,D0322,P001,2024-06-08,2024-06-01,Ranchi,East,22,15154.15
S02399,C02399,R051,D0690,P007,2024-06-13,2024-06-01,Jaipur,North,24,15194.47
S02400,C02400,R046,D0301,P007,2024-06-11,2024-06-01,Guwahati,East,13,7655.78
S02401,C02401,R019,D0526,P001,2024-06-03,2024-06-01,Kolkata,East,25,18780.21
S02402,C02402,R034,D0734,P005,2024-06-21,2024-06-01,Surat,West,16,7345.85
S02403,C02403,R055,D0476,P005,2024-06-18,2024-06-01,Mumbai,West,27,11596.67
S02404,C02404,R062,D0487,P002,2024-06-12,2024-06-01,Chennai,South,22,11813.46
S02405,C02405,R043,D0264,P005,2024-06-27,2024-06-01,Kolkata,East,15,6521.92
S02406,C02406,R057,D0811,P007,2024-06-11,2024-06-01,Ahmedabad,West,16,9130.81
S02407,C02407,R058,D0068,P003,2024-06-04,2024-06-01,Surat,West,26,16972.58
S02408,C02408,R057,D0250,P006,2024-06-26,2024-06-01,Ahmedabad,West,22,11906.39
S02409,C02409,R047,D0850,P008,2024-06-04,2024-06-01,Ranchi,East,14,4641.78
S02410,C02410,R065,D0470,P004,2024-06-03,2024-06-01,Coimbatore,South,15,12987.03
S02411,C02411,R069,D0085,P001,2024-06-15,2024-06-01,Patna,East,12,9283.38
S02412,C02412,R004,D0297,P003,2024-06-18,2024-06-01,Lucknow,North,25,16052.03
S02413,C02413,R009,D0214,P002,2024-06-09,2024-06-01,Ahmedabad,West,25,12693.9
S02414,C02414,R008,D0477,P003,2024-06-26,2024-06-01,Pune,West,37,23141.37
S02415,C02415,R069,D0213,P006,2024-06-09,2024-06-01,Patna,East,16,8267.99
S02416,C02416,R015,D0302,P002,2024-06-29,2024-06-01,Hyderabad,South,27,14047.61
S02417,C02417,R024,D0726,P005,2024-06-20,2024-06-01,Siliguri,East,19,8713.5
S02418,C02418,R070,D0063,P008,2024-06-06,2024-06-01,Guwahati,East,25,7591.73
S02419,C02419,R030,D0649,P003,2024-06-13,2024-06-01,Dehradun,North,15,10291.93
S02420,C02420,R005,D0054,P008,2024-06-03,2024-06-01,Ludhiana,North,18,5944.03
S02421,C02421,R016,D0400,P003,2024-06-26,2024-06-01,Kochi,South,21,14938.75
S02422,C02422,R017,D0531,P005,2024-06-20,2024-06-01,Coimbatore,South,23,11300.29
S02423,C02423,R023,D0843,P002,2024-06-13,2024-06-01,Ranchi,East,17,8756.97
S02424,C02424,R062,D0198,P003,2024-06-21,2024-06-01,Chennai,South,30,18948.65
S02425,C02425,R068,D0086,P007,2024-06-19,2024-06-01,Bhubaneswar,East,36,22345.8
S02426,C02426,R052,D0584,P005,2024-06-18,2024-06-01,Lucknow,North,22,9671.52
S02427,C02427,R031,D0768,P005,2024-06-12,2024-06-01,Mumbai,West,39,18151.01
S02428,C02428,R009,D0510,P005,2024-06-11,2024-06-01,Ahmedabad,West,23,10396.85
S02429,C02429,R068,D0086,P002,2024-06-08,2024-06-01,Bhubaneswar,East,24,13553.98
S02430,C02430,R029,D0453,P008,2024-06-24,2024-06-01,Ludhiana,North,18,6032.24
S02431,C02431,R016,D0372,P004,2024-06-15,2024-06-01,Kochi,South,10,8763.65
S02432,C02432,R028,D0313,P001,2024-06-15,2024-06-01,Lucknow,North,23,16298.98
S02433,C02433,R063,D0011,P008,2024-06-22,2024-06-01,Hyderabad,South,28,9412.65
S02434,C02434,R063,D0223,P001,2024-06-16,2024-06-01,Hyderabad,South,29,21928.85
S02435,C02435,R062,D0786,P008,2024-06-29,2024-06-01,Chennai,South,27,8629.86
S02436,C02436,R037,D0019,P003,2024-06-08,2024-06-01,Bengaluru,South,42,27530.52
S02437,C02437,R053,D0824,P001,2024-06-02,2024-06-01,Ludhiana,North,16,12719.69
S02438,C02438,R047,D0404,P002,2024-06-13,2024-06-01,Ranchi,East,17,8894.32
S02439,C02439,R026,D0582,P006,2024-06-16,2024-06-01,Chandigarh,North,22,10592.43
S02440,C02440,R010,D0755,P005,2024-06-25,2024-06-01,Surat,West,17,7879.26
S02441,C02441,R021,D0206,P002,2024-06-20,2024-06-01,Patna,East,11,6185.47
S02442,C02442,R054,D0837,P003,2024-06-29,2024-06-01,Dehradun,North,21,13774.62
S02443,C02443,R023,D0224,P002,2024-06-03,2024-06-01,Ranchi,East,19,10195.23
S02444,C02444,R049,D0294,P006,2024-06-17,2024-06-01,North Delhi,North,55,26385.91
S02445,C02445,R024,D0385,P007,2024-06-25,2024-06-01,Siliguri,East,18,11262.22
S02446,C02446,R041,D0505,P003,2024-06-16,2024-06-01,Coimbatore,South,55,37364.25
S02447,C02447,R043,D0220,P008,2024-06-09,2024-06-01,Kolkata,East,9,2864.56
S02448,C02448,R046,D0650,P004,2024-06-24,2024-06-01,Guwahati,East,20,16932.82
S02449,C02449,R068,D0034,P001,2024-06-27,2024-06-01,Bhubaneswar,East,17,13314.26
S02450,C02450,R033,D0629,P003,2024-06-08,2024-06-01,Ahmedabad,West,26,17302.33
S02451,C02451,R023,D0516,P007,2024-06-17,2024-06-01,Ranchi,East,37,22523.76
S02452,C02452,R028,D0363,P007,2024-06-25,2024-06-01,Lucknow,North,25,14424.12
S02453,C02453,R010,D0423,P006,2024-06-05,2024-06-01,Surat,West,23,11878.77
S02454,C02454,R017,D0606,P004,2024-06-01,2024-06-01,Coimbatore,South,19,17047.53
S02455,C02455,R038,D0754,P007,2024-06-23,2024-06-01,Chennai,South,31,19305.94
S02456,C02456,R072,D0160,P006,2024-06-23,2024-06-01,Siliguri,East,20,10130.5
S02457,C02457,R049,D0440,P007,2024-06-05,2024-06-01,North Delhi,North,20,12982.97
S02458,C02458,R014,D0473,P005,2024-06-18,2024-06-01,Chennai,South,13,5979.43
S02459,C02459,R018,D0249,P005,2024-06-22,2024-06-01,Vijayawada,South,37,18207.16
S02460,C02460,R069,D0832,P008,2024-06-29,2024-06-01,Patna,East,16,5177.05
S02461,C02461,R038,D0468,P008,2024-06-25,2024-06-01,Chennai,South,33,9948.41
S02462,C02462,R042,D0414,P005,2024-06-07,2024-06-01,Vijayawada,South,32,15335.16
S02463,C02463,R037,D0117,P002,2024-06-18,2024-06-01,Bengaluru,South,33,17495.5
S02464,C02464,R004,D0297,P004,2024-06-22,2024-06-01,Lucknow,North,26,22626.17
S02465,C02465,R058,D0426,P005,2024-06-09,2024-06-01,Surat,West,36,17419.54
S02466,C02466,R035,D0397,P006,2024-06-05,2024-06-01,Nagpur,West,31,14822.34
S02467,C02467,R013,D0660,P003,2024-06-14,2024-06-01,Bengaluru,South,31,18667.92
S02468,C02468,R070,D0082,P001,2024-06-22,2024-06-01,Guwahati,East,18,13886.18
S02469,C02469,R003,D0159,P007,2024-06-16,2024-06-01,Jaipur,North,38,23529.38
S02470,C02470,R022,D0243,P008,2024-06-19,2024-06-01,Guwahati,East,14,4674.33
S02471,C02471,R057,D0277,P001,2024-06-20,2024-06-01,Ahmedabad,West,11,8642.14
S02472,C02472,R050,D0723,P003,2024-06-29,2024-06-01,Chandigarh,North,26,15228.92
S02473,C02473,R032,D0659,P004,2024-06-20,2024-06-01,Pune,West,25,21169.77
S02474,C02474,R034,D0306,P007,2024-06-05,2024-06-01,Surat,West,15,8573.7
S02475,C02475,R023,D0378,P007,2024-06-13,2024-06-01,Ranchi,East,28,15470.04
S02476,C02476,R035,D0274,P003,2024-06-06,2024-06-01,Nagpur,West,35,22903.47
S02477,C02477,R007,D0476,P003,2024-06-23,2024-06-01,Mumbai,West,26,17598.36
S02478,C02478,R017,D0561,P004,2024-06-30,2024-06-01,Coimbatore,South,12,11198.63
S02479,C02479,R027,D0656,P002,2024-06-24,2024-06-01,Jaipur,North,21,11621.47
S02480,C02480,R048,D0738,P004,2024-06-08,2024-06-01,Siliguri,East,26,22494.31
S02481,C02481,R053,D0550,P003,2024-06-21,2024-06-01,Ludhiana,North,16,11131.49
S02482,C02482,R040,D0360,P001,2024-06-01,2024-06-01,Kochi,South,29,22382.06
S02483,C02483,R011,D0079,P006,2024-06-09,2024-06-01,Nagpur,West,28,14323.17
S02484,C02484,R065,D0561,P007,2024-06-10,2024-06-01,Coimbatore,South,18,10616.42
S02485,C02485,R006,D0708,P003,2024-06-15,2024-06-01,Dehradun,North,15,9778.7
S02486,C02486,R060,D0506,P004,2024-06-10,2024-06-01,Goa,West,46,40077.83
S02487,C02487,R025,D0793,P004,2024-06-13,2024-06-01,North Delhi,North,23,19056.02
S02488,C02488,R032,D0366,P001,2024-06-01,2024-06-01,Pune,West,19,15292.04
S02489,C02489,R071,D0039,P005,2024-06-25,2024-06-01,Ranchi,East,14,6493.99
S02490,C02490,R003,D0615,P004,2024-06-12,2024-06-01,Jaipur,North,18,16656.71
S02491,C02491,R022,D0082,P008,2024-06-25,2024-06-01,Guwahati,East,9,2778.63
S02492,C02492,R004,D0048,P003,2024-06-02,2024-06-01,Lucknow,North,20,13665.61
S02493,C02493,R067,D0631,P007,2024-06-26,2024-06-01,Kolkata,East,15,8432.29
S02494,C02494,R014,D0381,P004,2024-06-19,2024-06-01,Chennai,South,32,29251.01
S02495,C02495,R051,D0594,P002,2024-06-07,2024-06-01,Jaipur,North,18,10048.44
S02496,C02496,R060,D0704,P003,2024-06-23,2024-06-01,Goa,West,27,16894.7
S02497,C02497,R057,D0324,P008,2024-06-23,2024-06-01,Ahmedabad,West,23,7770.96
S02498,C02498,R001,D0573,P003,2024-06-22,2024-06-01,North Delhi,North,21,14940.03
S02499,C02499,R067,D0457,P007,2024-06-27,2024-06-01,Kolkata,East,23,13626.75
S02500,C02500,R027,D0565,P006,2024-06-29,2024-06-01,Jaipur,North,14,7657.44
S02501,C02501,R065,D0561,P006,2024-06-05,2024-06-01,Coimbatore,South,15,6999.1
S02502,C02502,R040,D0372,P007,2024-06-09,2024-06-01,Kochi,South,22,13328.57
S02503,C02503,R034,D0362,P005,2024-06-02,2024-06-01,Surat,West,21,8397.38
S02504,C02504,R051,D0594,P005,2024-06-02,2024-06-01,Jaipur,North,19,9146.26
S02505,C02505,R014,D0110,P001,2024-06-04,2024-06-01,Chennai,South,39,28092.34
S02506,C02506,R017,D0163,P006,2024-06-21,2024-06-01,Coimbatore,South,19,8744.64
S02507,C02507,R012,D0118,P006,2024-06-19,2024-06-01,Goa,West,21,10850.48
S02508,C02508,R043,D0140,P001,2024-06-02,2024-06-01,Kolkata,East,17,13947.05
S02509,C02509,R037,D0272,P005,2024-06-13,2024-06-01,Bengaluru,South,28,12619.51
S02510,C02510,R026,D0829,P005,2024-06-04,2024-06-01,Chandigarh,North,25,11578.38
S02511,C02511,R064,D0787,P003,2024-06-06,2024-06-01,Kochi,South,32,22980.57
S02512,C02512,R058,D0575,P001,2024-06-02,2024-06-01,Surat,West,30,22287.7
S02513,C02513,R048,D0467,P001,2024-06-16,2024-06-01,Siliguri,East,23,17059.65
S02514,C02514,R016,D0237,P002,2024-06-03,2024-06-01,Kochi,South,15,8539.68
S02515,C02515,R056,D0371,P002,2024-06-24,2024-06-01,Pune,West,15,8190.85
S02516,C02516,R059,D0668,P002,2024-06-28,2024-06-01,Nagpur,West,33,19089.53
S02517,C02517,R020,D0774,P005,2024-06-26,2024-06-01,Bhubaneswar,East,24,10324.75
S02518,C02518,R025,D0819,P004,2024-06-25,2024-06-01,North Delhi,North,30,24311.84
S02519,C02519,R040,D0372,P001,2024-06-23,2024-06-01,Kochi,South,19,13757.33
S02520,C02520,R048,D0389,P001,2024-06-28,2024-06-01,Siliguri,East,27,21804.17
S02521,C02521,R066,D0405,P006,2024-06-27,2024-06-01,Vijayawada,South,31,16759.04
S02522,C02522,R040,D0067,P008,2024-06-07,2024-06-01,Kochi,South,17,5731.23
S02523,C02523,R033,D0121,P007,2024-06-19,2024-06-01,Ahmedabad,West,22,13792.68
S02524,C02524,R034,D0038,P007,2024-06-10,2024-06-01,Surat,West,15,9723.16
S02525,C02525,R044,D0646,P003,2024-06-26,2024-06-01,Bhubaneswar,East,8,5119.65
S02526,C02526,R035,D0240,P006,2024-06-01,2024-06-01,Nagpur,West,30,13780.83
S02527,C02527,R045,D0518,P001,2024-06-13,2024-06-01,Patna,East,11,7886.36
S02528,C02528,R058,D0231,P002,2024-06-12,2024-06-01,Surat,West,18,9013.74
S02529,C02529,R029,D0731,P002,2024-06-26,2024-06-01,Ludhiana,North,22,10730.53
S02530,C02530,R052,D0128,P002,2024-06-09,2024-06-01,Lucknow,North,35,17614.31
S02531,C02531,R048,D0289,P003,2024-06-27,2024-06-01,Siliguri,East,15,9441.89
S02532,C02532,R039,D0179,P001,2024-06-15,2024-06-01,Hyderabad,South,12,9643.97
S02533,C02533,R013,D0272,P007,2024-06-21,2024-06-01,Bengaluru,South,19,11760.54
S02534,C02534,R025,D0552,P006,2024-06-16,2024-06-01,North Delhi,North,23,12614.72
S02535,C02535,R035,D0191,P006,2024-06-13,2024-06-01,Nagpur,West,16,7654.24
S02536,C02536,R007,D0579,P002,2024-06-10,2024-06-01,Mumbai,West,13,7150.97
S02537,C02537,R059,D0826,P007,2024-06-09,2024-06-01,Nagpur,West,26,16903.64
S02538,C02538,R045,D0008,P001,2024-06-20,2024-06-01,Patna,East,12,9120.9
S02539,C02539,R019,D0041,P008,2024-06-10,2024-06-01,Kolkata,East,11,3441.64
S02540,C02540,R067,D0797,P006,2024-06-26,2024-06-01,Kolkata,East,13,7088.05
S02541,C02541,R047,D0516,P002,2024-06-04,2024-06-01,Ranchi,East,16,8486.26
S02542,C02542,R014,D0754,P002,2024-06-07,2024-06-01,Chennai,South,49,28356.16
S02543,C02543,R055,D0588,P006,2024-06-02,2024-06-01,Mumbai,West,23,10861.11
S02544,C02544,R051,D0656,P007,2024-06-26,2024-06-01,Jaipur,North,21,13847.07
S02545,C02545,R004,D0155,P004,2024-06-13,2024-06-01,Lucknow,North,13,12297.42
S02546,C02546,R053,D0453,P001,2024-06-02,2024-06-01,Ludhiana,North,22,16339.42
S02547,C02547,R021,D0248,P004,2024-06-02,2024-06-01,Patna,East,10,8762.84
S02548,C02548,R015,D0743,P004,2024-06-28,2024-06-01,Hyderabad,South,27,22538.86
S02549,C02549,R025,D0032,P003,2024-06-27,2024-06-01,North Delhi,North,12,7724.54
S02550,C02550,R006,D0006,P008,2024-06-09,2024-06-01,Dehradun,North,13,3834.72
S02551,C02551,R055,D0536,P003,2024-06-20,2024-06-01,Mumbai,West,21,12626.37
S02552,C02552,R013,D0827,P002,2024-06-08,2024-06-01,Bengaluru,South,34,17208.92
S02553,C02553,R068,D0847,P006,2024-06-26,2024-06-01,Bhubaneswar,East,14,7510.15
S02554,C02554,R049,D0553,P005,2024-06-22,2024-06-01,North Delhi,North,17,7092.69
S02555,C02555,R028,D0297,P005,2024-06-14,2024-06-01,Lucknow,North,27,13272.49
S02556,C02556,R039,D0196,P005,2024-06-28,2024-06-01,Hyderabad,South,41,19722.41
S02557,C02557,R052,D0830,P003,2024-06-07,2024-06-01,Lucknow,North,22,15476.44
S02558,C02558,R071,D0134,P003,2024-06-30,2024-06-01,Ranchi,East,12,8056.51
S02559,C02559,R067,D0076,P001,2024-06-09,2024-06-01,Kolkata,East,19,16042.02
S02560,C02560,R061,D0341,P002,2024-06-27,2024-06-01,Bengaluru,South,18,9022.93
S02561,C02561,R038,D0347,P005,2024-06-26,2024-06-01,Chennai,South,22,10812.38
S02562,C02562,R047,D0378,P004,2024-06-17,2024-06-01,Ranchi,East,25,25633.61
S02563,C02563,R038,D0754,P006,2024-06-04,2024-06-01,Chennai,South,36,18118.1
S02564,C02564,R018,D0211,P007,2024-06-23,2024-06-01,Vijayawada,South,27,16424.42
S02565,C02565,R052,D0719,P005,2024-06-21,2024-06-01,Lucknow,North,36,15797.07
S02566,C02566,R049,D0133,P001,2024-06-26,2024-06-01,North Delhi,North,38,29738.38
S02567,C02567,R003,D0226,P001,2024-06-07,2024-06-01,Jaipur,North,11,8659.86
S02568,C02568,R030,D0006,P002,2024-06-08,2024-06-01,Dehradun,North,13,6190.58
S02569,C02569,R045,D0518,P003,2024-06-11,2024-06-01,Patna,East,13,8842.56
S02570,C02570,R026,D0762,P001,2024-06-12,2024-06-01,Chandigarh,North,15,12349.12
S02571,C02571,R008,D0697,P007,2024-06-01,2024-06-01,Pune,West,21,12245.61
S02572,C02572,R050,D0184,P003,2024-06-05,2024-06-01,Chandigarh,North,21,13565.88
S02573,C02573,R041,D0617,P006,2024-06-15,2024-06-01,Coimbatore,South,18,9569.33
S02574,C02574,R054,D0136,P002,2024-06-30,2024-06-01,Dehradun,North,13,6693.85
S02575,C02575,R018,D0437,P001,2024-06-04,2024-06-01,Vijayawada,South,20,16179.75
S02576,C02576,R066,D0481,P002,2024-06-08,2024-06-01,Vijayawada,South,33,18074.89
S02577,C02577,R013,D0075,P004,2024-06-26,2024-06-01,Bengaluru,South,34,33792.69
S02578,C02578,R041,D0053,P004,2024-06-02,2024-06-01,Coimbatore,South,26,22991.69
S02579,C02579,R072,D0057,P004,2024-06-03,2024-06-01,Siliguri,East,16,13859.93
S02580,C02580,R024,D0568,P008,2024-06-27,2024-06-01,Siliguri,East,37,11986.3
S02581,C02581,R005,D0598,P006,2024-06-08,2024-06-01,Ludhiana,North,35,17953.23
S02582,C02582,R064,D0103,P006,2024-06-10,2024-06-01,Kochi,South,16,8825.84
S02583,C02583,R072,D0396,P001,2024-06-01,2024-06-01,Siliguri,East,16,13465.58
S02584,C02584,R045,D0682,P004,2024-06-13,2024-06-01,Patna,East,29,24868.49
S02585,C02585,R053,D0222,P005,2024-06-30,2024-06-01,Ludhiana,North,33,15034.11
S02586,C02586,R058,D0423,P005,2024-06-30,2024-06-01,Surat,West,21,9324.5
S02587,C02587,R066,D0229,P008,2024-06-20,2024-06-01,Vijayawada,South,25,7651.3
S02588,C02588,R027,D0192,P004,2024-06-21,2024-06-01,Jaipur,North,22,16387.73
S02589,C02589,R053,D0382,P003,2024-06-20,2024-06-01,Ludhiana,North,26,18609.02
S02590,C02590,R002,D0303,P008,2024-06-21,2024-06-01,Chandigarh,North,12,3711.3
S02591,C02591,R049,D0488,P003,2024-06-16,2024-06-01,North Delhi,North,38,24520.58
S02592,C02592,R038,D0115,P005,2024-06-07,2024-06-01,Chennai,South,25,13092.84
S02593,C02593,R019,D0345,P001,2024-07-27,2024-07-01,Kolkata,East,25,18875.81
S02594,C02594,R002,D0628,P002,2024-07-28,2024-07-01,Chandigarh,North,19,10166.08
S02595,C02595,R042,D0316,P001,2024-07-05,2024-07-01,Vijayawada,South,38,30035.92
S02596,C02596,R028,D0454,P004,2024-07-03,2024-07-01,Lucknow,North,14,12670.63
S02597,C02597,R025,D0089,P008,2024-07-25,2024-07-01,North Delhi,North,46,14264.66
S02598,C02598,R001,D0094,P001,2024-07-02,2024-07-01,North Delhi,North,20,16476.16
S02599,C02599,R024,D0620,P008,2024-07-26,2024-07-01,Siliguri,East,28,9031.94
S02600,C02600,R054,D0512,P007,2024-07-31,2024-07-01,Dehradun,North,10,6134.26
S02601,C02601,R030,D0587,P001,2024-07-02,2024-07-01,Dehradun,North,19,14320.76
S02602,C02602,R039,D0576,P001,2024-07-25,2024-07-01,Hyderabad,South,22,17047.96
S02603,C02603,R037,D0075,P008,2024-07-05,2024-07-01,Bengaluru,South,30,10067.86
S02604,C02604,R040,D0798,P005,2024-07-09,2024-07-01,Kochi,South,35,16887.29
S02605,C02605,R033,D0328,P002,2024-07-17,2024-07-01,Ahmedabad,West,33,17437.67
S02606,C02606,R053,D0816,P008,2024-07-22,2024-07-01,Ludhiana,North,22,6767.55
S02607,C02607,R038,D0381,P005,2024-07-03,2024-07-01,Chennai,South,33,15846.8
S02608,C02608,R021,D0283,P006,2024-07-04,2024-07-01,Patna,East,26,13459.77
S02609,C02609,R043,D0524,P006,2024-07-09,2024-07-01,Kolkata,East,12,6388.31
S02610,C02610,R010,D0112,P002,2024-07-22,2024-07-01,Surat,West,26,13359.82
S02611,C02611,R011,D0555,P003,2024-07-13,2024-07-01,Nagpur,West,26,17141.59
S02612,C02612,R013,D0839,P002,2024-07-09,2024-07-01,Bengaluru,South,35,19730.96
S02613,C02613,R031,D0569,P005,2024-07-05,2024-07-01,Mumbai,West,37,16413.99
S02614,C02614,R069,D0009,P008,2024-07-31,2024-07-01,Patna,East,23,8054.51
S02615,C02615,R048,D0523,P006,2024-07-22,2024-07-01,Siliguri,East,39,21511.26
S02616,C02616,R030,D0059,P006,2024-07-31,2024-07-01,Dehradun,North,20,10096.04
S02617,C02617,R006,D0095,P002,2024-07-16,2024-07-01,Dehradun,North,25,13367.21
S02618,C02618,R007,D0349,P005,2024-07-26,2024-07-01,Mumbai,West,27,12619.45
S02619,C02619,R064,D0344,P008,2024-07-20,2024-07-01,Kochi,South,32,10327.03
S02620,C02620,R053,D0001,P001,2024-07-17,2024-07-01,Ludhiana,North,17,14065.28
S02621,C02621,R055,D0010,P002,2024-07-15,2024-07-01,Mumbai,West,48,24778.44
S02622,C02622,R010,D0640,P006,2024-07-16,2024-07-01,Surat,West,20,9756.19
S02623,C02623,R046,D0392,P001,2024-07-13,2024-07-01,Guwahati,East,18,14230.23
S02624,C02624,R026,D0184,P002,2024-07-20,2024-07-01,Chandigarh,North,13,7193.72
S02625,C02625,R051,D0296,P008,2024-07-16,2024-07-01,Jaipur,North,18,5749.66
S02626,C02626,R038,D0597,P001,2024-07-31,2024-07-01,Chennai,South,21,17113.42
S02627,C02627,R056,D0622,P004,2024-07-28,2024-07-01,Pune,West,18,17115.25
S02628,C02628,R019,D0218,P003,2024-07-15,2024-07-01,Kolkata,East,17,11639.15
S02629,C02629,R002,D0184,P004,2024-07-13,2024-07-01,Chandigarh,North,25,22662.99
S02630,C02630,R014,D0776,P003,2024-07-24,2024-07-01,Chennai,South,37,24155.59
S02631,C02631,R018,D0437,P003,2024-07-20,2024-07-01,Vijayawada,South,14,9274.66
S02632,C02632,R050,D0838,P007,2024-07-08,2024-07-01,Chandigarh,North,20,11366.58
S02633,C02633,R065,D0384,P001,2024-07-26,2024-07-01,Coimbatore,South,30,22008.21
S02634,C02634,R070,D0066,P002,2024-07-22,2024-07-01,Guwahati,East,26,14923.62
S02635,C02635,R008,D0402,P003,2024-07-20,2024-07-01,Pune,West,34,24407.56
S02636,C02636,R050,D0261,P007,2024-07-25,2024-07-01,Chandigarh,North,10,5683.3
S02637,C02637,R039,D0576,P004,2024-07-08,2024-07-01,Hyderabad,South,20,18286.39
S02638,C02638,R052,D0560,P001,2024-07-25,2024-07-01,Lucknow,North,25,18013.54
S02639,C02639,R053,D0052,P005,2024-07-04,2024-07-01,Ludhiana,North,29,14439.2
S02640,C02640,R026,D0582,P006,2024-07-25,2024-07-01,Chandigarh,North,16,8153.19
S02641,C02641,R058,D0225,P004,2024-07-19,2024-07-01,Surat,West,43,43090.64
S02642,C02642,R060,D0539,P001,2024-07-19,2024-07-01,Goa,West,26,19634.46
S02643,C02643,R019,D0345,P008,2024-07-23,2024-07-01,Kolkata,East,26,8107.95
S02644,C02644,R068,D0546,P007,2024-07-10,2024-07-01,Bhubaneswar,East,10,6221.87
S02645,C02645,R039,D0563,P008,2024-07-24,2024-07-01,Hyderabad,South,22,7358.1
S02646,C02646,R008,D0300,P008,2024-07-01,2024-07-01,Pune,West,21,6992.58
S02647,C02647,R057,D0181,P003,2024-07-22,2024-07-01,Ahmedabad,West,16,11074.27
S02648,C02648,R039,D0563,P004,2024-07-25,2024-07-01,Hyderabad,South,34,29918.04
S02649,C02649,R061,D0827,P008,2024-07-01,2024-07-01,Bengaluru,South,28,9401.51
S02650,C02650,R015,D0374,P004,2024-07-22,2024-07-01,Hyderabad,South,36,35602.12
S02651,C02651,R013,D0839,P007,2024-07-24,2024-07-01,Bengaluru,South,43,27280.79
S02652,C02652,R054,D0167,P006,2024-07-17,2024-07-01,Dehradun,North,14,6847.98
S02653,C02653,R001,D0751,P008,2024-07-19,2024-07-01,North Delhi,North,15,4902.47
S02654,C02654,R016,D0831,P001,2024-07-02,2024-07-01,Kochi,South,21,14776.63
S02655,C02655,R040,D0344,P006,2024-07-31,2024-07-01,Kochi,South,24,12669.84
S02656,C02656,R021,D0085,P007,2024-07-30,2024-07-01,Patna,East,13,7268.86
S02657,C02657,R061,D0489,P002,2024-07-24,2024-07-01,Bengaluru,South,25,13984.84
S02658,C02658,R020,D0722,P006,2024-07-01,2024-07-01,Bhubaneswar,East,21,10688.4
S02659,C02659,R067,D0024,P002,2024-07-14,2024-07-01,Kolkata,East,25,14178.24
S02660,C02660,R011,D0567,P008,2024-07-26,2024-07-01,Nagpur,West,14,4490.87
S02661,C02661,R042,D0675,P008,2024-07-21,2024-07-01,Vijayawada,South,17,5824.42
S02662,C02662,R031,D0023,P001,2024-07-29,2024-07-01,Mumbai,West,52,41721.02
S02663,C02663,R045,D0386,P005,2024-07-20,2024-07-01,Patna,East,22,10677.42
S02664,C02664,R016,D0067,P004,2024-07-23,2024-07-01,Kochi,South,15,13093.62
S02665,C02665,R048,D0147,P008,2024-07-11,2024-07-01,Siliguri,East,20,6260.24
S02666,C02666,R035,D0428,P003,2024-07-26,2024-07-01,Nagpur,West,26,15964.1
S02667,C02667,R042,D0249,P006,2024-07-17,2024-07-01,Vijayawada,South,30,14429.76
S02668,C02668,R024,D0057,P001,2024-07-25,2024-07-01,Siliguri,East,21,16459.39
S02669,C02669,R068,D0684,P002,2024-07-07,2024-07-01,Bhubaneswar,East,16,8668.3
S02670,C02670,R004,D0186,P008,2024-07-09,2024-07-01,Lucknow,North,26,8487.25
S02671,C02671,R012,D0804,P004,2024-07-03,2024-07-01,Goa,West,22,18905.44
S02672,C02672,R025,D0113,P007,2024-07-21,2024-07-01,North Delhi,North,20,12303.83
S02673,C02673,R054,D0532,P008,2024-07-23,2024-07-01,Dehradun,North,19,6489.37
S02674,C02674,R037,D0614,P008,2024-07-09,2024-07-01,Bengaluru,South,50,16347.05
S02675,C02675,R023,D0364,P001,2024-07-12,2024-07-01,Ranchi,East,26,20320.65
S02676,C02676,R030,D0450,P002,2024-07-18,2024-07-01,Dehradun,North,18,9859.04
S02677,C02677,R040,D0592,P006,2024-07-24,2024-07-01,Kochi,South,16,8667.55
S02678,C02678,R011,D0028,P008,2024-07-10,2024-07-01,Nagpur,West,26,8392.42
S02679,C02679,R019,D0702,P008,2024-07-16,2024-07-01,Kolkata,East,11,3428.6
S02680,C02680,R050,D0664,P006,2024-07-06,2024-07-01,Chandigarh,North,17,8449.19
S02681,C02681,R033,D0717,P001,2024-07-26,2024-07-01,Ahmedabad,West,35,26557.27
S02682,C02682,R072,D0348,P006,2024-07-28,2024-07-01,Siliguri,East,10,4954.86
S02683,C02683,R001,D0299,P003,2024-07-23,2024-07-01,North Delhi,North,16,10976.96
S02684,C02684,R047,D0472,P007,2024-07-26,2024-07-01,Ranchi,East,18,11913.61
S02685,C02685,R006,D0591,P005,2024-07-24,2024-07-01,Dehradun,North,23,10363.86
S02686,C02686,R064,D0787,P002,2024-07-26,2024-07-01,Kochi,South,52,26813.36
S02687,C02687,R056,D0659,P007,2024-07-14,2024-07-01,Pune,West,28,15995.15
S02688,C02688,R030,D0059,P008,2024-07-07,2024-07-01,Dehradun,North,23,7995.33
S02689,C02689,R066,D0100,P005,2024-07-30,2024-07-01,Vijayawada,South,25,12055.72
S02690,C02690,R008,D0784,P007,2024-07-01,2024-07-01,Pune,West,28,16498.41
S02691,C02691,R070,D0301,P001,2024-07-13,2024-07-01,Guwahati,East,14,10996.6
S02692,C02692,R034,D0410,P003,2024-07-23,2024-07-01,Surat,West,24,16951.16
S02693,C02693,R011,D0079,P002,2024-07-25,2024-07-01,Nagpur,West,35,18839.81
S02694,C02694,R026,D0151,P003,2024-07-22,2024-07-01,Chandigarh,North,18,12392.41
S02695,C02695,R066,D0368,P004,2024-07-16,2024-07-01,Vijayawada,South,24,21193.27
S02696,C02696,R002,D0681,P004,2024-07-29,2024-07-01,Chandigarh,North,31,27182.43
S02697,C02697,R017,D0617,P003,2024-07-08,2024-07-01,Coimbatore,South,14,8016.25
S02698,C02698,R058,D0724,P005,2024-07-05,2024-07-01,Surat,West,17,7661.81
S02699,C02699,R026,D0184,P002,2024-07-20,2024-07-01,Chandigarh,North,20,10510.49
S02700,C02700,R033,D0181,P003,2024-07-10,2024-07-01,Ahmedabad,West,33,22346.73
S02701,C02701,R062,D0469,P007,2024-07-15,2024-07-01,Chennai,South,17,10499.49
S02702,C02702,R018,D0407,P005,2024-07-15,2024-07-01,Vijayawada,South,19,8826.43
S02703,C02703,R070,D0058,P001,2024-07-09,2024-07-01,Guwahati,East,34,27783.03
S02704,C02704,R041,D0462,P003,2024-07-31,2024-07-01,Coimbatore,South,34,19817.4
S02705,C02705,R013,D0761,P007,2024-07-12,2024-07-01,Bengaluru,South,27,16429.23
S02706,C02706,R018,D0100,P002,2024-07-21,2024-07-01,Vijayawada,South,30,15252.48
S02707,C02707,R024,D0612,P008,2024-07-05,2024-07-01,Siliguri,East,27,8099.32
S02708,C02708,R017,D0462,P003,2024-07-31,2024-07-01,Coimbatore,South,17,11056.99
S02709,C02709,R010,D0367,P006,2024-07-31,2024-07-01,Surat,West,21,10721.59
S02710,C02710,R019,D0562,P004,2024-07-03,2024-07-01,Kolkata,East,24,21896.51
S02711,C02711,R022,D0577,P006,2024-07-20,2024-07-01,Guwahati,East,17,8859.01
S02712,C02712,R059,D0567,P007,2024-07-19,2024-07-01,Nagpur,West,10,5847.92
S02713,C02713,R049,D0089,P002,2024-07-06,2024-07-01,North Delhi,North,45,24060.61
S02714,C02714,R070,D0228,P003,2024-07-24,2024-07-01,Guwahati,East,25,17685.58
S02715,C02715,R037,D0700,P005,2024-07-24,2024-07-01,Bengaluru,South,22,10936.64
S02716,C02716,R019,D0021,P003,2024-07-27,2024-07-01,Kolkata,East,16,10397.96
S02717,C02717,R072,D0568,P004,2024-07-19,2024-07-01,Siliguri,East,19,16988.51
S02718,C02718,R013,D0341,P008,2024-07-22,2024-07-01,Bengaluru,South,20,6113.19
S02719,C02719,R004,D0128,P002,2024-07-23,2024-07-01,Lucknow,North,42,23844.94
S02720,C02720,R021,D0084,P002,2024-07-24,2024-07-01,Patna,East,19,11448.12
S02721,C02721,R027,D0825,P005,2024-07-19,2024-07-01,Jaipur,North,37,16564.57
S02722,C02722,R004,D0027,P001,2024-07-24,2024-07-01,Lucknow,North,26,21472.69
S02723,C02723,R059,D0028,P001,2024-07-02,2024-07-01,Nagpur,West,21,16983.29
S02724,C02724,R023,D0029,P007,2024-07-20,2024-07-01,Ranchi,East,35,21170.87
S02725,C02725,R003,D0615,P003,2024-07-07,2024-07-01,Jaipur,North,26,16562.76
S02726,C02726,R007,D0771,P001,2024-07-13,2024-07-01,Mumbai,West,23,20163.12
S02727,C02727,R039,D0141,P006,2024-07-24,2024-07-01,Hyderabad,South,30,15886.1
S02728,C02728,R053,D0731,P004,2024-07-04,2024-07-01,Ludhiana,North,20,18653.16
S02729,C02729,R055,D0651,P004,2024-07-24,2024-07-01,Mumbai,West,28,24656.38
S02730,C02730,R045,D0206,P004,2024-07-09,2024-07-01,Patna,East,14,12498.0
S02731,C02731,R028,D0048,P002,2024-07-24,2024-07-01,Lucknow,North,16,8114.35
S02732,C02732,R047,D0378,P007,2024-07-24,2024-07-01,Ranchi,East,31,19629.41
S02733,C02733,R065,D0053,P001,2024-07-01,2024-07-01,Coimbatore,South,21,16073.26
S02734,C02734,R052,D0126,P004,2024-07-08,2024-07-01,Lucknow,North,43,36305.76
S02735,C02735,R032,D0439,P003,2024-07-25,2024-07-01,Pune,West,16,10108.6
S02736,C02736,R022,D0654,P006,2024-07-11,2024-07-01,Guwahati,East,28,16001.17
S02737,C02737,R003,D0825,P005,2024-07-14,2024-07-01,Jaipur,North,39,17673.16
S02738,C02738,R016,D0534,P004,2024-07-01,2024-07-01,Kochi,South,8,7251.08
S02739,C02739,R020,D0330,P005,2024-07-22,2024-07-01,Bhubaneswar,East,16,6920.25
S02740,C02740,R057,D0277,P002,2024-07-03,2024-07-01,Ahmedabad,West,20,10697.9
S02741,C02741,R051,D0594,P002,2024-07-09,2024-07-01,Jaipur,North,26,13077.89
S02742,C02742,R058,D0111,P008,2024-07-15,2024-07-01,Surat,West,17,5541.14
S02743,C02743,R034,D0362,P005,2024-07-24,2024-07-01,Surat,West,16,7024.93
S02744,C02744,R004,D0584,P006,2024-07-16,2024-07-01,Lucknow,North,25,13258.82
S02745,C02745,R069,D0727,P008,2024-07-31,2024-07-01,Patna,East,15,4370.47
S02746,C02746,R024,D0050,P008,2024-07-17,2024-07-01,Siliguri,East,36,11155.92
S02747,C02747,R013,D0209,P005,2024-07-08,2024-07-01,Bengaluru,South,37,18021.4
S02748,C02748,R022,D0174,P007,2024-07-06,2024-07-01,Guwahati,East,12,7881.11
S02749,C02749,R001,D0552,P005,2024-07-25,2024-07-01,North Delhi,North,25,11503.44
S02750,C02750,R066,D0135,P002,2024-07-15,2024-07-01,Vijayawada,South,21,11119.82
S02751,C02751,R062,D0776,P005,2024-07-19,2024-07-01,Chennai,South,43,19895.21
S02752,C02752,R023,D0763,P008,2024-07-12,2024-07-01,Ranchi,East,25,8820.8
S02753,C02753,R002,D0261,P008,2024-07-09,2024-07-01,Chandigarh,North,12,3788.46
S02754,C02754,R063,D0332,P005,2024-07-19,2024-07-01,Hyderabad,South,20,9201.59
S02755,C02755,R034,D0295,P008,2024-07-10,2024-07-01,Surat,West,24,7275.69
S02756,C02756,R056,D0127,P002,2024-07-31,2024-07-01,Pune,West,21,10955.76
S02757,C02757,R044,D0756,P001,2024-07-23,2024-07-01,Bhubaneswar,East,11,8769.02
S02758,C02758,R003,D0671,P004,2024-07-26,2024-07-01,Jaipur,North,29,26962.56
S02759,C02759,R052,D0278,P002,2024-07-09,2024-07-01,Lucknow,North,29,15896.77
S02760,C02760,R009,D0495,P008,2024-07-01,2024-07-01,Ahmedabad,West,24,7998.98
S02761,C02761,R043,D0334,P001,2024-07-02,2024-07-01,Kolkata,East,17,12596.66
S02762,C02762,R025,D0157,P005,2024-07-27,2024-07-01,North Delhi,North,17,7390.05
S02763,C02763,R064,D0344,P007,2024-07-28,2024-07-01,Kochi,South,27,17124.2
S02764,C02764,R030,D0095,P001,2024-07-22,2024-07-01,Dehradun,North,25,19035.74
S02765,C02765,R017,D0630,P001,2024-07-19,2024-07-01,Coimbatore,South,10,7341.94
S02766,C02766,R046,D0492,P005,2024-07-07,2024-07-01,Guwahati,East,18,8363.97
S02767,C02767,R001,D0793,P008,2024-07-24,2024-07-01,North Delhi,North,20,6427.47
S02768,C02768,R006,D0006,P001,2024-07-17,2024-07-01,Dehradun,North,17,13134.13
S02769,C02769,R040,D0534,P001,2024-07-19,2024-07-01,Kochi,South,36,30308.16
S02770,C02770,R016,D0478,P008,2024-07-01,2024-07-01,Kochi,South,10,3499.95
S02771,C02771,R065,D0505,P005,2024-07-17,2024-07-01,Coimbatore,South,37,17836.77
S02772,C02772,R020,D0847,P006,2024-07-22,2024-07-01,Bhubaneswar,East,13,6772.38
S02773,C02773,R029,D0310,P003,2024-07-24,2024-07-01,Ludhiana,North,17,11994.23
S02774,C02774,R014,D0110,P003,2024-07-05,2024-07-01,Chennai,South,35,23282.24
S02775,C02775,R051,D0040,P004,2024-07-01,2024-07-01,Jaipur,North,15,13220.67
S02776,C02776,R051,D0432,P002,2024-07-27,2024-07-01,Jaipur,North,19,9960.61
S02777,C02777,R044,D0314,P004,2024-07-10,2024-07-01,Bhubaneswar,East,21,17959.0
S02778,C02778,R008,D0173,P008,2024-07-15,2024-07-01,Pune,West,20,6696.97
S02779,C02779,R012,D0145,P006,2024-07-20,2024-07-01,Goa,West,27,12735.97
S02780,C02780,R059,D0274,P007,2024-07-16,2024-07-01,Nagpur,West,22,13021.23
S02781,C02781,R047,D0077,P004,2024-07-30,2024-07-01,Ranchi,East,21,18359.46
S02782,C02782,R069,D0319,P007,2024-07-27,2024-07-01,Patna,East,22,12475.64
S02783,C02783,R041,D0531,P004,2024-07-13,2024-07-01,Coimbatore,South,30,26177.48
S02784,C02784,R035,D0274,P005,2024-07-06,2024-07-01,Nagpur,West,33,15251.15
S02785,C02785,R063,D0114,P006,2024-07-31,2024-07-01,Hyderabad,South,27,14477.27
S02786,C02786,R052,D0430,P007,2024-07-22,2024-07-01,Lucknow,North,30,17836.99
S02787,C02787,R004,D0048,P008,2024-07-24,2024-07-01,Lucknow,North,26,8361.89
S02788,C02788,R063,D0576,P001,2024-07-15,2024-07-01,Hyderabad,South,29,20930.02
S02789,C02789,R041,D0434,P007,2024-07-16,2024-07-01,Coimbatore,South,37,21197.19
S02790,C02790,R015,D0332,P006,2024-07-06,2024-07-01,Hyderabad,South,17,7844.79
S02791,C02791,R009,D0214,P006,2024-07-14,2024-07-01,Ahmedabad,West,41,21933.42
S02792,C02792,R034,D0185,P001,2024-07-17,2024-07-01,Surat,West,24,18413.12
S02793,C02793,R059,D0153,P004,2024-07-05,2024-07-01,Nagpur,West,24,21595.98
S02794,C02794,R041,D0486,P008,2024-07-20,2024-07-01,Coimbatore,South,21,6895.9
S02795,C02795,R037,D0075,P008,2024-07-20,2024-07-01,Bengaluru,South,26,8656.32
S02796,C02796,R025,D0611,P002,2024-07-27,2024-07-01,North Delhi,North,18,10694.6
S02797,C02797,R035,D0269,P004,2024-07-02,2024-07-01,Nagpur,West,43,38190.92
S02798,C02798,R021,D0455,P007,2024-07-07,2024-07-01,Patna,East,20,11765.96
S02799,C02799,R020,D0546,P008,2024-07-14,2024-07-01,Bhubaneswar,East,16,5298.78
S02800,C02800,R072,D0520,P003,2024-07-28,2024-07-01,Siliguri,East,13,9593.68
S02801,C02801,R067,D0670,P007,2024-07-08,2024-07-01,Kolkata,East,12,7122.66
S02802,C02802,R014,D0473,P007,2024-07-31,2024-07-01,Chennai,South,18,10543.56
S02803,C02803,R044,D0722,P002,2024-07-30,2024-07-01,Bhubaneswar,East,17,8007.27
S02804,C02804,R029,D0233,P001,2024-07-03,2024-07-01,Ludhiana,North,17,11889.51
S02805,C02805,R022,D0637,P001,2024-07-12,2024-07-01,Guwahati,East,22,18377.83
S02806,C02806,R027,D0226,P002,2024-07-09,2024-07-01,Jaipur,North,17,9100.35
S02807,C02807,R051,D0615,P006,2024-07-16,2024-07-01,Jaipur,North,20,9619.74
S02808,C02808,R049,D0488,P004,2024-07-29,2024-07-01,North Delhi,North,40,35605.41
S02809,C02809,R023,D0763,P006,2024-07-12,2024-07-01,Ranchi,East,18,10374.0
S02810,C02810,R067,D0175,P001,2024-07-21,2024-07-01,Kolkata,East,13,10142.12
S02811,C02811,R043,D0449,P005,2024-07-05,2024-07-01,Kolkata,East,17,8568.65
S02812,C02812,R040,D0162,P006,2024-07-18,2024-07-01,Kochi,South,14,6805.52
S02813,C02813,R010,D0426,P008,2024-07-11,2024-07-01,Surat,West,37,12704.49
S02814,C02814,R042,D0025,P003,2024-07-29,2024-07-01,Vijayawada,South,33,21168.99
S02815,C02815,R032,D0419,P005,2024-07-25,2024-07-01,Pune,West,26,11499.76
S02816,C02816,R006,D0006,P004,2024-07-07,2024-07-01,Dehradun,North,21,17811.97
S02817,C02817,R014,D0288,P003,2024-07-20,2024-07-01,Chennai,South,24,15583.44
S02818,C02818,R018,D0394,P006,2024-07-11,2024-07-01,Vijayawada,South,29,15511.68
S02819,C02819,R072,D0289,P005,2024-07-14,2024-07-01,Siliguri,East,8,3591.37
S02820,C02820,R065,D0434,P007,2024-07-15,2024-07-01,Coimbatore,South,42,26990.23
S02821,C02821,R057,D0132,P001,2024-07-26,2024-07-01,Ahmedabad,West,18,13536.41
S02822,C02822,R014,D0597,P002,2024-07-09,2024-07-01,Chennai,South,21,11293.47
S02823,C02823,R005,D0731,P005,2024-07-01,2024-07-01,Ludhiana,North,32,14329.36
S02824,C02824,R047,D0340,P005,2024-07-06,2024-07-01,Ranchi,East,13,6521.77
S02825,C02825,R061,D0019,P008,2024-07-26,2024-07-01,Bengaluru,South,45,14772.62
S02826,C02826,R058,D0044,P006,2024-07-10,2024-07-01,Surat,West,9,4655.23
S02827,C02827,R070,D0514,P001,2024-07-02,2024-07-01,Guwahati,East,13,9998.61
S02828,C02828,R029,D0828,P004,2024-07-13,2024-07-01,Ludhiana,North,28,24193.72
S02829,C02829,R064,D0711,P007,2024-07-27,2024-07-01,Kochi,South,32,18537.57
S02830,C02830,R012,D0318,P007,2024-07-28,2024-07-01,Goa,West,18,11705.77
S02831,C02831,R029,D0453,P007,2024-07-30,2024-07-01,Ludhiana,North,24,13458.18
S02832,C02832,R072,D0097,P004,2024-07-22,2024-07-01,Siliguri,East,31,27090.17
S02833,C02833,R063,D0012,P001,2024-07-26,2024-07-01,Hyderabad,South,23,18731.65
S02834,C02834,R057,D0717,P002,2024-07-24,2024-07-01,Ahmedabad,West,23,11379.62
S02835,C02835,R055,D0456,P007,2024-07-01,2024-07-01,Mumbai,West,34,20924.87
S02836,C02836,R046,D0418,P003,2024-07-13,2024-07-01,Guwahati,East,21,13256.67
S02837,C02837,R045,D0246,P007,2024-07-17,2024-07-01,Patna,East,21,12827.06
S02838,C02838,R010,D0216,P001,2024-07-15,2024-07-01,Surat,West,28,21655.94
S02839,C02839,R037,D0839,P004,2024-07-26,2024-07-01,Bengaluru,South,27,21320.75
S02840,C02840,R036,D0766,P008,2024-07-31,2024-07-01,Goa,West,36,11887.48
S02841,C02841,R029,D0678,P002,2024-07-17,2024-07-01,Ludhiana,North,15,7699.94
S02842,C02842,R038,D0347,P001,2024-07-03,2024-07-01,Chennai,South,42,31861.23
S02843,C02843,R035,D0600,P003,2024-07-12,2024-07-01,Nagpur,West,17,11248.44
S02844,C02844,R003,D0226,P001,2024-07-07,2024-07-01,Jaipur,North,17,13509.09
S02845,C02845,R046,D0441,P005,2024-07-15,2024-07-01,Guwahati,East,14,6584.06
S02846,C02846,R033,D0132,P002,2024-07-08,2024-07-01,Ahmedabad,West,18,10104.36
S02847,C02847,R024,D0568,P002,2024-07-03,2024-07-01,Siliguri,East,26,12307.72
S02848,C02848,R032,D0129,P005,2024-07-06,2024-07-01,Pune,West,23,10835.39
S02849,C02849,R053,D0699,P003,2024-07-16,2024-07-01,Ludhiana,North,23,15188.33
S02850,C02850,R050,D0628,P006,2024-07-05,2024-07-01,Chandigarh,North,21,10413.66
S02851,C02851,R060,D0118,P008,2024-07-01,2024-07-01,Goa,West,22,7132.43
S02852,C02852,R043,D0449,P008,2024-07-09,2024-07-01,Kolkata,East,17,5690.39
S02853,C02853,R068,D0315,P006,2024-07-20,2024-07-01,Bhubaneswar,East,11,5364.13
S02854,C02854,R058,D0306,P008,2024-07-20,2024-07-01,Surat,West,43,14724.57
S02855,C02855,R032,D0106,P006,2024-07-13,2024-07-01,Pune,West,19,10245.39
S02856,C02856,R054,D0643,P001,2024-07-21,2024-07-01,Dehradun,North,23,18272.01
S02857,C02857,R060,D0427,P008,2024-07-06,2024-07-01,Goa,West,29,8712.48
S02858,C02858,R042,D0253,P005,2024-07-23,2024-07-01,Vijayawada,South,29,14777.37
S02859,C02859,R005,D0800,P001,2024-07-01,2024-07-01,Ludhiana,North,18,14239.67
S02860,C02860,R026,D0662,P005,2024-07-05,2024-07-01,Chandigarh,North,21,9731.64
S02861,C02861,R018,D0417,P002,2024-07-29,2024-07-01,Vijayawada,South,35,19007.37
S02862,C02862,R021,D0085,P005,2024-07-15,2024-07-01,Patna,East,17,8036.05
S02863,C02863,R038,D0468,P006,2024-07-18,2024-07-01,Chennai,South,27,14408.2
S02864,C02864,R038,D0597,P001,2024-07-13,2024-07-01,Chennai,South,23,17917.45
S02865,C02865,R044,D0774,P004,2024-07-21,2024-07-01,Bhubaneswar,East,29,24206.2
S02866,C02866,R028,D0435,P001,2024-07-24,2024-07-01,Lucknow,North,20,16407.25
S02867,C02867,R036,D0149,P001,2024-07-25,2024-07-01,Goa,West,29,21697.88
S02868,C02868,R031,D0579,P002,2024-07-08,2024-07-01,Mumbai,West,18,9231.68
S02869,C02869,R057,D0107,P007,2024-07-20,2024-07-01,Ahmedabad,West,9,5472.52
S02870,C02870,R021,D0234,P004,2024-07-25,2024-07-01,Patna,East,22,19133.77
S02871,C02871,R035,D0770,P001,2024-07-13,2024-07-01,Nagpur,West,42,33382.47
S02872,C02872,R027,D0690,P006,2024-07-12,2024-07-01,Jaipur,North,25,13113.45
S02873,C02873,R033,D0811,P005,2024-07-20,2024-07-01,Ahmedabad,West,36,16170.78
S02874,C02874,R031,D0391,P002,2024-07-18,2024-07-01,Mumbai,West,20,10865.49
S02875,C02875,R060,D0624,P005,2024-07-08,2024-07-01,Goa,West,25,11220.94
S02876,C02876,R015,D0563,P002,2024-07-30,2024-07-01,Hyderabad,South,22,12335.49
S02877,C02877,R024,D0178,P006,2024-07-18,2024-07-01,Siliguri,East,26,13585.04
S02878,C02878,R013,D0782,P008,2024-07-18,2024-07-01,Bengaluru,South,37,12264.75
S02879,C02879,R047,D0843,P003,2024-07-07,2024-07-01,Ranchi,East,15,9759.33
S02880,C02880,R055,D0154,P006,2024-07-21,2024-07-01,Mumbai,West,28,14464.45
S02881,C02881,R069,D0669,P001,2024-07-29,2024-07-01,Patna,East,8,6399.14
S02882,C02882,R025,D0388,P004,2024-07-23,2024-07-01,North Delhi,North,22,20313.13
S02883,C02883,R004,D0458,P008,2024-07-16,2024-07-01,Lucknow,North,25,8265.14
S02884,C02884,R023,D0447,P001,2024-07-20,2024-07-01,Ranchi,East,16,12403.36
S02885,C02885,R017,D0163,P008,2024-07-08,2024-07-01,Coimbatore,South,17,5127.28
S02886,C02886,R060,D0139,P001,2024-07-02,2024-07-01,Goa,West,25,19989.1
S02887,C02887,R071,D0404,P004,2024-07-20,2024-07-01,Ranchi,East,18,16382.07
S02888,C02888,R056,D0657,P002,2024-07-06,2024-07-01,Pune,West,23,11736.99
S02889,C02889,R061,D0686,P001,2024-07-03,2024-07-01,Bengaluru,South,33,26829.69
S02890,C02890,R066,D0211,P003,2024-07-25,2024-07-01,Vijayawada,South,21,13968.25
S02891,C02891,R047,D0739,P005,2024-07-14,2024-07-01,Ranchi,East,22,10054.78
S02892,C02892,R071,D0284,P006,2024-07-27,2024-07-01,Ranchi,East,36,18555.96
S02893,C02893,R017,D0491,P003,2024-07-27,2024-07-01,Coimbatore,South,10,6907.25
S02894,C02894,R064,D0360,P004,2024-07-04,2024-07-01,Kochi,South,32,30699.33
S02895,C02895,R009,D0424,P002,2024-07-24,2024-07-01,Ahmedabad,West,17,9155.39
S02896,C02896,R027,D0527,P006,2024-07-11,2024-07-01,Jaipur,North,20,10082.51
S02897,C02897,R045,D0518,P002,2024-07-22,2024-07-01,Patna,East,11,6120.51
S02898,C02898,R065,D0462,P007,2024-07-02,2024-07-01,Coimbatore,South,19,10813.44
S02899,C02899,R045,D0386,P002,2024-07-15,2024-07-01,Patna,East,14,7885.96
S02900,C02900,R020,D0636,P006,2024-07-20,2024-07-01,Bhubaneswar,East,17,8082.71
S02901,C02901,R071,D0327,P003,2024-07-14,2024-07-01,Ranchi,East,25,15366.15
S02902,C02902,R045,D0386,P008,2024-07-18,2024-07-01,Patna,East,20,6897.05
S02903,C02903,R054,D0060,P003,2024-07-01,2024-07-01,Dehradun,North,24,14190.5
S02904,C02904,R006,D0744,P008,2024-07-01,2024-07-01,Dehradun,North,25,8522.89
S02905,C02905,R034,D0098,P007,2024-07-19,2024-07-01,Surat,West,22,14466.58
S02906,C02906,R061,D0701,P004,2024-07-13,2024-07-01,Bengaluru,South,13,11766.44
S02907,C02907,R070,D0637,P004,2024-07-18,2024-07-01,Guwahati,East,29,26591.7
S02908,C02908,R059,D0826,P003,2024-07-12,2024-07-01,Nagpur,West,16,9728.88
S02909,C02909,R062,D0014,P004,2024-07-01,2024-07-01,Chennai,South,16,13889.4
S02910,C02910,R036,D0152,P004,2024-07-22,2024-07-01,Goa,West,26,23554.73
S02911,C02911,R067,D0021,P002,2024-07-05,2024-07-01,Kolkata,East,32,17564.53
S02912,C02912,R008,D0419,P003,2024-07-25,2024-07-01,Pune,West,30,20239.91
S02913,C02913,R049,D0792,P008,2024-07-01,2024-07-01,North Delhi,North,14,4553.65
S02914,C02914,R023,D0583,P008,2024-07-29,2024-07-01,Ranchi,East,30,9610.09
S02915,C02915,R020,D0638,P001,2024-07-08,2024-07-01,Bhubaneswar,East,14,10252.9
S02916,C02916,R062,D0693,P006,2024-07-28,2024-07-01,Chennai,South,24,12455.44
S02917,C02917,R046,D0042,P002,2024-07-01,2024-07-01,Guwahati,East,12,6111.66
S02918,C02918,R014,D0653,P006,2024-07-14,2024-07-01,Chennai,South,15,7510.47
S02919,C02919,R010,D0216,P005,2024-07-13,2024-07-01,Surat,West,24,11808.47
S02920,C02920,R009,D0673,P008,2024-07-06,2024-07-01,Ahmedabad,West,25,7374.26
S02921,C02921,R018,D0595,P006,2024-07-15,2024-07-01,Vijayawada,South,12,6081.97
S02922,C02922,R043,D0586,P007,2024-07-07,2024-07-01,Kolkata,East,12,7637.77
S02923,C02923,R022,D0351,P007,2024-07-14,2024-07-01,Guwahati,East,12,7553.77
S02924,C02924,R068,D0596,P006,2024-07-12,2024-07-01,Bhubaneswar,East,26,13462.63
S02925,C02925,R064,D0422,P004,2024-07-07,2024-07-01,Kochi,South,36,30955.0
S02926,C02926,R002,D0628,P003,2024-07-25,2024-07-01,Chandigarh,North,30,21097.73
S02927,C02927,R062,D0412,P003,2024-07-17,2024-07-01,Chennai,South,13,8054.91
S02928,C02928,R011,D0390,P003,2024-07-26,2024-07-01,Nagpur,West,25,17071.67
S02929,C02929,R042,D0195,P003,2024-07-26,2024-07-01,Vijayawada,South,20,13301.0
S02930,C02930,R053,D0310,P003,2024-07-09,2024-07-01,Ludhiana,North,16,10144.63
S02931,C02931,R044,D0646,P005,2024-07-10,2024-07-01,Bhubaneswar,East,15,6765.75
S02932,C02932,R048,D0713,P003,2024-07-30,2024-07-01,Siliguri,East,17,12236.04
S02933,C02933,R033,D0121,P003,2024-07-10,2024-07-01,Ahmedabad,West,18,11189.7
S02934,C02934,R051,D0166,P006,2024-07-03,2024-07-01,Jaipur,North,38,17674.66
S02935,C02935,R005,D0453,P003,2024-07-17,2024-07-01,Ludhiana,North,13,8306.32
S02936,C02936,R049,D0613,P001,2024-07-30,2024-07-01,North Delhi,North,28,22290.95
S02937,C02937,R017,D0130,P001,2024-07-08,2024-07-01,Coimbatore,South,14,11697.4
S02938,C02938,R037,D0251,P007,2024-07-20,2024-07-01,Bengaluru,South,40,24430.86
S02939,C02939,R043,D0021,P008,2024-07-11,2024-07-01,Kolkata,East,32,9406.19
S02940,C02940,R060,D0062,P006,2024-07-12,2024-07-01,Goa,West,37,18960.18
S02941,C02941,R041,D0083,P001,2024-07-15,2024-07-01,Coimbatore,South,18,14640.87
S02942,C02942,R069,D0548,P005,2024-07-05,2024-07-01,Patna,East,11,5141.09
S02943,C02943,R036,D0804,P003,2024-07-12,2024-07-01,Goa,West,19,12849.6
S02944,C02944,R052,D0356,P003,2024-07-09,2024-07-01,Lucknow,North,32,19143.18
S02945,C02945,R052,D0169,P008,2024-07-26,2024-07-01,Lucknow,North,18,5373.47
S02946,C02946,R058,D0734,P007,2024-07-08,2024-07-01,Surat,West,21,12724.22
S02947,C02947,R046,D0176,P006,2024-07-27,2024-07-01,Guwahati,East,21,11316.99
S02948,C02948,R015,D0114,P005,2024-07-01,2024-07-01,Hyderabad,South,26,11487.92
S02949,C02949,R050,D0156,P005,2024-07-13,2024-07-01,Chandigarh,North,29,13476.55
S02950,C02950,R056,D0371,P008,2024-07-09,2024-07-01,Pune,West,32,10325.11
S02951,C02951,R034,D0542,P006,2024-07-14,2024-07-01,Surat,West,14,6767.75
S02952,C02952,R069,D0283,P005,2024-07-24,2024-07-01,Patna,East,26,11519.73
S02953,C02953,R067,D0399,P001,2024-07-30,2024-07-01,Kolkata,East,12,9348.21
S02954,C02954,R041,D0425,P008,2024-07-23,2024-07-01,Coimbatore,South,14,4398.1
S02955,C02955,R066,D0750,P007,2024-07-16,2024-07-01,Vijayawada,South,14,8890.39
S02956,C02956,R059,D0593,P003,2024-07-16,2024-07-01,Nagpur,West,11,7107.26
S02957,C02957,R055,D0569,P003,2024-07-31,2024-07-01,Mumbai,West,29,19988.94
S02958,C02958,R003,D0296,P008,2024-07-31,2024-07-01,Jaipur,North,20,6284.23
S02959,C02959,R003,D0564,P008,2024-07-24,2024-07-01,Jaipur,North,31,9931.87
S02960,C02960,R015,D0767,P004,2024-07-06,2024-07-01,Hyderabad,South,33,30544.67
S02961,C02961,R071,D0516,P002,2024-07-09,2024-07-01,Ranchi,East,25,13427.64
S02962,C02962,R011,D0691,P007,2024-07-09,2024-07-01,Nagpur,West,14,8358.05
S02963,C02963,R071,D0031,P006,2024-07-08,2024-07-01,Ranchi,East,41,20837.66
S02964,C02964,R048,D0620,P008,2024-07-30,2024-07-01,Siliguri,East,26,8691.6
S02965,C02965,R067,D0797,P005,2024-07-05,2024-07-01,Kolkata,East,16,7482.05
S02966,C02966,R048,D0523,P005,2024-07-27,2024-07-01,Siliguri,East,34,13962.9
S02967,C02967,R007,D0780,P002,2024-07-25,2024-07-01,Mumbai,West,19,9889.56
S02968,C02968,R050,D0582,P005,2024-07-17,2024-07-01,Chandigarh,North,17,7541.03
S02969,C02969,R063,D0196,P003,2024-07-10,2024-07-01,Hyderabad,South,45,30566.51
S02970,C02970,R072,D0493,P002,2024-07-09,2024-07-01,Siliguri,East,18,8788.7
S02971,C02971,R007,D0547,P007,2024-07-21,2024-07-01,Mumbai,West,17,10515.05
S02972,C02972,R012,D0145,P003,2024-07-21,2024-07-01,Goa,West,23,15662.74
S02973,C02973,R062,D0115,P002,2024-07-17,2024-07-01,Chennai,South,18,10029.18
S02974,C02974,R029,D0236,P008,2024-07-18,2024-07-01,Ludhiana,North,27,8603.42
S02975,C02975,R038,D0469,P008,2024-07-26,2024-07-01,Chennai,South,33,9706.8
S02976,C02976,R071,D0101,P004,2024-07-24,2024-07-01,Ranchi,East,22,19328.19
S02977,C02977,R056,D0633,P003,2024-07-24,2024-07-01,Pune,West,24,17007.26
S02978,C02978,R008,D0171,P002,2024-07-09,2024-07-01,Pune,West,19,9954.32
S02979,C02979,R026,D0829,P006,2024-07-02,2024-07-01,Chandigarh,North,11,6221.72
S02980,C02980,R031,D0579,P005,2024-07-15,2024-07-01,Mumbai,West,20,9573.13
S02981,C02981,R066,D0249,P005,2024-07-11,2024-07-01,Vijayawada,South,31,14158.03
S02982,C02982,R044,D0355,P007,2024-07-11,2024-07-01,Bhubaneswar,East,14,8636.39
S02983,C02983,R027,D0619,P004,2024-07-17,2024-07-01,Jaipur,North,23,20853.18
S02984,C02984,R001,D0033,P006,2024-07-29,2024-07-01,North Delhi,North,11,5448.11
S02985,C02985,R057,D0677,P006,2024-07-25,2024-07-01,Ahmedabad,West,25,12486.17
S02986,C02986,R028,D0413,P007,2024-07-21,2024-07-01,Lucknow,North,26,17441.74
S02987,C02987,R005,D0222,P006,2024-07-23,2024-07-01,Ludhiana,North,37,20277.43
S02988,C02988,R031,D0768,P001,2024-07-13,2024-07-01,Mumbai,West,28,21427.47
S02989,C02989,R039,D0533,P005,2024-07-18,2024-07-01,Hyderabad,South,22,9725.91
S02990,C02990,R049,D0113,P008,2024-07-14,2024-07-01,North Delhi,North,19,5595.68
S02991,C02991,R032,D0537,P005,2024-07-26,2024-07-01,Pune,West,24,12230.43
S02992,C02992,R036,D0361,P005,2024-07-31,2024-07-01,Goa,West,17,8220.5
S02993,C02993,R028,D0584,P005,2024-07-14,2024-07-01,Lucknow,North,18,8796.02
S02994,C02994,R005,D0453,P005,2024-07-23,2024-07-01,Ludhiana,North,24,10740.05
S02995,C02995,R068,D0847,P004,2024-07-02,2024-07-01,Bhubaneswar,East,21,18120.68
S02996,C02996,R048,D0726,P008,2024-07-13,2024-07-01,Siliguri,East,15,4578.84
S02997,C02997,R009,D0049,P001,2024-07-27,2024-07-01,Ahmedabad,West,22,14448.73
S02998,C02998,R061,D0270,P007,2024-07-22,2024-07-01,Bengaluru,South,27,15749.8
S02999,C02999,R065,D0163,P002,2024-07-17,2024-07-01,Coimbatore,South,25,13715.72
S03000,C03000,R068,D0443,P002,2024-07-07,2024-07-01,Bhubaneswar,East,17,9294.01
S03001,C03001,R036,D0145,P005,2024-07-26,2024-07-01,Goa,West,34,15158.16
S03002,C03002,R032,D0480,P006,2024-07-31,2024-07-01,Pune,West,14,7373.71
S03003,C03003,R040,D0105,P008,2024-07-13,2024-07-01,Kochi,South,34,10513.26
S03004,C03004,R007,D0547,P003,2024-07-26,2024-07-01,Mumbai,West,13,8909.35
S03005,C03005,R016,D0400,P001,2024-07-19,2024-07-01,Kochi,South,23,18617.09
S03006,C03006,R007,D0842,P003,2024-07-13,2024-07-01,Mumbai,West,28,19236.91
S03007,C03007,R015,D0767,P005,2024-07-11,2024-07-01,Hyderabad,South,32,14774.35
S03008,C03008,R022,D0464,P003,2024-07-16,2024-07-01,Guwahati,East,19,12028.26
S03009,C03009,R002,D0333,P003,2024-07-13,2024-07-01,Chandigarh,North,19,11792.42
S03010,C03010,R009,D0677,P008,2024-07-20,2024-07-01,Ahmedabad,West,41,11697.37
S03011,C03011,R025,D0611,P005,2024-07-05,2024-07-01,North Delhi,North,14,6683.81
S03012,C03012,R012,D0145,P006,2024-07-15,2024-07-01,Goa,West,33,15411.37
S03013,C03013,R006,D0338,P006,2024-07-23,2024-07-01,Dehradun,North,9,4559.0
S03014,C03014,R027,D0825,P004,2024-07-27,2024-07-01,Jaipur,North,24,21592.83
S03015,C03015,R028,D0278,P006,2024-07-09,2024-07-01,Lucknow,North,18,8689.28
S03016,C03016,R012,D0047,P008,2024-07-19,2024-07-01,Goa,West,40,12721.13
S03017,C03017,R049,D0751,P006,2024-07-10,2024-07-01,North Delhi,North,29,15025.89
S03018,C03018,R005,D0828,P003,2024-07-25,2024-07-01,Ludhiana,North,24,15623.51
S03019,C03019,R054,D0603,P007,2024-07-11,2024-07-01,Dehradun,North,17,10608.71
S03020,C03020,R035,D0567,P002,2024-07-21,2024-07-01,Nagpur,West,20,10559.91
S03021,C03021,R063,D0235,P001,2024-07-14,2024-07-01,Hyderabad,South,28,21536.65
S03022,C03022,R055,D0395,P004,2024-07-09,2024-07-01,Mumbai,West,20,17008.99
S03023,C03023,R016,D0746,P005,2024-07-18,2024-07-01,Kochi,South,17,7766.98
S03024,C03024,R030,D0744,P004,2024-07-20,2024-07-01,Dehradun,North,31,27598.37
S03025,C03025,R038,D0468,P003,2024-08-22,2024-08-01,Chennai,South,46,28957.6
S03026,C03026,R037,D0251,P003,2024-08-25,2024-08-01,Bengaluru,South,42,28314.52
S03027,C03027,R015,D0179,P008,2024-08-21,2024-08-01,Hyderabad,South,26,7294.36
S03028,C03028,R015,D0004,P003,2024-08-27,2024-08-01,Hyderabad,South,25,17392.65
S03029,C03029,R038,D0468,P007,2024-08-14,2024-08-01,Chennai,South,47,26638.04
S03030,C03030,R040,D0478,P003,2024-08-16,2024-08-01,Kochi,South,17,11803.68
S03031,C03031,R017,D0531,P001,2024-08-15,2024-08-01,Coimbatore,South,21,16888.18
S03032,C03032,R058,D0640,P001,2024-08-18,2024-08-01,Surat,West,25,20487.28
S03033,C03033,R048,D0312,P002,2024-08-05,2024-08-01,Siliguri,East,25,12739.83
S03034,C03034,R052,D0169,P007,2024-08-27,2024-08-01,Lucknow,North,24,14490.97
S03035,C03035,R015,D0764,P004,2024-08-17,2024-08-01,Hyderabad,South,43,38832.23
S03036,C03036,R055,D0661,P006,2024-08-18,2024-08-01,Mumbai,West,22,11460.08
S03037,C03037,R031,D0476,P008,2024-08-28,2024-08-01,Mumbai,West,20,6668.85
S03038,C03038,R066,D0025,P001,2024-08-15,2024-08-01,Vijayawada,South,26,20940.47
S03039,C03039,R057,D0403,P001,2024-08-15,2024-08-01,Ahmedabad,West,9,7186.99
S03040,C03040,R064,D0529,P008,2024-08-18,2024-08-01,Kochi,South,37,12130.89
S03041,C03041,R015,D0764,P005,2024-08-30,2024-08-01,Hyderabad,South,34,16174.7
S03042,C03042,R051,D0527,P005,2024-08-08,2024-08-01,Jaipur,North,30,13813.7
S03043,C03043,R045,D0311,P003,2024-08-05,2024-08-01,Patna,East,19,13258.47
S03044,C03044,R072,D0312,P007,2024-08-04,2024-08-01,Siliguri,East,14,8507.14
S03045,C03045,R070,D0351,P006,2024-08-23,2024-08-01,Guwahati,East,27,12605.53
S03046,C03046,R028,D0005,P003,2024-08-01,2024-08-01,Lucknow,North,19,13320.85
S03047,C03047,R031,D0154,P006,2024-08-22,2024-08-01,Mumbai,West,18,9394.82
S03048,C03048,R008,D0623,P001,2024-08-28,2024-08-01,Pune,West,19,14709.62
S03049,C03049,R012,D0304,P002,2024-08-22,2024-08-01,Goa,West,14,7603.12
S03050,C03050,R004,D0680,P002,2024-08-06,2024-08-01,Lucknow,North,40,23227.59
S03051,C03051,R020,D0431,P007,2024-08-21,2024-08-01,Bhubaneswar,East,13,7969.67
S03052,C03052,R003,D0825,P006,2024-08-14,2024-08-01,Jaipur,North,38,20851.97
S03053,C03053,R009,D0143,P001,2024-08-01,2024-08-01,Ahmedabad,West,29,23153.46
S03054,C03054,R063,D0179,P008,2024-08-07,2024-08-01,Hyderabad,South,11,3456.14
S03055,C03055,R057,D0541,P007,2024-08-24,2024-08-01,Ahmedabad,West,11,6270.58
S03056,C03056,R012,D0759,P004,2024-08-18,2024-08-01,Goa,West,10,8940.66
S03057,C03057,R032,D0173,P002,2024-08-16,2024-08-01,Pune,West,17,9783.19
S03058,C03058,R044,D0511,P004,2024-08-25,2024-08-01,Bhubaneswar,East,11,9511.72
S03059,C03059,R036,D0158,P005,2024-08-17,2024-08-01,Goa,West,15,7026.47
S03060,C03060,R010,D0542,P006,2024-08-31,2024-08-01,Surat,West,26,14277.74
S03061,C03061,R041,D0491,P003,2024-08-02,2024-08-01,Coimbatore,South,18,10826.92
S03062,C03062,R013,D0489,P001,2024-08-09,2024-08-01,Bengaluru,South,28,22274.13
S03063,C03063,R037,D0199,P005,2024-08-06,2024-08-01,Bengaluru,South,44,20800.69
S03064,C03064,R069,D0215,P006,2024-08-13,2024-08-01,Patna,East,15,7786.2
S03065,C03065,R047,D0515,P003,2024-08-29,2024-08-01,Ranchi,East,26,15698.02
S03066,C03066,R039,D0235,P006,2024-08-13,2024-08-01,Hyderabad,South,34,16681.72
S03067,C03067,R065,D0561,P005,2024-08-10,2024-08-01,Coimbatore,South,19,7828.49
S03068,C03068,R024,D0097,P005,2024-08-03,2024-08-01,Siliguri,East,36,15468.97
S03069,C03069,R061,D0209,P001,2024-08-13,2024-08-01,Bengaluru,South,29,23574.23
S03070,C03070,R042,D0074,P003,2024-08-08,2024-08-01,Vijayawada,South,39,25315.31
S03071,C03071,R025,D0033,P003,2024-08-06,2024-08-01,North Delhi,North,26,17862.91
S03072,C03072,R009,D0250,P007,2024-08-05,2024-08-01,Ahmedabad,West,42,26599.38
S03073,C03073,R062,D0468,P007,2024-08-20,2024-08-01,Chennai,South,31,17847.61
S03074,C03074,R030,D0136,P007,2024-08-22,2024-08-01,Dehradun,North,6,3690.98
S03075,C03075,R016,D0073,P004,2024-08-23,2024-08-01,Kochi,South,19,15568.82
S03076,C03076,R004,D0719,P003,2024-08-02,2024-08-01,Lucknow,North,22,14719.44
S03077,C03077,R025,D0521,P004,2024-08-29,2024-08-01,North Delhi,North,17,15450.55
S03078,C03078,R067,D0631,P007,2024-08-16,2024-08-01,Kolkata,East,18,10855.14
S03079,C03079,R058,D0542,P005,2024-08-18,2024-08-01,Surat,West,19,8004.92
S03080,C03080,R050,D0151,P005,2024-08-28,2024-08-01,Chandigarh,North,18,7664.09
S03081,C03081,R056,D0517,P004,2024-08-09,2024-08-01,Pune,West,32,32100.7
S03082,C03082,R047,D0739,P006,2024-08-16,2024-08-01,Ranchi,East,18,9465.22
S03083,C03083,R030,D0512,P007,2024-08-03,2024-08-01,Dehradun,North,9,5413.46
S03084,C03084,R027,D0716,P006,2024-08-16,2024-08-01,Jaipur,North,22,11758.51
S03085,C03085,R010,D0755,P004,2024-08-09,2024-08-01,Surat,West,23,21976.22
S03086,C03086,R019,D0457,P007,2024-08-06,2024-08-01,Kolkata,East,32,20701.48
S03087,C03087,R023,D0055,P008,2024-08-20,2024-08-01,Ranchi,East,29,9190.22
S03088,C03088,R020,D0607,P007,2024-08-05,2024-08-01,Bhubaneswar,East,11,6597.99
S03089,C03089,R033,D0791,P008,2024-08-31,2024-08-01,Ahmedabad,West,25,8318.35
S03090,C03090,R008,D0502,P003,2024-08-08,2024-08-01,Pune,West,33,21523.62
S03091,C03091,R053,D0731,P004,2024-08-03,2024-08-01,Ludhiana,North,31,29243.55
S03092,C03092,R029,D0466,P002,2024-08-14,2024-08-01,Ludhiana,North,19,10317.5
S03093,C03093,R066,D0368,P003,2024-08-13,2024-08-01,Vijayawada,South,15,10292.78
S03094,C03094,R067,D0797,P006,2024-08-21,2024-08-01,Kolkata,East,13,6974.61
S03095,C03095,R011,D0153,P006,2024-08-21,2024-08-01,Nagpur,West,30,14306.32
S03096,C03096,R030,D0512,P001,2024-08-19,2024-08-01,Dehradun,North,14,10999.55
S03097,C03097,R034,D0104,P007,2024-08-18,2024-08-01,Surat,West,23,14835.53
S03098,C03098,R009,D0629,P002,2024-08-25,2024-08-01,Ahmedabad,West,36,18655.88
S03099,C03099,R051,D0803,P002,2024-08-21,2024-08-01,Jaipur,North,31,16281.39
S03100,C03100,R024,D0738,P005,2024-08-05,2024-08-01,Siliguri,East,36,17554.77
S03101,C03101,R061,D0150,P002,2024-08-15,2024-08-01,Bengaluru,South,25,14531.33
S03102,C03102,R043,D0634,P008,2024-08-22,2024-08-01,Kolkata,East,19,5009.44
S03103,C03103,R059,D0741,P002,2024-08-09,2024-08-01,Nagpur,West,16,9157.83
S03104,C03104,R064,D0709,P002,2024-08-27,2024-08-01,Kochi,South,42,20043.62
S03105,C03105,R022,D0418,P007,2024-08-15,2024-08-01,Guwahati,East,35,21282.61
S03106,C03106,R013,D0087,P003,2024-08-10,2024-08-01,Bengaluru,South,14,8599.77
S03107,C03107,R045,D0311,P006,2024-08-12,2024-08-01,Patna,East,20,9920.75
S03108,C03108,R041,D0617,P006,2024-08-20,2024-08-01,Coimbatore,South,25,12816.92
S03109,C03109,R016,D0529,P002,2024-08-22,2024-08-01,Kochi,South,25,13858.27
S03110,C03110,R055,D0429,P005,2024-08-08,2024-08-01,Mumbai,West,17,8378.9
S03111,C03111,R003,D0177,P005,2024-08-06,2024-08-01,Jaipur,North,27,11584.59
S03112,C03112,R026,D0662,P001,2024-08-03,2024-08-01,Chandigarh,North,15,12376.4
S03113,C03113,R070,D0351,P007,2024-08-16,2024-08-01,Guwahati,East,22,13233.63
S03114,C03114,R019,D0399,P007,2024-08-29,2024-08-01,Kolkata,East,12,7226.13
S03115,C03115,R035,D0785,P008,2024-08-30,2024-08-01,Nagpur,West,18,6249.72
S03116,C03116,R054,D0006,P001,2024-08-18,2024-08-01,Dehradun,North,14,11379.97
S03117,C03117,R001,D0157,P002,2024-08-17,2024-08-01,North Delhi,North,15,7418.66
S03118,C03118,R040,D0787,P007,2024-08-16,2024-08-01,Kochi,South,23,13975.05
S03119,C03119,R055,D0769,P003,2024-08-08,2024-08-01,Mumbai,West,16,10165.21
S03120,C03120,R066,D0244,P006,2024-08-13,2024-08-01,Vijayawada,South,35,17462.09
S03121,C03121,R044,D0847,P003,2024-08-30,2024-08-01,Bhubaneswar,East,26,17047.24
S03122,C03122,R067,D0140,P002,2024-08-20,2024-08-01,Kolkata,East,23,12707.67
S03123,C03123,R054,D0059,P005,2024-08-08,2024-08-01,Dehradun,North,18,7760.29
S03124,C03124,R065,D0384,P002,2024-08-03,2024-08-01,Coimbatore,South,30,16020.38
S03125,C03125,R052,D0363,P002,2024-08-24,2024-08-01,Lucknow,North,31,16409.63
S03126,C03126,R065,D0018,P005,2024-08-28,2024-08-01,Coimbatore,South,19,8907.88
S03127,C03127,R023,D0116,P002,2024-08-04,2024-08-01,Ranchi,East,32,17234.23
S03128,C03128,R069,D0669,P002,2024-08-12,2024-08-01,Patna,East,10,5653.2
S03129,C03129,R042,D0417,P007,2024-08-27,2024-08-01,Vijayawada,South,33,20390.27
S03130,C03130,R018,D0417,P005,2024-08-08,2024-08-01,Vijayawada,South,45,21324.39
S03131,C03131,R016,D0831,P005,2024-08-06,2024-08-01,Kochi,South,28,13029.99
S03132,C03132,R042,D0210,P002,2024-08-13,2024-08-01,Vijayawada,South,15,7634.43
S03133,C03133,R042,D0694,P002,2024-08-13,2024-08-01,Vijayawada,South,13,6888.49
S03134,C03134,R046,D0262,P004,2024-08-15,2024-08-01,Guwahati,East,22,18925.3
S03135,C03135,R031,D0771,P004,2024-08-30,2024-08-01,Mumbai,West,33,30484.43
S03136,C03136,R066,D0618,P004,2024-08-31,2024-08-01,Vijayawada,South,17,15774.15
S03137,C03137,R062,D0190,P002,2024-08-18,2024-08-01,Chennai,South,17,9142.42
S03138,C03138,R033,D0181,P008,2024-08-03,2024-08-01,Ahmedabad,West,34,10959.02
S03139,C03139,R003,D0564,P003,2024-08-09,2024-08-01,Jaipur,North,26,15804.79
S03140,C03140,R014,D0468,P007,2024-08-06,2024-08-01,Chennai,South,28,16747.14
S03141,C03141,R002,D0221,P004,2024-08-01,2024-08-01,Chandigarh,North,34,26474.37
S03142,C03142,R035,D0269,P004,2024-08-12,2024-08-01,Nagpur,West,27,25002.18
S03143,C03143,R005,D0816,P001,2024-08-01,2024-08-01,Ludhiana,North,29,25140.93
S03144,C03144,R040,D0592,P006,2024-08-18,2024-08-01,Kochi,South,30,14892.1
S03145,C03145,R029,D0146,P001,2024-08-09,2024-08-01,Ludhiana,North,27,21300.96
S03146,C03146,R046,D0590,P006,2024-08-23,2024-08-01,Guwahati,East,18,9371.51
S03147,C03147,R022,D0102,P008,2024-08-17,2024-08-01,Guwahati,East,14,4225.41
S03148,C03148,R001,D0388,P003,2024-08-30,2024-08-01,North Delhi,North,9,5900.95
S03149,C03149,R051,D0040,P008,2024-08-16,2024-08-01,Jaipur,North,21,6877.16
S03150,C03150,R068,D0636,P006,2024-08-05,2024-08-01,Bhubaneswar,East,16,8228.95
S03151,C03151,R037,D0087,P001,2024-08-29,2024-08-01,Bengaluru,South,22,17211.12
S03152,C03152,R049,D0157,P002,2024-08-10,2024-08-01,North Delhi,North,15,7979.97
S03153,C03153,R059,D0203,P006,2024-08-24,2024-08-01,Nagpur,West,19,9294.6
S03154,C03154,R057,D0143,P006,2024-08-25,2024-08-01,Ahmedabad,West,13,6854.09
S03155,C03155,R022,D0063,P001,2024-08-29,2024-08-01,Guwahati,East,21,17821.74
S03156,C03156,R004,D0413,P006,2024-08-20,2024-08-01,Lucknow,North,27,12389.28
S03157,C03157,R020,D0722,P007,2024-08-16,2024-08-01,Bhubaneswar,East,14,7620.56
S03158,C03158,R038,D0247,P001,2024-08-12,2024-08-01,Chennai,South,30,21979.01
S03159,C03159,R032,D0633,P008,2024-08-14,2024-08-01,Pune,West,27,8449.4
S03160,C03160,R066,D0407,P005,2024-08-25,2024-08-01,Vijayawada,South,16,7263.48
S03161,C03161,R062,D0198,P005,2024-08-18,2024-08-01,Chennai,South,29,13424.82
S03162,C03162,R034,D0044,P001,2024-08-02,2024-08-01,Surat,West,12,9393.93
S03163,C03163,R024,D0610,P005,2024-08-12,2024-08-01,Siliguri,East,29,13247.52
S03164,C03164,R028,D0027,P004,2024-08-29,2024-08-01,Lucknow,North,29,27451.72
S03165,C03165,R021,D0293,P003,2024-08-07,2024-08-01,Patna,East,12,7553.37
S03166,C03166,R017,D0018,P007,2024-08-15,2024-08-01,Coimbatore,South,26,16579.46
S03167,C03167,R061,D0660,P002,2024-08-26,2024-08-01,Bengaluru,South,32,18995.13
S03168,C03168,R045,D0832,P001,2024-08-10,2024-08-01,Patna,East,25,18066.2
S03169,C03169,R031,D0350,P004,2024-08-22,2024-08-01,Mumbai,West,29,23293.83
S03170,C03170,R061,D0251,P006,2024-08-25,2024-08-01,Bengaluru,South,28,14412.53
S03171,C03171,R011,D0507,P002,2024-08-11,2024-08-01,Nagpur,West,14,7804.5
S03172,C03172,R054,D0532,P008,2024-08-28,2024-08-01,Dehradun,North,22,7052.75
S03173,C03173,R050,D0326,P006,2024-08-14,2024-08-01,Chandigarh,North,12,5469.5
S03174,C03174,R071,D0298,P008,2024-08-10,2024-08-01,Ranchi,East,24,7032.27
S03175,C03175,R011,D0191,P004,2024-08-07,2024-08-01,Nagpur,West,12,10408.71
S03176,C03176,R047,D0187,P001,2024-08-09,2024-08-01,Ranchi,East,18,14331.85
S03177,C03177,R023,D0472,P002,2024-08-18,2024-08-01,Ranchi,East,22,11669.41
S03178,C03178,R050,D0689,P005,2024-08-07,2024-08-01,Chandigarh,North,21,9763.06
S03179,C03179,R056,D0623,P005,2024-08-12,2024-08-01,Pune,West,23,10678.01
S03180,C03180,R072,D0396,P006,2024-08-23,2024-08-01,Siliguri,East,14,7472.42
S03181,C03181,R040,D0592,P007,2024-08-28,2024-08-01,Kochi,South,31,17812.43
S03182,C03182,R010,D0410,P007,2024-08-22,2024-08-01,Surat,West,35,21444.11
S03183,C03183,R071,D0284,P005,2024-08-17,2024-08-01,Ranchi,East,24,11834.17
S03184,C03184,R036,D0304,P001,2024-08-22,2024-08-01,Goa,West,17,12736.23
S03185,C03185,R033,D0424,P005,2024-08-13,2024-08-01,Ahmedabad,West,25,11139.54
S03186,C03186,R059,D0342,P007,2024-08-09,2024-08-01,Nagpur,West,21,12865.25
S03187,C03187,R060,D0745,P007,2024-08-24,2024-08-01,Goa,West,36,20799.17
S03188,C03188,R034,D0111,P007,2024-08-05,2024-08-01,Surat,West,15,8617.33
S03189,C03189,R027,D0071,P001,2024-08-29,2024-08-01,Jaipur,North,19,14562.77
S03190,C03190,R047,D0378,P004,2024-08-14,2024-08-01,Ranchi,East,34,29890.75
S03191,C03191,R054,D0060,P005,2024-08-26,2024-08-01,Dehradun,North,26,12409.38
S03192,C03192,R060,D0152,P002,2024-08-04,2024-08-01,Goa,West,21,10831.56
S03193,C03193,R058,D0231,P004,2024-08-16,2024-08-01,Surat,West,27,24066.62
S03194,C03194,R013,D0015,P001,2024-08-14,2024-08-01,Bengaluru,South,40,33125.53
S03195,C03195,R007,D0267,P002,2024-08-12,2024-08-01,Mumbai,West,41,23440.52
S03196,C03196,R050,D0479,P001,2024-08-16,2024-08-01,Chandigarh,North,32,24822.48
S03197,C03197,R048,D0312,P008,2024-08-21,2024-08-01,Siliguri,East,18,5814.41
S03198,C03198,R063,D0767,P007,2024-08-30,2024-08-01,Hyderabad,South,27,15724.54
S03199,C03199,R006,D0095,P004,2024-08-26,2024-08-01,Dehradun,North,26,23474.2
S03200,C03200,R010,D0542,P001,2024-08-08,2024-08-01,Surat,West,16,13434.93
S03201,C03201,R049,D0553,P003,2024-08-31,2024-08-01,North Delhi,North,15,10543.17
S03202,C03202,R060,D0589,P004,2024-08-16,2024-08-01,Goa,West,33,29337.33
S03203,C03203,R033,D0632,P002,2024-08-15,2024-08-01,Ahmedabad,West,30,16480.18
S03204,C03204,R070,D0058,P006,2024-08-01,2024-08-01,Guwahati,East,28,13754.85
S03205,C03205,R019,D0698,P008,2024-08-21,2024-08-01,Kolkata,East,21,6407.61
S03206,C03206,R030,D0256,P007,2024-08-28,2024-08-01,Dehradun,North,10,5988.9
S03207,C03207,R011,D0574,P007,2024-08-10,2024-08-01,Nagpur,West,22,13601.68
S03208,C03208,R043,D0218,P007,2024-08-27,2024-08-01,Kolkata,East,12,7584.22
S03209,C03209,R069,D0283,P001,2024-08-03,2024-08-01,Patna,East,26,20199.63
S03210,C03210,R046,D0577,P005,2024-08-30,2024-08-01,Guwahati,East,15,7051.85
S03211,C03211,R070,D0802,P005,2024-08-08,2024-08-01,Guwahati,East,14,5618.32
S03212,C03212,R064,D0730,P001,2024-08-15,2024-08-01,Kochi,South,15,11799.71
S03213,C03213,R068,D0646,P002,2024-08-01,2024-08-01,Bhubaneswar,East,15,7848.81
S03214,C03214,R060,D0506,P005,2024-08-28,2024-08-01,Goa,West,36,15524.31
S03215,C03215,R048,D0396,P006,2024-08-16,2024-08-01,Siliguri,East,22,11474.69
S03216,C03216,R065,D0818,P002,2024-08-31,2024-08-01,Coimbatore,South,19,11002.39
S03217,C03217,R006,D0189,P004,2024-08-12,2024-08-01,Dehradun,North,25,22234.74
S03218,C03218,R025,D0819,P001,2024-08-02,2024-08-01,North Delhi,North,35,28500.92
S03219,C03219,R041,D0531,P001,2024-08-22,2024-08-01,Coimbatore,South,29,22147.57
S03220,C03220,R054,D0587,P005,2024-08-06,2024-08-01,Dehradun,North,22,11158.75
S03221,C03221,R008,D0502,P005,2024-08-20,2024-08-01,Pune,West,31,13136.17
S03222,C03222,R027,D0690,P007,2024-08-02,2024-08-01,Jaipur,North,24,14566.16
S03223,C03223,R026,D0664,P008,2024-08-06,2024-08-01,Chandigarh,North,14,4648.32
S03224,C03224,R002,D0131,P002,2024-08-20,2024-08-01,Chandigarh,North,21,11322.5
S03225,C03225,R016,D0608,P003,2024-08-21,2024-08-01,Kochi,South,26,18340.96
S03226,C03226,R042,D0522,P007,2024-08-05,2024-08-01,Vijayawada,South,16,8748.34
S03227,C03227,R002,D0810,P001,2024-08-06,2024-08-01,Chandigarh,North,15,11634.95
S03228,C03228,R002,D0829,P007,2024-08-27,2024-08-01,Chandigarh,North,8,4819.16
S03229,C03229,R032,D0817,P008,2024-08-01,2024-08-01,Pune,West,32,10183.52
S03230,C03230,R049,D0032,P001,2024-08-08,2024-08-01,North Delhi,North,17,12210.51
S03231,C03231,R019,D0526,P002,2024-08-31,2024-08-01,Kolkata,East,16,8514.14
S03232,C03232,R017,D0788,P006,2024-08-17,2024-08-01,Coimbatore,South,9,4512.54
S03233,C03233,R014,D0786,P004,2024-08-01,2024-08-01,Chennai,South,37,33330.38
S03234,C03234,R048,D0467,P008,2024-08-28,2024-08-01,Siliguri,East,33,11139.88
S03235,C03235,R071,D0763,P005,2024-08-11,2024-08-01,Ranchi,East,17,7863.59
S03236,C03236,R052,D0719,P006,2024-08-23,2024-08-01,Lucknow,North,30,15619.59
S03237,C03237,R032,D0106,P002,2024-08-20,2024-08-01,Pune,West,27,15496.73
S03238,C03238,R053,D0816,P003,2024-08-12,2024-08-01,Ludhiana,North,31,21676.56
S03239,C03239,R041,D0505,P002,2024-08-12,2024-08-01,Coimbatore,South,28,13317.39
S03240,C03240,R005,D0550,P002,2024-08-18,2024-08-01,Ludhiana,North,19,10669.07
S03241,C03241,R028,D0169,P001,2024-08-12,2024-08-01,Lucknow,North,20,16217.07
S03242,C03242,R008,D0705,P008,2024-08-06,2024-08-01,Pune,West,31,9789.95
S03243,C03243,R038,D0247,P001,2024-08-23,2024-08-01,Chennai,South,20,15242.35
S03244,C03244,R071,D0327,P005,2024-08-21,2024-08-01,Ranchi,East,35,15191.06
S03245,C03245,R060,D0268,P005,2024-08-19,2024-08-01,Goa,West,26,10799.16
S03246,C03246,R007,D0780,P001,2024-08-23,2024-08-01,Mumbai,West,33,26833.68
S03247,C03247,R044,D0509,P007,2024-08-17,2024-08-01,Bhubaneswar,East,20,12666.72
S03248,C03248,R063,D0108,P005,2024-08-29,2024-08-01,Hyderabad,South,31,14188.72
S03249,C03249,R017,D0018,P002,2024-08-28,2024-08-01,Coimbatore,South,25,13979.15
S03250,C03250,R070,D0848,P002,2024-08-31,2024-08-01,Guwahati,East,17,9649.82
S03251,C03251,R062,D0190,P006,2024-08-04,2024-08-01,Chennai,South,27,12533.6
S03252,C03252,R052,D0584,P005,2024-08-04,2024-08-01,Lucknow,North,18,8383.22
S03253,C03253,R022,D0058,P004,2024-08-15,2024-08-01,Guwahati,East,18,15825.58
S03254,C03254,R053,D0816,P004,2024-08-22,2024-08-01,Ludhiana,North,25,22730.88
S03255,C03255,R015,D0533,P001,2024-08-08,2024-08-01,Hyderabad,South,16,12596.28
S03256,C03256,R045,D0206,P001,2024-08-04,2024-08-01,Patna,East,12,9720.31
S03257,C03257,R024,D0713,P005,2024-08-02,2024-08-01,Siliguri,East,21,8895.49
S03258,C03258,R067,D0218,P003,2024-08-18,2024-08-01,Kolkata,East,18,12660.5
S03259,C03259,R052,D0830,P003,2024-08-31,2024-08-01,Lucknow,North,17,10926.23
S03260,C03260,R009,D0551,P004,2024-08-15,2024-08-01,Ahmedabad,West,26,22984.66
S03261,C03261,R051,D0383,P005,2024-08-23,2024-08-01,Jaipur,North,35,14683.56
S03262,C03262,R025,D0032,P003,2024-08-02,2024-08-01,North Delhi,North,24,15757.98
S03263,C03263,R058,D0124,P003,2024-08-07,2024-08-01,Surat,West,29,19122.61
S03264,C03264,R035,D0079,P003,2024-08-22,2024-08-01,Nagpur,West,36,23665.2
S03265,C03265,R004,D0680,P006,2024-08-13,2024-08-01,Lucknow,North,36,17684.42
S03266,C03266,R067,D0041,P001,2024-08-01,2024-08-01,Kolkata,East,12,8789.22
S03267,C03267,R014,D0109,P008,2024-08-08,2024-08-01,Chennai,South,39,12880.18
S03268,C03268,R057,D0123,P005,2024-08-25,2024-08-01,Ahmedabad,West,18,7560.82
S03269,C03269,R055,D0780,P002,2024-08-22,2024-08-01,Mumbai,West,29,16290.0
S03270,C03270,R019,D0797,P007,2024-08-26,2024-08-01,Kolkata,East,14,9263.56
S03271,C03271,R012,D0648,P008,2024-08-11,2024-08-01,Goa,West,28,9953.12
S03272,C03272,R055,D0051,P001,2024-08-29,2024-08-01,Mumbai,West,29,21394.49
S03273,C03273,R046,D0418,P002,2024-08-29,2024-08-01,Guwahati,East,25,13898.82
S03274,C03274,R052,D0781,P002,2024-08-12,2024-08-01,Lucknow,North,18,9446.6
S03275,C03275,R062,D0078,P001,2024-08-07,2024-08-01,Chennai,South,25,20693.91
S03276,C03276,R015,D0695,P006,2024-08-30,2024-08-01,Hyderabad,South,29,15080.65
S03277,C03277,R032,D0106,P002,2024-08-11,2024-08-01,Pune,West,33,17559.59
S03278,C03278,R018,D0644,P004,2024-08-16,2024-08-01,Vijayawada,South,11,9344.36
S03279,C03279,R021,D0448,P007,2024-08-29,2024-08-01,Patna,East,13,7783.47
S03280,C03280,R022,D0796,P005,2024-08-09,2024-08-01,Guwahati,East,25,11112.26
S03281,C03281,R007,D0456,P006,2024-08-28,2024-08-01,Mumbai,West,31,15790.77
S03282,C03282,R057,D0717,P001,2024-08-05,2024-08-01,Ahmedabad,West,32,24993.94
S03283,C03283,R028,D0680,P008,2024-08-10,2024-08-01,Lucknow,North,38,11822.84
S03284,C03284,R029,D0279,P001,2024-08-13,2024-08-01,Ludhiana,North,28,21136.63
S03285,C03285,R033,D0554,P006,2024-08-15,2024-08-01,Ahmedabad,West,25,13149.99
S03286,C03286,R063,D0374,P006,2024-08-08,2024-08-01,Hyderabad,South,29,15308.02
S03287,C03287,R013,D0272,P004,2024-08-28,2024-08-01,Bengaluru,South,30,25614.95
S03288,C03288,R030,D0708,P007,2024-08-21,2024-08-01,Dehradun,North,13,7908.38
S03289,C03289,R024,D0160,P008,2024-08-21,2024-08-01,Siliguri,East,25,7654.31
S03290,C03290,R030,D0136,P001,2024-08-23,2024-08-01,Dehradun,North,18,15870.74
S03291,C03291,R068,D0509,P008,2024-08-20,2024-08-01,Bhubaneswar,East,13,3964.35
S03292,C03292,R004,D0658,P002,2024-08-20,2024-08-01,Lucknow,North,14,7655.75
S03293,C03293,R003,D0159,P007,2024-08-21,2024-08-01,Jaipur,North,24,14965.8
S03294,C03294,R067,D0264,P007,2024-08-23,2024-08-01,Kolkata,East,17,10025.02
S03295,C03295,R018,D0465,P005,2024-08-29,2024-08-01,Vijayawada,South,25,11005.31
S03296,C03296,R044,D0509,P007,2024-08-07,2024-08-01,Bhubaneswar,East,22,13232.48
S03297,C03297,R059,D0555,P007,2024-08-17,2024-08-01,Nagpur,West,19,11088.71
S03298,C03298,R011,D0496,P005,2024-08-06,2024-08-01,Nagpur,West,17,7893.67
S03299,C03299,R029,D0735,P002,2024-08-06,2024-08-01,Ludhiana,North,15,7755.87
S03300,C03300,R047,D0747,P004,2024-08-30,2024-08-01,Ranchi,East,41,36757.52
S03301,C03301,R027,D0383,P008,2024-08-15,2024-08-01,Jaipur,North,24,6887.27
S03302,C03302,R016,D0373,P002,2024-08-22,2024-08-01,Kochi,South,14,7254.97
S03303,C03303,R024,D0180,P008,2024-08-23,2024-08-01,Siliguri,East,18,5639.03
S03304,C03304,R043,D0359,P002,2024-08-01,2024-08-01,Kolkata,East,23,13041.42
S03305,C03305,R068,D0688,P006,2024-08-16,2024-08-01,Bhubaneswar,East,22,10183.41
S03306,C03306,R035,D0485,P006,2024-08-06,2024-08-01,Nagpur,West,40,21435.65
S03307,C03307,R056,D0621,P002,2024-08-10,2024-08-01,Pune,West,20,11156.25
S03308,C03308,R044,D0431,P004,2024-08-06,2024-08-01,Bhubaneswar,East,17,13779.24
S03309,C03309,R010,D0513,P002,2024-08-21,2024-08-01,Surat,West,18,9981.5
S03310,C03310,R031,D0588,P003,2024-08-05,2024-08-01,Mumbai,West,18,11327.55
S03311,C03311,R035,D0496,P008,2024-08-14,2024-08-01,Nagpur,West,19,6253.65
S03312,C03312,R014,D0776,P001,2024-08-10,2024-08-01,Chennai,South,28,22528.57
S03313,C03313,R034,D0707,P007,2024-08-30,2024-08-01,Surat,West,14,8878.68
S03314,C03314,R050,D0156,P006,2024-08-25,2024-08-01,Chandigarh,North,21,10403.98
S03315,C03315,R048,D0160,P006,2024-08-11,2024-08-01,Siliguri,East,22,11602.66
S03316,C03316,R039,D0814,P003,2024-08-10,2024-08-01,Hyderabad,South,27,19192.1
S03317,C03317,R039,D0302,P008,2024-08-23,2024-08-01,Hyderabad,South,18,5676.11
S03318,C03318,R012,D0268,P003,2024-08-20,2024-08-01,Goa,West,27,17673.64
S03319,C03319,R049,D0679,P005,2024-08-18,2024-08-01,North Delhi,North,31,14766.52
S03320,C03320,R058,D0423,P001,2024-08-03,2024-08-01,Surat,West,29,19400.45
S03321,C03321,R037,D0070,P008,2024-08-03,2024-08-01,Bengaluru,South,27,8215.98
S03322,C03322,R060,D0118,P006,2024-08-20,2024-08-01,Goa,West,11,5892.51
S03323,C03323,R023,D0733,P002,2024-08-15,2024-08-01,Ranchi,East,30,16324.55
S03324,C03324,R001,D0672,P006,2024-08-26,2024-08-01,North Delhi,North,15,7567.58
S03325,C03325,R063,D0235,P002,2024-08-01,2024-08-01,Hyderabad,South,18,9262.38
S03326,C03326,R043,D0715,P004,2024-08-06,2024-08-01,Kolkata,East,20,17823.67
S03327,C03327,R021,D0084,P005,2024-08-25,2024-08-01,Patna,East,20,8955.79
S03328,C03328,R012,D0804,P008,2024-08-31,2024-08-01,Goa,West,17,4964.85
S03329,C03329,R064,D0067,P003,2024-08-23,2024-08-01,Kochi,South,21,14762.72
S03330,C03330,R016,D0534,P001,2024-08-01,2024-08-01,Kochi,South,19,14305.1
S03331,C03331,R029,D0742,P004,2024-08-02,2024-08-01,Ludhiana,North,23,20191.78
S03332,C03332,R050,D0628,P008,2024-08-28,2024-08-01,Chandigarh,North,24,6995.28
S03333,C03333,R039,D0585,P007,2024-08-16,2024-08-01,Hyderabad,South,19,11279.9
S03334,C03334,R066,D0249,P001,2024-08-16,2024-08-01,Vijayawada,South,21,17203.86
S03335,C03335,R059,D0274,P001,2024-08-30,2024-08-01,Nagpur,West,27,22040.29
S03336,C03336,R035,D0269,P007,2024-08-08,2024-08-01,Nagpur,West,22,13436.96
S03337,C03337,R043,D0076,P006,2024-08-09,2024-08-01,Kolkata,East,12,5928.8
S03338,C03338,R045,D0215,P005,2024-08-22,2024-08-01,Patna,East,27,12436.04
S03339,C03339,R068,D0321,P001,2024-08-29,2024-08-01,Bhubaneswar,East,24,19193.32
S03340,C03340,R031,D0661,P003,2024-08-12,2024-08-01,Mumbai,West,25,15265.0
S03341,C03341,R069,D0206,P007,2024-08-05,2024-08-01,Patna,East,20,12352.87
S03342,C03342,R018,D0100,P002,2024-08-02,2024-08-01,Vijayawada,South,42,23549.21
S03343,C03343,R061,D0614,P002,2024-08-01,2024-08-01,Bengaluru,South,23,12382.57
S03344,C03344,R057,D0495,P004,2024-08-12,2024-08-01,Ahmedabad,West,19,16893.53
S03345,C03345,R007,D0267,P006,2024-08-17,2024-08-01,Mumbai,West,27,13269.88
S03346,C03346,R064,D0581,P007,2024-08-16,2024-08-01,Kochi,South,13,8047.83
S03347,C03347,R046,D0165,P005,2024-08-08,2024-08-01,Guwahati,East,12,5963.88
S03348,C03348,R051,D0671,P004,2024-08-21,2024-08-01,Jaipur,North,39,37150.66
S03349,C03349,R007,D0023,P004,2024-08-28,2024-08-01,Mumbai,West,29,25067.18
S03350,C03350,R048,D0482,P001,2024-08-08,2024-08-01,Siliguri,East,15,11480.89
S03351,C03351,R049,D0553,P003,2024-08-21,2024-08-01,North Delhi,North,11,7755.69
S03352,C03352,R036,D0304,P002,2024-08-17,2024-08-01,Goa,West,17,9453.1
S03353,C03353,R013,D0601,P001,2024-08-22,2024-08-01,Bengaluru,South,20,16048.39
S03354,C03354,R006,D0338,P006,2024-08-01,2024-08-01,Dehradun,North,22,10205.57
S03355,C03355,R022,D0492,P003,2024-08-21,2024-08-01,Guwahati,East,13,8972.46
S03356,C03356,R072,D0160,P005,2024-08-24,2024-08-01,Siliguri,East,13,5896.14
S03357,C03357,R027,D0565,P002,2024-08-22,2024-08-01,Jaipur,North,17,9287.17
S03358,C03358,R009,D0706,P005,2024-08-27,2024-08-01,Ahmedabad,West,26,11538.15
S03359,C03359,R069,D0807,P002,2024-08-24,2024-08-01,Patna,East,13,7599.01
S03360,C03360,R036,D0304,P006,2024-08-31,2024-08-01,Goa,West,22,10673.06
S03361,C03361,R009,D0403,P006,2024-08-21,2024-08-01,Ahmedabad,West,20,11195.79
S03362,C03362,R069,D0319,P003,2024-08-14,2024-08-01,Patna,East,26,17184.59
S03363,C03363,R037,D0700,P002,2024-08-26,2024-08-01,Bengaluru,South,16,8567.7
S03364,C03364,R061,D0827,P007,2024-08-22,2024-08-01,Bengaluru,South,34,19824.27
S03365,C03365,R008,D0537,P002,2024-08-18,2024-08-01,Pune,West,30,15776.59
S03366,C03366,R012,D0766,P002,2024-08-18,2024-08-01,Goa,West,23,12293.74
S03367,C03367,R040,D0073,P003,2024-08-11,2024-08-01,Kochi,South,21,13953.4
S03368,C03368,R003,D0667,P008,2024-08-20,2024-08-01,Jaipur,North,28,9201.68
S03369,C03369,R003,D0690,P004,2024-08-15,2024-08-01,Jaipur,North,28,24660.09
S03370,C03370,R005,D0699,P003,2024-08-05,2024-08-01,Ludhiana,North,30,20333.28
S03371,C03371,R071,D0472,P005,2024-08-14,2024-08-01,Ranchi,East,26,12667.3
S03372,C03372,R020,D0756,P003,2024-08-30,2024-08-01,Bhubaneswar,East,13,9034.19
S03373,C03373,R072,D0520,P006,2024-08-11,2024-08-01,Siliguri,East,13,6837.75
S03374,C03374,R021,D0727,P004,2024-08-21,2024-08-01,Patna,East,17,15508.49
S03375,C03375,R040,D0162,P005,2024-08-13,2024-08-01,Kochi,South,17,7405.43
S03376,C03376,R026,D0662,P004,2024-08-09,2024-08-01,Chandigarh,North,12,10791.57
S03377,C03377,R032,D0433,P004,2024-08-12,2024-08-01,Pune,West,29,24410.15
S03378,C03378,R020,D0722,P004,2024-08-30,2024-08-01,Bhubaneswar,East,15,14028.84
S03379,C03379,R036,D0806,P004,2024-08-04,2024-08-01,Goa,West,26,23473.89
S03380,C03380,R029,D0742,P008,2024-08-21,2024-08-01,Ludhiana,North,22,7437.65
S03381,C03381,R001,D0157,P003,2024-08-26,2024-08-01,North Delhi,North,16,11180.55
S03382,C03382,R065,D0470,P007,2024-08-06,2024-08-01,Coimbatore,South,18,11222.19
S03383,C03383,R023,D0029,P006,2024-08-24,2024-08-01,Ranchi,East,34,16753.62
S03384,C03384,R038,D0786,P005,2024-08-20,2024-08-01,Chennai,South,46,18787.39
S03385,C03385,R053,D0233,P003,2024-08-11,2024-08-01,Ludhiana,North,15,10168.7
S03386,C03386,R006,D0591,P004,2024-08-06,2024-08-01,Dehradun,North,12,10590.24
S03387,C03387,R006,D0525,P007,2024-08-30,2024-08-01,Dehradun,North,16,10150.57
S03388,C03388,R056,D0705,P002,2024-08-07,2024-08-01,Pune,West,41,22912.99
S03389,C03389,R041,D0630,P005,2024-08-30,2024-08-01,Coimbatore,South,25,11844.08
S03390,C03390,R001,D0672,P007,2024-08-21,2024-08-01,North Delhi,North,9,5557.83
S03391,C03391,R021,D0500,P006,2024-08-27,2024-08-01,Patna,East,9,4209.33
S03392,C03392,R054,D0136,P002,2024-08-10,2024-08-01,Dehradun,North,14,8037.72
S03393,C03393,R019,D0779,P005,2024-08-01,2024-08-01,Kolkata,East,16,6897.43
S03394,C03394,R018,D0064,P002,2024-08-21,2024-08-01,Vijayawada,South,22,11495.53
S03395,C03395,R023,D0340,P008,2024-08-12,2024-08-01,Ranchi,East,12,3776.55
S03396,C03396,R026,D0326,P003,2024-08-18,2024-08-01,Chandigarh,North,20,13212.11
S03397,C03397,R059,D0390,P004,2024-08-15,2024-08-01,Nagpur,West,28,24522.38
S03398,C03398,R028,D0783,P007,2024-08-10,2024-08-01,Lucknow,North,18,10674.88
S03399,C03399,R041,D0163,P004,2024-08-23,2024-08-01,Coimbatore,South,31,28697.14
S03400,C03400,R038,D0473,P002,2024-08-16,2024-08-01,Chennai,South,22,11089.03
S03401,C03401,R053,D0148,P008,2024-08-20,2024-08-01,Ludhiana,North,23,7207.5
S03402,C03402,R056,D0705,P006,2024-08-21,2024-08-01,Pune,West,36,16435.29
S03403,C03403,R006,D0649,P005,2024-08-22,2024-08-01,Dehradun,North,18,7853.2
S03404,C03404,R044,D0431,P001,2024-08-11,2024-08-01,Bhubaneswar,East,22,15818.85
S03405,C03405,R018,D0072,P004,2024-08-24,2024-08-01,Vijayawada,South,41,37829.21
S03406,C03406,R034,D0104,P004,2024-08-07,2024-08-01,Surat,West,36,32339.24
S03407,C03407,R062,D0198,P003,2024-08-30,2024-08-01,Chennai,South,37,23432.38
S03408,C03408,R036,D0361,P005,2024-08-26,2024-08-01,Goa,West,20,7728.56
S03409,C03409,R011,D0741,P002,2024-08-18,2024-08-01,Nagpur,West,14,6983.24
S03410,C03410,R072,D0096,P004,2024-08-06,2024-08-01,Siliguri,East,8,6728.75
S03411,C03411,R007,D0538,P007,2024-08-29,2024-08-01,Mumbai,West,30,17970.1
S03412,C03412,R034,D0225,P006,2024-08-18,2024-08-01,Surat,West,40,21172.99
S03413,C03413,R017,D0046,P003,2024-08-26,2024-08-01,Coimbatore,South,16,9800.37
S03414,C03414,R005,D0598,P002,2024-08-01,2024-08-01,Ludhiana,North,33,16616.47
S03415,C03415,R008,D0621,P001,2024-08-11,2024-08-01,Pune,West,19,13578.13
S03416,C03416,R014,D0776,P003,2024-08-10,2024-08-01,Chennai,South,38,25083.49
S03417,C03417,R005,D0453,P001,2024-08-26,2024-08-01,Ludhiana,North,18,12517.24
S03418,C03418,R063,D0223,P002,2024-08-15,2024-08-01,Hyderabad,South,22,10831.48
S03419,C03419,R064,D0711,P008,2024-08-04,2024-08-01,Kochi,South,42,13756.77
S03420,C03420,R045,D0213,P007,2024-08-20,2024-08-01,Patna,East,25,16412.06
S03421,C03421,R028,D0557,P005,2024-08-05,2024-08-01,Lucknow,North,25,11536.63
S03422,C03422,R043,D0779,P007,2024-08-14,2024-08-01,Kolkata,East,15,9006.34
S03423,C03423,R056,D0106,P004,2024-08-31,2024-08-01,Pune,West,23,22699.21
S03424,C03424,R027,D0803,P005,2024-08-14,2024-08-01,Jaipur,North,22,9856.07
S03425,C03425,R065,D0163,P008,2024-08-14,2024-08-01,Coimbatore,South,23,7169.28
S03426,C03426,R001,D0440,P001,2024-08-02,2024-08-01,North Delhi,North,12,9108.96
S03427,C03427,R072,D0178,P003,2024-08-15,2024-08-01,Siliguri,East,25,17738.04
S03428,C03428,R071,D0101,P001,2024-08-30,2024-08-01,Ranchi,East,55,44056.08
S03429,C03429,R010,D0513,P007,2024-08-30,2024-08-01,Surat,West,27,16905.12
S03430,C03430,R017,D0470,P007,2024-08-30,2024-08-01,Coimbatore,South,15,9299.4
S03431,C03431,R055,D0461,P006,2024-08-12,2024-08-01,Mumbai,West,24,11960.52
S03432,C03432,R005,D0444,P005,2024-08-03,2024-08-01,Ludhiana,North,27,12219.31
S03433,C03433,R042,D0522,P004,2024-08-08,2024-08-01,Vijayawada,South,25,21176.91
S03434,C03434,R070,D0821,P001,2024-08-07,2024-08-01,Guwahati,East,12,9174.61
S03435,C03435,R039,D0387,P007,2024-08-03,2024-08-01,Hyderabad,South,20,12372.38
S03436,C03436,R020,D0273,P008,2024-08-22,2024-08-01,Bhubaneswar,East,12,3802.47
S03437,C03437,R037,D0251,P008,2024-08-17,2024-08-01,Bengaluru,South,56,18645.08
S03438,C03438,R047,D0378,P003,2024-08-23,2024-08-01,Ranchi,East,24,16047.92
S03439,C03439,R002,D0151,P002,2024-08-07,2024-08-01,Chandigarh,North,14,7631.75
S03440,C03440,R004,D0204,P006,2024-08-22,2024-08-01,Lucknow,North,20,9757.39
S03441,C03441,R051,D0166,P001,2024-08-03,2024-08-01,Jaipur,North,50,36608.33
S03442,C03442,R026,D0838,P001,2024-08-23,2024-08-01,Chandigarh,North,27,19874.01
S03443,C03443,R002,D0329,P007,2024-08-26,2024-08-01,Chandigarh,North,24,15436.31
S03444,C03444,R058,D0707,P008,2024-08-08,2024-08-01,Surat,West,23,6724.41
S03445,C03445,R046,D0451,P004,2024-08-11,2024-08-01,Guwahati,East,16,14375.2
S03446,C03446,R026,D0375,P005,2024-08-14,2024-08-01,Chandigarh,North,15,6965.7
S03447,C03447,R013,D0782,P005,2024-08-18,2024-08-01,Bengaluru,South,34,15104.91
S03448,C03448,R033,D0673,P002,2024-08-17,2024-08-01,Ahmedabad,West,27,14553.83
S03449,C03449,R039,D0183,P002,2024-08-04,2024-08-01,Hyderabad,South,22,11981.71
S03450,C03450,R049,D0259,P003,2024-08-12,2024-08-01,North Delhi,North,14,8706.32
S03451,C03451,R014,D0549,P007,2024-08-16,2024-08-01,Chennai,South,33,19335.43
S03452,C03452,R021,D0007,P004,2024-08-20,2024-08-01,Patna,East,12,10608.4
S03453,C03453,R025,D0113,P006,2024-08-20,2024-08-01,North Delhi,North,23,11669.42
S03454,C03454,R025,D0033,P002,2024-08-21,2024-08-01,North Delhi,North,17,8527.34
S03455,C03455,R053,D0699,P008,2024-08-14,2024-08-01,Ludhiana,North,23,7361.21
S03456,C03456,R068,D0443,P008,2024-08-16,2024-08-01,Bhubaneswar,East,21,6733.83
S03457,C03457,R013,D0015,P004,2024-09-11,2024-09-01,Bengaluru,South,34,31645.6
S03458,C03458,R005,D0718,P002,2024-09-09,2024-09-01,Ludhiana,North,16,8594.55
S03459,C03459,R041,D0531,P008,2024-09-10,2024-09-01,Coimbatore,South,25,7805.22
S03460,C03460,R014,D0597,P007,2024-09-14,2024-09-01,Chennai,South,9,5677.68
S03461,C03461,R036,D0149,P005,2024-09-04,2024-09-01,Goa,West,24,11608.59
S03462,C03462,R061,D0701,P003,2024-09-07,2024-09-01,Bengaluru,South,15,9173.0
S03463,C03463,R057,D0143,P005,2024-09-04,2024-09-01,Ahmedabad,West,17,7581.82
S03464,C03464,R046,D0451,P003,2024-09-13,2024-09-01,Guwahati,East,19,11160.3
S03465,C03465,R067,D0471,P006,2024-09-15,2024-09-01,Kolkata,East,21,10148.54
S03466,C03466,R065,D0163,P007,2024-09-05,2024-09-01,Coimbatore,South,26,16967.75
S03467,C03467,R028,D0286,P004,2024-09-05,2024-09-01,Lucknow,North,11,9220.85
S03468,C03468,R070,D0058,P001,2024-09-16,2024-09-01,Guwahati,East,26,20661.07
S03469,C03469,R024,D0389,P005,2024-09-07,2024-09-01,Siliguri,East,43,20096.21
S03470,C03470,R050,D0664,P007,2024-09-27,2024-09-01,Chandigarh,North,24,14146.24
S03471,C03471,R049,D0263,P002,2024-09-05,2024-09-01,North Delhi,North,32,16808.94
S03472,C03472,R037,D0379,P008,2024-09-15,2024-09-01,Bengaluru,South,36,12269.58
S03473,C03473,R053,D0833,P003,2024-09-25,2024-09-01,Ludhiana,North,18,12386.31
S03474,C03474,R065,D0163,P006,2024-09-04,2024-09-01,Coimbatore,South,21,11859.26
S03475,C03475,R049,D0259,P006,2024-09-14,2024-09-01,North Delhi,North,10,4425.26
S03476,C03476,R066,D0074,P002,2024-09-15,2024-09-01,Vijayawada,South,34,18766.56
S03477,C03477,R057,D0495,P001,2024-09-17,2024-09-01,Ahmedabad,West,19,12985.33
S03478,C03478,R036,D0152,P008,2024-09-27,2024-09-01,Goa,West,17,5403.84
S03479,C03479,R041,D0635,P006,2024-09-18,2024-09-01,Coimbatore,South,61,30617.22
S03480,C03480,R066,D0229,P006,2024-09-12,2024-09-01,Vijayawada,South,21,10044.73
S03481,C03481,R009,D0629,P003,2024-09-12,2024-09-01,Ahmedabad,West,38,24200.15
S03482,C03482,R061,D0087,P001,2024-09-19,2024-09-01,Bengaluru,South,17,12997.07
S03483,C03483,R020,D0337,P003,2024-09-09,2024-09-01,Bhubaneswar,East,16,10739.42
S03484,C03484,R053,D0146,P005,2024-09-21,2024-09-01,Ludhiana,North,26,11216.06
S03485,C03485,R062,D0473,P006,2024-09-12,2024-09-01,Chennai,South,18,8796.58
S03486,C03486,R006,D0006,P003,2024-09-02,2024-09-01,Dehradun,North,11,7413.06
S03487,C03487,R024,D0057,P002,2024-09-17,2024-09-01,Siliguri,East,33,18373.4
S03488,C03488,R027,D0527,P002,2024-09-08,2024-09-01,Jaipur,North,18,10950.36
S03489,C03489,R002,D0479,P008,2024-09-11,2024-09-01,Chandigarh,North,26,8348.8
S03490,C03490,R004,D0278,P006,2024-09-10,2024-09-01,Lucknow,North,23,12043.35
S03491,C03491,R062,D0381,P008,2024-09-05,2024-09-01,Chennai,South,24,7555.81
S03492,C03492,R029,D0401,P001,2024-09-09,2024-09-01,Ludhiana,North,19,15785.77
S03493,C03493,R002,D0689,P004,2024-09-28,2024-09-01,Chandigarh,North,6,5064.49
S03494,C03494,R059,D0420,P004,2024-09-10,2024-09-01,Nagpur,West,28,24712.76
S03495,C03495,R001,D0751,P004,2024-09-22,2024-09-01,North Delhi,North,24,21522.02
S03496,C03496,R021,D0206,P004,2024-09-13,2024-09-01,Patna,East,9,8165.83
S03497,C03497,R018,D0135,P001,2024-09-02,2024-09-01,Vijayawada,South,22,17877.88
S03498,C03498,R055,D0429,P001,2024-09-26,2024-09-01,Mumbai,West,19,14595.48
S03499,C03499,R022,D0063,P007,2024-09-28,2024-09-01,Guwahati,East,15,9512.85
S03500,C03500,R060,D0624,P004,2024-09-08,2024-09-01,Goa,West,36,29614.37
S03501,C03501,R055,D0429,P002,2024-09-06,2024-09-01,Mumbai,West,18,9794.05
S03502,C03502,R059,D0357,P003,2024-09-28,2024-09-01,Nagpur,West,22,13077.22
S03503,C03503,R023,D0404,P008,2024-09-03,2024-09-01,Ranchi,East,24,7554.9
S03504,C03504,R054,D0060,P004,2024-09-27,2024-09-01,Dehradun,North,27,26914.58
S03505,C03505,R017,D0434,P008,2024-09-06,2024-09-01,Coimbatore,South,18,5807.91
S03506,C03506,R058,D0778,P002,2024-09-27,2024-09-01,Surat,West,23,12061.77
S03507,C03507,R051,D0615,P001,2024-09-28,2024-09-01,Jaipur,North,16,12738.87
S03508,C03508,R028,D0430,P005,2024-09-08,2024-09-01,Lucknow,North,37,16894.67
S03509,C03509,R045,D0386,P006,2024-09-07,2024-09-01,Patna,East,15,7181.52
S03510,C03510,R012,D0370,P008,2024-09-04,2024-09-01,Goa,West,20,5777.73
S03511,C03511,R026,D0829,P004,2024-09-24,2024-09-01,Chandigarh,North,13,11504.97
S03512,C03512,R035,D0785,P002,2024-09-11,2024-09-01,Nagpur,West,29,15429.39
S03513,C03513,R032,D0419,P005,2024-09-20,2024-09-01,Pune,West,24,10844.7
S03514,C03514,R069,D0801,P003,2024-09-19,2024-09-01,Patna,East,15,10268.23
S03515,C03515,R042,D0072,P002,2024-09-16,2024-09-01,Vijayawada,South,36,20695.93
S03516,C03516,R035,D0342,P001,2024-09-08,2024-09-01,Nagpur,West,39,31400.68
S03517,C03517,R067,D0218,P006,2024-09-11,2024-09-01,Kolkata,East,9,4494.62
S03518,C03518,R010,D0513,P006,2024-09-16,2024-09-01,Surat,West,35,17898.39
S03519,C03519,R044,D0596,P002,2024-09-03,2024-09-01,Bhubaneswar,East,15,8518.36
S03520,C03520,R040,D0422,P005,2024-09-13,2024-09-01,Kochi,South,23,11009.25
S03521,C03521,R033,D0214,P008,2024-09-22,2024-09-01,Ahmedabad,West,37,12141.51
S03522,C03522,R025,D0488,P007,2024-09-13,2024-09-01,North Delhi,North,21,12456.93
S03523,C03523,R048,D0180,P004,2024-09-12,2024-09-01,Siliguri,East,18,16850.65
S03524,C03524,R013,D0308,P001,2024-09-26,2024-09-01,Bengaluru,South,21,17481.81
S03525,C03525,R021,D0246,P006,2024-09-17,2024-09-01,Patna,East,32,16989.12
S03526,C03526,R023,D0747,P005,2024-09-23,2024-09-01,Ranchi,East,38,20052.38
S03527,C03527,R007,D0661,P008,2024-09-02,2024-09-01,Mumbai,West,23,7635.6
S03528,C03528,R007,D0202,P005,2024-09-28,2024-09-01,Mumbai,West,8,3891.11
S03529,C03529,R009,D0836,P006,2024-09-24,2024-09-01,Ahmedabad,West,17,8947.74
S03530,C03530,R010,D0484,P005,2024-09-25,2024-09-01,Surat,West,33,15081.64
S03531,C03531,R031,D0391,P005,2024-09-21,2024-09-01,Mumbai,West,23,9957.86
S03532,C03532,R046,D0441,P003,2024-09-17,2024-09-01,Guwahati,East,20,12692.28
S03533,C03533,R042,D0135,P004,2024-09-16,2024-09-01,Vijayawada,South,18,15412.11
S03534,C03534,R016,D0065,P003,2024-09-19,2024-09-01,Kochi,South,14,8681.49
S03535,C03535,R051,D0296,P004,2024-09-15,2024-09-01,Jaipur,North,20,17544.88
S03536,C03536,R047,D0639,P008,2024-09-22,2024-09-01,Ranchi,East,26,8321.35
S03537,C03537,R021,D0246,P003,2024-09-11,2024-09-01,Patna,East,29,20280.14
S03538,C03538,R064,D0372,P004,2024-09-24,2024-09-01,Kochi,South,18,15054.63
S03539,C03539,R071,D0850,P008,2024-09-11,2024-09-01,Ranchi,East,18,6016.87
S03540,C03540,R034,D0823,P002,2024-09-15,2024-09-01,Surat,West,31,16964.44
S03541,C03541,R020,D0509,P003,2024-09-03,2024-09-01,Bhubaneswar,East,19,12776.08
S03542,C03542,R051,D0071,P004,2024-09-28,2024-09-01,Jaipur,North,25,22142.98
S03543,C03543,R034,D0490,P004,2024-09-21,2024-09-01,Surat,West,18,17695.61
S03544,C03544,R069,D0548,P003,2024-09-08,2024-09-01,Patna,East,12,7608.65
S03545,C03545,R009,D0835,P007,2024-09-02,2024-09-01,Ahmedabad,West,30,17789.11
S03546,C03546,R050,D0829,P004,2024-09-26,2024-09-01,Chandigarh,North,20,17904.78
S03547,C03547,R057,D0554,P003,2024-09-01,2024-09-01,Ahmedabad,West,12,8076.65
S03548,C03548,R038,D0109,P004,2024-09-15,2024-09-01,Chennai,South,43,38700.37
S03549,C03549,R003,D0192,P008,2024-09-01,2024-09-01,Jaipur,North,27,8618.43
S03550,C03550,R044,D0646,P008,2024-09-21,2024-09-01,Bhubaneswar,East,7,2298.96
S03551,C03551,R010,D0423,P002,2024-09-07,2024-09-01,Surat,West,20,11124.87
S03552,C03552,R028,D0313,P001,2024-09-13,2024-09-01,Lucknow,North,23,17905.37
S03553,C03553,R044,D0431,P001,2024-09-18,2024-09-01,Bhubaneswar,East,26,22142.46
S03554,C03554,R051,D0656,P004,2024-09-12,2024-09-01,Jaipur,North,17,15464.09
S03555,C03555,R053,D0401,P006,2024-09-21,2024-09-01,Ludhiana,North,24,12071.37
S03556,C03556,R007,D0202,P001,2024-09-16,2024-09-01,Mumbai,West,20,16569.89
S03557,C03557,R062,D0786,P005,2024-09-13,2024-09-01,Chennai,South,39,16119.74
S03558,C03558,R019,D0264,P004,2024-09-10,2024-09-01,Kolkata,East,16,13438.85
S03559,C03559,R041,D0323,P008,2024-09-13,2024-09-01,Coimbatore,South,20,6334.74
S03560,C03560,R047,D0039,P005,2024-09-10,2024-09-01,Ranchi,East,16,6926.52
S03561,C03561,R030,D0512,P004,2024-09-18,2024-09-01,Dehradun,North,12,11108.97
S03562,C03562,R015,D0844,P005,2024-09-23,2024-09-01,Hyderabad,South,48,22929.26
S03563,C03563,R052,D0169,P002,2024-09-18,2024-09-01,Lucknow,North,18,10512.72
S03564,C03564,R052,D0204,P004,2024-09-01,2024-09-01,Lucknow,North,19,16421.62
S03565,C03565,R056,D0188,P003,2024-09-26,2024-09-01,Pune,West,12,8144.73
S03566,C03566,R012,D0139,P002,2024-09-24,2024-09-01,Goa,West,12,6894.64
S03567,C03567,R036,D0539,P004,2024-09-25,2024-09-01,Goa,West,16,14355.73
S03568,C03568,R026,D0239,P006,2024-09-02,2024-09-01,Chandigarh,North,25,13378.5
S03569,C03569,R050,D0689,P005,2024-09-25,2024-09-01,Chandigarh,North,11,5034.69
S03570,C03570,R065,D0452,P008,2024-09-15,2024-09-01,Coimbatore,South,18,6138.64
S03571,C03571,R019,D0526,P003,2024-09-26,2024-09-01,Kolkata,East,21,13332.61
S03572,C03572,R012,D0118,P006,2024-09-24,2024-09-01,Goa,West,25,11760.9
S03573,C03573,R031,D0350,P005,2024-09-27,2024-09-01,Mumbai,West,37,16697.57
S03574,C03574,R001,D0346,P007,2024-09-04,2024-09-01,North Delhi,North,15,9109.8
S03575,C03575,R045,D0009,P008,2024-09-17,2024-09-01,Patna,East,19,6213.02
S03576,C03576,R041,D0452,P006,2024-09-22,2024-09-01,Coimbatore,South,27,14080.53
S03577,C03577,R059,D0428,P004,2024-09-18,2024-09-01,Nagpur,West,15,12876.47
S03578,C03578,R020,D0431,P005,2024-09-25,2024-09-01,Bhubaneswar,East,14,6118.47
S03579,C03579,R031,D0461,P006,2024-09-22,2024-09-01,Mumbai,West,27,14889.8
S03580,C03580,R069,D0682,P007,2024-09-02,2024-09-01,Patna,East,27,16356.59
S03581,C03581,R031,D0683,P002,2024-09-06,2024-09-01,Mumbai,West,30,15814.66
S03582,C03582,R025,D0002,P007,2024-09-20,2024-09-01,North Delhi,North,36,22310.17
S03583,C03583,R059,D0567,P007,2024-09-11,2024-09-01,Nagpur,West,18,10447.58
S03584,C03584,R026,D0810,P001,2024-09-11,2024-09-01,Chandigarh,North,18,13538.15
S03585,C03585,R044,D0756,P003,2024-09-28,2024-09-01,Bhubaneswar,East,11,7547.45
S03586,C03586,R016,D0344,P002,2024-09-03,2024-09-01,Kochi,South,18,9226.96
S03587,C03587,R061,D0663,P005,2024-09-16,2024-09-01,Bengaluru,South,28,12023.98
S03588,C03588,R049,D0679,P002,2024-09-10,2024-09-01,North Delhi,North,36,19094.33
S03589,C03589,R004,D0286,P003,2024-09-02,2024-09-01,Lucknow,North,16,10696.77
S03590,C03590,R031,D0749,P002,2024-09-12,2024-09-01,Mumbai,West,25,14427.92
S03591,C03591,R008,D0537,P001,2024-09-13,2024-09-01,Pune,West,24,19038.72
S03592,C03592,R060,D0745,P004,2024-09-14,2024-09-01,Goa,West,35,31953.85
S03593,C03593,R040,D0592,P003,2024-09-05,2024-09-01,Kochi,South,36,22545.07
S03594,C03594,R009,D0717,P005,2024-09-22,2024-09-01,Ahmedabad,West,32,14857.5
S03595,C03595,R070,D0821,P002,2024-09-11,2024-09-01,Guwahati,East,8,4078.24
S03596,C03596,R055,D0749,P003,2024-09-18,2024-09-01,Mumbai,West,14,9662.92
S03597,C03597,R072,D0348,P008,2024-09-17,2024-09-01,Siliguri,East,12,3861.8
S03598,C03598,R046,D0451,P007,2024-09-17,2024-09-01,Guwahati,East,17,10343.14
S03599,C03599,R070,D0492,P003,2024-09-16,2024-09-01,Guwahati,East,14,9473.61
S03600,C03600,R008,D0659,P002,2024-09-10,2024-09-01,Pune,West,21,11061.81
S03601,C03601,R045,D0283,P008,2024-09-15,2024-09-01,Patna,East,22,6869.27
S03602,C03602,R063,D0223,P006,2024-09-16,2024-09-01,Hyderabad,South,30,14572.54
S03603,C03603,R071,D0578,P004,2024-09-01,2024-09-01,Ranchi,East,18,17446.65
S03604,C03604,R055,D0780,P006,2024-09-22,2024-09-01,Mumbai,West,29,14621.5
S03605,C03605,R039,D0795,P002,2024-09-14,2024-09-01,Hyderabad,South,20,10629.36
S03606,C03606,R049,D0094,P004,2024-09-09,2024-09-01,North Delhi,North,35,32230.5
S03607,C03607,R004,D0777,P004,2024-09-01,2024-09-01,Lucknow,North,26,23153.5
S03608,C03608,R022,D0650,P006,2024-09-10,2024-09-01,Guwahati,East,19,8565.15
S03609,C03609,R068,D0273,P002,2024-09-13,2024-09-01,Bhubaneswar,East,17,10108.45
S03610,C03610,R032,D0106,P004,2024-09-26,2024-09-01,Pune,West,21,18241.76
S03611,C03611,R033,D0181,P007,2024-09-20,2024-09-01,Ahmedabad,West,31,18116.05
S03612,C03612,R038,D0754,P002,2024-09-13,2024-09-01,Chennai,South,28,14997.02
S03613,C03613,R008,D0623,P001,2024-09-04,2024-09-01,Pune,West,31,23556.01
S03614,C03614,R014,D0473,P007,2024-09-09,2024-09-01,Chennai,South,20,11896.86
S03615,C03615,R062,D0504,P007,2024-09-28,2024-09-01,Chennai,South,11,6749.01
S03616,C03616,R060,D0361,P004,2024-09-04,2024-09-01,Goa,West,18,14530.08
S03617,C03617,R058,D0734,P001,2024-09-19,2024-09-01,Surat,West,16,12938.51
S03618,C03618,R003,D0159,P005,2024-09-16,2024-09-01,Jaipur,North,28,13494.47
S03619,C03619,R005,D0241,P003,2024-09-07,2024-09-01,Ludhiana,North,25,15106.15
S03620,C03620,R048,D0160,P005,2024-09-27,2024-09-01,Siliguri,East,21,9880.04
S03621,C03621,R026,D0762,P002,2024-09-12,2024-09-01,Chandigarh,North,19,9820.87
S03622,C03622,R050,D0479,P007,2024-09-20,2024-09-01,Chandigarh,North,32,19092.68
S03623,C03623,R039,D0540,P006,2024-09-03,2024-09-01,Hyderabad,South,30,15569.07
S03624,C03624,R016,D0787,P006,2024-09-29,2024-09-01,Kochi,South,26,13834.43
S03625,C03625,R030,D0167,P005,2024-09-01,2024-09-01,Dehradun,North,12,5611.37
S03626,C03626,R071,D0843,P002,2024-09-10,2024-09-01,Ranchi,East,13,6532.39
S03627,C03627,R006,D0136,P008,2024-09-28,2024-09-01,Dehradun,North,17,5457.45
S03628,C03628,R017,D0606,P003,2024-09-20,2024-09-01,Coimbatore,South,18,12170.73
S03629,C03629,R030,D0627,P003,2024-09-21,2024-09-01,Dehradun,North,10,6345.01
S03630,C03630,R070,D0654,P008,2024-09-10,2024-09-01,Guwahati,East,25,7661.67
S03631,C03631,R069,D0085,P001,2024-09-24,2024-09-01,Patna,East,17,13212.64
S03632,C03632,R034,D0778,P002,2024-09-28,2024-09-01,Surat,West,19,10554.27
S03633,C03633,R068,D0684,P007,2024-09-19,2024-09-01,Bhubaneswar,East,16,9483.44
S03634,C03634,R063,D0108,P003,2024-09-07,2024-09-01,Hyderabad,South,20,13358.68
S03635,C03635,R020,D0556,P005,2024-09-28,2024-09-01,Bhubaneswar,East,10,4310.07
S03636,C03636,R052,D0652,P005,2024-09-01,2024-09-01,Lucknow,North,17,7925.76
S03637,C03637,R011,D0428,P007,2024-09-27,2024-09-01,Nagpur,West,16,8871.15
S03638,C03638,R061,D0266,P005,2024-09-01,2024-09-01,Bengaluru,South,30,14013.77
S03639,C03639,R061,D0199,P004,2024-09-02,2024-09-01,Bengaluru,South,39,36239.67
S03640,C03640,R012,D0427,P005,2024-09-02,2024-09-01,Goa,West,15,6842.42
S03641,C03641,R053,D0846,P006,2024-09-06,2024-09-01,Ludhiana,North,16,8387.41
S03642,C03642,R011,D0555,P004,2024-09-22,2024-09-01,Nagpur,West,19,17117.4
S03643,C03643,R008,D0622,P002,2024-09-12,2024-09-01,Pune,West,16,8045.08
S03644,C03644,R027,D0671,P004,2024-09-03,2024-09-01,Jaipur,North,31,25960.71
S03645,C03645,R023,D0639,P008,2024-09-11,2024-09-01,Ranchi,East,23,7226.77
S03646,C03646,R013,D0270,P001,2024-09-30,2024-09-01,Bengaluru,South,31,24000.37
S03647,C03647,R043,D0670,P002,2024-09-16,2024-09-01,Kolkata,East,9,4669.84
S03648,C03648,R040,D0360,P008,2024-09-22,2024-09-01,Kochi,South,21,6310.0
S03649,C03649,R015,D0474,P007,2024-09-08,2024-09-01,Hyderabad,South,16,8366.12
S03650,C03650,R011,D0342,P001,2024-09-16,2024-09-01,Nagpur,West,23,19441.2
S03651,C03651,R031,D0771,P002,2024-09-24,2024-09-01,Mumbai,West,24,14064.65
S03652,C03652,R051,D0656,P006,2024-09-21,2024-09-01,Jaipur,North,16,7815.26
S03653,C03653,R006,D0559,P007,2024-09-01,2024-09-01,Dehradun,North,31,17548.06
S03654,C03654,R008,D0439,P006,2024-09-19,2024-09-01,Pune,West,29,15865.97
S03655,C03655,R001,D0521,P007,2024-09-24,2024-09-01,North Delhi,North,15,8180.23
S03656,C03656,R039,D0585,P005,2024-09-05,2024-09-01,Hyderabad,South,29,14025.59
S03657,C03657,R056,D0265,P008,2024-09-12,2024-09-01,Pune,West,19,6273.58
S03658,C03658,R032,D0657,P005,2024-09-20,2024-09-01,Pune,West,21,9491.14
S03659,C03659,R070,D0176,P004,2024-09-01,2024-09-01,Guwahati,East,28,26655.71
S03660,C03660,R035,D0153,P006,2024-09-22,2024-09-01,Nagpur,West,17,8384.0
S03661,C03661,R029,D0718,P004,2024-09-26,2024-09-01,Ludhiana,North,17,15765.84
S03662,C03662,R027,D0656,P005,2024-09-16,2024-09-01,Jaipur,North,16,7268.12
S03663,C03663,R057,D0287,P007,2024-09-14,2024-09-01,Ahmedabad,West,18,10312.06
S03664,C03664,R034,D0484,P008,2024-09-03,2024-09-01,Surat,West,24,8464.47
S03665,C03665,R036,D0704,P005,2024-09-22,2024-09-01,Goa,West,32,14198.56
S03666,C03666,R039,D0695,P001,2024-09-29,2024-09-01,Hyderabad,South,15,11448.87
S03667,C03667,R023,D0843,P005,2024-09-27,2024-09-01,Ranchi,East,13,6223.2
S03668,C03668,R010,D0692,P003,2024-09-17,2024-09-01,Surat,West,35,24532.55
S03669,C03669,R019,D0359,P002,2024-09-02,2024-09-01,Kolkata,East,29,14627.42
S03670,C03670,R045,D0206,P008,2024-09-09,2024-09-01,Patna,East,11,3773.59
S03671,C03671,R046,D0066,P004,2024-09-08,2024-09-01,Guwahati,East,13,11566.36
S03672,C03672,R068,D0556,P007,2024-09-01,2024-09-01,Bhubaneswar,East,12,7287.83
S03673,C03673,R005,D0647,P003,2024-09-04,2024-09-01,Ludhiana,North,19,12435.02
S03674,C03674,R002,D0664,P005,2024-09-18,2024-09-01,Chandigarh,North,16,7353.85
S03675,C03675,R056,D0106,P006,2024-09-03,2024-09-01,Pune,West,30,14107.12
S03676,C03676,R071,D0571,P008,2024-09-02,2024-09-01,Ranchi,East,33,10774.67
S03677,C03677,R059,D0687,P002,2024-09-29,2024-09-01,Nagpur,West,19,10364.76
S03678,C03678,R005,D0699,P005,2024-09-19,2024-09-01,Ludhiana,North,27,12191.9
S03679,C03679,R022,D0441,P004,2024-09-25,2024-09-01,Guwahati,East,15,13487.29
S03680,C03680,R056,D0106,P004,2024-09-08,2024-09-01,Pune,West,20,17617.45
S03681,C03681,R025,D0488,P007,2024-09-11,2024-09-01,North Delhi,North,25,15193.53
S03682,C03682,R015,D0533,P002,2024-09-19,2024-09-01,Hyderabad,South,14,7717.86
S03683,C03683,R022,D0451,P005,2024-09-21,2024-09-01,Guwahati,East,15,6822.06
S03684,C03684,R067,D0471,P004,2024-09-12,2024-09-01,Kolkata,East,28,23951.47
S03685,C03685,R066,D0405,P008,2024-09-28,2024-09-01,Vijayawada,South,28,9299.96
S03686,C03686,R018,D0408,P002,2024-09-22,2024-09-01,Vijayawada,South,18,9197.52
S03687,C03687,R037,D0251,P002,2024-09-07,2024-09-01,Bengaluru,South,37,21030.45
S03688,C03688,R024,D0493,P001,2024-09-03,2024-09-01,Siliguri,East,17,13032.12
S03689,C03689,R022,D0176,P004,2024-09-01,2024-09-01,Guwahati,East,22,20437.36
S03690,C03690,R069,D0319,P001,2024-09-26,2024-09-01,Patna,East,17,14213.29
S03691,C03691,R050,D0329,P005,2024-09-25,2024-09-01,Chandigarh,North,19,8714.07
S03692,C03692,R033,D0673,P002,2024-09-15,2024-09-01,Ahmedabad,West,12,6762.56
S03693,C03693,R067,D0772,P004,2024-09-22,2024-09-01,Kolkata,East,26,23869.3
S03694,C03694,R001,D0573,P005,2024-09-27,2024-09-01,North Delhi,North,21,9748.29
S03695,C03695,R033,D0123,P006,2024-09-05,2024-09-01,Ahmedabad,West,30,15761.07
S03696,C03696,R065,D0531,P001,2024-09-30,2024-09-01,Coimbatore,South,32,24610.72
S03697,C03697,R072,D0289,P002,2024-09-15,2024-09-01,Siliguri,East,9,5258.98
S03698,C03698,R025,D0032,P003,2024-09-14,2024-09-01,North Delhi,North,25,16569.53
S03699,C03699,R005,D0146,P005,2024-09-05,2024-09-01,Ludhiana,North,27,11966.45
S03700,C03700,R052,D0830,P008,2024-09-21,2024-09-01,Lucknow,North,16,5008.9
S03701,C03701,R009,D0328,P002,2024-09-19,2024-09-01,Ahmedabad,West,21,11843.22
S03702,C03702,R047,D0134,P001,2024-09-01,2024-09-01,Ranchi,East,18,13393.88
S03703,C03703,R014,D0109,P006,2024-09-20,2024-09-01,Chennai,South,33,18422.11
S03704,C03704,R036,D0589,P008,2024-09-05,2024-09-01,Goa,West,33,11249.36
S03705,C03705,R033,D0706,P007,2024-09-09,2024-09-01,Ahmedabad,West,37,21180.63
S03706,C03706,R055,D0391,P005,2024-09-19,2024-09-01,Mumbai,West,14,6689.01
S03707,C03707,R045,D0056,P001,2024-09-24,2024-09-01,Patna,East,11,8164.83
S03708,C03708,R065,D0425,P005,2024-09-05,2024-09-01,Coimbatore,South,21,9257.4
S03709,C03709,R035,D0574,P004,2024-09-15,2024-09-01,Nagpur,West,26,22597.44
S03710,C03710,R020,D0193,P004,2024-09-09,2024-09-01,Bhubaneswar,East,14,11997.52
S03711,C03711,R038,D0198,P004,2024-09-22,2024-09-01,Chennai,South,51,47036.4
S03712,C03712,R056,D0106,P005,2024-09-25,2024-09-01,Pune,West,22,10248.32
S03713,C03713,R002,D0352,P006,2024-09-20,2024-09-01,Chandigarh,North,17,8853.22
S03714,C03714,R023,D0116,P002,2024-09-24,2024-09-01,Ranchi,East,27,14582.19
S03715,C03715,R046,D0142,P001,2024-09-14,2024-09-01,Guwahati,East,20,15188.26
S03716,C03716,R071,D0077,P001,2024-09-18,2024-09-01,Ranchi,East,29,22031.15
S03717,C03717,R027,D0656,P004,2024-09-09,2024-09-01,Jaipur,North,18,16905.62
S03718,C03718,R010,D0353,P005,2024-09-30,2024-09-01,Surat,West,17,7683.61
S03719,C03719,R063,D0814,P007,2024-09-07,2024-09-01,Hyderabad,South,24,15661.63
S03720,C03720,R048,D0312,P004,2024-09-28,2024-09-01,Siliguri,East,14,12064.11
S03721,C03721,R001,D0157,P005,2024-09-23,2024-09-01,North Delhi,North,9,4149.52
S03722,C03722,R003,D0166,P008,2024-09-30,2024-09-01,Jaipur,North,21,6823.95
S03723,C03723,R021,D0807,P006,2024-09-20,2024-09-01,Patna,East,13,7021.81
S03724,C03724,R013,D0416,P006,2024-09-11,2024-09-01,Bengaluru,South,13,6951.34
S03725,C03725,R066,D0249,P003,2024-09-09,2024-09-01,Vijayawada,South,21,14073.02
S03726,C03726,R054,D0603,P002,2024-09-06,2024-09-01,Dehradun,North,17,9214.28
S03727,C03727,R034,D0409,P008,2024-09-30,2024-09-01,Surat,West,17,5192.83
S03728,C03728,R066,D0074,P005,2024-09-04,2024-09-01,Vijayawada,South,24,10933.77
S03729,C03729,R030,D0627,P001,2024-09-25,2024-09-01,Dehradun,North,9,7814.22
S03730,C03730,R054,D0136,P004,2024-09-21,2024-09-01,Dehradun,North,9,7626.12
S03731,C03731,R005,D0148,P001,2024-09-04,2024-09-01,Ludhiana,North,33,25016.01
S03732,C03732,R011,D0600,P008,2024-09-28,2024-09-01,Nagpur,West,17,5064.06
S03733,C03733,R035,D0420,P005,2024-09-05,2024-09-01,Nagpur,West,51,22583.45
S03734,C03734,R048,D0160,P007,2024-09-05,2024-09-01,Siliguri,East,18,10330.46
S03735,C03735,R004,D0045,P004,2024-09-17,2024-09-01,Lucknow,North,21,17544.46
S03736,C03736,R026,D0582,P001,2024-09-04,2024-09-01,Chandigarh,North,18,14266.63
S03737,C03737,R058,D0513,P006,2024-09-04,2024-09-01,Surat,West,34,17973.29
S03738,C03738,R052,D0186,P006,2024-09-19,2024-09-01,Lucknow,North,27,14012.81
S03739,C03739,R067,D0345,P002,2024-09-29,2024-09-01,Kolkata,East,19,9735.88
S03740,C03740,R064,D0360,P006,2024-09-02,2024-09-01,Kochi,South,24,11209.36
S03741,C03741,R058,D0724,P002,2024-09-20,2024-09-01,Surat,West,10,4847.86
S03742,C03742,R016,D0674,P006,2024-09-19,2024-09-01,Kochi,South,26,12451.82
S03743,C03743,R065,D0323,P006,2024-09-02,2024-09-01,Coimbatore,South,24,11612.1
S03744,C03744,R015,D0387,P002,2024-09-05,2024-09-01,Hyderabad,South,29,15300.72
S03745,C03745,R041,D0788,P003,2024-09-14,2024-09-01,Coimbatore,South,17,11367.13
S03746,C03746,R060,D0304,P002,2024-09-21,2024-09-01,Goa,West,22,11650.26
S03747,C03747,R002,D0156,P006,2024-09-07,2024-09-01,Chandigarh,North,12,6604.84
S03748,C03748,R037,D0209,P002,2024-09-14,2024-09-01,Bengaluru,South,18,10841.07
S03749,C03749,R006,D0587,P006,2024-09-15,2024-09-01,Dehradun,North,37,18769.59
S03750,C03750,R064,D0831,P004,2024-09-22,2024-09-01,Kochi,South,30,24144.7
S03751,C03751,R007,D0350,P001,2024-09-08,2024-09-01,Mumbai,West,32,24289.99
S03752,C03752,R014,D0022,P008,2024-09-21,2024-09-01,Chennai,South,42,13260.72
S03753,C03753,R040,D0162,P006,2024-09-25,2024-09-01,Kochi,South,19,10022.36
S03754,C03754,R047,D0327,P003,2024-09-18,2024-09-01,Ranchi,East,32,19709.07
S03755,C03755,R019,D0041,P008,2024-09-22,2024-09-01,Kolkata,East,15,4410.46
S03756,C03756,R024,D0050,P006,2024-09-06,2024-09-01,Siliguri,East,31,16017.14
S03757,C03757,R034,D0484,P007,2024-09-28,2024-09-01,Surat,West,13,7713.18
S03758,C03758,R059,D0691,P002,2024-09-10,2024-09-01,Nagpur,West,15,7872.14
S03759,C03759,R068,D0321,P001,2024-09-06,2024-09-01,Bhubaneswar,East,24,17896.59
S03760,C03760,R013,D0341,P001,2024-09-17,2024-09-01,Bengaluru,South,22,16813.55
S03761,C03761,R016,D0508,P005,2024-09-12,2024-09-01,Kochi,South,28,13008.21
S03762,C03762,R028,D0458,P007,2024-09-14,2024-09-01,Lucknow,North,27,14491.02
S03763,C03763,R007,D0842,P008,2024-09-25,2024-09-01,Mumbai,West,37,11849.69
S03764,C03764,R047,D0747,P008,2024-09-17,2024-09-01,Ranchi,East,28,9268.04
S03765,C03765,R047,D0280,P005,2024-09-12,2024-09-01,Ranchi,East,22,10346.26
S03766,C03766,R022,D0848,P006,2024-09-25,2024-09-01,Guwahati,East,7,3946.14
S03767,C03767,R003,D0071,P003,2024-09-12,2024-09-01,Jaipur,North,22,14202.37
S03768,C03768,R045,D0807,P001,2024-09-29,2024-09-01,Patna,East,14,10869.27
S03769,C03769,R055,D0168,P002,2024-09-30,2024-09-01,Mumbai,West,19,10913.33
S03770,C03770,R042,D0074,P001,2024-09-15,2024-09-01,Vijayawada,South,38,29720.08
S03771,C03771,R021,D0084,P006,2024-09-24,2024-09-01,Patna,East,27,14806.53
S03772,C03772,R006,D0136,P005,2024-09-22,2024-09-01,Dehradun,North,15,7181.81
S03773,C03773,R003,D0383,P007,2024-09-26,2024-09-01,Jaipur,North,33,20274.78
S03774,C03774,R048,D0520,P002,2024-09-14,2024-09-01,Siliguri,East,11,5936.59
S03775,C03775,R018,D0522,P008,2024-09-13,2024-09-01,Vijayawada,South,27,8538.6
S03776,C03776,R042,D0020,P006,2024-09-09,2024-09-01,Vijayawada,South,28,14255.21
S03777,C03777,R035,D0274,P008,2024-09-18,2024-09-01,Nagpur,West,43,13178.28
S03778,C03778,R024,D0096,P006,2024-09-19,2024-09-01,Siliguri,East,23,12127.3
S03779,C03779,R044,D0273,P003,2024-09-14,2024-09-01,Bhubaneswar,East,20,14463.44
S03780,C03780,R069,D0558,P006,2024-09-10,2024-09-01,Patna,East,18,8348.37
S03781,C03781,R027,D0615,P005,2024-09-14,2024-09-01,Jaipur,North,8,3896.91
S03782,C03782,R026,D0201,P002,2024-09-16,2024-09-01,Chandigarh,North,16,8744.55
S03783,C03783,R014,D0247,P001,2024-09-04,2024-09-01,Chennai,South,17,13952.45
S03784,C03784,R007,D0771,P006,2024-09-20,2024-09-01,Mumbai,West,26,12870.8
S03785,C03785,R061,D0398,P001,2024-09-26,2024-09-01,Bengaluru,South,43,33235.85
S03786,C03786,R029,D0222,P001,2024-09-10,2024-09-01,Ludhiana,North,25,20733.89
S03787,C03787,R054,D0812,P001,2024-09-12,2024-09-01,Dehradun,North,25,19451.94
S03788,C03788,R037,D0117,P005,2024-09-03,2024-09-01,Bengaluru,South,45,21553.87
S03789,C03789,R016,D0335,P008,2024-09-18,2024-09-01,Kochi,South,10,3105.85
S03790,C03790,R071,D0571,P004,2024-09-13,2024-09-01,Ranchi,East,11,9692.92
S03791,C03791,R015,D0387,P002,2024-09-26,2024-09-01,Hyderabad,South,20,11075.03
S03792,C03792,R036,D0118,P005,2024-09-28,2024-09-01,Goa,West,18,8447.53
S03793,C03793,R042,D0644,P004,2024-09-24,2024-09-01,Vijayawada,South,8,7414.37
S03794,C03794,R051,D0177,P005,2024-09-07,2024-09-01,Jaipur,North,25,11303.95
S03795,C03795,R057,D0673,P004,2024-09-06,2024-09-01,Ahmedabad,West,13,11569.99
S03796,C03796,R038,D0288,P005,2024-09-15,2024-09-01,Chennai,South,40,19291.63
S03797,C03797,R043,D0670,P003,2024-09-19,2024-09-01,Kolkata,East,6,4245.64
S03798,C03798,R054,D0794,P008,2024-09-01,2024-09-01,Dehradun,North,17,5211.79
S03799,C03799,R021,D0669,P005,2024-09-15,2024-09-01,Patna,East,8,3898.6
S03800,C03800,R017,D0788,P003,2024-09-03,2024-09-01,Coimbatore,South,16,10154.13
S03801,C03801,R049,D0521,P001,2024-09-08,2024-09-01,North Delhi,North,25,19702.59
S03802,C03802,R018,D0064,P006,2024-09-11,2024-09-01,Vijayawada,South,30,15515.87
S03803,C03803,R063,D0415,P004,2024-09-02,2024-09-01,Hyderabad,South,28,24312.82
S03804,C03804,R011,D0428,P002,2024-09-08,2024-09-01,Nagpur,West,13,6957.68
S03805,C03805,R025,D0613,P004,2024-09-19,2024-09-01,North Delhi,North,24,19470.51
S03806,C03806,R032,D0257,P004,2024-09-30,2024-09-01,Pune,West,38,35045.58
S03807,C03807,R057,D0673,P007,2024-09-24,2024-09-01,Ahmedabad,West,14,8421.47
S03808,C03808,R028,D0313,P005,2024-09-10,2024-09-01,Lucknow,North,27,12394.0
S03809,C03809,R066,D0465,P006,2024-09-29,2024-09-01,Vijayawada,South,31,15357.55
S03810,C03810,R025,D0346,P006,2024-09-14,2024-09-01,North Delhi,North,21,11099.87
S03811,C03811,R064,D0372,P007,2024-09-11,2024-09-01,Kochi,South,26,16006.94
S03812,C03812,R064,D0237,P001,2024-09-26,2024-09-01,Kochi,South,15,11027.74
S03813,C03813,R072,D0612,P004,2024-09-12,2024-09-01,Siliguri,East,15,13274.94
S03814,C03814,R050,D0131,P006,2024-09-23,2024-09-01,Chandigarh,North,23,11122.94
S03815,C03815,R015,D0183,P002,2024-09-05,2024-09-01,Hyderabad,South,38,20540.88
S03816,C03816,R062,D0381,P004,2024-09-10,2024-09-01,Chennai,South,24,22089.2
S03817,C03817,R042,D0100,P004,2024-09-30,2024-09-01,Vijayawada,South,26,23362.92
S03818,C03818,R028,D0777,P007,2024-09-08,2024-09-01,Lucknow,North,35,21813.67
S03819,C03819,R004,D0285,P008,2024-09-26,2024-09-01,Lucknow,North,22,7412.1
S03820,C03820,R008,D0257,P001,2024-09-14,2024-09-01,Pune,West,17,12717.23
S03821,C03821,R017,D0323,P002,2024-09-29,2024-09-01,Coimbatore,South,10,5281.57
S03822,C03822,R063,D0179,P007,2024-09-13,2024-09-01,Hyderabad,South,15,8326.58
S03823,C03823,R037,D0489,P002,2024-09-15,2024-09-01,Bengaluru,South,20,10595.07
S03824,C03824,R024,D0389,P004,2024-09-12,2024-09-01,Siliguri,East,34,29332.07
S03825,C03825,R046,D0174,P008,2024-09-07,2024-09-01,Guwahati,East,17,5617.89
S03826,C03826,R029,D0800,P008,2024-09-26,2024-09-01,Ludhiana,North,20,6547.63
S03827,C03827,R041,D0531,P008,2024-09-18,2024-09-01,Coimbatore,South,33,11352.46
S03828,C03828,R017,D0452,P002,2024-09-16,2024-09-01,Coimbatore,South,15,7896.93
S03829,C03829,R054,D0532,P002,2024-09-12,2024-09-01,Dehradun,North,10,5507.08
S03830,C03830,R052,D0454,P002,2024-09-24,2024-09-01,Lucknow,North,15,8399.83
S03831,C03831,R033,D0132,P007,2024-09-11,2024-09-01,Ahmedabad,West,35,23795.97
S03832,C03832,R012,D0759,P002,2024-09-08,2024-09-01,Goa,West,15,8276.4
S03833,C03833,R030,D0227,P004,2024-09-03,2024-09-01,Dehradun,North,17,15093.65
S03834,C03834,R011,D0037,P007,2024-09-27,2024-09-01,Nagpur,West,22,13504.3
S03835,C03835,R043,D0449,P004,2024-09-03,2024-09-01,Kolkata,East,16,14571.3
S03836,C03836,R053,D0800,P008,2024-09-26,2024-09-01,Ludhiana,North,24,8207.38
S03837,C03837,R063,D0576,P004,2024-09-12,2024-09-01,Hyderabad,South,33,28745.15
S03838,C03838,R002,D0261,P004,2024-09-01,2024-09-01,Chandigarh,North,12,10300.37
S03839,C03839,R032,D0419,P008,2024-09-28,2024-09-01,Pune,West,29,10496.57
S03840,C03840,R038,D0487,P005,2024-09-23,2024-09-01,Chennai,South,31,13456.58
S03841,C03841,R014,D0190,P002,2024-09-22,2024-09-01,Chennai,South,37,20834.78
S03842,C03842,R009,D0765,P006,2024-09-17,2024-09-01,Ahmedabad,West,30,15618.42
S03843,C03843,R060,D0268,P007,2024-09-23,2024-09-01,Goa,West,31,19214.43
S03844,C03844,R058,D0122,P007,2024-09-04,2024-09-01,Surat,West,10,5725.57
S03845,C03845,R027,D0088,P001,2024-09-08,2024-09-01,Jaipur,North,23,20370.04
S03846,C03846,R043,D0586,P001,2024-09-17,2024-09-01,Kolkata,East,13,10229.47
S03847,C03847,R067,D0017,P006,2024-09-23,2024-09-01,Kolkata,East,18,8943.55
S03848,C03848,R043,D0698,P006,2024-09-18,2024-09-01,Kolkata,East,14,6665.3
S03849,C03849,R010,D0778,P006,2024-09-13,2024-09-01,Surat,West,28,12844.26
S03850,C03850,R013,D0070,P004,2024-09-21,2024-09-01,Bengaluru,South,24,22112.03
S03851,C03851,R023,D0055,P007,2024-09-02,2024-09-01,Ranchi,East,22,12857.96
S03852,C03852,R072,D0729,P005,2024-09-16,2024-09-01,Siliguri,East,11,4992.17
S03853,C03853,R038,D0109,P008,2024-09-12,2024-09-01,Chennai,South,29,9000.48
S03854,C03854,R001,D0346,P003,2024-09-15,2024-09-01,North Delhi,North,16,10843.96
S03855,C03855,R056,D0697,P007,2024-09-04,2024-09-01,Pune,West,22,13681.38
S03856,C03856,R006,D0136,P002,2024-09-28,2024-09-01,Dehradun,North,13,7283.98
S03857,C03857,R062,D0549,P006,2024-09-26,2024-09-01,Chennai,South,30,15904.52
S03858,C03858,R068,D0355,P006,2024-09-29,2024-09-01,Bhubaneswar,East,19,9343.11
S03859,C03859,R040,D0400,P003,2024-09-26,2024-09-01,Kochi,South,22,13542.32
S03860,C03860,R018,D0750,P001,2024-09-20,2024-09-01,Vijayawada,South,32,24774.71
S03861,C03861,R019,D0562,P008,2024-09-09,2024-09-01,Kolkata,East,26,8535.21
S03862,C03862,R004,D0278,P001,2024-09-04,2024-09-01,Lucknow,North,22,17252.89
S03863,C03863,R039,D0795,P004,2024-09-19,2024-09-01,Hyderabad,South,17,13715.87
S03864,C03864,R072,D0482,P001,2024-09-29,2024-09-01,Siliguri,East,10,7822.42
S03865,C03865,R032,D0170,P004,2024-09-11,2024-09-01,Pune,West,22,18600.44
S03866,C03866,R060,D0318,P007,2024-09-30,2024-09-01,Goa,West,25,15266.88
S03867,C03867,R037,D0150,P005,2024-09-05,2024-09-01,Bengaluru,South,28,13501.15
S03868,C03868,R048,D0520,P002,2024-09-09,2024-09-01,Siliguri,East,19,8980.92
S03869,C03869,R019,D0712,P004,2024-09-20,2024-09-01,Kolkata,East,18,17227.2
S03870,C03870,R058,D0038,P001,2024-09-15,2024-09-01,Surat,West,29,21436.93
S03871,C03871,R039,D0585,P005,2024-09-23,2024-09-01,Hyderabad,South,24,11589.74
S03872,C03872,R072,D0726,P001,2024-09-11,2024-09-01,Siliguri,East,9,7315.2
S03873,C03873,R029,D0846,P003,2024-09-24,2024-09-01,Ludhiana,North,22,14301.34
S03874,C03874,R040,D0535,P001,2024-09-10,2024-09-01,Kochi,South,23,18347.65
S03875,C03875,R017,D0384,P002,2024-09-05,2024-09-01,Coimbatore,South,17,8858.02
S03876,C03876,R018,D0092,P001,2024-09-18,2024-09-01,Vijayawada,South,23,16391.87
S03877,C03877,R043,D0797,P008,2024-09-16,2024-09-01,Kolkata,East,13,4396.65
S03878,C03878,R049,D0346,P007,2024-09-18,2024-09-01,North Delhi,North,22,12961.59
S03879,C03879,R012,D0282,P008,2024-09-01,2024-09-01,Goa,West,22,7673.87
S03880,C03880,R053,D0718,P006,2024-09-13,2024-09-01,Ludhiana,North,20,10650.34
S03881,C03881,R064,D0581,P004,2024-09-03,2024-09-01,Kochi,South,26,22162.79
S03882,C03882,R070,D0654,P002,2024-09-25,2024-09-01,Guwahati,East,21,11673.71
S03883,C03883,R020,D0756,P008,2024-09-03,2024-09-01,Bhubaneswar,East,11,3612.91
S03884,C03884,R068,D0756,P008,2024-09-28,2024-09-01,Bhubaneswar,East,10,3475.61
S03885,C03885,R003,D0159,P004,2024-09-02,2024-09-01,Jaipur,North,38,32993.19
S03886,C03886,R029,D0137,P002,2024-09-19,2024-09-01,Ludhiana,North,22,11742.03
S03887,C03887,R030,D0167,P004,2024-09-11,2024-09-01,Dehradun,North,13,11820.66
S03888,C03888,R044,D0607,P004,2024-09-04,2024-09-01,Bhubaneswar,East,13,11580.51
S03889,C03889,R022,D0463,P008,2024-10-12,2024-10-01,Guwahati,East,23,6848.38
S03890,C03890,R049,D0760,P001,2024-10-02,2024-10-01,North Delhi,North,32,26226.52
S03891,C03891,R060,D0804,P006,2024-10-22,2024-10-01,Goa,West,20,11015.07
S03892,C03892,R029,D0735,P007,2024-10-27,2024-10-01,Ludhiana,North,20,12293.53
S03893,C03893,R038,D0078,P007,2024-10-11,2024-10-01,Chennai,South,21,11994.87
S03894,C03894,R021,D0518,P002,2024-10-14,2024-10-01,Patna,East,13,6980.3
S03895,C03895,R060,D0804,P004,2024-10-05,2024-10-01,Goa,West,21,17840.25
S03896,C03896,R027,D0825,P003,2024-10-15,2024-10-01,Jaipur,North,35,22800.71
S03897,C03897,R050,D0303,P004,2024-10-30,2024-10-01,Chandigarh,North,12,10779.02
S03898,C03898,R031,D0683,P001,2024-10-17,2024-10-01,Mumbai,West,32,25778.75
S03899,C03899,R052,D0291,P001,2024-10-28,2024-10-01,Lucknow,North,23,19200.43
S03900,C03900,R007,D0202,P001,2024-10-25,2024-10-01,Mumbai,West,19,15284.69
S03901,C03901,R032,D0366,P008,2024-10-04,2024-10-01,Pune,West,13,3939.94
S03902,C03902,R035,D0269,P004,2024-10-02,2024-10-01,Nagpur,West,26,23928.92
S03903,C03903,R006,D0794,P002,2024-10-12,2024-10-01,Dehradun,North,19,10113.42
S03904,C03904,R003,D0159,P007,2024-10-30,2024-10-01,Jaipur,North,33,19955.93
S03905,C03905,R008,D0171,P004,2024-10-06,2024-10-01,Pune,West,20,17787.51
S03906,C03906,R071,D0472,P003,2024-10-02,2024-10-01,Ranchi,East,22,14618.06
S03907,C03907,R032,D0501,P001,2024-10-30,2024-10-01,Pune,West,25,20487.29
S03908,C03908,R034,D0409,P004,2024-10-07,2024-10-01,Surat,West,27,24626.93
S03909,C03909,R072,D0097,P006,2024-10-12,2024-10-01,Siliguri,East,25,11994.23
S03910,C03910,R071,D0378,P005,2024-10-25,2024-10-01,Ranchi,East,35,14890.81
S03911,C03911,R071,D0808,P004,2024-10-04,2024-10-01,Ranchi,East,41,37676.29
S03912,C03912,R008,D0170,P005,2024-10-06,2024-10-01,Pune,West,19,8975.41
S03913,C03913,R032,D0642,P007,2024-10-23,2024-10-01,Pune,West,29,18805.47
S03914,C03914,R063,D0114,P008,2024-10-01,2024-10-01,Hyderabad,South,34,10826.43
S03915,C03915,R067,D0172,P005,2024-10-23,2024-10-01,Kolkata,East,14,6530.16
S03916,C03916,R035,D0770,P002,2024-10-17,2024-10-01,Nagpur,West,35,19351.17
S03917,C03917,R017,D0384,P002,2024-10-08,2024-10-01,Coimbatore,South,21,10458.66
S03918,C03918,R067,D0449,P002,2024-10-20,2024-10-01,Kolkata,East,21,10425.85
S03919,C03919,R009,D0324,P001,2024-10-10,2024-10-01,Ahmedabad,West,27,21834.89
S03920,C03920,R026,D0628,P005,2024-10-30,2024-10-01,Chandigarh,North,23,10775.32
S03921,C03921,R011,D0397,P002,2024-10-13,2024-10-01,Nagpur,West,29,16714.49
S03922,C03922,R039,D0374,P002,2024-10-24,2024-10-01,Hyderabad,South,20,11795.62
S03923,C03923,R018,D0644,P006,2024-10-09,2024-10-01,Vijayawada,South,15,7535.1
S03924,C03924,R018,D0408,P003,2024-10-26,2024-10-01,Vijayawada,South,18,11670.62
S03925,C03925,R068,D0556,P007,2024-10-09,2024-10-01,Bhubaneswar,East,13,7392.12
S03926,C03926,R046,D0654,P002,2024-10-16,2024-10-01,Guwahati,East,33,18281.61
S03927,C03927,R063,D0332,P003,2024-10-25,2024-10-01,Hyderabad,South,21,12433.63
S03928,C03928,R031,D0748,P001,2024-10-29,2024-10-01,Mumbai,West,31,23006.88
S03929,C03929,R031,D0651,P005,2024-10-24,2024-10-01,Mumbai,West,23,10743.28
S03930,C03930,R050,D0790,P001,2024-10-21,2024-10-01,Chandigarh,North,21,15840.39
S03931,C03931,R007,D0459,P002,2024-10-22,2024-10-01,Mumbai,West,32,17239.17
S03932,C03932,R027,D0564,P006,2024-10-13,2024-10-01,Jaipur,North,31,15646.35
S03933,C03933,R037,D0070,P008,2024-10-22,2024-10-01,Bengaluru,South,42,12692.75
S03934,C03934,R043,D0076,P005,2024-10-18,2024-10-01,Kolkata,East,18,7424.74
S03935,C03935,R033,D0121,P008,2024-10-17,2024-10-01,Ahmedabad,West,23,7617.63
S03936,C03936,R037,D0483,P007,2024-10-10,2024-10-01,Bengaluru,South,36,21764.72
S03937,C03937,R003,D0226,P007,2024-10-11,2024-10-01,Jaipur,North,25,15508.92
S03938,C03938,R013,D0209,P008,2024-10-04,2024-10-01,Bengaluru,South,33,10529.1
S03939,C03939,R055,D0543,P001,2024-10-23,2024-10-01,Mumbai,West,27,20979.62
S03940,C03940,R045,D0283,P002,2024-10-01,2024-10-01,Patna,East,23,12521.53
S03941,C03941,R032,D0173,P004,2024-10-04,2024-10-01,Pune,West,19,16747.37
S03942,C03942,R029,D0497,P005,2024-10-10,2024-10-01,Ludhiana,North,21,9496.49
S03943,C03943,R057,D0510,P008,2024-10-05,2024-10-01,Ahmedabad,West,14,4254.87
S03944,C03944,R051,D0138,P001,2024-10-24,2024-10-01,Jaipur,North,19,16659.54
S03945,C03945,R064,D0331,P002,2024-10-04,2024-10-01,Kochi,South,13,7373.45
S03946,C03946,R035,D0240,P003,2024-10-15,2024-10-01,Nagpur,West,27,19148.49
S03947,C03947,R059,D0593,P006,2024-10-23,2024-10-01,Nagpur,West,23,12474.29
S03948,C03948,R048,D0178,P008,2024-10-19,2024-10-01,Siliguri,East,23,7257.24
S03949,C03949,R069,D0007,P008,2024-10-19,2024-10-01,Patna,East,12,3805.11
S03950,C03950,R054,D0242,P006,2024-10-11,2024-10-01,Dehradun,North,19,9691.39
S03951,C03951,R059,D0428,P007,2024-10-14,2024-10-01,Nagpur,West,23,13774.53
S03952,C03952,R050,D0721,P004,2024-10-24,2024-10-01,Chandigarh,North,27,25084.8
S03953,C03953,R048,D0050,P005,2024-10-15,2024-10-01,Siliguri,East,27,11914.84
S03954,C03954,R025,D0792,P002,2024-10-22,2024-10-01,North Delhi,North,16,8179.12
S03955,C03955,R016,D0360,P005,2024-10-26,2024-10-01,Kochi,South,19,8173.48
S03956,C03956,R064,D0360,P003,2024-10-08,2024-10-01,Kochi,South,23,14934.07
S03957,C03957,R054,D0006,P008,2024-10-04,2024-10-01,Dehradun,North,12,3749.4
S03958,C03958,R058,D0185,P003,2024-10-15,2024-10-01,Surat,West,35,22385.27
S03959,C03959,R045,D0311,P004,2024-10-12,2024-10-01,Patna,East,16,14299.63
S03960,C03960,R047,D0515,P004,2024-10-05,2024-10-01,Ranchi,East,28,23467.35
S03961,C03961,R029,D0720,P008,2024-10-24,2024-10-01,Ludhiana,North,12,3982.52
S03962,C03962,R044,D0546,P008,2024-10-20,2024-10-01,Bhubaneswar,East,19,5746.5
S03963,C03963,R026,D0151,P004,2024-10-21,2024-10-01,Chandigarh,North,27,22621.02
S03964,C03964,R017,D0434,P008,2024-10-22,2024-10-01,Coimbatore,South,21,6503.72
S03965,C03965,R036,D0704,P007,2024-10-14,2024-10-01,Goa,West,32,19385.24
S03966,C03966,R048,D0520,P007,2024-10-16,2024-10-01,Siliguri,East,11,6998.71
S03967,C03967,R005,D0550,P008,2024-10-07,2024-10-01,Ludhiana,North,13,4144.47
S03968,C03968,R053,D0453,P003,2024-10-23,2024-10-01,Ludhiana,North,24,14569.1
S03969,C03969,R007,D0461,P005,2024-10-30,2024-10-01,Mumbai,West,24,11309.12
S03970,C03970,R036,D0815,P003,2024-10-28,2024-10-01,Goa,West,44,29719.99
S03971,C03971,R008,D0502,P003,2024-10-13,2024-10-01,Pune,West,30,19225.44
S03972,C03972,R039,D0494,P004,2024-10-02,2024-10-01,Hyderabad,South,56,50265.75
S03973,C03973,R056,D0366,P001,2024-10-28,2024-10-01,Pune,West,17,14211.13
S03974,C03974,R065,D0470,P002,2024-10-18,2024-10-01,Coimbatore,South,18,9300.0
S03975,C03975,R044,D0646,P007,2024-10-25,2024-10-01,Bhubaneswar,East,17,10868.02
S03976,C03976,R018,D0675,P002,2024-10-10,2024-10-01,Vijayawada,South,22,12631.74
S03977,C03977,R041,D0617,P005,2024-10-27,2024-10-01,Coimbatore,South,36,16705.59
S03978,C03978,R012,D0624,P007,2024-10-26,2024-10-01,Goa,West,29,16602.97
S03979,C03979,R063,D0585,P003,2024-10-01,2024-10-01,Hyderabad,South,22,15468.82
S03980,C03980,R009,D0049,P004,2024-10-18,2024-10-01,Ahmedabad,West,21,19545.99
S03981,C03981,R023,D0224,P008,2024-10-15,2024-10-01,Ranchi,East,37,12164.64
S03982,C03982,R059,D0240,P007,2024-10-21,2024-10-01,Nagpur,West,23,13993.25
S03983,C03983,R010,D0484,P008,2024-10-09,2024-10-01,Surat,West,42,14217.76
S03984,C03984,R014,D0602,P006,2024-10-04,2024-10-01,Chennai,South,25,12208.08
S03985,C03985,R058,D0104,P008,2024-10-09,2024-10-01,Surat,West,36,12013.7
S03986,C03986,R002,D0184,P004,2024-10-17,2024-10-01,Chandigarh,North,22,19265.06
S03987,C03987,R070,D0418,P005,2024-10-09,2024-10-01,Guwahati,East,35,14750.46
S03988,C03988,R024,D0738,P006,2024-10-15,2024-10-01,Siliguri,East,35,16953.39
S03989,C03989,R018,D0020,P008,2024-10-13,2024-10-01,Vijayawada,South,38,12405.59
S03990,C03990,R071,D0747,P003,2024-10-22,2024-10-01,Ranchi,East,30,20019.97
S03991,C03991,R067,D0125,P007,2024-10-13,2024-10-01,Kolkata,East,11,6858.71
S03992,C03992,R072,D0180,P005,2024-10-05,2024-10-01,Siliguri,East,13,5870.25
S03993,C03993,R028,D0445,P001,2024-10-20,2024-10-01,Lucknow,North,27,21282.21
S03994,C03994,R020,D0646,P006,2024-10-07,2024-10-01,Bhubaneswar,East,15,7889.24
S03995,C03995,R054,D0744,P008,2024-10-10,2024-10-01,Dehradun,North,21,7512.94
S03996,C03996,R022,D0042,P004,2024-10-22,2024-10-01,Guwahati,East,26,22686.3
S03997,C03997,R055,D0023,P005,2024-10-09,2024-10-01,Mumbai,West,30,14507.07
S03998,C03998,R067,D0446,P008,2024-10-02,2024-10-01,Kolkata,East,33,10901.4
S03999,C03999,R044,D0556,P008,2024-10-12,2024-10-01,Bhubaneswar,East,14,4507.47
S04000,C04000,R072,D0178,P004,2024-10-13,2024-10-01,Siliguri,East,18,14977.62
S04001,C04001,R019,D0526,P007,2024-10-22,2024-10-01,Kolkata,East,25,16309.78
S04002,C04002,R001,D0219,P006,2024-10-22,2024-10-01,North Delhi,North,18,9294.22
S04003,C04003,R050,D0810,P006,2024-10-01,2024-10-01,Chandigarh,North,20,9898.64
S04004,C04004,R027,D0166,P006,2024-10-24,2024-10-01,Jaipur,North,27,13161.09
S04005,C04005,R065,D0531,P003,2024-10-24,2024-10-01,Coimbatore,South,40,26744.52
S04006,C04006,R039,D0387,P003,2024-10-06,2024-10-01,Hyderabad,South,15,9435.75
S04007,C04007,R049,D0089,P001,2024-10-11,2024-10-01,North Delhi,North,34,25765.9
S04008,C04008,R034,D0423,P007,2024-10-24,2024-10-01,Surat,West,21,12431.22
S04009,C04009,R047,D0101,P003,2024-10-18,2024-10-01,Ranchi,East,32,21168.75
S04010,C04010,R011,D0496,P006,2024-10-11,2024-10-01,Nagpur,West,10,5253.13
S04011,C04011,R026,D0662,P006,2024-10-24,2024-10-01,Chandigarh,North,12,6022.79
S04012,C04012,R012,D0118,P006,2024-10-20,2024-10-01,Goa,West,14,7064.11
S04013,C04013,R013,D0117,P007,2024-10-16,2024-10-01,Bengaluru,South,41,25145.38
S04014,C04014,R020,D0336,P007,2024-10-01,2024-10-01,Bhubaneswar,East,12,7046.04
S04015,C04015,R047,D0808,P001,2024-10-21,2024-10-01,Ranchi,East,31,23470.03
S04016,C04016,R015,D0183,P007,2024-10-06,2024-10-01,Hyderabad,South,23,13702.17
S04017,C04017,R005,D0824,P002,2024-10-29,2024-10-01,Ludhiana,North,28,15337.74
S04018,C04018,R006,D0544,P006,2024-10-06,2024-10-01,Dehradun,North,22,12122.53
S04019,C04019,R034,D0755,P006,2024-10-01,2024-10-01,Surat,West,15,7173.52
S04020,C04020,R040,D0709,P001,2024-10-12,2024-10-01,Kochi,South,43,33941.05
S04021,C04021,R050,D0239,P003,2024-10-11,2024-10-01,Chandigarh,North,21,13700.93
S04022,C04022,R051,D0565,P008,2024-10-11,2024-10-01,Jaipur,North,22,6980.24
S04023,C04023,R053,D0699,P002,2024-10-29,2024-10-01,Ludhiana,North,23,12116.95
S04024,C04024,R051,D0080,P002,2024-10-09,2024-10-01,Jaipur,North,19,10845.46
S04025,C04025,R004,D0458,P001,2024-10-26,2024-10-01,Lucknow,North,24,16449.4
S04026,C04026,R068,D0509,P002,2024-10-06,2024-10-01,Bhubaneswar,East,16,8149.4
S04027,C04027,R027,D0071,P006,2024-10-20,2024-10-01,Jaipur,North,21,11293.7
S04028,C04028,R037,D0701,P007,2024-10-05,2024-10-01,Bengaluru,South,24,15492.66
S04029,C04029,R014,D0198,P005,2024-10-08,2024-10-01,Chennai,South,31,15514.84
S04030,C04030,R031,D0768,P003,2024-10-05,2024-10-01,Mumbai,West,30,20103.57
S04031,C04031,R005,D0148,P007,2024-10-11,2024-10-01,Ludhiana,North,30,18741.21
S04032,C04032,R034,D0367,P003,2024-10-15,2024-10-01,Surat,West,21,12568.88
S04033,C04033,R028,D0286,P003,2024-10-27,2024-10-01,Lucknow,North,19,12541.84
S04034,C04034,R022,D0796,P005,2024-10-24,2024-10-01,Guwahati,East,25,11821.75
S04035,C04035,R045,D0807,P002,2024-10-22,2024-10-01,Patna,East,14,7375.57
S04036,C04036,R019,D0670,P003,2024-10-16,2024-10-01,Kolkata,East,17,11168.27
S04037,C04037,R001,D0751,P007,2024-10-09,2024-10-01,North Delhi,North,20,12951.63
S04038,C04038,R028,D0584,P005,2024-10-10,2024-10-01,Lucknow,North,19,9376.6
S04039,C04039,R058,D0197,P008,2024-10-05,2024-10-01,Surat,West,13,4212.06
S04040,C04040,R023,D0763,P007,2024-10-21,2024-10-01,Ranchi,East,32,19470.37
S04041,C04041,R049,D0521,P003,2024-10-25,2024-10-01,North Delhi,North,25,17101.36
S04042,C04042,R037,D0252,P007,2024-10-17,2024-10-01,Bengaluru,South,15,8980.99
S04043,C04043,R042,D0135,P007,2024-10-18,2024-10-01,Vijayawada,South,18,11553.19
S04044,C04044,R026,D0681,P006,2024-10-12,2024-10-01,Chandigarh,North,21,10428.92
S04045,C04045,R014,D0247,P007,2024-10-30,2024-10-01,Chennai,South,21,13290.38
S04046,C04046,R009,D0629,P005,2024-10-28,2024-10-01,Ahmedabad,West,28,12867.32
S04047,C04047,R060,D0118,P008,2024-10-13,2024-10-01,Goa,West,23,7132.16
S04048,C04048,R007,D0547,P002,2024-10-24,2024-10-01,Mumbai,West,15,8245.47
S04049,C04049,R010,D0426,P004,2024-10-11,2024-10-01,Surat,West,26,22686.12
S04050,C04050,R005,D0466,P003,2024-10-04,2024-10-01,Ludhiana,North,40,27712.45
S04051,C04051,R009,D0629,P001,2024-10-10,2024-10-01,Ahmedabad,West,32,23719.09
S04052,C04052,R052,D0830,P005,2024-10-26,2024-10-01,Lucknow,North,28,13024.69
S04053,C04053,R071,D0737,P001,2024-10-15,2024-10-01,Ranchi,East,19,14277.52
S04054,C04054,R023,D0340,P002,2024-10-27,2024-10-01,Ranchi,East,21,12021.05
S04055,C04055,R015,D0764,P007,2024-10-11,2024-10-01,Hyderabad,South,46,29062.69
S04056,C04056,R062,D0776,P002,2024-10-15,2024-10-01,Chennai,South,37,19935.26
S04057,C04057,R024,D0097,P007,2024-10-03,2024-10-01,Siliguri,East,31,18895.54
S04058,C04058,R051,D0230,P001,2024-10-25,2024-10-01,Jaipur,North,26,21987.98
S04059,C04059,R045,D0558,P004,2024-10-10,2024-10-01,Patna,East,28,25865.85
S04060,C04060,R019,D0449,P001,2024-10-03,2024-10-01,Kolkata,East,20,15010.48
S04061,C04061,R057,D0123,P001,2024-10-07,2024-10-01,Ahmedabad,West,27,22044.24
S04062,C04062,R011,D0428,P007,2024-10-21,2024-10-01,Nagpur,West,18,10671.05
S04063,C04063,R069,D0248,P001,2024-10-26,2024-10-01,Patna,East,12,9431.6
S04064,C04064,R009,D0706,P008,2024-10-30,2024-10-01,Ahmedabad,West,37,10597.84
S04065,C04065,R049,D0521,P005,2024-10-08,2024-10-01,North Delhi,North,23,11011.1
S04066,C04066,R024,D0097,P004,2024-10-19,2024-10-01,Siliguri,East,34,29246.78
S04067,C04067,R063,D0011,P008,2024-10-15,2024-10-01,Hyderabad,South,29,9183.67
S04068,C04068,R062,D0247,P004,2024-10-23,2024-10-01,Chennai,South,19,15732.11
S04069,C04069,R023,D0116,P004,2024-10-21,2024-10-01,Ranchi,East,44,39513.19
S04070,C04070,R070,D0736,P004,2024-10-03,2024-10-01,Guwahati,East,23,20542.12
S04071,C04071,R006,D0242,P006,2024-10-05,2024-10-01,Dehradun,North,32,15280.1
S04072,C04072,R019,D0526,P007,2024-10-19,2024-10-01,Kolkata,East,19,11608.91
S04073,C04073,R041,D0083,P005,2024-10-17,2024-10-01,Coimbatore,South,17,7716.31
S04074,C04074,R054,D0512,P003,2024-10-28,2024-10-01,Dehradun,North,11,7704.29
S04075,C04075,R042,D0750,P008,2024-10-27,2024-10-01,Vijayawada,South,34,10494.58
S04076,C04076,R008,D0537,P005,2024-10-02,2024-10-01,Pune,West,23,10833.39
S04077,C04077,R043,D0218,P007,2024-10-19,2024-10-01,Kolkata,East,12,6781.82
S04078,C04078,R020,D0676,P004,2024-10-13,2024-10-01,Bhubaneswar,East,17,15190.52
S04079,C04079,R050,D0375,P002,2024-10-15,2024-10-01,Chandigarh,North,31,17039.3
S04080,C04080,R061,D0150,P008,2024-10-03,2024-10-01,Bengaluru,South,39,12734.23
S04081,C04081,R015,D0844,P006,2024-10-27,2024-10-01,Hyderabad,South,37,18757.92
S04082,C04082,R029,D0828,P003,2024-10-06,2024-10-01,Ludhiana,North,17,12191.52
S04083,C04083,R032,D0501,P007,2024-10-30,2024-10-01,Pune,West,32,19168.07
S04084,C04084,R058,D0038,P001,2024-10-29,2024-10-01,Surat,West,19,15176.96
S04085,C04085,R012,D0361,P008,2024-10-26,2024-10-01,Goa,West,16,5039.4
S04086,C04086,R012,D0427,P005,2024-10-04,2024-10-01,Goa,West,13,5729.46
S04087,C04087,R013,D0782,P005,2024-10-13,2024-10-01,Bengaluru,South,50,21634.21
S04088,C04088,R061,D0614,P001,2024-10-01,2024-10-01,Bengaluru,South,45,33495.21
S04089,C04089,R051,D0177,P002,2024-10-19,2024-10-01,Jaipur,North,31,17245.81
S04090,C04090,R013,D0341,P006,2024-10-27,2024-10-01,Bengaluru,South,17,9245.28
S04091,C04091,R004,D0169,P005,2024-10-17,2024-10-01,Lucknow,North,14,6633.61
S04092,C04092,R035,D0428,P002,2024-10-01,2024-10-01,Nagpur,West,21,11150.04
S04093,C04093,R048,D0467,P006,2024-10-10,2024-10-01,Siliguri,East,31,15313.34
S04094,C04094,R067,D0449,P006,2024-10-06,2024-10-01,Kolkata,East,17,8741.2
S04095,C04095,R042,D0369,P003,2024-10-14,2024-10-01,Vijayawada,South,19,11887.09
S04096,C04096,R030,D0450,P006,2024-10-12,2024-10-01,Dehradun,North,15,7988.04
S04097,C04097,R048,D0610,P008,2024-10-26,2024-10-01,Siliguri,East,28,9125.53
S04098,C04098,R055,D0461,P004,2024-10-07,2024-10-01,Mumbai,West,22,18632.57
S04099,C04099,R010,D0038,P002,2024-10-10,2024-10-01,Surat,West,14,8123.74
S04100,C04100,R008,D0623,P008,2024-10-08,2024-10-01,Pune,West,20,6014.02
S04101,C04101,R021,D0500,P008,2024-10-28,2024-10-01,Patna,East,11,3529.11
S04102,C04102,R066,D0475,P004,2024-10-10,2024-10-01,Vijayawada,South,26,24104.68
S04103,C04103,R038,D0597,P004,2024-10-31,2024-10-01,Chennai,South,27,24912.3
S04104,C04104,R012,D0149,P007,2024-10-21,2024-10-01,Goa,West,21,12409.69
S04105,C04105,R065,D0818,P001,2024-10-10,2024-10-01,Coimbatore,South,21,16042.33
S04106,C04106,R006,D0837,P003,2024-10-19,2024-10-01,Dehradun,North,25,15711.52
S04107,C04107,R070,D0102,P005,2024-10-04,2024-10-01,Guwahati,East,23,10695.74
S04108,C04108,R056,D0255,P006,2024-10-29,2024-10-01,Pune,West,25,13272.81
S04109,C04109,R005,D0233,P006,2024-10-30,2024-10-01,Ludhiana,North,16,7380.98
S04110,C04110,R055,D0780,P003,2024-10-10,2024-10-01,Mumbai,West,32,21707.0
S04111,C04111,R063,D0795,P007,2024-10-06,2024-10-01,Hyderabad,South,17,10114.93
S04112,C04112,R022,D0176,P006,2024-10-14,2024-10-01,Guwahati,East,30,15228.87
S04113,C04113,R036,D0589,P005,2024-10-24,2024-10-01,Goa,West,45,19597.9
S04114,C04114,R066,D0210,P008,2024-10-20,2024-10-01,Vijayawada,South,24,7442.38
S04115,C04115,R004,D0027,P001,2024-10-02,2024-10-01,Lucknow,North,30,25731.02
S04116,C04116,R043,D0172,P006,2024-10-01,2024-10-01,Kolkata,East,15,7520.59
S04117,C04117,R020,D0099,P008,2024-10-08,2024-10-01,Bhubaneswar,East,29,9274.95
S04118,C04118,R056,D0659,P006,2024-10-24,2024-10-01,Pune,West,22,10706.77
S04119,C04119,R059,D0687,P005,2024-10-09,2024-10-01,Nagpur,West,24,12465.73
S04120,C04120,R017,D0130,P003,2024-10-28,2024-10-01,Coimbatore,South,16,10806.0
S04121,C04121,R066,D0408,P003,2024-10-10,2024-10-01,Vijayawada,South,13,8570.78
S04122,C04122,R052,D0200,P005,2024-10-28,2024-10-01,Lucknow,North,21,10104.54
S04123,C04123,R069,D0455,P008,2024-10-29,2024-10-01,Patna,East,21,6839.27
S04124,C04124,R039,D0767,P004,2024-10-23,2024-10-01,Hyderabad,South,13,11470.44
S04125,C04125,R013,D0701,P001,2024-10-06,2024-10-01,Bengaluru,South,20,15499.94
S04126,C04126,R040,D0709,P004,2024-10-03,2024-10-01,Kochi,South,43,35324.68
S04127,C04127,R057,D0214,P001,2024-10-06,2024-10-01,Ahmedabad,West,30,22972.3
S04128,C04128,R036,D0152,P008,2024-10-20,2024-10-01,Goa,West,13,4054.89
S04129,C04129,R067,D0081,P005,2024-10-22,2024-10-01,Kolkata,East,14,6543.38
S04130,C04130,R001,D0094,P002,2024-10-31,2024-10-01,North Delhi,North,25,13357.08
S04131,C04131,R026,D0628,P005,2024-10-30,2024-10-01,Chandigarh,North,35,16652.06
S04132,C04132,R025,D0609,P005,2024-10-10,2024-10-01,North Delhi,North,29,13406.52
S04133,C04133,R006,D0794,P005,2024-10-13,2024-10-01,Dehradun,North,23,10134.99
S04134,C04134,R062,D0078,P005,2024-10-24,2024-10-01,Chennai,South,11,5436.65
S04135,C04135,R038,D0198,P008,2024-10-24,2024-10-01,Chennai,South,31,9728.24
S04136,C04136,R035,D0600,P007,2024-10-10,2024-10-01,Nagpur,West,13,8149.76
S04137,C04137,R040,D0545,P003,2024-10-01,2024-10-01,Kochi,South,25,15418.36
S04138,C04138,R070,D0351,P002,2024-10-03,2024-10-01,Guwahati,East,27,15141.43
S04139,C04139,R002,D0156,P008,2024-10-26,2024-10-01,Chandigarh,North,21,6170.33
S04140,C04140,R054,D0525,P006,2024-10-11,2024-10-01,Dehradun,North,20,11187.92
S04141,C04141,R046,D0142,P001,2024-10-23,2024-10-01,Guwahati,East,24,19360.9
S04142,C04142,R064,D0438,P005,2024-10-25,2024-10-01,Kochi,South,30,13649.91
S04143,C04143,R002,D0810,P001,2024-10-28,2024-10-01,Chandigarh,North,13,10429.7
S04144,C04144,R041,D0130,P001,2024-10-16,2024-10-01,Coimbatore,South,31,22647.73
S04145,C04145,R023,D0077,P002,2024-10-20,2024-10-01,Ranchi,East,38,20312.45
S04146,C04146,R041,D0606,P003,2024-10-07,2024-10-01,Coimbatore,South,32,21906.67
S04147,C04147,R060,D0047,P001,2024-10-30,2024-10-01,Goa,West,42,33698.65
S04148,C04148,R068,D0847,P007,2024-10-28,2024-10-01,Bhubaneswar,East,22,13414.8
S04149,C04149,R017,D0617,P004,2024-10-13,2024-10-01,Coimbatore,South,14,12656.6
S04150,C04150,R001,D0346,P005,2024-10-12,2024-10-01,North Delhi,North,13,6303.12
S04151,C04151,R069,D0248,P007,2024-10-23,2024-10-01,Patna,East,11,6952.57
S04152,C04152,R056,D0402,P007,2024-10-13,2024-10-01,Pune,West,19,10501.36
S04153,C04153,R045,D0283,P007,2024-10-23,2024-10-01,Patna,East,23,14024.55
S04154,C04154,R021,D0727,P002,2024-10-03,2024-10-01,Patna,East,24,12972.09
S04155,C04155,R016,D0674,P006,2024-10-09,2024-10-01,Kochi,South,31,14821.49
S04156,C04156,R057,D0181,P008,2024-10-25,2024-10-01,Ahmedabad,West,27,8183.89
S04157,C04157,R063,D0141,P001,2024-10-29,2024-10-01,Hyderabad,South,34,28505.35
S04158,C04158,R030,D0544,P007,2024-10-01,2024-10-01,Dehradun,North,9,5290.71
S04159,C04159,R020,D0636,P007,2024-10-25,2024-10-01,Bhubaneswar,East,18,10747.54
S04160,C04160,R033,D0677,P007,2024-10-03,2024-10-01,Ahmedabad,West,27,15811.45
S04161,C04161,R064,D0344,P004,2024-10-27,2024-10-01,Kochi,South,37,33610.5
S04162,C04162,R007,D0460,P002,2024-10-08,2024-10-01,Mumbai,West,46,25186.96
S04163,C04163,R052,D0126,P006,2024-10-12,2024-10-01,Lucknow,North,38,21258.35
S04164,C04164,R016,D0400,P005,2024-10-23,2024-10-01,Kochi,South,26,11639.16
S04165,C04165,R031,D0579,P006,2024-10-27,2024-10-01,Mumbai,West,22,11513.73
S04166,C04166,R014,D0247,P003,2024-10-13,2024-10-01,Chennai,South,27,16138.84
S04167,C04167,R012,D0282,P002,2024-10-10,2024-10-01,Goa,West,38,19064.89
S04168,C04168,R069,D0311,P008,2024-10-31,2024-10-01,Patna,East,19,6484.78
S04169,C04169,R051,D0716,P005,2024-10-30,2024-10-01,Jaipur,North,26,12620.84
S04170,C04170,R059,D0555,P007,2024-10-17,2024-10-01,Nagpur,West,24,14964.93
S04171,C04171,R001,D0793,P008,2024-10-01,2024-10-01,North Delhi,North,23,7774.57
S04172,C04172,R042,D0064,P004,2024-10-31,2024-10-01,Vijayawada,South,35,29474.64
S04173,C04173,R053,D0742,P003,2024-10-20,2024-10-01,Ludhiana,North,18,12861.68
S04174,C04174,R062,D0022,P008,2024-10-18,2024-10-01,Chennai,South,42,12744.58
S04175,C04175,R033,D0277,P006,2024-10-04,2024-10-01,Ahmedabad,West,25,12956.66
S04176,C04176,R017,D0452,P006,2024-10-31,2024-10-01,Coimbatore,South,12,6968.21
S04177,C04177,R004,D0204,P008,2024-10-23,2024-10-01,Lucknow,North,17,5200.09
S04178,C04178,R053,D0846,P002,2024-10-07,2024-10-01,Ludhiana,North,22,12680.98
S04179,C04179,R001,D0792,P003,2024-10-12,2024-10-01,North Delhi,North,18,12454.03
S04180,C04180,R052,D0430,P001,2024-10-11,2024-10-01,Lucknow,North,27,20498.09
S04181,C04181,R047,D0340,P004,2024-10-27,2024-10-01,Ranchi,East,13,12779.08
S04182,C04182,R025,D0672,P004,2024-10-15,2024-10-01,North Delhi,North,15,12741.47
S04183,C04183,R022,D0577,P004,2024-10-28,2024-10-01,Guwahati,East,22,19544.14
S04184,C04184,R041,D0470,P002,2024-10-22,2024-10-01,Coimbatore,South,27,15047.68
S04185,C04185,R016,D0709,P007,2024-10-12,2024-10-01,Kochi,South,35,21247.98
S04186,C04186,R002,D0184,P004,2024-10-13,2024-10-01,Chandigarh,North,17,17481.57
S04187,C04187,R038,D0247,P004,2024-10-26,2024-10-01,Chennai,South,22,18348.3
S04188,C04188,R056,D0106,P007,2024-10-16,2024-10-01,Pune,West,22,14505.63
S04189,C04189,R015,D0108,P004,2024-10-22,2024-10-01,Hyderabad,South,37,29205.06
S04190,C04190,R053,D0148,P008,2024-10-04,2024-10-01,Ludhiana,North,28,7664.81
S04191,C04191,R042,D0417,P002,2024-10-14,2024-10-01,Vijayawada,South,41,22198.59
S04192,C04192,R062,D0693,P007,2024-10-18,2024-10-01,Chennai,South,28,17709.45
S04193,C04193,R011,D0530,P008,2024-10-11,2024-10-01,Nagpur,West,29,9971.4
S04194,C04194,R002,D0333,P007,2024-10-27,2024-10-01,Chandigarh,North,17,11203.93
S04195,C04195,R032,D0265,P008,2024-10-07,2024-10-01,Pune,West,24,7756.79
S04196,C04196,R055,D0144,P006,2024-10-27,2024-10-01,Mumbai,West,35,18294.79
S04197,C04197,R070,D0463,P005,2024-10-02,2024-10-01,Guwahati,East,13,6052.65
S04198,C04198,R004,D0155,P007,2024-10-14,2024-10-01,Lucknow,North,25,16413.53
S04199,C04199,R018,D0618,P008,2024-10-17,2024-10-01,Vijayawada,South,24,7205.59
S04200,C04200,R044,D0431,P005,2024-10-08,2024-10-01,Bhubaneswar,East,21,9338.91
S04201,C04201,R003,D0226,P006,2024-10-17,2024-10-01,Jaipur,North,24,12763.97
S04202,C04202,R061,D0015,P001,2024-10-28,2024-10-01,Bengaluru,South,33,27094.93
S04203,C04203,R058,D0124,P008,2024-10-14,2024-10-01,Surat,West,23,7855.25
S04204,C04204,R040,D0043,P007,2024-10-17,2024-10-01,Kochi,South,16,9725.59
S04205,C04205,R065,D0606,P002,2024-10-30,2024-10-01,Coimbatore,South,26,13690.33
S04206,C04206,R033,D0406,P003,2024-10-29,2024-10-01,Ahmedabad,West,56,38260.63
S04207,C04207,R028,D0599,P002,2024-10-01,2024-10-01,Lucknow,North,25,12759.68
S04208,C04208,R034,D0409,P003,2024-10-23,2024-10-01,Surat,West,24,17159.69
S04209,C04209,R033,D0840,P008,2024-10-27,2024-10-01,Ahmedabad,West,40,12478.13
S04210,C04210,R047,D0639,P004,2024-10-30,2024-10-01,Ranchi,East,15,13165.31
S04211,C04211,R040,D0105,P004,2024-10-25,2024-10-01,Kochi,South,36,33243.57
S04212,C04212,R039,D0108,P007,2024-10-03,2024-10-01,Hyderabad,South,30,17635.44
S04213,C04213,R004,D0728,P003,2024-10-24,2024-10-01,Lucknow,North,35,21772.56
S04214,C04214,R005,D0236,P008,2024-10-27,2024-10-01,Ludhiana,North,18,6092.0
S04215,C04215,R030,D0665,P007,2024-10-17,2024-10-01,Dehradun,North,28,16189.22
S04216,C04216,R043,D0526,P003,2024-10-01,2024-10-01,Kolkata,East,24,16045.79
S04217,C04217,R028,D0557,P006,2024-10-06,2024-10-01,Lucknow,North,20,10210.97
S04218,C04218,R037,D0199,P004,2024-10-09,2024-10-01,Bengaluru,South,35,28191.71
S04219,C04219,R042,D0244,P003,2024-10-27,2024-10-01,Vijayawada,South,26,16261.9
S04220,C04220,R010,D0409,P008,2024-10-04,2024-10-01,Surat,West,23,7490.51
S04221,C04221,R024,D0026,P004,2024-10-24,2024-10-01,Siliguri,East,24,22676.83
S04222,C04222,R062,D0288,P001,2024-10-06,2024-10-01,Chennai,South,33,24759.12
S04223,C04223,R027,D0527,P004,2024-10-26,2024-10-01,Jaipur,North,25,21264.36
S04224,C04224,R022,D0165,P005,2024-10-01,2024-10-01,Guwahati,East,25,11863.03
S04225,C04225,R036,D0268,P002,2024-10-08,2024-10-01,Goa,West,23,12917.94
S04226,C04226,R021,D0832,P006,2024-10-04,2024-10-01,Patna,East,25,13345.44
S04227,C04227,R014,D0247,P002,2024-10-18,2024-10-01,Chennai,South,24,13103.07
S04228,C04228,R053,D0816,P001,2024-10-25,2024-10-01,Ludhiana,North,37,28094.52
S04229,C04229,R014,D0754,P005,2024-10-13,2024-10-01,Chennai,South,40,19121.0
S04230,C04230,R070,D0514,P002,2024-10-17,2024-10-01,Guwahati,East,18,9679.22
S04231,C04231,R038,D0110,P007,2024-10-20,2024-10-01,Chennai,South,53,33414.68
S04232,C04232,R020,D0315,P001,2024-10-15,2024-10-01,Bhubaneswar,East,24,18234.42
S04233,C04233,R057,D0836,P004,2024-10-24,2024-10-01,Ahmedabad,West,24,21135.79
S04234,C04234,R025,D0002,P001,2024-10-09,2024-10-01,North Delhi,North,37,29632.58
S04235,C04235,R031,D0461,P004,2024-10-06,2024-10-01,Mumbai,West,33,26349.15
S04236,C04236,R003,D0594,P008,2024-10-06,2024-10-01,Jaipur,North,30,10242.59
S04237,C04237,R025,D0751,P006,2024-10-06,2024-10-01,North Delhi,North,17,8648.16
S04238,C04238,R024,D0713,P005,2024-10-02,2024-10-01,Siliguri,East,28,11065.05
S04239,C04239,R038,D0247,P002,2024-10-02,2024-10-01,Chennai,South,17,9257.57
S04240,C04240,R060,D0427,P003,2024-10-02,2024-10-01,Goa,West,16,10331.22
S04241,C04241,R016,D0534,P004,2024-10-05,2024-10-01,Kochi,South,22,18559.57
S04242,C04242,R003,D0822,P005,2024-10-20,2024-10-01,Jaipur,North,29,14645.84
S04243,C04243,R055,D0536,P002,2024-10-08,2024-10-01,Mumbai,West,36,20253.57
S04244,C04244,R006,D0136,P008,2024-10-19,2024-10-01,Dehradun,North,14,4444.62
S04245,C04245,R043,D0779,P006,2024-10-03,2024-10-01,Kolkata,East,16,8182.22
S04246,C04246,R054,D0532,P003,2024-10-25,2024-10-01,Dehradun,North,19,12707.46
S04247,C04247,R040,D0162,P001,2024-10-12,2024-10-01,Kochi,South,18,12896.88
S04248,C04248,R011,D0203,P005,2024-10-14,2024-10-01,Nagpur,West,19,9888.79
S04249,C04249,R061,D0117,P004,2024-10-21,2024-10-01,Bengaluru,South,22,19623.55
S04250,C04250,R028,D0560,P006,2024-10-31,2024-10-01,Lucknow,North,33,18351.83
S04251,C04251,R017,D0788,P005,2024-10-25,2024-10-01,Coimbatore,South,14,6166.92
S04252,C04252,R019,D0359,P006,2024-10-13,2024-10-01,Kolkata,East,32,16798.79
S04253,C04253,R044,D0193,P007,2024-10-11,2024-10-01,Bhubaneswar,East,20,11478.05
S04254,C04254,R058,D0724,P005,2024-10-11,2024-10-01,Surat,West,12,4724.65
S04255,C04255,R010,D0426,P006,2024-10-03,2024-10-01,Surat,West,55,29318.36
S04256,C04256,R035,D0530,P003,2024-10-11,2024-10-01,Nagpur,West,24,15994.4
S04257,C04257,R056,D0129,P008,2024-10-24,2024-10-01,Pune,West,28,8722.44
S04258,C04258,R048,D0738,P004,2024-10-09,2024-10-01,Siliguri,East,26,19234.99
S04259,C04259,R045,D0009,P006,2024-10-13,2024-10-01,Patna,East,15,7470.01
S04260,C04260,R030,D0587,P008,2024-10-03,2024-10-01,Dehradun,North,16,5190.04
S04261,C04261,R037,D0416,P003,2024-10-08,2024-10-01,Bengaluru,South,22,13737.88
S04262,C04262,R071,D0404,P001,2024-10-03,2024-10-01,Ranchi,East,15,11777.15
S04263,C04263,R066,D0408,P002,2024-10-15,2024-10-01,Vijayawada,South,16,8365.81
S04264,C04264,R023,D0322,P002,2024-10-10,2024-10-01,Ranchi,East,21,10658.64
S04265,C04265,R025,D0552,P001,2024-10-31,2024-10-01,North Delhi,North,11,8518.95
S04266,C04266,R046,D0262,P005,2024-10-19,2024-10-01,Guwahati,East,25,10252.35
S04267,C04267,R016,D0422,P003,2024-10-12,2024-10-01,Kochi,South,24,16237.13
S04268,C04268,R011,D0593,P001,2024-10-17,2024-10-01,Nagpur,West,14,10973.7
S04269,C04269,R029,D0718,P002,2024-10-30,2024-10-01,Ludhiana,North,29,16133.64
S04270,C04270,R065,D0083,P003,2024-10-06,2024-10-01,Coimbatore,South,16,11155.9
S04271,C04271,R049,D0849,P003,2024-10-08,2024-10-01,North Delhi,North,20,13033.22
S04272,C04272,R066,D0072,P008,2024-10-17,2024-10-01,Vijayawada,South,29,8032.81
S04273,C04273,R019,D0175,P006,2024-10-04,2024-10-01,Kolkata,East,16,8055.25
S04274,C04274,R041,D0425,P006,2024-10-17,2024-10-01,Coimbatore,South,23,11058.43
S04275,C04275,R008,D0366,P006,2024-10-05,2024-10-01,Pune,West,24,13116.81
S04276,C04276,R060,D0304,P007,2024-10-27,2024-10-01,Goa,West,24,14368.56
S04277,C04277,R072,D0289,P003,2024-10-24,2024-10-01,Siliguri,East,14,9628.7
S04278,C04278,R024,D0385,P001,2024-10-02,2024-10-01,Siliguri,East,19,15902.61
S04279,C04279,R030,D0649,P005,2024-10-17,2024-10-01,Dehradun,North,21,9298.85
S04280,C04280,R064,D0709,P001,2024-10-07,2024-10-01,Kochi,South,32,25054.23
S04281,C04281,R046,D0262,P002,2024-10-19,2024-10-01,Guwahati,East,26,14067.54
S04282,C04282,R013,D0199,P007,2024-10-17,2024-10-01,Bengaluru,South,38,25737.07
S04283,C04283,R052,D0458,P005,2024-10-30,2024-10-01,Lucknow,North,40,19564.83
S04284,C04284,R046,D0063,P006,2024-10-06,2024-10-01,Guwahati,East,16,7725.79
S04285,C04285,R007,D0459,P005,2024-10-16,2024-10-01,Mumbai,West,21,9365.05
S04286,C04286,R021,D0206,P005,2024-10-30,2024-10-01,Patna,East,11,4942.63
S04287,C04287,R047,D0498,P003,2024-10-04,2024-10-01,Ranchi,East,22,13930.29
S04288,C04288,R029,D0054,P002,2024-10-08,2024-10-01,Ludhiana,North,13,6908.91
S04289,C04289,R068,D0688,P003,2024-10-23,2024-10-01,Bhubaneswar,East,14,8995.15
S04290,C04290,R002,D0239,P007,2024-10-04,2024-10-01,Chandigarh,North,15,9166.62
S04291,C04291,R046,D0418,P008,2024-10-07,2024-10-01,Guwahati,East,20,6363.13
S04292,C04292,R034,D0410,P001,2024-10-30,2024-10-01,Surat,West,19,15674.91
S04293,C04293,R009,D0403,P005,2024-10-19,2024-10-01,Ahmedabad,West,17,7522.15
S04294,C04294,R064,D0400,P004,2024-10-02,2024-10-01,Kochi,South,25,20393.06
S04295,C04295,R061,D0199,P005,2024-10-27,2024-10-01,Bengaluru,South,46,20638.14
S04296,C04296,R003,D0671,P002,2024-10-17,2024-10-01,Jaipur,North,23,12039.18
S04297,C04297,R068,D0511,P001,2024-10-15,2024-10-01,Bhubaneswar,East,13,10886.97
S04298,C04298,R015,D0179,P002,2024-10-31,2024-10-01,Hyderabad,South,22,12382.16
S04299,C04299,R049,D0219,P002,2024-10-10,2024-10-01,North Delhi,North,24,13801.01
S04300,C04300,R066,D0369,P001,2024-10-12,2024-10-01,Vijayawada,South,25,20438.51
S04301,C04301,R072,D0620,P003,2024-10-18,2024-10-01,Siliguri,East,17,10113.53
S04302,C04302,R069,D0807,P006,2024-10-08,2024-10-01,Patna,East,14,6835.64
S04303,C04303,R015,D0302,P008,2024-10-04,2024-10-01,Hyderabad,South,24,7104.53
S04304,C04304,R043,D0345,P006,2024-10-05,2024-10-01,Kolkata,East,12,6599.53
S04305,C04305,R027,D0138,P002,2024-10-10,2024-10-01,Jaipur,North,17,9565.57
S04306,C04306,R018,D0407,P003,2024-10-03,2024-10-01,Vijayawada,South,12,8077.73
S04307,C04307,R044,D0321,P003,2024-10-16,2024-10-01,Bhubaneswar,East,24,15389.57
S04308,C04308,R059,D0691,P002,2024-10-31,2024-10-01,Nagpur,West,21,11081.56
S04309,C04309,R057,D0495,P008,2024-10-08,2024-10-01,Ahmedabad,West,19,5818.52
S04310,C04310,R065,D0163,P006,2024-10-02,2024-10-01,Coimbatore,South,26,13690.86
S04311,C04311,R030,D0812,P004,2024-10-02,2024-10-01,Dehradun,North,18,16103.04
S04312,C04312,R026,D0723,P004,2024-10-06,2024-10-01,Chandigarh,North,26,23942.73
S04313,C04313,R072,D0289,P003,2024-10-19,2024-10-01,Siliguri,East,16,10781.02
S04314,C04314,R033,D0123,P004,2024-10-15,2024-10-01,Ahmedabad,West,25,23168.42
S04315,C04315,R061,D0199,P006,2024-10-13,2024-10-01,Bengaluru,South,38,19880.54
S04316,C04316,R039,D0302,P008,2024-10-24,2024-10-01,Hyderabad,South,19,6415.04
S04317,C04317,R010,D0271,P004,2024-10-13,2024-10-01,Surat,West,32,29533.4
S04318,C04318,R021,D0682,P002,2024-10-20,2024-10-01,Patna,East,18,9470.07
S04319,C04319,R068,D0847,P008,2024-10-31,2024-10-01,Bhubaneswar,East,21,6884.39
S04320,C04320,R036,D0704,P003,2024-10-06,2024-10-01,Goa,West,19,12733.92
S04321,C04321,R059,D0732,P001,2024-11-04,2024-11-01,Nagpur,West,17,13133.68
S04322,C04322,R047,D0077,P005,2024-11-07,2024-11-01,Ranchi,East,23,10570.87
S04323,C04323,R004,D0155,P007,2024-11-05,2024-11-01,Lucknow,North,17,10892.05
S04324,C04324,R013,D0761,P003,2024-11-25,2024-11-01,Bengaluru,South,33,22369.04
S04325,C04325,R001,D0573,P003,2024-11-27,2024-11-01,North Delhi,North,26,17958.47
S04326,C04326,R070,D0174,P003,2024-11-17,2024-11-01,Guwahati,East,21,13887.85
S04327,C04327,R020,D0684,P007,2024-11-04,2024-11-01,Bhubaneswar,East,13,8385.9
S04328,C04328,R035,D0191,P008,2024-11-26,2024-11-01,Nagpur,West,19,6315.14
S04329,C04329,R015,D0585,P007,2024-11-28,2024-11-01,Hyderabad,South,28,16391.49
S04330,C04330,R071,D0747,P002,2024-11-13,2024-11-01,Ranchi,East,28,14849.35
S04331,C04331,R045,D0319,P007,2024-11-21,2024-11-01,Patna,East,25,14602.1
S04332,C04332,R055,D0569,P003,2024-11-19,2024-11-01,Mumbai,West,24,14985.06
S04333,C04333,R006,D0643,P007,2024-11-16,2024-11-01,Dehradun,North,44,30436.08
S04334,C04334,R021,D0740,P008,2024-11-11,2024-11-01,Patna,East,31,10747.38
S04335,C04335,R007,D0538,P006,2024-11-09,2024-11-01,Mumbai,West,43,23197.2
S04336,C04336,R023,D0260,P008,2024-11-09,2024-11-01,Ranchi,East,32,10469.88
S04337,C04337,R049,D0133,P002,2024-11-11,2024-11-01,North Delhi,North,34,17862.4
S04338,C04338,R046,D0262,P006,2024-11-23,2024-11-01,Guwahati,East,19,9153.07
S04339,C04339,R056,D0129,P001,2024-11-25,2024-11-01,Pune,West,50,38590.93
S04340,C04340,R003,D0619,P006,2024-11-04,2024-11-01,Jaipur,North,38,18682.03
S04341,C04341,R059,D0357,P003,2024-11-02,2024-11-01,Nagpur,West,22,15038.26
S04342,C04342,R024,D0568,P008,2024-11-15,2024-11-01,Siliguri,East,39,12574.88
S04343,C04343,R065,D0046,P004,2024-11-24,2024-11-01,Coimbatore,South,16,14849.68
S04344,C04344,R063,D0223,P007,2024-11-17,2024-11-01,Hyderabad,South,38,23460.93
S04345,C04345,R036,D0318,P003,2024-11-25,2024-11-01,Goa,West,19,11479.97
S04346,C04346,R048,D0057,P001,2024-11-22,2024-11-01,Siliguri,East,32,24744.86
S04347,C04347,R054,D0710,P006,2024-11-22,2024-11-01,Dehradun,North,30,15596.48
S04348,C04348,R018,D0414,P002,2024-11-17,2024-11-01,Vijayawada,South,30,16422.66
S04349,C04349,R058,D0692,P006,2024-11-02,2024-11-01,Surat,West,48,23801.13
S04350,C04350,R022,D0654,P004,2024-11-06,2024-11-01,Guwahati,East,26,22573.05
S04351,C04351,R020,D0086,P008,2024-11-23,2024-11-01,Bhubaneswar,East,28,8662.05
S04352,C04352,R059,D0741,P003,2024-11-10,2024-11-01,Nagpur,West,17,10283.14
S04353,C04353,R072,D0057,P004,2024-11-22,2024-11-01,Siliguri,East,27,23995.06
S04354,C04354,R039,D0764,P006,2024-11-11,2024-11-01,Hyderabad,South,36,19075.26
S04355,C04355,R015,D0540,P007,2024-11-01,2024-11-01,Hyderabad,South,44,26201.56
S04356,C04356,R013,D0686,P002,2024-11-21,2024-11-01,Bengaluru,South,32,16206.94
S04357,C04357,R067,D0446,P006,2024-11-27,2024-11-01,Kolkata,East,17,9101.06
S04358,C04358,R037,D0075,P004,2024-11-14,2024-11-01,Bengaluru,South,49,46581.48
S04359,C04359,R045,D0085,P008,2024-11-04,2024-11-01,Patna,East,25,7823.81
S04360,C04360,R027,D0138,P006,2024-11-13,2024-11-01,Jaipur,North,22,10693.85
S04361,C04361,R016,D0674,P007,2024-11-29,2024-11-01,Kochi,South,33,19984.21
S04362,C04362,R009,D0495,P003,2024-11-10,2024-11-01,Ahmedabad,West,27,18070.25
S04363,C04363,R023,D0182,P003,2024-11-03,2024-11-01,Ranchi,East,26,16774.34
S04364,C04364,R062,D0109,P007,2024-11-24,2024-11-01,Chennai,South,37,20798.28
S04365,C04365,R051,D0080,P001,2024-11-08,2024-11-01,Jaipur,North,16,13079.45
S04366,C04366,R061,D0199,P005,2024-11-02,2024-11-01,Bengaluru,South,42,19553.95
S04367,C04367,R002,D0689,P008,2024-11-21,2024-11-01,Chandigarh,North,22,7585.19
S04368,C04368,R055,D0768,P008,2024-11-11,2024-11-01,Mumbai,West,19,6092.87
S04369,C04369,R031,D0543,P006,2024-11-05,2024-11-01,Mumbai,West,41,22449.29
S04370,C04370,R066,D0758,P004,2024-11-02,2024-11-01,Vijayawada,South,24,21118.18
S04371,C04371,R009,D0324,P007,2024-11-06,2024-11-01,Ahmedabad,West,41,24254.35
S04372,C04372,R012,D0282,P001,2024-11-05,2024-11-01,Goa,West,29,22054.24
S04373,C04373,R030,D0627,P007,2024-11-01,2024-11-01,Dehradun,North,17,11315.88
S04374,C04374,R009,D0123,P002,2024-11-12,2024-11-01,Ahmedabad,West,37,19792.59
S04375,C04375,R039,D0795,P006,2024-11-25,2024-11-01,Hyderabad,South,22,12107.27
S04376,C04376,R024,D0610,P003,2024-11-12,2024-11-01,Siliguri,East,23,14829.8
S04377,C04377,R030,D0059,P007,2024-11-02,2024-11-01,Dehradun,North,17,9652.08
S04378,C04378,R056,D0212,P005,2024-11-27,2024-11-01,Pune,West,33,15710.5
S04379,C04379,R005,D0598,P008,2024-11-19,2024-11-01,Ludhiana,North,37,11460.29
S04380,C04380,R010,D0566,P007,2024-11-29,2024-11-01,Surat,West,15,9288.93
S04381,C04381,R067,D0140,P008,2024-11-18,2024-11-01,Kolkata,East,12,3878.59
S04382,C04382,R066,D0522,P002,2024-11-15,2024-11-01,Vijayawada,South,18,9810.5
S04383,C04383,R010,D0306,P004,2024-11-16,2024-11-01,Surat,West,51,49131.44
S04384,C04384,R063,D0540,P004,2024-11-01,2024-11-01,Hyderabad,South,35,31542.93
S04385,C04385,R027,D0296,P001,2024-11-12,2024-11-01,Jaipur,North,16,12554.61
S04386,C04386,R072,D0385,P001,2024-11-14,2024-11-01,Siliguri,East,12,9193.97
S04387,C04387,R052,D0291,P001,2024-11-09,2024-11-01,Lucknow,North,31,24830.33
S04388,C04388,R058,D0104,P007,2024-11-26,2024-11-01,Surat,West,41,25567.74
S04389,C04389,R033,D0143,P004,2024-11-29,2024-11-01,Ahmedabad,West,44,38373.96
S04390,C04390,R035,D0191,P007,2024-11-15,2024-11-01,Nagpur,West,21,13413.47
S04391,C04391,R062,D0685,P007,2024-11-24,2024-11-01,Chennai,South,48,28980.42
S04392,C04392,R002,D0329,P001,2024-11-07,2024-11-01,Chandigarh,North,19,15249.9
S04393,C04393,R005,D0310,P007,2024-11-28,2024-11-01,Ludhiana,North,16,9112.84
S04394,C04394,R060,D0804,P002,2024-11-22,2024-11-01,Goa,West,25,14116.68
S04395,C04395,R026,D0790,P004,2024-11-23,2024-11-01,Chandigarh,North,37,31747.72
S04396,C04396,R069,D0206,P008,2024-11-18,2024-11-01,Patna,East,17,5623.71
S04397,C04397,R068,D0337,P003,2024-11-25,2024-11-01,Bhubaneswar,East,21,14747.64
S04398,C04398,R029,D0382,P008,2024-11-17,2024-11-01,Ludhiana,North,18,5878.09
S04399,C04399,R048,D0620,P005,2024-11-29,2024-11-01,Siliguri,East,19,9243.69
S04400,C04400,R053,D0647,P001,2024-11-20,2024-11-01,Ludhiana,North,44,32469.45
S04401,C04401,R035,D0507,P007,2024-11-14,2024-11-01,Nagpur,West,36,21869.18
S04402,C04402,R009,D0207,P001,2024-11-07,2024-11-01,Ahmedabad,West,25,18868.41
S04403,C04403,R055,D0429,P006,2024-11-28,2024-11-01,Mumbai,West,23,11342.44
S04404,C04404,R024,D0026,P004,2024-11-02,2024-11-01,Siliguri,East,31,25413.05
S04405,C04405,R049,D0613,P002,2024-11-02,2024-11-01,North Delhi,North,47,25482.19
S04406,C04406,R037,D0782,P005,2024-11-01,2024-11-01,Bengaluru,South,37,17820.54
S04407,C04407,R007,D0683,P003,2024-11-04,2024-11-01,Mumbai,West,26,18246.45
S04408,C04408,R035,D0342,P001,2024-11-08,2024-11-01,Nagpur,West,41,30290.55
S04409,C04409,R060,D0376,P005,2024-11-15,2024-11-01,Goa,West,40,17958.63
S04410,C04410,R061,D0827,P001,2024-11-09,2024-11-01,Bengaluru,South,34,25537.79
S04411,C04411,R071,D0327,P005,2024-11-14,2024-11-01,Ranchi,East,36,15890.06
S04412,C04412,R032,D0657,P002,2024-11-14,2024-11-01,Pune,West,16,8511.86
S04413,C04413,R008,D0501,P007,2024-11-14,2024-11-01,Pune,West,26,15875.62
S04414,C04414,R033,D0406,P008,2024-11-02,2024-11-01,Ahmedabad,West,41,12929.68
S04415,C04415,R057,D0541,P008,2024-11-17,2024-11-01,Ahmedabad,West,15,4465.78
S04416,C04416,R041,D0163,P008,2024-11-09,2024-11-01,Coimbatore,South,39,13084.69
S04417,C04417,R059,D0397,P001,2024-11-17,2024-11-01,Nagpur,West,17,13378.02
S04418,C04418,R038,D0247,P005,2024-11-02,2024-11-01,Chennai,South,20,9381.05
S04419,C04419,R027,D0667,P002,2024-11-27,2024-11-01,Jaipur,North,26,14356.75
S04420,C04420,R036,D0539,P001,2024-11-22,2024-11-01,Goa,West,21,16884.88
S04421,C04421,R070,D0301,P004,2024-11-11,2024-11-01,Guwahati,East,26,23317.59
S04422,C04422,R066,D0644,P004,2024-11-11,2024-11-01,Vijayawada,South,13,11087.96
S04423,C04423,R034,D0306,P003,2024-11-10,2024-11-01,Surat,West,26,18460.12
S04424,C04424,R025,D0819,P001,2024-11-30,2024-11-01,North Delhi,North,42,33805.8
S04425,C04425,R021,D0499,P004,2024-11-22,2024-11-01,Patna,East,12,10200.62
S04426,C04426,R072,D0713,P002,2024-11-14,2024-11-01,Siliguri,East,16,8258.36
S04427,C04427,R067,D0799,P001,2024-11-20,2024-11-01,Kolkata,East,31,26585.82
S04428,C04428,R034,D0216,P004,2024-11-02,2024-11-01,Surat,West,13,11476.03
S04429,C04429,R006,D0227,P001,2024-11-25,2024-11-01,Dehradun,North,46,34664.5
S04430,C04430,R036,D0766,P008,2024-11-18,2024-11-01,Goa,West,38,11837.53
S04431,C04431,R062,D0190,P007,2024-11-10,2024-11-01,Chennai,South,34,21207.69
S04432,C04432,R005,D0718,P008,2024-11-21,2024-11-01,Ludhiana,North,25,7809.77
S04433,C04433,R045,D0194,P001,2024-11-01,2024-11-01,Patna,East,21,16489.22
S04434,C04434,R021,D0740,P004,2024-11-15,2024-11-01,Patna,East,21,20848.06
S04435,C04435,R009,D0632,P007,2024-11-29,2024-11-01,Ahmedabad,West,25,14051.98
S04436,C04436,R017,D0486,P005,2024-11-23,2024-11-01,Coimbatore,South,22,9914.58
S04437,C04437,R019,D0399,P003,2024-11-02,2024-11-01,Kolkata,East,19,12578.45
S04438,C04438,R004,D0454,P007,2024-11-18,2024-11-01,Lucknow,North,26,14461.16
S04439,C04439,R052,D0291,P003,2024-11-21,2024-11-01,Lucknow,North,20,13541.26
S04440,C04440,R001,D0346,P008,2024-11-16,2024-11-01,North Delhi,North,20,6686.49
S04441,C04441,R011,D0203,P001,2024-11-10,2024-11-01,Nagpur,West,22,15968.73
S04442,C04442,R016,D0105,P006,2024-11-21,2024-11-01,Kochi,South,28,14221.88
S04443,C04443,R040,D0730,P001,2024-11-13,2024-11-01,Kochi,South,21,16529.97
S04444,C04444,R057,D0706,P008,2024-11-29,2024-11-01,Ahmedabad,West,33,10863.45
S04445,C04445,R013,D0272,P003,2024-11-26,2024-11-01,Bengaluru,South,38,28426.86
S04446,C04446,R047,D0737,P001,2024-11-28,2024-11-01,Ranchi,East,21,15772.88
S04447,C04447,R071,D0498,P007,2024-11-13,2024-11-01,Ranchi,East,24,15033.37
S04448,C04448,R032,D0502,P008,2024-11-21,2024-11-01,Pune,West,29,9220.85
S04449,C04449,R028,D0126,P008,2024-11-05,2024-11-01,Lucknow,North,32,10087.34
S04450,C04450,R049,D0521,P004,2024-11-23,2024-11-01,North Delhi,North,14,12470.1
S04451,C04451,R051,D0088,P001,2024-11-23,2024-11-01,Jaipur,North,34,27064.67
S04452,C04452,R041,D0561,P002,2024-11-24,2024-11-01,Coimbatore,South,23,12425.98
S04453,C04453,R003,D0080,P001,2024-11-01,2024-11-01,Jaipur,North,25,19768.49
S04454,C04454,R069,D0386,P001,2024-11-14,2024-11-01,Patna,East,16,12429.84
S04455,C04455,R005,D0310,P002,2024-11-09,2024-11-01,Ludhiana,North,15,7720.52
S04456,C04456,R031,D0168,P005,2024-11-28,2024-11-01,Mumbai,West,37,17722.53
S04457,C04457,R060,D0376,P007,2024-11-17,2024-11-01,Goa,West,26,16674.21
S04458,C04458,R064,D0237,P005,2024-11-19,2024-11-01,Kochi,South,18,8686.24
S04459,C04459,R020,D0321,P002,2024-11-14,2024-11-01,Bhubaneswar,East,19,10605.95
S04460,C04460,R017,D0725,P005,2024-11-04,2024-11-01,Coimbatore,South,15,6632.32
S04461,C04461,R021,D0246,P002,2024-11-19,2024-11-01,Patna,East,23,11827.88
S04462,C04462,R043,D0345,P004,2024-11-19,2024-11-01,Kolkata,East,17,15822.91
S04463,C04463,R001,D0002,P008,2024-11-12,2024-11-01,North Delhi,North,22,6616.13
S04464,C04464,R010,D0197,P002,2024-11-19,2024-11-01,Surat,West,19,9908.39
S04465,C04465,R055,D0391,P007,2024-11-12,2024-11-01,Mumbai,West,14,9456.4
S04466,C04466,R017,D0561,P003,2024-11-20,2024-11-01,Coimbatore,South,12,8121.11
S04467,C04467,R012,D0139,P006,2024-11-11,2024-11-01,Goa,West,16,8225.05
S04468,C04468,R052,D0777,P003,2024-11-24,2024-11-01,Lucknow,North,22,13175.5
S04469,C04469,R059,D0093,P002,2024-11-27,2024-11-01,Nagpur,West,19,9915.7
S04470,C04470,R068,D0636,P004,2024-11-15,2024-11-01,Bhubaneswar,East,22,20398.48
S04471,C04471,R026,D0003,P004,2024-11-01,2024-11-01,Chandigarh,North,14,11535.9
S04472,C04472,R012,D0766,P005,2024-11-21,2024-11-01,Goa,West,38,17831.94
S04473,C04473,R065,D0561,P002,2024-11-29,2024-11-01,Coimbatore,South,13,6534.87
S04474,C04474,R009,D0775,P008,2024-11-22,2024-11-01,Ahmedabad,West,53,16430.95
S04475,C04475,R044,D0774,P006,2024-11-11,2024-11-01,Bhubaneswar,East,38,17855.34
S04476,C04476,R044,D0688,P007,2024-11-17,2024-11-01,Bhubaneswar,East,37,22677.33
S04477,C04477,R046,D0464,P007,2024-11-11,2024-11-01,Guwahati,East,23,12837.0
S04478,C04478,R030,D0710,P006,2024-11-24,2024-11-01,Dehradun,North,20,10157.27
S04479,C04479,R003,D0088,P002,2024-11-22,2024-11-01,Jaipur,North,28,15602.91
S04480,C04480,R025,D0609,P005,2024-11-19,2024-11-01,North Delhi,North,26,12079.52
S04481,C04481,R026,D0838,P008,2024-11-12,2024-11-01,Chandigarh,North,32,10477.99
S04482,C04482,R071,D0298,P001,2024-11-06,2024-11-01,Ranchi,East,17,13409.73
S04483,C04483,R064,D0831,P004,2024-11-19,2024-11-01,Kochi,South,28,24806.73
S04484,C04484,R063,D0387,P002,2024-11-11,2024-11-01,Hyderabad,South,14,7534.13
S04485,C04485,R008,D0439,P007,2024-11-28,2024-11-01,Pune,West,38,23519.63
S04486,C04486,R018,D0244,P008,2024-11-02,2024-11-01,Vijayawada,South,31,9378.46
S04487,C04487,R011,D0091,P001,2024-11-26,2024-11-01,Nagpur,West,43,32875.96
S04488,C04488,R047,D0747,P007,2024-11-24,2024-11-01,Ranchi,East,41,27553.56
S04489,C04489,R070,D0590,P003,2024-11-16,2024-11-01,Guwahati,East,26,17575.9
S04490,C04490,R020,D0431,P008,2024-11-30,2024-11-01,Bhubaneswar,East,21,7139.71
S04491,C04491,R028,D0783,P001,2024-11-22,2024-11-01,Lucknow,North,20,15865.49
S04492,C04492,R062,D0115,P002,2024-11-02,2024-11-01,Chennai,South,15,7803.58
S04493,C04493,R024,D0610,P006,2024-11-12,2024-11-01,Siliguri,East,20,10044.64
S04494,C04494,R017,D0462,P007,2024-11-26,2024-11-01,Coimbatore,South,18,10023.48
S04495,C04495,R050,D0628,P001,2024-11-24,2024-11-01,Chandigarh,North,20,16672.05
S04496,C04496,R037,D0019,P002,2024-11-05,2024-11-01,Bengaluru,South,43,24259.61
S04497,C04497,R036,D0539,P003,2024-11-06,2024-11-01,Goa,West,18,11383.17
S04498,C04498,R032,D0605,P001,2024-11-28,2024-11-01,Pune,West,21,17005.93
S04499,C04499,R014,D0786,P007,2024-11-02,2024-11-01,Chennai,South,30,18917.24
S04500,C04500,R053,D0290,P006,2024-11-29,2024-11-01,Ludhiana,North,33,16894.99
S04501,C04501,R006,D0060,P006,2024-11-17,2024-11-01,Dehradun,North,35,18274.97
S04502,C04502,R042,D0064,P004,2024-11-25,2024-11-01,Vijayawada,South,21,19222.7
S04503,C04503,R022,D0102,P006,2024-11-07,2024-11-01,Guwahati,East,15,7797.09
S04504,C04504,R038,D0247,P005,2024-11-11,2024-11-01,Chennai,South,23,10659.96
S04505,C04505,R018,D0645,P006,2024-11-22,2024-11-01,Vijayawada,South,27,13829.05
S04506,C04506,R069,D0194,P004,2024-11-05,2024-11-01,Patna,East,20,17295.11
S04507,C04507,R051,D0138,P006,2024-11-04,2024-11-01,Jaipur,North,25,13329.08
S04508,C04508,R010,D0038,P006,2024-11-19,2024-11-01,Surat,West,24,13452.64
S04509,C04509,R061,D0266,P006,2024-11-01,2024-11-01,Bengaluru,South,24,11554.59
S04510,C04510,R054,D0587,P007,2024-11-29,2024-11-01,Dehradun,North,16,9776.78
S04511,C04511,R070,D0176,P003,2024-11-21,2024-11-01,Guwahati,East,36,22983.6
S04512,C04512,R002,D0352,P008,2024-11-22,2024-11-01,Chandigarh,North,13,4274.49
S04513,C04513,R064,D0331,P001,2024-11-16,2024-11-01,Kochi,South,17,13542.77
S04514,C04514,R007,D0696,P004,2024-11-19,2024-11-01,Mumbai,West,26,23295.85
S04515,C04515,R031,D0023,P004,2024-11-29,2024-11-01,Mumbai,West,56,48366.18
S04516,C04516,R022,D0165,P007,2024-11-01,2024-11-01,Guwahati,East,16,9529.19
S04517,C04517,R039,D0474,P001,2024-11-08,2024-11-01,Hyderabad,South,25,18758.38
S04518,C04518,R050,D0762,P002,2024-11-21,2024-11-01,Chandigarh,North,27,13324.98
S04519,C04519,R023,D0322,P004,2024-11-04,2024-11-01,Ranchi,East,31,29285.61
S04520,C04520,R051,D0080,P007,2024-11-08,2024-11-01,Jaipur,North,24,15129.46
S04521,C04521,R004,D0413,P004,2024-11-01,2024-11-01,Lucknow,North,40,37896.71
S04522,C04522,R015,D0196,P006,2024-11-02,2024-11-01,Hyderabad,South,30,15033.16
S04523,C04523,R024,D0289,P002,2024-11-14,2024-11-01,Siliguri,East,18,9958.16
S04524,C04524,R033,D0835,P008,2024-11-20,2024-11-01,Ahmedabad,West,25,7660.94
S04525,C04525,R045,D0807,P007,2024-11-04,2024-11-01,Patna,East,10,5926.27
S04526,C04526,R012,D0164,P001,2024-11-30,2024-11-01,Goa,West,28,24077.92
S04527,C04527,R018,D0414,P006,2024-11-24,2024-11-01,Vijayawada,South,35,17516.95
S04528,C04528,R004,D0363,P002,2024-11-20,2024-11-01,Lucknow,North,36,20360.81
S04529,C04529,R029,D0833,P005,2024-11-03,2024-11-01,Ludhiana,North,27,12575.97
S04530,C04530,R065,D0788,P006,2024-11-16,2024-11-01,Coimbatore,South,22,10437.46
S04531,C04531,R040,D0360,P008,2024-11-28,2024-11-01,Kochi,South,24,7628.33
S04532,C04532,R023,D0029,P001,2024-11-08,2024-11-01,Ranchi,East,46,36557.76
S04533,C04533,R026,D0003,P003,2024-11-17,2024-11-01,Chandigarh,North,19,12985.0
S04534,C04534,R008,D0106,P006,2024-11-17,2024-11-01,Pune,West,25,11610.77
S04535,C04535,R050,D0721,P003,2024-11-21,2024-11-01,Chandigarh,North,31,19472.44
S04536,C04536,R056,D0623,P006,2024-11-28,2024-11-01,Pune,West,18,9322.51
S04537,C04537,R057,D0765,P002,2024-11-04,2024-11-01,Ahmedabad,West,21,10806.54
S04538,C04538,R004,D0155,P002,2024-11-02,2024-11-01,Lucknow,North,12,6874.93
S04539,C04539,R014,D0022,P005,2024-11-03,2024-11-01,Chennai,South,38,17425.6
S04540,C04540,R042,D0100,P006,2024-11-09,2024-11-01,Vijayawada,South,33,17239.43
S04541,C04541,R053,D0598,P002,2024-11-11,2024-11-01,Ludhiana,North,21,12074.74
S04542,C04542,R063,D0004,P007,2024-11-27,2024-11-01,Hyderabad,South,14,8021.36
S04543,C04543,R060,D0624,P007,2024-11-16,2024-11-01,Goa,West,21,13106.18
S04544,C04544,R064,D0730,P001,2024-11-23,2024-11-01,Kochi,South,17,13349.33
S04545,C04545,R064,D0105,P003,2024-11-18,2024-11-01,Kochi,South,25,16636.25
S04546,C04546,R037,D0614,P005,2024-11-29,2024-11-01,Bengaluru,South,41,18649.02
S04547,C04547,R023,D0447,P004,2024-11-10,2024-11-01,Ranchi,East,19,17044.66
S04548,C04548,R066,D0750,P003,2024-11-21,2024-11-01,Vijayawada,South,33,18593.84
S04549,C04549,R023,D0187,P005,2024-11-09,2024-11-01,Ranchi,East,14,6840.62
S04550,C04550,R046,D0165,P008,2024-11-08,2024-11-01,Guwahati,East,15,4479.31
S04551,C04551,R007,D0010,P003,2024-11-30,2024-11-01,Mumbai,West,33,23712.46
S04552,C04552,R002,D0681,P002,2024-11-01,2024-11-01,Chandigarh,North,26,13373.52
S04553,C04553,R025,D0760,P006,2024-11-09,2024-11-01,North Delhi,North,29,14055.84
S04554,C04554,R040,D0043,P005,2024-11-12,2024-11-01,Kochi,South,18,8447.71
S04555,C04555,R046,D0418,P006,2024-11-05,2024-11-01,Guwahati,East,26,13439.95
S04556,C04556,R026,D0681,P006,2024-11-24,2024-11-01,Chandigarh,North,28,14601.84
S04557,C04557,R042,D0618,P007,2024-11-11,2024-11-01,Vijayawada,South,21,13041.76
S04558,C04558,R071,D0808,P006,2024-11-14,2024-11-01,Ranchi,East,38,19243.81
S04559,C04559,R042,D0481,P005,2024-11-10,2024-11-01,Vijayawada,South,44,19867.97
S04560,C04560,R055,D0769,P004,2024-11-27,2024-11-01,Mumbai,West,19,17402.32
S04561,C04561,R034,D0823,P004,2024-11-13,2024-11-01,Surat,West,30,25776.65
S04562,C04562,R029,D0828,P003,2024-11-24,2024-11-01,Ludhiana,North,29,19254.15
S04563,C04563,R064,D0400,P004,2024-11-19,2024-11-01,Kochi,South,24,19550.12
S04564,C04564,R066,D0368,P005,2024-11-29,2024-11-01,Vijayawada,South,15,6987.63
S04565,C04565,R017,D0452,P006,2024-11-19,2024-11-01,Coimbatore,South,20,10250.21
S04566,C04566,R043,D0797,P007,2024-11-30,2024-11-01,Kolkata,East,15,9131.26
S04567,C04567,R016,D0335,P004,2024-11-21,2024-11-01,Kochi,South,17,16420.73
S04568,C04568,R010,D0566,P006,2024-11-02,2024-11-01,Surat,West,18,9866.14
S04569,C04569,R014,D0504,P004,2024-11-05,2024-11-01,Chennai,South,29,26990.08
S04570,C04570,R062,D0022,P003,2024-11-24,2024-11-01,Chennai,South,38,26199.16
S04571,C04571,R011,D0428,P002,2024-11-02,2024-11-01,Nagpur,West,15,8142.8
S04572,C04572,R031,D0232,P003,2024-11-06,2024-11-01,Mumbai,West,30,20104.33
S04573,C04573,R042,D0522,P006,2024-11-24,2024-11-01,Vijayawada,South,21,10941.7
S04574,C04574,R065,D0462,P002,2024-11-11,2024-11-01,Coimbatore,South,30,16688.04
S04575,C04575,R038,D0325,P001,2024-11-07,2024-11-01,Chennai,South,16,12524.55
S04576,C04576,R058,D0044,P003,2024-11-06,2024-11-01,Surat,West,20,13557.77
S04577,C04577,R007,D0168,P008,2024-11-10,2024-11-01,Mumbai,West,19,6099.64
S04578,C04578,R016,D0608,P002,2024-11-26,2024-11-01,Kochi,South,26,14335.97
S04579,C04579,R056,D0659,P002,2024-11-14,2024-11-01,Pune,West,31,17508.05
S04580,C04580,R070,D0228,P004,2024-11-29,2024-11-01,Guwahati,East,27,23241.67
S04581,C04581,R069,D0727,P004,2024-11-22,2024-11-01,Patna,East,16,14334.22
S04582,C04582,R047,D0447,P008,2024-11-09,2024-11-01,Ranchi,East,10,3212.14
S04583,C04583,R028,D0285,P002,2024-11-05,2024-11-01,Lucknow,North,40,20500.31
S04584,C04584,R057,D0380,P004,2024-11-29,2024-11-01,Ahmedabad,West,14,13326.65
S04585,C04585,R063,D0563,P003,2024-11-28,2024-11-01,Hyderabad,South,41,25943.02
S04586,C04586,R058,D0734,P002,2024-11-04,2024-11-01,Surat,West,17,9837.57
S04587,C04587,R069,D0319,P003,2024-11-10,2024-11-01,Patna,East,19,11698.32
S04588,C04588,R050,D0303,P003,2024-11-23,2024-11-01,Chandigarh,North,11,6716.75
S04589,C04589,R007,D0661,P006,2024-11-30,2024-11-01,Mumbai,West,20,10028.59
S04590,C04590,R048,D0396,P007,2024-11-28,2024-11-01,Siliguri,East,22,13686.92
S04591,C04591,R070,D0301,P002,2024-11-09,2024-11-01,Guwahati,East,22,12112.99
S04592,C04592,R060,D0370,P004,2024-11-27,2024-11-01,Goa,West,34,32216.27
S04593,C04593,R063,D0415,P003,2024-11-22,2024-11-01,Hyderabad,South,24,15230.18
S04594,C04594,R044,D0273,P007,2024-11-14,2024-11-01,Bhubaneswar,East,23,14679.62
S04595,C04595,R027,D0071,P001,2024-11-12,2024-11-01,Jaipur,North,19,13591.12
S04596,C04596,R018,D0465,P004,2024-11-25,2024-11-01,Vijayawada,South,25,21174.31
S04597,C04597,R043,D0125,P003,2024-11-26,2024-11-01,Kolkata,East,9,5861.82
S04598,C04598,R050,D0375,P003,2024-11-28,2024-11-01,Chandigarh,North,22,13721.16
S04599,C04599,R065,D0617,P008,2024-11-14,2024-11-01,Coimbatore,South,35,11506.38
S04600,C04600,R052,D0200,P005,2024-11-09,2024-11-01,Lucknow,North,21,9345.57
S04601,C04601,R003,D0230,P004,2024-11-27,2024-11-01,Jaipur,North,23,21496.64
S04602,C04602,R052,D0830,P007,2024-11-10,2024-11-01,Lucknow,North,22,14002.82
S04603,C04603,R015,D0011,P007,2024-11-23,2024-11-01,Hyderabad,South,23,13556.37
S04604,C04604,R025,D0666,P002,2024-11-16,2024-11-01,North Delhi,North,14,7426.87
S04605,C04605,R032,D0188,P004,2024-11-18,2024-11-01,Pune,West,12,10632.29
S04606,C04606,R027,D0773,P004,2024-11-07,2024-11-01,Jaipur,North,28,26607.55
S04607,C04607,R003,D0281,P004,2024-11-08,2024-11-01,Jaipur,North,22,18657.34
S04608,C04608,R054,D0006,P003,2024-11-20,2024-11-01,Dehradun,North,12,6980.0
S04609,C04609,R034,D0542,P007,2024-11-08,2024-11-01,Surat,West,14,8359.16
S04610,C04610,R019,D0081,P008,2024-11-21,2024-11-01,Kolkata,East,22,6716.31
S04611,C04611,R039,D0235,P001,2024-11-30,2024-11-01,Hyderabad,South,31,22328.3
S04612,C04612,R066,D0405,P007,2024-11-03,2024-11-01,Vijayawada,South,27,16439.65
S04613,C04613,R027,D0667,P007,2024-11-28,2024-11-01,Jaipur,North,29,16652.17
S04614,C04614,R003,D0296,P003,2024-11-06,2024-11-01,Jaipur,North,22,14765.27
S04615,C04615,R030,D0744,P004,2024-11-05,2024-11-01,Dehradun,North,23,19238.93
S04616,C04616,R033,D0406,P001,2024-11-26,2024-11-01,Ahmedabad,West,40,35807.09
S04617,C04617,R019,D0264,P003,2024-11-07,2024-11-01,Kolkata,East,20,13899.08
S04618,C04618,R021,D0246,P002,2024-11-20,2024-11-01,Patna,East,26,13525.44
S04619,C04619,R019,D0698,P008,2024-11-04,2024-11-01,Kolkata,East,19,5845.55
S04620,C04620,R062,D0549,P001,2024-11-03,2024-11-01,Chennai,South,18,13906.58
S04621,C04621,R044,D0193,P003,2024-11-07,2024-11-01,Bhubaneswar,East,32,21897.31
S04622,C04622,R052,D0584,P004,2024-11-16,2024-11-01,Lucknow,North,20,17401.42
S04623,C04623,R019,D0345,P008,2024-11-09,2024-11-01,Kolkata,East,23,6932.52
S04624,C04624,R039,D0235,P007,2024-11-07,2024-11-01,Hyderabad,South,35,19801.0
S04625,C04625,R057,D0121,P008,2024-11-26,2024-11-01,Ahmedabad,West,21,6713.7
S04626,C04626,R021,D0832,P003,2024-11-06,2024-11-01,Patna,East,31,19718.74
S04627,C04627,R049,D0032,P003,2024-11-03,2024-11-01,North Delhi,North,15,10040.16
S04628,C04628,R011,D0845,P005,2024-11-04,2024-11-01,Nagpur,West,19,7810.8
S04629,C04629,R001,D0033,P003,2024-11-27,2024-11-01,North Delhi,North,14,9458.3
S04630,C04630,R024,D0396,P001,2024-11-15,2024-11-01,Siliguri,East,29,22257.03
S04631,C04631,R018,D0074,P007,2024-11-30,2024-11-01,Vijayawada,South,53,29494.09
S04632,C04632,R037,D0308,P001,2024-11-25,2024-11-01,Bengaluru,South,28,22235.52
S04633,C04633,R006,D0710,P002,2024-11-09,2024-11-01,Dehradun,North,28,15496.92
S04634,C04634,R034,D0410,P008,2024-11-24,2024-11-01,Surat,West,27,8291.5
S04635,C04635,R016,D0478,P006,2024-11-14,2024-11-01,Kochi,South,11,5791.31
S04636,C04636,R022,D0082,P006,2024-11-17,2024-11-01,Guwahati,East,14,6652.35
S04637,C04637,R067,D0797,P002,2024-11-16,2024-11-01,Kolkata,East,13,6214.46
S04638,C04638,R045,D0248,P003,2024-11-23,2024-11-01,Patna,East,11,7198.34
S04639,C04639,R048,D0467,P002,2024-11-07,2024-11-01,Siliguri,East,33,17029.77
S04640,C04640,R036,D0806,P006,2024-11-02,2024-11-01,Goa,West,29,13868.64
S04641,C04641,R028,D0445,P005,2024-11-22,2024-11-01,Lucknow,North,20,9462.49
S04642,C04642,R035,D0626,P003,2024-11-29,2024-11-01,Nagpur,West,16,10673.4
S04643,C04643,R015,D0141,P006,2024-11-18,2024-11-01,Hyderabad,South,24,13243.81
S04644,C04644,R071,D0340,P007,2024-11-04,2024-11-01,Ranchi,East,22,13699.8
S04645,C04645,R049,D0521,P006,2024-11-04,2024-11-01,North Delhi,North,14,7337.34
S04646,C04646,R047,D0116,P001,2024-11-17,2024-11-01,Ranchi,East,26,19394.52
S04647,C04647,R004,D0286,P005,2024-11-27,2024-11-01,Lucknow,North,24,9858.62
S04648,C04648,R041,D0630,P002,2024-11-19,2024-11-01,Coimbatore,South,29,17208.71
S04649,C04649,R068,D0774,P003,2024-11-10,2024-11-01,Bhubaneswar,East,30,20287.81
S04650,C04650,R046,D0654,P008,2024-11-19,2024-11-01,Guwahati,East,24,8295.88
S04651,C04651,R046,D0802,P004,2024-11-05,2024-11-01,Guwahati,East,15,12561.23
S04652,C04652,R035,D0845,P007,2024-11-15,2024-11-01,Nagpur,West,30,19220.95
S04653,C04653,R025,D0133,P002,2024-11-30,2024-11-01,North Delhi,North,25,13694.98
S04654,C04654,R041,D0635,P008,2024-11-19,2024-11-01,Coimbatore,South,27,9098.92
S04655,C04655,R042,D0417,P003,2024-11-04,2024-11-01,Vijayawada,South,25,16978.84
S04656,C04656,R028,D0680,P002,2024-11-07,2024-11-01,Lucknow,North,26,13879.28
S04657,C04657,R069,D0500,P003,2024-11-02,2024-11-01,Patna,East,15,10039.03
S04658,C04658,R029,D0120,P002,2024-11-13,2024-11-01,Ludhiana,North,23,12200.73
S04659,C04659,R056,D0501,P005,2024-11-08,2024-11-01,Pune,West,42,20128.67
S04660,C04660,R048,D0580,P002,2024-11-30,2024-11-01,Siliguri,East,18,9333.2
S04661,C04661,R005,D0120,P002,2024-11-10,2024-11-01,Ludhiana,North,28,14588.92
S04662,C04662,R001,D0488,P006,2024-11-02,2024-11-01,North Delhi,North,27,13659.32
S04663,C04663,R037,D0489,P001,2024-11-14,2024-11-01,Bengaluru,South,39,31355.55
S04664,C04664,R057,D0403,P004,2024-11-23,2024-11-01,Ahmedabad,West,15,13385.56
S04665,C04665,R006,D0708,P006,2024-11-21,2024-11-01,Dehradun,North,16,8026.5
S04666,C04666,R029,D0120,P004,2024-11-30,2024-11-01,Ludhiana,North,21,19677.1
S04667,C04667,R020,D0337,P001,2024-11-11,2024-11-01,Bhubaneswar,East,17,13650.21
S04668,C04668,R055,D0780,P002,2024-11-16,2024-11-01,Mumbai,West,36,18993.51
S04669,C04669,R054,D0532,P008,2024-11-17,2024-11-01,Dehradun,North,20,6066.43
S04670,C04670,R030,D0167,P007,2024-11-01,2024-11-01,Dehradun,North,8,4837.14
S04671,C04671,R043,D0076,P003,2024-11-01,2024-11-01,Kolkata,East,21,13427.89
S04672,C04672,R015,D0474,P007,2024-11-24,2024-11-01,Hyderabad,South,14,8210.28
S04673,C04673,R054,D0812,P001,2024-11-12,2024-11-01,Dehradun,North,29,23467.78
S04674,C04674,R011,D0037,P001,2024-11-21,2024-11-01,Nagpur,West,18,14831.35
S04675,C04675,R040,D0103,P008,2024-11-29,2024-11-01,Kochi,South,16,5104.8
S04676,C04676,R044,D0355,P006,2024-11-08,2024-11-01,Bhubaneswar,East,34,17335.05
S04677,C04677,R036,D0152,P005,2024-11-24,2024-11-01,Goa,West,17,7530.72
S04678,C04678,R022,D0082,P003,2024-11-07,2024-11-01,Guwahati,East,16,9998.58
S04679,C04679,R002,D0239,P007,2024-11-23,2024-11-01,Chandigarh,North,18,11416.87
S04680,C04680,R038,D0504,P005,2024-11-05,2024-11-01,Chennai,South,18,7754.01
S04681,C04681,R013,D0686,P004,2024-11-10,2024-11-01,Bengaluru,South,30,25873.06
S04682,C04682,R054,D0254,P004,2024-11-15,2024-11-01,Dehradun,North,16,13776.15
S04683,C04683,R031,D0588,P003,2024-11-15,2024-11-01,Mumbai,West,31,20893.81
S04684,C04684,R061,D0686,P005,2024-11-01,2024-11-01,Bengaluru,South,24,10931.03
S04685,C04685,R002,D0003,P006,2024-11-26,2024-11-01,Chandigarh,North,9,4459.28
S04686,C04686,R072,D0620,P007,2024-11-01,2024-11-01,Siliguri,East,14,9120.4
S04687,C04687,R049,D0133,P004,2024-11-27,2024-11-01,North Delhi,North,34,32726.52
S04688,C04688,R058,D0490,P003,2024-11-07,2024-11-01,Surat,West,19,12784.28
S04689,C04689,R033,D0706,P005,2024-11-22,2024-11-01,Ahmedabad,West,21,9729.4
S04690,C04690,R014,D0693,P005,2024-11-22,2024-11-01,Chennai,South,22,9865.29
S04691,C04691,R032,D0419,P003,2024-11-14,2024-11-01,Pune,West,21,13847.25
S04692,C04692,R005,D0647,P001,2024-11-17,2024-11-01,Ludhiana,North,46,33718.38
S04693,C04693,R061,D0015,P003,2024-11-03,2024-11-01,Bengaluru,South,41,28397.76
S04694,C04694,R068,D0443,P001,2024-11-28,2024-11-01,Bhubaneswar,East,22,17047.04
S04695,C04695,R013,D0827,P001,2024-11-04,2024-11-01,Bengaluru,South,31,23348.74
S04696,C04696,R012,D0149,P008,2024-11-20,2024-11-01,Goa,West,19,5979.21
S04697,C04697,R034,D0104,P007,2024-11-01,2024-11-01,Surat,West,25,15788.56
S04698,C04698,R031,D0588,P001,2024-11-23,2024-11-01,Mumbai,West,39,30029.87
S04699,C04699,R059,D0485,P003,2024-11-11,2024-11-01,Nagpur,West,31,19654.53
S04700,C04700,R014,D0412,P003,2024-11-15,2024-11-01,Chennai,South,28,16549.42
S04701,C04701,R022,D0174,P008,2024-11-01,2024-11-01,Guwahati,East,15,4781.3
S04702,C04702,R011,D0191,P004,2024-11-07,2024-11-01,Nagpur,West,19,17227.55
S04703,C04703,R032,D0623,P003,2024-11-14,2024-11-01,Pune,West,25,16095.42
S04704,C04704,R043,D0264,P006,2024-11-22,2024-11-01,Kolkata,East,13,6366.77
S04705,C04705,R013,D0660,P004,2024-11-18,2024-11-01,Bengaluru,South,35,29397.31
S04706,C04706,R030,D0512,P002,2024-11-08,2024-11-01,Dehradun,North,13,6887.98
S04707,C04707,R072,D0312,P003,2024-11-18,2024-11-01,Siliguri,East,13,8102.0
S04708,C04708,R044,D0321,P002,2024-11-07,2024-11-01,Bhubaneswar,East,24,12233.76
S04709,C04709,R008,D0605,P006,2024-11-17,2024-11-01,Pune,West,32,15929.1
S04710,C04710,R025,D0259,P008,2024-11-17,2024-11-01,North Delhi,North,15,5252.09
S04711,C04711,R038,D0754,P007,2024-11-07,2024-11-01,Chennai,South,35,23842.75
S04712,C04712,R029,D0382,P004,2024-11-07,2024-11-01,Ludhiana,North,34,32041.77
S04713,C04713,R014,D0685,P004,2024-11-16,2024-11-01,Chennai,South,39,35828.19
S04714,C04714,R006,D0512,P001,2024-11-18,2024-11-01,Dehradun,North,22,15497.39
S04715,C04715,R016,D0373,P003,2024-11-30,2024-11-01,Kochi,South,14,10476.41
S04716,C04716,R038,D0412,P001,2024-11-15,2024-11-01,Chennai,South,45,35788.04
S04717,C04717,R060,D0370,P006,2024-11-14,2024-11-01,Goa,West,28,13495.01
S04718,C04718,R061,D0308,P008,2024-11-15,2024-11-01,Bengaluru,South,28,10163.47
S04719,C04719,R041,D0725,P002,2024-11-27,2024-11-01,Coimbatore,South,14,7522.78
S04720,C04720,R040,D0581,P006,2024-11-10,2024-11-01,Kochi,South,17,9031.65
S04721,C04721,R026,D0119,P005,2024-11-12,2024-11-01,Chandigarh,North,12,5433.2
S04722,C04722,R048,D0050,P004,2024-11-12,2024-11-01,Siliguri,East,21,19220.44
S04723,C04723,R067,D0017,P006,2024-11-19,2024-11-01,Kolkata,East,18,9495.01
S04724,C04724,R041,D0561,P006,2024-11-21,2024-11-01,Coimbatore,South,14,7447.05
S04725,C04725,R058,D0112,P003,2024-11-15,2024-11-01,Surat,West,23,16154.12
S04726,C04726,R012,D0318,P007,2024-11-08,2024-11-01,Goa,West,25,15368.39
S04727,C04727,R068,D0688,P006,2024-11-21,2024-11-01,Bhubaneswar,East,25,12883.77
S04728,C04728,R051,D0138,P003,2024-11-09,2024-11-01,Jaipur,North,30,19752.6
S04729,C04729,R045,D0085,P006,2024-11-27,2024-11-01,Patna,East,16,7734.02
S04730,C04730,R047,D0055,P006,2024-11-19,2024-11-01,Ranchi,East,21,10225.54
S04731,C04731,R008,D0265,P001,2024-11-14,2024-11-01,Pune,West,26,19967.52
S04732,C04732,R053,D0054,P002,2024-11-07,2024-11-01,Ludhiana,North,18,10333.44
S04733,C04733,R033,D0554,P003,2024-11-23,2024-11-01,Ahmedabad,West,29,19590.51
S04734,C04734,R039,D0576,P001,2024-11-19,2024-11-01,Hyderabad,South,23,17856.42
S04735,C04735,R051,D0166,P004,2024-11-27,2024-11-01,Jaipur,North,44,38643.7
S04736,C04736,R028,D0363,P004,2024-11-22,2024-11-01,Lucknow,North,36,30170.49
S04737,C04737,R019,D0218,P007,2024-11-24,2024-11-01,Kolkata,East,18,10486.55
S04738,C04738,R053,D0054,P002,2024-11-03,2024-11-01,Ludhiana,North,15,8162.7
S04739,C04739,R008,D0439,P005,2024-11-01,2024-11-01,Pune,West,37,17027.05
S04740,C04740,R068,D0638,P006,2024-11-20,2024-11-01,Bhubaneswar,East,14,7417.85
S04741,C04741,R001,D0157,P004,2024-11-01,2024-11-01,North Delhi,North,11,9684.03
S04742,C04742,R040,D0674,P008,2024-11-27,2024-11-01,Kochi,South,44,14479.48
S04743,C04743,R017,D0818,P003,2024-11-27,2024-11-01,Coimbatore,South,15,9142.02
S04744,C04744,R053,D0052,P004,2024-11-18,2024-11-01,Ludhiana,North,16,13563.98
S04745,C04745,R010,D0104,P001,2024-11-22,2024-11-01,Surat,West,32,25288.96
S04746,C04746,R065,D0384,P004,2024-11-13,2024-11-01,Coimbatore,South,25,22268.18
S04747,C04747,R056,D0659,P001,2024-11-29,2024-11-01,Pune,West,18,14557.86
S04748,C04748,R020,D0273,P008,2024-11-02,2024-11-01,Bhubaneswar,East,22,7453.82
S04749,C04749,R050,D0352,P002,2024-11-09,2024-11-01,Chandigarh,North,17,9740.58
S04750,C04750,R067,D0457,P007,2024-11-21,2024-11-01,Kolkata,East,30,19751.18
S04751,C04751,R072,D0096,P001,2024-11-24,2024-11-01,Siliguri,East,10,8510.14
S04752,C04752,R043,D0021,P003,2024-11-08,2024-11-01,Kolkata,East,22,14261.38
S04753,C04753,R024,D0096,P001,2024-12-25,2024-12-01,Siliguri,East,18,15654.32
S04754,C04754,R062,D0022,P003,2024-12-15,2024-12-01,Chennai,South,55,41544.14
S04755,C04755,R009,D0424,P005,2024-12-27,2024-12-01,Ahmedabad,West,25,10751.12
S04756,C04756,R050,D0829,P004,2024-12-09,2024-12-01,Chandigarh,North,27,23322.64
S04757,C04757,R031,D0391,P005,2024-12-22,2024-12-01,Mumbai,West,37,17326.52
S04758,C04758,R064,D0331,P007,2024-12-07,2024-12-01,Kochi,South,29,17895.25
S04759,C04759,R056,D0255,P001,2024-12-05,2024-12-01,Pune,West,18,12856.05
S04760,C04760,R040,D0831,P004,2024-12-22,2024-12-01,Kochi,South,34,28823.17
S04761,C04761,R006,D0820,P005,2024-12-22,2024-12-01,Dehradun,North,10,4649.86
S04762,C04762,R058,D0484,P005,2024-12-10,2024-12-01,Surat,West,36,16379.76
S04763,C04763,R062,D0412,P002,2024-12-19,2024-12-01,Chennai,South,26,14475.91
S04764,C04764,R046,D0102,P002,2024-12-30,2024-12-01,Guwahati,East,14,8299.27
S04765,C04765,R059,D0785,P004,2024-12-11,2024-12-01,Nagpur,West,27,22534.66
S04766,C04766,R043,D0017,P006,2024-12-16,2024-12-01,Kolkata,East,26,14794.31
S04767,C04767,R029,D0137,P008,2024-12-07,2024-12-01,Ludhiana,North,41,14354.05
S04768,C04768,R017,D0531,P003,2024-12-17,2024-12-01,Coimbatore,South,29,17488.37
S04769,C04769,R042,D0135,P005,2024-12-28,2024-12-01,Vijayawada,South,18,7785.77
S04770,C04770,R036,D0139,P003,2024-12-20,2024-12-01,Goa,West,31,20046.86
S04771,C04771,R069,D0499,P001,2024-12-05,2024-12-01,Patna,East,14,10399.43
S04772,C04772,R047,D0031,P004,2024-12-23,2024-12-01,Ranchi,East,37,33888.24
S04773,C04773,R034,D0185,P003,2024-12-14,2024-12-01,Surat,West,29,19747.68
S04774,C04774,R006,D0591,P002,2024-12-01,2024-12-01,Dehradun,North,17,9244.96
S04775,C04775,R051,D0166,P006,2024-12-20,2024-12-01,Jaipur,North,38,19742.41
S04776,C04776,R010,D0566,P003,2024-12-10,2024-12-01,Surat,West,20,13111.65
S04777,C04777,R052,D0126,P002,2024-12-31,2024-12-01,Lucknow,North,31,17071.99
S04778,C04778,R059,D0555,P004,2024-12-31,2024-12-01,Nagpur,West,32,31203.85
S04779,C04779,R019,D0024,P008,2024-12-21,2024-12-01,Kolkata,East,35,9863.36
S04780,C04780,R036,D0704,P006,2024-12-20,2024-12-01,Goa,West,14,7146.39
S04781,C04781,R066,D0595,P004,2024-12-10,2024-12-01,Vijayawada,South,16,14570.91
S04782,C04782,R013,D0663,P007,2024-12-03,2024-12-01,Bengaluru,South,42,25493.5
S04783,C04783,R002,D0239,P001,2024-12-02,2024-12-01,Chandigarh,North,18,14259.62
S04784,C04784,R070,D0174,P003,2024-12-15,2024-12-01,Guwahati,East,17,11892.5
S04785,C04785,R048,D0738,P005,2024-12-10,2024-12-01,Siliguri,East,35,15684.44
S04786,C04786,R018,D0522,P004,2024-12-30,2024-12-01,Vijayawada,South,20,19765.98
S04787,C04787,R010,D0111,P006,2024-12-10,2024-12-01,Surat,West,22,10387.01
S04788,C04788,R037,D0019,P006,2024-12-07,2024-12-01,Bengaluru,South,61,32075.22
S04789,C04789,R011,D0357,P004,2024-12-26,2024-12-01,Nagpur,West,20,17787.94
S04790,C04790,R066,D0465,P008,2024-12-26,2024-12-01,Vijayawada,South,29,9400.59
S04791,C04791,R067,D0334,P008,2024-12-12,2024-12-01,Kolkata,East,34,11294.2
S04792,C04792,R060,D0759,P004,2024-12-03,2024-12-01,Goa,West,20,17249.84
S04793,C04793,R003,D0527,P008,2024-12-04,2024-12-01,Jaipur,North,25,8440.93
S04794,C04794,R056,D0834,P006,2024-12-17,2024-12-01,Pune,West,29,16250.54
S04795,C04795,R046,D0736,P002,2024-12-27,2024-12-01,Guwahati,East,24,12772.1
S04796,C04796,R057,D0403,P001,2024-12-12,2024-12-01,Ahmedabad,West,15,11397.13
S04797,C04797,R026,D0762,P001,2024-12-01,2024-12-01,Chandigarh,North,19,15757.63
S04798,C04798,R065,D0462,P002,2024-12-12,2024-12-01,Coimbatore,South,33,18695.32
S04799,C04799,R071,D0029,P003,2024-12-01,2024-12-01,Ranchi,East,32,19466.69
S04800,C04800,R037,D0251,P001,2024-12-14,2024-12-01,Bengaluru,South,45,36069.85
S04801,C04801,R022,D0351,P005,2024-12-15,2024-12-01,Guwahati,East,17,8123.18
S04802,C04802,R046,D0848,P004,2024-12-23,2024-12-01,Guwahati,East,11,9763.19
S04803,C04803,R036,D0766,P005,2024-12-03,2024-12-01,Goa,West,30,14835.38
S04804,C04804,R054,D0136,P005,2024-12-15,2024-12-01,Dehradun,North,14,5923.47
S04805,C04805,R009,D0035,P003,2024-12-06,2024-12-01,Ahmedabad,West,32,18849.35
S04806,C04806,R024,D0396,P005,2024-12-15,2024-12-01,Siliguri,East,26,12596.81
S04807,C04807,R068,D0546,P008,2024-12-31,2024-12-01,Bhubaneswar,East,15,4604.89
S04808,C04808,R039,D0576,P003,2024-12-23,2024-12-01,Hyderabad,South,43,28330.82
S04809,C04809,R072,D0178,P003,2024-12-27,2024-12-01,Siliguri,East,36,22414.0
S04810,C04810,R019,D0702,P005,2024-12-02,2024-12-01,Kolkata,East,22,10551.27
S04811,C04811,R001,D0346,P007,2024-12-24,2024-12-01,North Delhi,North,24,14889.46
S04812,C04812,R029,D0279,P005,2024-12-27,2024-12-01,Ludhiana,North,23,10509.84
S04813,C04813,R020,D0443,P007,2024-12-21,2024-12-01,Bhubaneswar,East,13,7440.46
S04814,C04814,R031,D0771,P001,2024-12-25,2024-12-01,Mumbai,West,38,29402.52
S04815,C04815,R026,D0326,P001,2024-12-02,2024-12-01,Chandigarh,North,21,16653.3
S04816,C04816,R017,D0491,P004,2024-12-23,2024-12-01,Coimbatore,South,9,7797.02
S04817,C04817,R025,D0792,P002,2024-12-26,2024-12-01,North Delhi,North,17,8951.59
S04818,C04818,R054,D0006,P001,2024-12-08,2024-12-01,Dehradun,North,16,12486.48
S04819,C04819,R037,D0379,P002,2024-12-15,2024-12-01,Bengaluru,South,33,18420.34
S04820,C04820,R034,D0513,P003,2024-12-14,2024-12-01,Surat,West,19,12805.81
S04821,C04821,R066,D0703,P008,2024-12-04,2024-12-01,Vijayawada,South,32,10842.15
S04822,C04822,R051,D0080,P007,2024-12-04,2024-12-01,Jaipur,North,13,7894.43
S04823,C04823,R052,D0560,P003,2024-12-10,2024-12-01,Lucknow,North,42,29123.9
S04824,C04824,R072,D0612,P008,2024-12-04,2024-12-01,Siliguri,East,16,4821.53
S04825,C04825,R058,D0225,P007,2024-12-16,2024-12-01,Surat,West,34,21152.97
S04826,C04826,R044,D0676,P003,2024-12-02,2024-12-01,Bhubaneswar,East,24,16113.26
S04827,C04827,R072,D0389,P004,2024-12-01,2024-12-01,Siliguri,East,15,14923.68
S04828,C04828,R032,D0605,P008,2024-12-20,2024-12-01,Pune,West,30,9278.33
S04829,C04829,R017,D0434,P004,2024-12-08,2024-12-01,Coimbatore,South,27,22586.97
S04830,C04830,R047,D0116,P003,2024-12-12,2024-12-01,Ranchi,East,36,22844.91
S04831,C04831,R034,D0641,P008,2024-12-11,2024-12-01,Surat,West,33,10226.24
S04832,C04832,R023,D0182,P006,2024-12-15,2024-12-01,Ranchi,East,38,19777.2
S04833,C04833,R007,D0232,P004,2024-12-15,2024-12-01,Mumbai,West,26,21681.55
S04834,C04834,R065,D0725,P007,2024-12-05,2024-12-01,Coimbatore,South,13,8066.97
S04835,C04835,R022,D0802,P006,2024-12-01,2024-12-01,Guwahati,East,15,7663.1
S04836,C04836,R004,D0435,P003,2024-12-14,2024-12-01,Lucknow,North,22,15183.89
S04837,C04837,R041,D0491,P004,2024-12-18,2024-12-01,Coimbatore,South,24,22021.36
S04838,C04838,R069,D0248,P001,2024-12-24,2024-12-01,Patna,East,12,9747.62
S04839,C04839,R055,D0543,P001,2024-12-07,2024-12-01,Mumbai,West,30,23974.65
S04840,C04840,R035,D0555,P008,2024-12-03,2024-12-01,Nagpur,West,31,10499.23
S04841,C04841,R049,D0521,P001,2024-12-19,2024-12-01,North Delhi,North,22,15881.08
S04842,C04842,R020,D0636,P007,2024-12-28,2024-12-01,Bhubaneswar,East,21,11877.69
S04843,C04843,R051,D0564,P002,2024-12-08,2024-12-01,Jaipur,North,42,22656.66
S04844,C04844,R042,D0694,P005,2024-12-03,2024-12-01,Vijayawada,South,19,8776.85
S04845,C04845,R053,D0647,P006,2024-12-13,2024-12-01,Ludhiana,North,37,17903.83
S04846,C04846,R067,D0334,P008,2024-12-18,2024-12-01,Kolkata,East,19,6250.3
S04847,C04847,R065,D0531,P003,2024-12-20,2024-12-01,Coimbatore,South,43,26529.11
S04848,C04848,R030,D0189,P008,2024-12-04,2024-12-01,Dehradun,North,20,6314.23
S04849,C04849,R061,D0117,P004,2024-12-21,2024-12-01,Bengaluru,South,38,33789.61
S04850,C04850,R067,D0702,P007,2024-12-11,2024-12-01,Kolkata,East,26,16313.66
S04851,C04851,R038,D0473,P001,2024-12-01,2024-12-01,Chennai,South,22,16727.52
S04852,C04852,R059,D0037,P003,2024-12-29,2024-12-01,Nagpur,West,29,20303.31
S04853,C04853,R038,D0325,P005,2024-12-17,2024-12-01,Chennai,South,18,8975.6
S04854,C04854,R027,D0825,P006,2024-12-10,2024-12-01,Jaipur,North,30,16476.56
S04855,C04855,R030,D0591,P007,2024-12-26,2024-12-01,Dehradun,North,9,5986.25
S04856,C04856,R069,D0740,P003,2024-12-25,2024-12-01,Patna,East,29,20160.26
S04857,C04857,R048,D0467,P005,2024-12-07,2024-12-01,Siliguri,East,28,13276.18
S04858,C04858,R045,D0008,P005,2024-12-30,2024-12-01,Patna,East,8,3542.15
S04859,C04859,R039,D0141,P008,2024-12-17,2024-12-01,Hyderabad,South,43,13371.89
S04860,C04860,R010,D0068,P001,2024-12-09,2024-12-01,Surat,West,29,23693.08
S04861,C04861,R017,D0606,P001,2024-12-14,2024-12-01,Coimbatore,South,13,9237.07
S04862,C04862,R063,D0585,P005,2024-12-06,2024-12-01,Hyderabad,South,26,12751.49
S04863,C04863,R010,D0306,P001,2024-12-27,2024-12-01,Surat,West,29,21934.38
S04864,C04864,R044,D0646,P002,2024-12-09,2024-12-01,Bhubaneswar,East,19,9986.01
S04865,C04865,R020,D0556,P005,2024-12-14,2024-12-01,Bhubaneswar,East,11,5256.3
S04866,C04866,R019,D0634,P003,2024-12-03,2024-12-01,Kolkata,East,22,14723.59
S04867,C04867,R051,D0616,P003,2024-12-30,2024-12-01,Jaipur,North,41,26492.38
S04868,C04868,R040,D0400,P003,2024-12-10,2024-12-01,Kochi,South,22,13858.86
S04869,C04869,R062,D0504,P006,2024-12-21,2024-12-01,Chennai,South,11,5188.89
S04870,C04870,R012,D0282,P003,2024-12-11,2024-12-01,Goa,West,31,18247.08
S04871,C04871,R012,D0704,P007,2024-12-18,2024-12-01,Goa,West,19,12437.9
S04872,C04872,R027,D0803,P002,2024-12-18,2024-12-01,Jaipur,North,20,10683.06
S04873,C04873,R060,D0152,P001,2024-12-10,2024-12-01,Goa,West,27,20124.13
S04874,C04874,R059,D0574,P002,2024-12-14,2024-12-01,Nagpur,West,17,9524.95
S04875,C04875,R053,D0090,P008,2024-12-19,2024-12-01,Ludhiana,North,16,4920.51
S04876,C04876,R068,D0355,P003,2024-12-07,2024-12-01,Bhubaneswar,East,21,13333.51
S04877,C04877,R029,D0647,P001,2024-12-05,2024-12-01,Ludhiana,North,31,25618.33
S04878,C04878,R032,D0265,P003,2024-12-06,2024-12-01,Pune,West,32,21903.06
S04879,C04879,R040,D0309,P006,2024-12-13,2024-12-01,Kochi,South,31,15954.78
S04880,C04880,R017,D0434,P003,2024-12-07,2024-12-01,Coimbatore,South,34,21818.16
S04881,C04881,R027,D0088,P004,2024-12-09,2024-12-01,Jaipur,North,33,29713.03
S04882,C04882,R068,D0607,P001,2024-12-22,2024-12-01,Bhubaneswar,East,9,7223.75
S04883,C04883,R015,D0114,P006,2024-12-21,2024-12-01,Hyderabad,South,27,13947.67
S04884,C04884,R057,D0277,P002,2024-12-30,2024-12-01,Ahmedabad,West,19,10882.99
S04885,C04885,R061,D0251,P001,2024-12-24,2024-12-01,Bengaluru,South,61,45197.86
S04886,C04886,R033,D0840,P006,2024-12-14,2024-12-01,Ahmedabad,West,46,23157.25
S04887,C04887,R045,D0832,P008,2024-12-29,2024-12-01,Patna,East,16,5262.58
S04888,C04888,R050,D0131,P005,2024-12-29,2024-12-01,Chandigarh,North,23,10277.06
S04889,C04889,R008,D0173,P008,2024-12-07,2024-12-01,Pune,West,19,6369.66
S04890,C04890,R048,D0568,P004,2024-12-06,2024-12-01,Siliguri,East,43,40839.37
S04891,C04891,R046,D0228,P005,2024-12-28,2024-12-01,Guwahati,East,19,8765.93
S04892,C04892,R010,D0484,P003,2024-12-28,2024-12-01,Surat,West,33,22196.89
S04893,C04893,R007,D0769,P005,2024-12-27,2024-12-01,Mumbai,West,19,8648.78
S04894,C04894,R032,D0188,P008,2024-12-15,2024-12-01,Pune,West,16,5045.08
S04895,C04895,R014,D0776,P006,2024-12-27,2024-12-01,Chennai,South,45,24422.62
S04896,C04896,R051,D0071,P001,2024-12-24,2024-12-01,Jaipur,North,35,26158.63
S04897,C04897,R029,D0222,P005,2024-12-23,2024-12-01,Ludhiana,North,36,17244.55
S04898,C04898,R041,D0470,P004,2024-12-19,2024-12-01,Coimbatore,South,16,13889.07
S04899,C04899,R049,D0792,P005,2024-12-09,2024-12-01,North Delhi,North,26,11454.37
S04900,C04900,R016,D0478,P005,2024-12-24,2024-12-01,Kochi,South,11,5315.02
S04901,C04901,R004,D0155,P005,2024-12-28,2024-12-01,Lucknow,North,13,6188.22
S04902,C04902,R031,D0292,P007,2024-12-28,2024-12-01,Mumbai,West,36,21242.66
S04903,C04903,R066,D0595,P007,2024-12-19,2024-12-01,Vijayawada,South,22,13307.08
S04904,C04904,R013,D0398,P008,2024-12-02,2024-12-01,Bengaluru,South,41,13038.32
S04905,C04905,R060,D0047,P005,2024-12-23,2024-12-01,Goa,West,54,25131.99
S04906,C04906,R011,D0485,P003,2024-12-08,2024-12-01,Nagpur,West,43,27685.5
S04907,C04907,R031,D0429,P002,2024-12-07,2024-12-01,Mumbai,West,20,11737.74
S04908,C04908,R059,D0028,P007,2024-12-03,2024-12-01,Nagpur,West,36,20742.68
S04909,C04909,R022,D0174,P008,2024-12-05,2024-12-01,Guwahati,East,16,4731.9
S04910,C04910,R005,D0828,P001,2024-12-16,2024-12-01,Ludhiana,North,30,23263.03
S04911,C04911,R012,D0648,P002,2024-12-09,2024-12-01,Goa,West,25,12158.45
S04912,C04912,R052,D0048,P006,2024-12-12,2024-12-01,Lucknow,North,16,7843.08
S04913,C04913,R027,D0040,P002,2024-12-16,2024-12-01,Jaipur,North,18,9412.42
S04914,C04914,R060,D0304,P001,2024-12-17,2024-12-01,Goa,West,21,16392.42
S04915,C04915,R072,D0385,P008,2024-12-13,2024-12-01,Siliguri,East,13,4118.95
S04916,C04916,R040,D0400,P001,2024-12-15,2024-12-01,Kochi,South,38,29989.77
S04917,C04917,R016,D0545,P002,2024-12-28,2024-12-01,Kochi,South,17,8821.95
S04918,C04918,R060,D0149,P008,2024-12-09,2024-12-01,Goa,West,33,10360.19
S04919,C04919,R001,D0032,P001,2024-12-01,2024-12-01,North Delhi,North,11,8828.28
S04920,C04920,R006,D0603,P007,2024-12-25,2024-12-01,Dehradun,North,23,12438.03
S04921,C04921,R018,D0694,P005,2024-12-03,2024-12-01,Vijayawada,South,21,9863.21
S04922,C04922,R053,D0137,P005,2024-12-25,2024-12-01,Ludhiana,North,40,16426.93
S04923,C04923,R011,D0357,P007,2024-12-11,2024-12-01,Nagpur,West,27,16478.73
S04924,C04924,R072,D0493,P001,2024-12-27,2024-12-01,Siliguri,East,14,11203.88
S04925,C04925,R014,D0110,P001,2024-12-06,2024-12-01,Chennai,South,45,35640.05
S04926,C04926,R008,D0659,P002,2024-12-06,2024-12-01,Pune,West,38,19883.64
S04927,C04927,R054,D0189,P004,2024-12-13,2024-12-01,Dehradun,North,39,35155.88
S04928,C04928,R016,D0438,P008,2024-12-13,2024-12-01,Kochi,South,23,7013.23
S04929,C04929,R071,D0284,P001,2024-12-23,2024-12-01,Ranchi,East,33,27518.67
S04930,C04930,R027,D0616,P004,2024-12-21,2024-12-01,Jaipur,North,25,23174.8
S04931,C04931,R007,D0232,P004,2024-12-31,2024-12-01,Mumbai,West,24,20346.45
S04932,C04932,R066,D0072,P002,2024-12-21,2024-12-01,Vijayawada,South,31,17892.44
S04933,C04933,R070,D0418,P003,2024-12-07,2024-12-01,Guwahati,East,40,26656.89
S04934,C04934,R035,D0741,P002,2024-12-03,2024-12-01,Nagpur,West,23,11718.48
S04935,C04935,R037,D0483,P002,2024-12-09,2024-12-01,Bengaluru,South,46,26290.13
S04936,C04936,R023,D0583,P005,2024-12-31,2024-12-01,Ranchi,East,25,12445.05
S04937,C04937,R011,D0420,P008,2024-12-24,2024-12-01,Nagpur,West,26,8213.61
S04938,C04938,R003,D0138,P004,2024-12-23,2024-12-01,Jaipur,North,37,33532.59
S04939,C04939,R068,D0443,P006,2024-12-09,2024-12-01,Bhubaneswar,East,27,13760.97
S04940,C04940,R043,D0799,P006,2024-12-15,2024-12-01,Kolkata,East,20,10495.48
S04941,C04941,R054,D0665,P007,2024-12-22,2024-12-01,Dehradun,North,21,13319.09
S04942,C04942,R012,D0648,P007,2024-12-30,2024-12-01,Goa,West,31,19842.32
S04943,C04943,R024,D0289,P008,2024-12-19,2024-12-01,Siliguri,East,21,6099.11
S04944,C04944,R046,D0463,P007,2024-12-01,2024-12-01,Guwahati,East,18,10695.5
S04945,C04945,R005,D0598,P008,2024-12-27,2024-12-01,Ludhiana,North,21,7044.35
S04946,C04946,R013,D0489,P008,2024-12-29,2024-12-01,Bengaluru,South,25,7720.73
S04947,C04947,R011,D0770,P006,2024-12-02,2024-12-01,Nagpur,West,35,18159.87
S04948,C04948,R046,D0514,P004,2024-12-13,2024-12-01,Guwahati,East,16,13587.52
S04949,C04949,R065,D0163,P003,2024-12-31,2024-12-01,Coimbatore,South,31,21153.49
S04950,C04950,R002,D0201,P005,2024-12-30,2024-12-01,Chandigarh,North,14,6452.07
S04951,C04951,R021,D0500,P007,2024-12-30,2024-12-01,Patna,East,9,5655.8
S04952,C04952,R035,D0741,P007,2024-12-31,2024-12-01,Nagpur,West,20,12440.93
S04953,C04953,R049,D0819,P005,2024-12-01,2024-12-01,North Delhi,North,37,15824.14
S04954,C04954,R002,D0628,P001,2024-12-05,2024-12-01,Chandigarh,North,27,23265.95
S04955,C04955,R071,D0404,P003,2024-12-16,2024-12-01,Ranchi,East,21,12953.66
S04956,C04956,R047,D0733,P005,2024-12-19,2024-12-01,Ranchi,East,26,13446.26
S04957,C04957,R017,D0818,P004,2024-12-13,2024-12-01,Coimbatore,South,10,7938.68
S04958,C04958,R038,D0014,P004,2024-12-09,2024-12-01,Chennai,South,52,46437.54
S04959,C04959,R057,D0277,P003,2024-12-08,2024-12-01,Ahmedabad,West,21,12884.55
S04960,C04960,R001,D0294,P001,2024-12-19,2024-12-01,North Delhi,North,27,22761.39
S04961,C04961,R030,D0559,P004,2024-12-31,2024-12-01,Dehradun,North,22,18586.88
S04962,C04962,R019,D0218,P004,2024-12-26,2024-12-01,Kolkata,East,13,10936.54
S04963,C04963,R071,D0280,P007,2024-12-06,2024-12-01,Ranchi,East,16,9776.67
S04964,C04964,R019,D0017,P001,2024-12-05,2024-12-01,Kolkata,East,50,41788.99
S04965,C04965,R042,D0020,P004,2024-12-09,2024-12-01,Vijayawada,South,29,27401.04
S04966,C04966,R070,D0392,P007,2024-12-23,2024-12-01,Guwahati,East,20,12064.14
S04967,C04967,R058,D0823,P003,2024-12-01,2024-12-01,Surat,West,37,24028.71
S04968,C04968,R039,D0208,P003,2024-12-22,2024-12-01,Hyderabad,South,30,20316.33
S04969,C04969,R032,D0257,P001,2024-12-18,2024-12-01,Pune,West,27,20998.63
S04970,C04970,R042,D0211,P005,2024-12-21,2024-12-01,Vijayawada,South,18,8313.38
S04971,C04971,R004,D0783,P007,2024-12-27,2024-12-01,Lucknow,North,28,16958.97
S04972,C04972,R023,D0516,P004,2024-12-19,2024-12-01,Ranchi,East,29,26597.8
S04973,C04973,R021,D0503,P004,2024-12-20,2024-12-01,Patna,East,10,9100.65
S04974,C04974,R035,D0203,P006,2024-12-15,2024-12-01,Nagpur,West,34,18659.07
S04975,C04975,R055,D0769,P004,2024-12-21,2024-12-01,Mumbai,West,18,15509.87
S04976,C04976,R029,D0148,P004,2024-12-12,2024-12-01,Ludhiana,North,17,14641.24
S04977,C04977,R021,D0807,P007,2024-12-03,2024-12-01,Patna,East,14,8500.42
S04978,C04978,R053,D0833,P003,2024-12-01,2024-12-01,Ludhiana,North,26,16986.49
S04979,C04979,R008,D0501,P007,2024-12-23,2024-12-01,Pune,West,19,12090.03
S04980,C04980,R024,D0713,P003,2024-12-20,2024-12-01,Siliguri,East,31,19380.85
S04981,C04981,R059,D0845,P005,2024-12-13,2024-12-01,Nagpur,West,34,16633.19
S04982,C04982,R034,D0410,P003,2024-12-24,2024-12-01,Surat,West,13,8457.97
S04983,C04983,R005,D0720,P006,2024-12-15,2024-12-01,Ludhiana,North,15,8101.85
S04984,C04984,R013,D0416,P004,2024-12-08,2024-12-01,Bengaluru,South,26,26068.67
S04985,C04985,R026,D0375,P002,2024-12-19,2024-12-01,Chandigarh,North,22,12489.74
S04986,C04986,R003,D0226,P006,2024-12-12,2024-12-01,Jaipur,North,25,13148.35
S04987,C04987,R013,D0489,P008,2024-12-31,2024-12-01,Bengaluru,South,31,10473.37
S04988,C04988,R003,D0205,P001,2024-12-23,2024-12-01,Jaipur,North,31,23824.21
S04989,C04989,R033,D0181,P005,2024-12-24,2024-12-01,Ahmedabad,West,29,13515.42
S04990,C04990,R023,D0224,P006,2024-12-22,2024-12-01,Ranchi,East,24,11828.59
S04991,C04991,R031,D0010,P006,2024-12-22,2024-12-01,Mumbai,West,47,23240.51
S04992,C04992,R004,D0781,P002,2024-12-24,2024-12-01,Lucknow,North,38,20836.42
S04993,C04993,R050,D0221,P001,2024-12-14,2024-12-01,Chandigarh,North,39,30565.58
S04994,C04994,R025,D0679,P005,2024-12-26,2024-12-01,North Delhi,North,33,15507.44
S04995,C04995,R025,D0388,P006,2024-12-02,2024-12-01,North Delhi,North,26,13348.99
S04996,C04996,R026,D0303,P003,2024-12-21,2024-12-01,Chandigarh,North,16,10410.91
S04997,C04997,R070,D0165,P003,2024-12-17,2024-12-01,Guwahati,East,30,20714.49
S04998,C04998,R005,D0735,P005,2024-12-01,2024-12-01,Ludhiana,North,25,11144.94
S04999,C04999,R015,D0387,P004,2024-12-21,2024-12-01,Hyderabad,South,12,10814.09
S05000,C05000,R047,D0340,P004,2024-12-01,2024-12-01,Ranchi,East,20,18821.41
S05001,C05001,R020,D0636,P006,2024-12-22,2024-12-01,Bhubaneswar,East,23,12146.1
S05002,C05002,R009,D0757,P008,2024-12-17,2024-12-01,Ahmedabad,West,24,7668.89
S05003,C05003,R004,D0454,P007,2024-12-19,2024-12-01,Lucknow,North,14,7773.08
S05004,C05004,R030,D0512,P001,2024-12-19,2024-12-01,Dehradun,North,11,8434.1
S05005,C05005,R055,D0768,P003,2024-12-10,2024-12-01,Mumbai,West,37,27013.99
S05006,C05006,R065,D0725,P001,2024-12-20,2024-12-01,Coimbatore,South,17,13095.51
S05007,C05007,R056,D0817,P007,2024-12-07,2024-12-01,Pune,West,26,15855.94
S05008,C05008,R014,D0078,P006,2024-12-24,2024-12-01,Chennai,South,20,10286.48
S05009,C05009,R024,D0713,P002,2024-12-03,2024-12-01,Siliguri,East,23,12685.36
S05010,C05010,R008,D0212,P007,2024-12-05,2024-12-01,Pune,West,21,12390.33
S05011,C05011,R038,D0487,P005,2024-12-22,2024-12-01,Chennai,South,30,14323.04
S05012,C05012,R028,D0454,P001,2024-12-02,2024-12-01,Lucknow,North,27,21490.44
S05013,C05013,R052,D0200,P002,2024-12-31,2024-12-01,Lucknow,North,20,9869.88
S05014,C05014,R070,D0042,P007,2024-12-01,2024-12-01,Guwahati,East,24,12777.65
S05015,C05015,R035,D0785,P003,2024-12-17,2024-12-01,Nagpur,West,34,21837.59
S05016,C05016,R043,D0772,P005,2024-12-31,2024-12-01,Kolkata,East,19,8210.86
S05017,C05017,R029,D0146,P008,2024-12-21,2024-12-01,Ludhiana,North,20,6498.98
S05018,C05018,R057,D0551,P003,2024-12-20,2024-12-01,Ahmedabad,West,25,16191.16
S05019,C05019,R015,D0114,P001,2024-12-22,2024-12-01,Hyderabad,South,32,25546.71
S05020,C05020,R025,D0552,P001,2024-12-22,2024-12-01,North Delhi,North,27,21568.82
S05021,C05021,R004,D0276,P008,2024-12-06,2024-12-01,Lucknow,North,29,8813.33
S05022,C05022,R021,D0558,P005,2024-12-10,2024-12-01,Patna,East,12,5419.46
S05023,C05023,R049,D0552,P003,2024-12-06,2024-12-01,North Delhi,North,25,16043.54
S05024,C05024,R057,D0406,P001,2024-12-07,2024-12-01,Ahmedabad,West,24,19593.34
S05025,C05025,R022,D0514,P006,2024-12-07,2024-12-01,Guwahati,East,22,11121.44
S05026,C05026,R044,D0509,P001,2024-12-20,2024-12-01,Bhubaneswar,East,17,14089.39
S05027,C05027,R066,D0020,P001,2024-12-29,2024-12-01,Vijayawada,South,36,29914.47
S05028,C05028,R023,D0498,P005,2024-12-18,2024-12-01,Ranchi,East,32,14620.23
S05029,C05029,R036,D0745,P006,2024-12-01,2024-12-01,Goa,West,38,18806.0
S05030,C05030,R041,D0470,P005,2024-12-22,2024-12-01,Coimbatore,South,14,6158.04
S05031,C05031,R041,D0130,P008,2024-12-17,2024-12-01,Coimbatore,South,25,8283.98
S05032,C05032,R037,D0015,P003,2024-12-25,2024-12-01,Bengaluru,South,28,18387.27
S05033,C05033,R005,D0241,P005,2024-12-12,2024-12-01,Ludhiana,North,31,13740.32
S05034,C05034,R069,D0669,P003,2024-12-14,2024-12-01,Patna,East,10,6896.04
S05035,C05035,R024,D0289,P003,2024-12-21,2024-12-01,Siliguri,East,17,11733.54
S05036,C05036,R028,D0783,P002,2024-12-22,2024-12-01,Lucknow,North,18,9259.04
S05037,C05037,R031,D0350,P007,2024-12-07,2024-12-01,Mumbai,West,26,16146.7
S05038,C05038,R022,D0351,P006,2024-12-19,2024-12-01,Guwahati,East,19,9975.23
S05039,C05039,R018,D0595,P006,2024-12-30,2024-12-01,Vijayawada,South,15,8300.85
S05040,C05040,R055,D0543,P002,2024-12-03,2024-12-01,Mumbai,West,29,15530.79
S05041,C05041,R040,D0065,P001,2024-12-11,2024-12-01,Kochi,South,20,15600.15
S05042,C05042,R035,D0079,P007,2024-12-17,2024-12-01,Nagpur,West,39,24576.31
S05043,C05043,R018,D0135,P006,2024-12-29,2024-12-01,Vijayawada,South,21,11389.52
S05044,C05044,R009,D0791,P001,2024-12-31,2024-12-01,Ahmedabad,West,31,24664.35
S05045,C05045,R018,D0020,P006,2024-12-19,2024-12-01,Vijayawada,South,35,18051.22
S05046,C05046,R071,D0039,P008,2024-12-17,2024-12-01,Ranchi,East,13,4043.25
S05047,C05047,R064,D0608,P007,2024-12-13,2024-12-01,Kochi,South,45,27005.82
S05048,C05048,R026,D0628,P003,2024-12-14,2024-12-01,Chandigarh,North,29,18997.42
S05049,C05049,R030,D0837,P003,2024-12-23,2024-12-01,Dehradun,North,19,12979.69
S05050,C05050,R045,D0206,P007,2024-12-17,2024-12-01,Patna,East,21,13097.43
S05051,C05051,R012,D0624,P004,2024-12-18,2024-12-01,Goa,West,32,27498.57
S05052,C05052,R005,D0120,P006,2024-12-27,2024-12-01,Ludhiana,North,27,14355.06
S05053,C05053,R013,D0416,P008,2024-12-05,2024-12-01,Bengaluru,South,17,5394.01
S05054,C05054,R032,D0171,P004,2024-12-30,2024-12-01,Pune,West,40,35324.39
S05055,C05055,R043,D0772,P005,2024-12-22,2024-12-01,Kolkata,East,26,12419.29
S05056,C05056,R039,D0332,P004,2024-12-19,2024-12-01,Hyderabad,South,17,15805.37
S05057,C05057,R043,D0175,P005,2024-12-18,2024-12-01,Kolkata,East,16,7487.29
S05058,C05058,R057,D0841,P001,2024-12-18,2024-12-01,Ahmedabad,West,15,12794.86
S05059,C05059,R030,D0060,P008,2024-12-18,2024-12-01,Dehradun,North,28,8120.1
S05060,C05060,R036,D0759,P005,2024-12-11,2024-12-01,Goa,West,18,8679.78
S05061,C05061,R002,D0375,P002,2024-12-23,2024-12-01,Chandigarh,North,20,10260.34
S05062,C05062,R002,D0664,P005,2024-12-08,2024-12-01,Chandigarh,North,21,9651.84
S05063,C05063,R016,D0331,P004,2024-12-21,2024-12-01,Kochi,South,17,15148.54
S05064,C05064,R010,D0724,P007,2024-12-17,2024-12-01,Surat,West,23,13995.23
S05065,C05065,R020,D0443,P007,2024-12-12,2024-12-01,Bhubaneswar,East,30,17474.13
S05066,C05066,R028,D0297,P004,2024-12-25,2024-12-01,Lucknow,North,29,24068.59
S05067,C05067,R067,D0399,P006,2024-12-10,2024-12-01,Kolkata,East,20,9223.8
S05068,C05068,R015,D0208,P001,2024-12-21,2024-12-01,Hyderabad,South,24,18533.5
S05069,C05069,R033,D0277,P008,2024-12-08,2024-12-01,Ahmedabad,West,30,9668.96
S05070,C05070,R033,D0123,P005,2024-12-07,2024-12-01,Ahmedabad,West,23,10898.98
S05071,C05071,R050,D0352,P006,2024-12-18,2024-12-01,Chandigarh,North,15,8097.53
S05072,C05072,R064,D0422,P006,2024-12-31,2024-12-01,Kochi,South,25,13291.2
S05073,C05073,R022,D0301,P003,2024-12-10,2024-12-01,Guwahati,East,13,9007.56
S05074,C05074,R061,D0839,P006,2024-12-04,2024-12-01,Bengaluru,South,33,15995.22
S05075,C05075,R003,D0088,P004,2024-12-04,2024-12-01,Jaipur,North,29,27246.15
S05076,C05076,R033,D0835,P006,2024-12-16,2024-12-01,Ahmedabad,West,28,14553.4
S05077,C05077,R003,D0716,P001,2024-12-25,2024-12-01,Jaipur,North,35,25538.37
S05078,C05078,R056,D0106,P002,2024-12-23,2024-12-01,Pune,West,35,19920.12
S05079,C05079,R041,D0561,P008,2024-12-07,2024-12-01,Coimbatore,South,19,5814.48
S05080,C05080,R020,D0315,P006,2024-12-26,2024-12-01,Bhubaneswar,East,20,9676.08
S05081,C05081,R007,D0023,P002,2024-12-06,2024-12-01,Mumbai,West,45,26184.72
S05082,C05082,R032,D0659,P002,2024-12-18,2024-12-01,Pune,West,25,13667.34
S05083,C05083,R044,D0193,P005,2024-12-27,2024-12-01,Bhubaneswar,East,17,7415.61
S05084,C05084,R042,D0229,P001,2024-12-26,2024-12-01,Vijayawada,South,30,22780.6
S05085,C05085,R009,D0121,P004,2024-12-22,2024-12-01,Ahmedabad,West,33,30935.96
S05086,C05086,R064,D0105,P003,2024-12-11,2024-12-01,Kochi,South,42,26067.25
S05087,C05087,R021,D0009,P002,2024-12-24,2024-12-01,Patna,East,13,6973.18
S05088,C05088,R048,D0620,P003,2024-12-12,2024-12-01,Siliguri,East,25,16389.48
S05089,C05089,R041,D0046,P003,2024-12-11,2024-12-01,Coimbatore,South,23,17252.55
S05090,C05090,R006,D0649,P001,2024-12-17,2024-12-01,Dehradun,North,21,15192.82
S05091,C05091,R053,D0137,P006,2024-12-20,2024-12-01,Ludhiana,North,27,12800.44
S05092,C05092,R008,D0705,P003,2024-12-07,2024-12-01,Pune,West,34,21812.72
S05093,C05093,R053,D0742,P001,2024-12-29,2024-12-01,Ludhiana,North,19,14351.6
S05094,C05094,R045,D0500,P001,2024-12-27,2024-12-01,Patna,East,13,10161.73
S05095,C05095,R070,D0654,P008,2024-12-09,2024-12-01,Guwahati,East,40,12503.23
S05096,C05096,R065,D0384,P001,2024-12-08,2024-12-01,Coimbatore,South,23,18706.65
S05097,C05097,R063,D0695,P008,2024-12-03,2024-12-01,Hyderabad,South,25,8038.3
S05098,C05098,R062,D0190,P002,2024-12-13,2024-12-01,Chennai,South,23,11825.33
S05099,C05099,R050,D0628,P001,2024-12-06,2024-12-01,Chandigarh,North,34,26215.45
S05100,C05100,R069,D0801,P005,2024-12-29,2024-12-01,Patna,East,28,12711.33
S05101,C05101,R055,D0651,P007,2024-12-28,2024-12-01,Mumbai,West,38,24515.49
S05102,C05102,R062,D0198,P001,2024-12-26,2024-12-01,Chennai,South,30,24422.78
S05103,C05103,R068,D0646,P003,2024-12-09,2024-12-01,Bhubaneswar,East,17,11625.51
S05104,C05104,R026,D0790,P007,2024-12-22,2024-12-01,Chandigarh,North,36,21172.08
S05105,C05105,R033,D0811,P001,2024-12-16,2024-12-01,Ahmedabad,West,39,30910.8
S05106,C05106,R001,D0666,P002,2024-12-09,2024-12-01,North Delhi,North,13,6619.25
S05107,C05107,R014,D0602,P003,2024-12-17,2024-12-01,Chennai,South,31,21137.68
S05108,C05108,R069,D0669,P007,2024-12-06,2024-12-01,Patna,East,18,11653.2
S05109,C05109,R064,D0592,P007,2024-12-30,2024-12-01,Kochi,South,38,20772.92
S05110,C05110,R049,D0094,P006,2024-12-06,2024-12-01,North Delhi,North,34,17275.78
S05111,C05111,R051,D0690,P006,2024-12-10,2024-12-01,Jaipur,North,26,13210.2
S05112,C05112,R037,D0087,P001,2024-12-07,2024-12-01,Bengaluru,South,10,8159.57
S05113,C05113,R015,D0415,P002,2024-12-17,2024-12-01,Hyderabad,South,38,19930.47
S05114,C05114,R023,D0284,P008,2024-12-21,2024-12-01,Ranchi,East,23,7143.41
S05115,C05115,R061,D0117,P006,2024-12-30,2024-12-01,Bengaluru,South,35,18009.52
S05116,C05116,R056,D0265,P002,2024-12-13,2024-12-01,Pune,West,38,21163.18
S05117,C05117,R055,D0144,P006,2024-12-07,2024-12-01,Mumbai,West,34,17535.35
S05118,C05118,R058,D0295,P006,2024-12-01,2024-12-01,Surat,West,29,15456.18
S05119,C05119,R011,D0397,P006,2024-12-19,2024-12-01,Nagpur,West,18,9505.34
S05120,C05120,R050,D0329,P008,2024-12-31,2024-12-01,Chandigarh,North,29,9049.35
S05121,C05121,R025,D0089,P005,2024-12-02,2024-12-01,North Delhi,North,30,13830.39
S05122,C05122,R016,D0529,P001,2024-12-31,2024-12-01,Kochi,South,18,14440.27
S05123,C05123,R018,D0100,P007,2024-12-09,2024-12-01,Vijayawada,South,20,11729.65
S05124,C05124,R063,D0764,P001,2024-12-29,2024-12-01,Hyderabad,South,51,38470.91
S05125,C05125,R036,D0047,P006,2024-12-03,2024-12-01,Goa,West,42,19880.69
S05126,C05126,R006,D0059,P007,2024-12-28,2024-12-01,Dehradun,North,40,25866.89
S05127,C05127,R025,D0259,P002,2024-12-11,2024-12-01,North Delhi,North,12,7189.72
S05128,C05128,R047,D0322,P007,2024-12-09,2024-12-01,Ranchi,East,36,21241.79
S05129,C05129,R028,D0783,P007,2024-12-07,2024-12-01,Lucknow,North,24,15078.44
S05130,C05130,R006,D0532,P006,2024-12-05,2024-12-01,Dehradun,North,23,12476.41
S05131,C05131,R028,D0286,P003,2024-12-25,2024-12-01,Lucknow,North,14,8711.79
S05132,C05132,R043,D0712,P002,2024-12-03,2024-12-01,Kolkata,East,16,8801.02
S05133,C05133,R015,D0183,P006,2024-12-15,2024-12-01,Hyderabad,South,42,22868.74
S05134,C05134,R064,D0746,P002,2024-12-30,2024-12-01,Kochi,South,36,19209.82
S05135,C05135,R008,D0419,P006,2024-12-13,2024-12-01,Pune,West,28,14243.65
S05136,C05136,R038,D0288,P002,2024-12-26,2024-12-01,Chennai,South,45,26015.35
S05137,C05137,R052,D0276,P003,2024-12-22,2024-12-01,Lucknow,North,37,23941.44
S05138,C05138,R034,D0016,P005,2024-12-25,2024-12-01,Surat,West,16,7160.64
S05139,C05139,R038,D0549,P002,2024-12-30,2024-12-01,Chennai,South,27,14469.66
S05140,C05140,R068,D0556,P007,2024-12-04,2024-12-01,Bhubaneswar,East,11,7332.65
S05141,C05141,R063,D0533,P006,2024-12-10,2024-12-01,Hyderabad,South,26,13813.42
S05142,C05142,R061,D0489,P001,2024-12-10,2024-12-01,Bengaluru,South,37,29692.98
S05143,C05143,R016,D0065,P007,2024-12-03,2024-12-01,Kochi,South,15,9409.29
S05144,C05144,R021,D0740,P006,2024-12-04,2024-12-01,Patna,East,44,21234.45
S05145,C05145,R063,D0387,P007,2024-12-04,2024-12-01,Hyderabad,South,17,10684.68
S05146,C05146,R045,D0518,P005,2024-12-30,2024-12-01,Patna,East,22,9929.72
S05147,C05147,R052,D0027,P006,2024-12-27,2024-12-01,Lucknow,North,18,9115.7
S05148,C05148,R071,D0583,P004,2024-12-19,2024-12-01,Ranchi,East,39,34377.96
S05149,C05149,R012,D0624,P002,2024-12-27,2024-12-01,Goa,West,19,10773.56
S05150,C05150,R044,D0355,P002,2024-12-11,2024-12-01,Bhubaneswar,East,27,15958.59
S05151,C05151,R054,D0812,P003,2024-12-15,2024-12-01,Dehradun,North,26,16430.38
S05152,C05152,R002,D0662,P003,2024-12-28,2024-12-01,Chandigarh,North,12,8369.85
S05153,C05153,R067,D0772,P007,2024-12-05,2024-12-01,Kolkata,East,21,12758.43
S05154,C05154,R072,D0612,P005,2024-12-05,2024-12-01,Siliguri,East,20,9596.39
S05155,C05155,R040,D0237,P004,2024-12-17,2024-12-01,Kochi,South,32,29055.31
S05156,C05156,R019,D0799,P006,2024-12-08,2024-12-01,Kolkata,East,19,9443.08
S05157,C05157,R056,D0623,P006,2024-12-21,2024-12-01,Pune,West,30,14898.54
S05158,C05158,R062,D0115,P008,2024-12-20,2024-12-01,Chennai,South,23,7320.63
S05159,C05159,R045,D0669,P003,2024-12-11,2024-12-01,Patna,East,9,6078.68
S05160,C05160,R034,D0295,P002,2024-12-04,2024-12-01,Surat,West,32,17803.08
S05161,C05161,R048,D0620,P001,2024-12-03,2024-12-01,Siliguri,East,34,30604.08
S05162,C05162,R042,D0100,P002,2024-12-14,2024-12-01,Vijayawada,South,21,11712.4
S05163,C05163,R027,D0192,P005,2024-12-10,2024-12-01,Jaipur,North,33,14280.77
S05164,C05164,R048,D0305,P007,2024-12-02,2024-12-01,Siliguri,East,14,9125.79
S05165,C05165,R044,D0443,P005,2024-12-22,2024-12-01,Bhubaneswar,East,18,8574.32
S05166,C05166,R001,D0573,P008,2024-12-30,2024-12-01,North Delhi,North,19,6065.65
S05167,C05167,R049,D0157,P006,2024-12-31,2024-12-01,North Delhi,North,22,10663.31
S05168,C05168,R014,D0597,P008,2024-12-04,2024-12-01,Chennai,South,15,4761.0
S05169,C05169,R063,D0004,P003,2024-12-06,2024-12-01,Hyderabad,South,19,13347.17
S05170,C05170,R028,D0278,P003,2024-12-14,2024-12-01,Lucknow,North,28,19048.66
S05171,C05171,R058,D0484,P007,2024-12-29,2024-12-01,Surat,West,19,12444.17
S05172,C05172,R007,D0343,P006,2024-12-18,2024-12-01,Mumbai,West,22,12017.13
S05173,C05173,R007,D0456,P004,2024-12-15,2024-12-01,Mumbai,West,20,18087.23
S05174,C05174,R060,D0539,P008,2024-12-29,2024-12-01,Goa,West,26,7058.4
S05175,C05175,R009,D0214,P007,2024-12-21,2024-12-01,Ahmedabad,West,35,20510.87
S05176,C05176,R061,D0827,P003,2024-12-31,2024-12-01,Bengaluru,South,34,20840.72
S05177,C05177,R039,D0764,P005,2024-12-27,2024-12-01,Hyderabad,South,39,19315.63
S05178,C05178,R067,D0797,P004,2024-12-31,2024-12-01,Kolkata,East,12,11016.52
S05179,C05179,R058,D0353,P004,2024-12-18,2024-12-01,Surat,West,22,19481.13
S05180,C05180,R001,D0294,P007,2024-12-12,2024-12-01,North Delhi,North,14,8366.52
S05181,C05181,R014,D0786,P006,2024-12-02,2024-12-01,Chennai,South,21,11351.72
S05182,C05182,R047,D0578,P001,2024-12-23,2024-12-01,Ranchi,East,18,13489.09
S05183,C05183,R039,D0695,P005,2024-12-09,2024-12-01,Hyderabad,South,13,5628.07
S05184,C05184,R054,D0167,P006,2024-12-01,2024-12-01,Dehradun,North,17,8122.45
S05185,C05185,R051,D0716,P005,2025-01-25,2025-01-01,Jaipur,North,19,8836.43
S05186,C05186,R056,D0480,P003,2025-01-14,2025-01-01,Pune,West,12,7641.8
S05187,C05187,R029,D0720,P006,2025-01-18,2025-01-01,Ludhiana,North,15,8074.3
S05188,C05188,R042,D0645,P008,2025-01-25,2025-01-01,Vijayawada,South,22,7073.35
S05189,C05189,R061,D0036,P001,2025-01-11,2025-01-01,Bengaluru,South,15,10941.24
S05190,C05190,R008,D0170,P005,2025-01-26,2025-01-01,Pune,West,13,5936.02
S05191,C05191,R052,D0045,P008,2025-01-19,2025-01-01,Lucknow,North,18,5504.57
S05192,C05192,R072,D0520,P004,2025-01-18,2025-01-01,Siliguri,East,9,7993.38
S05193,C05193,R011,D0770,P003,2025-01-09,2025-01-01,Nagpur,West,21,14671.34
S05194,C05194,R029,D0013,P002,2025-01-25,2025-01-01,Ludhiana,North,14,7530.89
S05195,C05195,R048,D0097,P002,2025-01-08,2025-01-01,Siliguri,East,29,15195.85
S05196,C05196,R017,D0470,P004,2025-01-20,2025-01-01,Coimbatore,South,8,7303.8
S05197,C05197,R026,D0326,P007,2025-01-26,2025-01-01,Chandigarh,North,19,11383.58
S05198,C05198,R043,D0041,P002,2025-01-04,2025-01-01,Kolkata,East,11,6119.39
S05199,C05199,R045,D0499,P002,2025-01-13,2025-01-01,Patna,East,13,7159.04
S05200,C05200,R025,D0792,P008,2025-01-22,2025-01-01,North Delhi,North,13,3954.81
S05201,C05201,R049,D0133,P008,2025-01-09,2025-01-01,North Delhi,North,25,7501.42
S05202,C05202,R063,D0004,P002,2025-01-01,2025-01-01,Hyderabad,South,20,10635.42
S05203,C05203,R068,D0315,P004,2025-01-13,2025-01-01,Bhubaneswar,East,15,13667.06
S05204,C05204,R068,D0314,P004,2025-01-16,2025-01-01,Bhubaneswar,East,18,17456.82
S05205,C05205,R026,D0333,P003,2025-01-29,2025-01-01,Chandigarh,North,19,11868.8
S05206,C05206,R055,D0154,P002,2025-01-26,2025-01-01,Mumbai,West,14,7201.17
S05207,C05207,R006,D0338,P001,2025-01-06,2025-01-01,Dehradun,North,18,14763.2
S05208,C05208,R056,D0171,P005,2025-01-09,2025-01-01,Pune,West,21,9777.25
S05209,C05209,R047,D0519,P001,2025-01-06,2025-01-01,Ranchi,East,10,7748.77
S05210,C05210,R025,D0440,P005,2025-01-29,2025-01-01,North Delhi,North,29,13819.64
S05211,C05211,R045,D0009,P001,2025-01-11,2025-01-01,Patna,East,12,9962.59
S05212,C05212,R020,D0086,P002,2025-01-28,2025-01-01,Bhubaneswar,East,17,9677.43
S05213,C05213,R007,D0461,P001,2025-01-02,2025-01-01,Mumbai,West,18,13579.01
S05214,C05214,R066,D0414,P004,2025-01-18,2025-01-01,Vijayawada,South,32,29170.16
S05215,C05215,R047,D0116,P003,2025-01-03,2025-01-01,Ranchi,East,24,16771.76
S05216,C05216,R004,D0278,P003,2025-01-18,2025-01-01,Lucknow,North,19,12387.17
S05217,C05217,R025,D0573,P003,2025-01-01,2025-01-01,North Delhi,North,18,12129.19
S05218,C05218,R062,D0412,P008,2025-01-05,2025-01-01,Chennai,South,23,7161.14
S05219,C05219,R020,D0193,P004,2025-01-05,2025-01-01,Bhubaneswar,East,16,13594.45
S05220,C05220,R024,D0312,P007,2025-01-22,2025-01-01,Siliguri,East,15,9361.1
S05221,C05221,R072,D0147,P002,2025-01-20,2025-01-01,Siliguri,East,20,11324.39
S05222,C05222,R022,D0802,P004,2025-01-18,2025-01-01,Guwahati,East,13,12039.78
S05223,C05223,R050,D0723,P001,2025-01-07,2025-01-01,Chandigarh,North,31,22623.03
S05224,C05224,R030,D0254,P003,2025-01-09,2025-01-01,Dehradun,North,18,12690.05
S05225,C05225,R001,D0157,P001,2025-01-12,2025-01-01,North Delhi,North,12,9656.5
S05226,C05226,R023,D0101,P001,2025-01-31,2025-01-01,Ranchi,East,23,18999.45
S05227,C05227,R045,D0558,P002,2025-01-22,2025-01-01,Patna,East,18,9295.21
S05228,C05228,R041,D0725,P002,2025-01-01,2025-01-01,Coimbatore,South,17,9592.58
S05229,C05229,R068,D0330,P003,2025-01-01,2025-01-01,Bhubaneswar,East,18,12295.0
S05230,C05230,R030,D0591,P006,2025-01-11,2025-01-01,Dehradun,North,11,5272.06
S05231,C05231,R039,D0183,P002,2025-01-07,2025-01-01,Hyderabad,South,25,13839.36
S05232,C05232,R071,D0763,P005,2025-01-13,2025-01-01,Ranchi,East,28,12256.62
S05233,C05233,R036,D0268,P003,2025-01-31,2025-01-01,Goa,West,16,10601.81
S05234,C05234,R057,D0121,P004,2025-01-07,2025-01-01,Ahmedabad,West,16,15936.24
S05235,C05235,R037,D0701,P008,2025-01-19,2025-01-01,Bengaluru,South,21,6839.06
S05236,C05236,R028,D0781,P004,2025-01-15,2025-01-01,Lucknow,North,24,21307.82
S05237,C05237,R010,D0238,P003,2025-01-21,2025-01-01,Surat,West,24,14715.95
S05238,C05238,R032,D0705,P002,2025-01-17,2025-01-01,Pune,West,47,25830.78
S05239,C05239,R067,D0172,P002,2025-01-16,2025-01-01,Kolkata,East,12,6452.09
S05240,C05240,R071,D0224,P007,2025-01-09,2025-01-01,Ranchi,East,15,8260.37
S05241,C05241,R006,D0544,P006,2025-01-30,2025-01-01,Dehradun,North,17,8225.64
S05242,C05242,R031,D0543,P003,2025-01-09,2025-01-01,Mumbai,West,20,13831.19
S05243,C05243,R060,D0318,P004,2025-01-05,2025-01-01,Goa,West,19,18057.79
S05244,C05244,R035,D0687,P005,2025-01-03,2025-01-01,Nagpur,West,22,10190.91
S05245,C05245,R019,D0698,P001,2025-01-03,2025-01-01,Kolkata,East,13,10686.38
S05246,C05246,R027,D0138,P008,2025-01-11,2025-01-01,Jaipur,North,17,5467.35
S05247,C05247,R072,D0738,P007,2025-01-26,2025-01-01,Siliguri,East,23,13546.69
S05248,C05248,R008,D0188,P005,2025-01-05,2025-01-01,Pune,West,13,6658.22
S05249,C05249,R050,D0375,P006,2025-01-01,2025-01-01,Chandigarh,North,17,8087.07
S05250,C05250,R031,D0456,P001,2025-01-17,2025-01-01,Mumbai,West,18,14384.47
S05251,C05251,R028,D0313,P008,2025-01-18,2025-01-01,Lucknow,North,17,5281.34
S05252,C05252,R017,D0083,P006,2025-01-18,2025-01-01,Coimbatore,South,11,5570.49
S05253,C05253,R058,D0225,P008,2025-01-01,2025-01-01,Surat,West,29,10048.58
S05254,C05254,R013,D0019,P007,2025-01-07,2025-01-01,Bengaluru,South,35,21469.97
S05255,C05255,R053,D0833,P005,2025-01-11,2025-01-01,Ludhiana,North,17,7719.84
S05256,C05256,R040,D0105,P003,2025-01-23,2025-01-01,Kochi,South,19,12239.88
S05257,C05257,R070,D0411,P006,2025-01-21,2025-01-01,Guwahati,East,16,8416.84
S05258,C05258,R057,D0207,P005,2025-01-26,2025-01-01,Ahmedabad,West,25,10994.38
S05259,C05259,R019,D0125,P004,2025-01-17,2025-01-01,Kolkata,East,17,15252.5
S05260,C05260,R043,D0345,P006,2025-01-13,2025-01-01,Kolkata,East,15,7624.31
S05261,C05261,R052,D0783,P008,2025-01-18,2025-01-01,Lucknow,North,18,5554.0
S05262,C05262,R032,D0442,P002,2025-01-12,2025-01-01,Pune,West,32,16100.87
S05263,C05263,R038,D0776,P005,2025-01-05,2025-01-01,Chennai,South,26,12020.7
S05264,C05264,R034,D0641,P007,2025-01-18,2025-01-01,Surat,West,21,12614.62
S05265,C05265,R022,D0392,P003,2025-01-10,2025-01-01,Guwahati,East,14,9374.47
S05266,C05266,R036,D0806,P003,2025-01-09,2025-01-01,Goa,West,26,15357.46
S05267,C05267,R009,D0287,P001,2025-01-23,2025-01-01,Ahmedabad,West,19,14529.65
S05268,C05268,R047,D0378,P003,2025-01-03,2025-01-01,Ranchi,East,28,19330.09
S05269,C05269,R066,D0475,P005,2025-01-01,2025-01-01,Vijayawada,South,20,8472.24
S05270,C05270,R027,D0594,P008,2025-01-12,2025-01-01,Jaipur,North,21,7372.39
S05271,C05271,R036,D0766,P005,2025-01-19,2025-01-01,Goa,West,30,14096.51
S05272,C05272,R069,D0085,P003,2025-01-27,2025-01-01,Patna,East,13,8547.67
S05273,C05273,R002,D0352,P007,2025-01-17,2025-01-01,Chandigarh,North,11,6768.29
S05274,C05274,R028,D0458,P002,2025-01-09,2025-01-01,Lucknow,North,28,14525.06
S05275,C05275,R056,D0366,P002,2025-01-11,2025-01-01,Pune,West,10,5800.89
S05276,C05276,R066,D0675,P005,2025-01-12,2025-01-01,Vijayawada,South,10,4656.13
S05277,C05277,R001,D0259,P007,2025-01-11,2025-01-01,North Delhi,North,13,7982.13
S05278,C05278,R015,D0208,P002,2025-01-21,2025-01-01,Hyderabad,South,13,7394.88
S05279,C05279,R030,D0256,P001,2025-01-25,2025-01-01,Dehradun,North,10,7976.52
S05280,C05280,R062,D0549,P006,2025-01-22,2025-01-01,Chennai,South,22,10875.28
S05281,C05281,R054,D0136,P005,2025-01-12,2025-01-01,Dehradun,North,10,4607.25
S05282,C05282,R011,D0153,P006,2025-01-09,2025-01-01,Nagpur,West,21,11048.81
S05283,C05283,R060,D0745,P004,2025-01-03,2025-01-01,Goa,West,41,36715.55
S05284,C05284,R064,D0237,P001,2025-01-25,2025-01-01,Kochi,South,13,9489.9
S05285,C05285,R045,D0056,P003,2025-01-30,2025-01-01,Patna,East,11,7791.64
S05286,C05286,R052,D0245,P004,2025-01-02,2025-01-01,Lucknow,North,16,14399.95
S05287,C05287,R033,D0324,P004,2025-01-05,2025-01-01,Ahmedabad,West,32,28008.3
S05288,C05288,R068,D0086,P008,2025-01-07,2025-01-01,Bhubaneswar,East,21,6960.06
S05289,C05289,R028,D0658,P002,2025-01-25,2025-01-01,Lucknow,North,21,11095.8
S05290,C05290,R071,D0077,P003,2025-01-07,2025-01-01,Ranchi,East,16,9784.51
S05291,C05291,R046,D0351,P002,2025-01-01,2025-01-01,Guwahati,East,17,9206.7
S05292,C05292,R026,D0201,P005,2025-01-11,2025-01-01,Chandigarh,North,12,5721.87
S05293,C05293,R043,D0218,P007,2025-01-12,2025-01-01,Kolkata,East,10,6036.23
S05294,C05294,R055,D0023,P008,2025-01-13,2025-01-01,Mumbai,West,30,9518.22
S05295,C05295,R053,D0828,P002,2025-01-16,2025-01-01,Ludhiana,North,28,15025.14
S05296,C05296,R041,D0788,P004,2025-01-08,2025-01-01,Coimbatore,South,24,21314.34
S05297,C05297,R044,D0193,P006,2025-01-01,2025-01-01,Bhubaneswar,East,22,11335.95
S05298,C05298,R044,D0315,P001,2025-01-04,2025-01-01,Bhubaneswar,East,18,14641.94
S05299,C05299,R054,D0794,P006,2025-01-23,2025-01-01,Dehradun,North,21,11136.09
S05300,C05300,R060,D0361,P002,2025-01-21,2025-01-01,Goa,West,12,7157.7
S05301,C05301,R057,D0061,P001,2025-01-09,2025-01-01,Ahmedabad,West,14,11904.42
S05302,C05302,R018,D0092,P001,2025-01-30,2025-01-01,Vijayawada,South,25,18717.86
S05303,C05303,R045,D0293,P008,2025-01-17,2025-01-01,Patna,East,10,3172.81
S05304,C05304,R064,D0478,P006,2025-01-25,2025-01-01,Kochi,South,20,10597.78
S05305,C05305,R058,D0426,P007,2025-01-25,2025-01-01,Surat,West,28,15599.38
S05306,C05306,R016,D0105,P006,2025-01-10,2025-01-01,Kochi,South,26,13506.73
S05307,C05307,R065,D0434,P007,2025-01-19,2025-01-01,Coimbatore,South,33,19325.98
S05308,C05308,R023,D0224,P004,2025-01-19,2025-01-01,Ranchi,East,17,15132.95
S05309,C05309,R007,D0476,P007,2025-01-15,2025-01-01,Mumbai,West,25,15302.57
S05310,C05310,R004,D0278,P001,2025-01-20,2025-01-01,Lucknow,North,21,14977.04
S05311,C05311,R071,D0134,P005,2025-01-11,2025-01-01,Ranchi,East,13,6720.06
S05312,C05312,R033,D0765,P007,2025-01-04,2025-01-01,Ahmedabad,West,17,10119.18
S05313,C05313,R021,D0455,P008,2025-01-02,2025-01-01,Patna,East,16,5502.69
S05314,C05314,R012,D0376,P003,2025-01-14,2025-01-01,Goa,West,17,10334.59
S05315,C05315,R029,D0120,P002,2025-01-29,2025-01-01,Ludhiana,North,23,12047.66
S05316,C05316,R005,D0052,P006,2025-01-07,2025-01-01,Ludhiana,North,16,8502.08
S05317,C05317,R046,D0650,P001,2025-01-19,2025-01-01,Guwahati,East,22,16986.91
S05318,C05318,R002,D0838,P007,2025-01-06,2025-01-01,Chandigarh,North,23,14618.53
S05319,C05319,R059,D0530,P006,2025-01-20,2025-01-01,Nagpur,West,27,14233.61
S05320,C05320,R057,D0049,P006,2025-01-06,2025-01-01,Ahmedabad,West,9,4408.45
S05321,C05321,R056,D0442,P003,2025-01-14,2025-01-01,Pune,West,24,16839.76
S05322,C05322,R024,D0180,P001,2025-01-26,2025-01-01,Siliguri,East,22,17685.54
S05323,C05323,R003,D0071,P005,2025-01-12,2025-01-01,Jaipur,North,23,9833.93
S05324,C05324,R022,D0082,P003,2025-01-29,2025-01-01,Guwahati,East,8,5316.69
S05325,C05325,R015,D0377,P004,2025-01-02,2025-01-01,Hyderabad,South,44,40504.96
S05326,C05326,R012,D0361,P002,2025-01-03,2025-01-01,Goa,West,17,9149.72
S05327,C05327,R067,D0471,P003,2025-01-06,2025-01-01,Kolkata,East,38,25183.16
S05328,C05328,R048,D0523,P007,2025-01-08,2025-01-01,Siliguri,East,25,15646.45
S05329,C05329,R001,D0219,P008,2025-01-14,2025-01-01,North Delhi,North,13,3827.0
S05330,C05330,R020,D0330,P003,2025-01-29,2025-01-01,Bhubaneswar,East,7,4581.39
S05331,C05331,R004,D0458,P002,2025-01-08,2025-01-01,Lucknow,North,31,16454.53
S05332,C05332,R043,D0140,P001,2025-01-12,2025-01-01,Kolkata,East,11,8918.45
S05333,C05333,R058,D0068,P002,2025-01-02,2025-01-01,Surat,West,23,12090.52
S05334,C05334,R056,D0659,P001,2025-01-23,2025-01-01,Pune,West,18,15430.41
S05335,C05335,R020,D0315,P006,2025-01-17,2025-01-01,Bhubaneswar,East,13,6446.38
S05336,C05336,R031,D0154,P006,2025-01-02,2025-01-01,Mumbai,West,22,10605.79
S05337,C05337,R018,D0522,P007,2025-01-15,2025-01-01,Vijayawada,South,20,12967.97
S05338,C05338,R021,D0448,P003,2025-01-07,2025-01-01,Patna,East,16,10890.36
S05339,C05339,R012,D0145,P007,2025-01-14,2025-01-01,Goa,West,16,9961.14
S05340,C05340,R051,D0714,P002,2025-01-09,2025-01-01,Jaipur,North,25,13353.32
S05341,C05341,R041,D0323,P002,2025-01-25,2025-01-01,Coimbatore,South,15,7966.95
S05342,C05342,R006,D0603,P008,2025-01-02,2025-01-01,Dehradun,North,20,6554.58
S05343,C05343,R006,D0603,P008,2025-01-19,2025-01-01,Dehradun,North,23,7159.84
S05344,C05344,R024,D0612,P005,2025-01-25,2025-01-01,Siliguri,East,38,19055.96
S05345,C05345,R017,D0606,P005,2025-01-01,2025-01-01,Coimbatore,South,12,5592.12
S05346,C05346,R040,D0581,P006,2025-01-29,2025-01-01,Kochi,South,12,6044.24
S05347,C05347,R023,D0039,P007,2025-01-24,2025-01-01,Ranchi,East,13,7775.06
S05348,C05348,R008,D0784,P002,2025-01-09,2025-01-01,Pune,West,22,11170.34
S05349,C05349,R038,D0109,P001,2025-01-15,2025-01-01,Chennai,South,25,20211.47
S05350,C05350,R017,D0323,P002,2025-01-22,2025-01-01,Coimbatore,South,7,3634.84
S05351,C05351,R001,D0388,P003,2025-01-17,2025-01-01,North Delhi,North,15,9836.22
S05352,C05352,R021,D0215,P002,2025-01-24,2025-01-01,Patna,East,12,7305.37
S05353,C05353,R013,D0416,P005,2025-01-28,2025-01-01,Bengaluru,South,12,5022.19
S05354,C05354,R032,D0129,P002,2025-01-12,2025-01-01,Pune,West,23,12358.31
S05355,C05355,R008,D0439,P005,2025-01-04,2025-01-01,Pune,West,22,9427.56
S05356,C05356,R054,D0256,P006,2025-01-14,2025-01-01,Dehradun,North,8,3970.4
S05357,C05357,R036,D0589,P001,2025-01-19,2025-01-01,Goa,West,30,23233.44
S05358,C05358,R002,D0375,P003,2025-01-25,2025-01-01,Chandigarh,North,13,8020.72
S05359,C05359,R048,D0580,P005,2025-01-09,2025-01-01,Siliguri,East,14,6571.74
S05360,C05360,R023,D0116,P001,2025-01-29,2025-01-01,Ranchi,East,43,36002.54
S05361,C05361,R032,D0817,P006,2025-01-02,2025-01-01,Pune,West,18,9332.78
S05362,C05362,R067,D0345,P007,2025-01-18,2025-01-01,Kolkata,East,18,11441.3
S05363,C05363,R030,D0256,P003,2025-01-14,2025-01-01,Dehradun,North,14,9990.4
S05364,C05364,R027,D0564,P001,2025-01-22,2025-01-01,Jaipur,North,16,12858.86
S05365,C05365,R050,D0156,P005,2025-01-09,2025-01-01,Chandigarh,North,19,7710.64
S05366,C05366,R040,D0709,P007,2025-01-29,2025-01-01,Kochi,South,29,17848.4
S05367,C05367,R032,D0265,P003,2025-01-01,2025-01-01,Pune,West,19,10971.02
S05368,C05368,R022,D0802,P007,2025-01-26,2025-01-01,Guwahati,East,17,9995.47
S05369,C05369,R009,D0132,P007,2025-01-16,2025-01-01,Ahmedabad,West,25,14107.04
S05370,C05370,R038,D0752,P003,2025-01-16,2025-01-01,Chennai,South,31,20739.19
S05371,C05371,R061,D0270,P005,2025-01-10,2025-01-01,Bengaluru,South,23,10105.34
S05372,C05372,R031,D0543,P001,2025-01-13,2025-01-01,Mumbai,West,28,22168.02
S05373,C05373,R070,D0736,P005,2025-01-14,2025-01-01,Guwahati,East,13,6213.59
S05374,C05374,R044,D0273,P008,2025-01-10,2025-01-01,Bhubaneswar,East,14,4265.34
S05375,C05375,R066,D0249,P008,2025-01-01,2025-01-01,Vijayawada,South,21,6804.42
S05376,C05376,R053,D0828,P002,2025-01-13,2025-01-01,Ludhiana,North,10,4692.88
S05377,C05377,R039,D0114,P006,2025-01-13,2025-01-01,Hyderabad,South,23,10854.62
S05378,C05378,R029,D0090,P001,2025-01-23,2025-01-01,Ludhiana,North,12,9953.24
S05379,C05379,R016,D0438,P003,2025-01-15,2025-01-01,Kochi,South,20,12617.89
S05380,C05380,R049,D0002,P007,2025-01-18,2025-01-01,North Delhi,North,28,16631.55
S05381,C05381,R009,D0841,P006,2025-01-15,2025-01-01,Ahmedabad,West,15,7337.19
S05382,C05382,R005,D0824,P004,2025-01-14,2025-01-01,Ludhiana,North,24,19508.91
S05383,C05383,R062,D0115,P008,2025-01-23,2025-01-01,Chennai,South,15,4551.86
S05384,C05384,R053,D0146,P007,2025-01-21,2025-01-01,Ludhiana,North,34,20734.0
S05385,C05385,R059,D0668,P001,2025-01-31,2025-01-01,Nagpur,West,17,13004.56
S05386,C05386,R069,D0386,P001,2025-01-16,2025-01-01,Patna,East,12,9862.29
S05387,C05387,R019,D0702,P006,2025-01-01,2025-01-01,Kolkata,East,18,8896.08
S05388,C05388,R016,D0798,P008,2025-01-19,2025-01-01,Kochi,South,24,7675.38
S05389,C05389,R003,D0281,P002,2025-01-13,2025-01-01,Jaipur,North,20,10506.23
S05390,C05390,R005,D0233,P005,2025-01-03,2025-01-01,Ludhiana,North,19,9148.14
S05391,C05391,R017,D0505,P007,2025-01-27,2025-01-01,Coimbatore,South,23,13024.68
S05392,C05392,R009,D0554,P007,2025-01-20,2025-01-01,Ahmedabad,West,8,4996.56
S05393,C05393,R068,D0443,P006,2025-01-20,2025-01-01,Bhubaneswar,East,18,9365.86
S05394,C05394,R045,D0234,P008,2025-01-20,2025-01-01,Patna,East,26,7978.34
S05395,C05395,R049,D0219,P008,2025-01-31,2025-01-01,North Delhi,North,23,7323.45
S05396,C05396,R012,D0427,P007,2025-01-22,2025-01-01,Goa,West,15,9327.03
S05397,C05397,R055,D0456,P006,2025-01-23,2025-01-01,Mumbai,West,24,11816.63
S05398,C05398,R051,D0383,P008,2025-01-24,2025-01-01,Jaipur,North,17,5246.15
S05399,C05399,R015,D0108,P001,2025-01-23,2025-01-01,Hyderabad,South,22,16104.89
S05400,C05400,R015,D0767,P001,2025-01-22,2025-01-01,Hyderabad,South,24,20612.92
S05401,C05401,R020,D0638,P005,2025-01-03,2025-01-01,Bhubaneswar,East,14,6289.65
S05402,C05402,R053,D0824,P006,2025-01-13,2025-01-01,Ludhiana,North,21,10053.47
S05403,C05403,R037,D0686,P008,2025-01-09,2025-01-01,Bengaluru,South,18,5250.79
S05404,C05404,R036,D0539,P006,2025-01-28,2025-01-01,Goa,West,20,9790.58
S05405,C05405,R060,D0268,P002,2025-01-19,2025-01-01,Goa,West,16,8755.31
S05406,C05406,R029,D0625,P008,2025-01-16,2025-01-01,Ludhiana,North,31,9793.29
S05407,C05407,R041,D0491,P001,2025-01-17,2025-01-01,Coimbatore,South,29,23016.55
S05408,C05408,R048,D0726,P001,2025-01-22,2025-01-01,Siliguri,East,16,12926.34
S05409,C05409,R006,D0189,P006,2025-01-24,2025-01-01,Dehradun,North,26,13159.94
S05410,C05410,R048,D0026,P008,2025-01-07,2025-01-01,Siliguri,East,17,5405.31
S05411,C05411,R014,D0109,P005,2025-01-31,2025-01-01,Chennai,South,33,16368.38
S05412,C05412,R056,D0188,P002,2025-01-24,2025-01-01,Pune,West,15,8398.34
S05413,C05413,R059,D0574,P001,2025-01-07,2025-01-01,Nagpur,West,20,15899.91
S05414,C05414,R069,D0084,P008,2025-01-19,2025-01-01,Patna,East,19,5975.7
S05415,C05415,R009,D0123,P003,2025-01-14,2025-01-01,Ahmedabad,West,18,12281.21
S05416,C05416,R016,D0372,P006,2025-01-12,2025-01-01,Kochi,South,10,5189.84
S05417,C05417,R040,D0608,P003,2025-01-27,2025-01-01,Kochi,South,26,17429.97
S05418,C05418,R063,D0332,P002,2025-01-09,2025-01-01,Hyderabad,South,16,8949.84
S05419,C05419,R015,D0196,P006,2025-01-26,2025-01-01,Hyderabad,South,35,18141.02
S05420,C05420,R028,D0258,P006,2025-01-20,2025-01-01,Lucknow,North,17,8011.41
S05421,C05421,R007,D0696,P004,2025-01-26,2025-01-01,Mumbai,West,13,11601.63
S05422,C05422,R013,D0272,P005,2025-01-24,2025-01-01,Bengaluru,South,21,9121.43
S05423,C05423,R049,D0299,P004,2025-01-20,2025-01-01,North Delhi,North,20,18363.63
S05424,C05424,R049,D0672,P005,2025-01-06,2025-01-01,North Delhi,North,16,6782.81
S05425,C05425,R072,D0312,P007,2025-01-31,2025-01-01,Siliguri,East,5,3045.26
S05426,C05426,R036,D0304,P006,2025-01-20,2025-01-01,Goa,West,16,8183.6
S05427,C05427,R042,D0595,P003,2025-01-12,2025-01-01,Vijayawada,South,12,7465.8
S05428,C05428,R070,D0243,P002,2025-01-08,2025-01-01,Guwahati,East,11,5915.92
S05429,C05429,R010,D0362,P006,2025-01-04,2025-01-01,Surat,West,20,10591.54
S05430,C05430,R033,D0629,P006,2025-01-10,2025-01-01,Ahmedabad,West,20,9916.1
S05431,C05431,R014,D0115,P003,2025-01-05,2025-01-01,Chennai,South,13,8704.2
S05432,C05432,R003,D0138,P007,2025-01-28,2025-01-01,Jaipur,North,18,11258.69
S05433,C05433,R042,D0675,P004,2025-01-14,2025-01-01,Vijayawada,South,20,16850.02
S05434,C05434,R028,D0276,P003,2025-01-20,2025-01-01,Lucknow,North,34,22486.36
S05435,C05435,R001,D0294,P005,2025-01-25,2025-01-01,North Delhi,North,23,10468.46
S05436,C05436,R047,D0498,P002,2025-01-30,2025-01-01,Ranchi,East,29,15648.38
S05437,C05437,R037,D0036,P006,2025-01-15,2025-01-01,Bengaluru,South,19,8912.82
S05438,C05438,R048,D0050,P008,2025-01-02,2025-01-01,Siliguri,East,22,6544.61
S05439,C05439,R035,D0397,P008,2025-01-19,2025-01-01,Nagpur,West,30,10185.63
S05440,C05440,R011,D0826,P004,2025-01-30,2025-01-01,Nagpur,West,28,25862.34
S05441,C05441,R011,D0530,P003,2025-01-12,2025-01-01,Nagpur,West,33,22019.69
S05442,C05442,R018,D0414,P004,2025-01-04,2025-01-01,Vijayawada,South,30,27903.68
S05443,C05443,R014,D0487,P001,2025-01-23,2025-01-01,Chennai,South,29,21120.41
S05444,C05444,R006,D0744,P006,2025-01-20,2025-01-01,Dehradun,North,31,15630.57
S05445,C05445,R065,D0630,P004,2025-01-05,2025-01-01,Coimbatore,South,10,8757.14
S05446,C05446,R046,D0042,P001,2025-01-01,2025-01-01,Guwahati,East,10,7499.63
S05447,C05447,R026,D0479,P005,2025-01-17,2025-01-01,Chandigarh,North,33,14319.53
S05448,C05448,R044,D0546,P006,2025-01-05,2025-01-01,Bhubaneswar,East,11,5979.19
S05449,C05449,R064,D0309,P002,2025-01-06,2025-01-01,Kochi,South,17,8891.12
S05450,C05450,R066,D0758,P004,2025-01-10,2025-01-01,Vijayawada,South,20,18201.07
S05451,C05451,R042,D0211,P008,2025-01-15,2025-01-01,Vijayawada,South,10,3253.16
S05452,C05452,R010,D0692,P006,2025-01-26,2025-01-01,Surat,West,30,16099.75
S05453,C05453,R007,D0144,P007,2025-01-14,2025-01-01,Mumbai,West,26,16442.2
S05454,C05454,R021,D0499,P004,2025-01-26,2025-01-01,Patna,East,11,9639.46
S05455,C05455,R070,D0590,P004,2025-01-19,2025-01-01,Guwahati,East,18,15006.67
S05456,C05456,R037,D0341,P004,2025-01-13,2025-01-01,Bengaluru,South,22,20453.6
S05457,C05457,R008,D0171,P004,2025-01-16,2025-01-01,Pune,West,22,20776.26
S05458,C05458,R004,D0128,P002,2025-01-05,2025-01-01,Lucknow,North,17,10310.59
S05459,C05459,R043,D0524,P001,2025-01-31,2025-01-01,Kolkata,East,9,7363.28
S05460,C05460,R005,D0800,P007,2025-01-10,2025-01-01,Ludhiana,North,23,13581.87
S05461,C05461,R018,D0414,P005,2025-01-28,2025-01-01,Vijayawada,South,30,13448.81
S05462,C05462,R021,D0056,P005,2025-01-20,2025-01-01,Patna,East,13,5359.16
S05463,C05463,R057,D0717,P005,2025-01-10,2025-01-01,Ahmedabad,West,16,7061.29
S05464,C05464,R051,D0383,P004,2025-01-16,2025-01-01,Jaipur,North,22,18337.79
S05465,C05465,R034,D0068,P008,2025-01-04,2025-01-01,Surat,West,20,6588.18
S05466,C05466,R025,D0299,P004,2025-01-20,2025-01-01,North Delhi,North,31,28910.91
S05467,C05467,R005,D0148,P005,2025-01-03,2025-01-01,Ludhiana,North,22,11262.63
S05468,C05468,R017,D0818,P005,2025-01-20,2025-01-01,Coimbatore,South,9,4779.09
S05469,C05469,R023,D0763,P002,2025-01-07,2025-01-01,Ranchi,East,21,11481.07
S05470,C05470,R064,D0073,P002,2025-01-04,2025-01-01,Kochi,South,17,8912.5
S05471,C05471,R044,D0556,P002,2025-01-07,2025-01-01,Bhubaneswar,East,14,7412.19
S05472,C05472,R007,D0010,P003,2025-01-03,2025-01-01,Mumbai,West,27,17203.12
S05473,C05473,R054,D0512,P002,2025-01-28,2025-01-01,Dehradun,North,13,7842.64
S05474,C05474,R055,D0202,P002,2025-01-30,2025-01-01,Mumbai,West,14,6512.85
S05475,C05475,R061,D0614,P008,2025-01-29,2025-01-01,Bengaluru,South,33,11415.49
S05476,C05476,R042,D0064,P003,2025-01-23,2025-01-01,Vijayawada,South,33,20763.6
S05477,C05477,R064,D0746,P007,2025-01-08,2025-01-01,Kochi,South,27,16147.83
S05478,C05478,R041,D0163,P004,2025-01-24,2025-01-01,Coimbatore,South,29,22480.19
S05479,C05479,R063,D0196,P007,2025-01-24,2025-01-01,Hyderabad,South,26,16696.61
S05480,C05480,R018,D0694,P007,2025-01-08,2025-01-01,Vijayawada,South,16,10147.06
S05481,C05481,R019,D0772,P007,2025-01-26,2025-01-01,Kolkata,East,11,6343.18
S05482,C05482,R010,D0069,P003,2025-01-31,2025-01-01,Surat,West,20,13930.97
S05483,C05483,R027,D0088,P001,2025-01-12,2025-01-01,Jaipur,North,16,13050.96
S05484,C05484,R068,D0722,P003,2025-01-19,2025-01-01,Bhubaneswar,East,15,9637.54
S05485,C05485,R002,D0838,P006,2025-01-28,2025-01-01,Chandigarh,North,15,6864.95
S05486,C05486,R024,D0389,P006,2025-01-09,2025-01-01,Siliguri,East,22,11097.1
S05487,C05487,R025,D0113,P006,2025-01-31,2025-01-01,North Delhi,North,13,6975.31
S05488,C05488,R027,D0159,P008,2025-01-10,2025-01-01,Jaipur,North,28,8550.1
S05489,C05489,R014,D0198,P002,2025-01-31,2025-01-01,Chennai,South,24,13660.67
S05490,C05490,R031,D0579,P004,2025-01-08,2025-01-01,Mumbai,West,19,16182.34
S05491,C05491,R004,D0126,P004,2025-01-23,2025-01-01,Lucknow,North,27,23921.2
S05492,C05492,R012,D0589,P002,2025-01-17,2025-01-01,Goa,West,23,11962.63
S05493,C05493,R053,D0731,P006,2025-01-12,2025-01-01,Ludhiana,North,23,11821.78
S05494,C05494,R021,D0084,P001,2025-01-14,2025-01-01,Patna,East,17,13804.48
S05495,C05495,R050,D0838,P008,2025-01-08,2025-01-01,Chandigarh,North,25,8652.3
S05496,C05496,R046,D0848,P001,2025-01-21,2025-01-01,Guwahati,East,10,7881.26
S05497,C05497,R047,D0260,P001,2025-01-31,2025-01-01,Ranchi,East,27,19418.64
S05498,C05498,R024,D0096,P002,2025-01-19,2025-01-01,Siliguri,East,15,8355.99
S05499,C05499,R004,D0278,P008,2025-01-09,2025-01-01,Lucknow,North,26,8196.1
S05500,C05500,R058,D0124,P007,2025-01-21,2025-01-01,Surat,West,21,12605.49
S05501,C05501,R003,D0205,P008,2025-01-14,2025-01-01,Jaipur,North,20,6433.86
S05502,C05502,R062,D0754,P007,2025-01-29,2025-01-01,Chennai,South,25,15676.39
S05503,C05503,R052,D0155,P008,2025-01-09,2025-01-01,Lucknow,North,14,4387.36
S05504,C05504,R039,D0223,P004,2025-01-17,2025-01-01,Hyderabad,South,21,19232.9
S05505,C05505,R054,D0665,P001,2025-01-16,2025-01-01,Dehradun,North,13,10345.21
S05506,C05506,R040,D0067,P004,2025-01-28,2025-01-01,Kochi,South,18,16485.94
S05507,C05507,R062,D0022,P002,2025-01-04,2025-01-01,Chennai,South,38,21422.73
S05508,C05508,R065,D0384,P002,2025-01-20,2025-01-01,Coimbatore,South,28,13452.05
S05509,C05509,R012,D0813,P006,2025-01-26,2025-01-01,Goa,West,23,11499.65
S05510,C05510,R003,D0714,P002,2025-01-12,2025-01-01,Jaipur,North,46,24650.34
S05511,C05511,R007,D0771,P003,2025-01-16,2025-01-01,Mumbai,West,23,14990.97
S05512,C05512,R069,D0740,P004,2025-01-10,2025-01-01,Patna,East,26,22137.85
S05513,C05513,R049,D0089,P001,2025-01-14,2025-01-01,North Delhi,North,25,18863.86
S05514,C05514,R025,D0346,P006,2025-01-30,2025-01-01,North Delhi,North,10,5232.91
S05515,C05515,R055,D0476,P007,2025-01-12,2025-01-01,Mumbai,West,22,13729.21
S05516,C05516,R067,D0081,P005,2025-01-07,2025-01-01,Kolkata,East,11,5068.23
S05517,C05517,R026,D0838,P001,2025-01-18,2025-01-01,Chandigarh,North,23,17039.4
S05518,C05518,R030,D0587,P007,2025-01-15,2025-01-01,Dehradun,North,15,9543.24
S05519,C05519,R026,D0762,P004,2025-01-25,2025-01-01,Chandigarh,North,20,18500.79
S05520,C05520,R070,D0176,P003,2025-01-02,2025-01-01,Guwahati,East,22,15327.61
S05521,C05521,R042,D0481,P008,2025-01-28,2025-01-01,Vijayawada,South,22,6764.87
S05522,C05522,R059,D0091,P007,2025-01-22,2025-01-01,Nagpur,West,15,10809.35
S05523,C05523,R002,D0003,P004,2025-01-27,2025-01-01,Chandigarh,North,11,9897.72
S05524,C05524,R030,D0591,P004,2025-01-13,2025-01-01,Dehradun,North,8,6850.36
S05525,C05525,R061,D0030,P008,2025-01-14,2025-01-01,Bengaluru,South,30,10741.9
S05526,C05526,R038,D0247,P002,2025-01-11,2025-01-01,Chennai,South,14,7842.6
S05527,C05527,R033,D0757,P004,2025-01-26,2025-01-01,Ahmedabad,West,23,20677.53
S05528,C05528,R064,D0436,P005,2025-01-03,2025-01-01,Kochi,South,36,16827.88
S05529,C05529,R014,D0325,P003,2025-01-17,2025-01-01,Chennai,South,22,15451.01
S05530,C05530,R050,D0239,P003,2025-01-09,2025-01-01,Chandigarh,North,19,12698.14
S05531,C05531,R010,D0490,P001,2025-01-20,2025-01-01,Surat,West,22,15680.2
S05532,C05532,R039,D0814,P003,2025-01-30,2025-01-01,Hyderabad,South,20,13188.11
S05533,C05533,R013,D0614,P003,2025-01-21,2025-01-01,Bengaluru,South,22,15173.09
S05534,C05534,R031,D0391,P007,2025-01-02,2025-01-01,Mumbai,West,19,11562.31
S05535,C05535,R058,D0271,P003,2025-01-13,2025-01-01,Surat,West,24,15059.76
S05536,C05536,R016,D0073,P002,2025-01-01,2025-01-01,Kochi,South,12,6468.22
S05537,C05537,R059,D0153,P007,2025-01-16,2025-01-01,Nagpur,West,28,17818.07
S05538,C05538,R050,D0239,P003,2025-01-06,2025-01-01,Chandigarh,North,13,9127.4
S05539,C05539,R015,D0302,P008,2025-01-22,2025-01-01,Hyderabad,South,21,6347.32
S05540,C05540,R051,D0825,P001,2025-01-17,2025-01-01,Jaipur,North,31,22756.51
S05541,C05541,R046,D0736,P001,2025-01-10,2025-01-01,Guwahati,East,12,9332.43
S05542,C05542,R013,D0070,P008,2025-01-27,2025-01-01,Bengaluru,South,33,10194.17
S05543,C05543,R034,D0216,P001,2025-01-24,2025-01-01,Surat,West,14,10604.31
S05544,C05544,R035,D0079,P001,2025-01-20,2025-01-01,Nagpur,West,18,13851.34
S05545,C05545,R024,D0050,P006,2025-01-11,2025-01-01,Siliguri,East,17,9002.1
S05546,C05546,R072,D0312,P003,2025-01-09,2025-01-01,Siliguri,East,7,4425.07
S05547,C05547,R002,D0829,P004,2025-01-19,2025-01-01,Chandigarh,North,13,10895.33
S05548,C05548,R070,D0142,P004,2025-01-25,2025-01-01,Guwahati,East,24,20570.69
S05549,C05549,R019,D0586,P003,2025-01-26,2025-01-01,Kolkata,East,7,4270.53
S05550,C05550,R019,D0345,P004,2025-01-25,2025-01-01,Kolkata,East,18,16062.12
S05551,C05551,R037,D0379,P003,2025-01-01,2025-01-01,Bengaluru,South,28,18580.82
S05552,C05552,R060,D0804,P002,2025-01-31,2025-01-01,Goa,West,13,7374.51
S05553,C05553,R033,D0765,P002,2025-01-08,2025-01-01,Ahmedabad,West,14,7159.85
S05554,C05554,R062,D0693,P001,2025-01-01,2025-01-01,Chennai,South,13,10202.28
S05555,C05555,R063,D0332,P005,2025-01-18,2025-01-01,Hyderabad,South,20,9354.08
S05556,C05556,R016,D0065,P005,2025-01-15,2025-01-01,Kochi,South,12,5092.76
S05557,C05557,R039,D0844,P001,2025-01-04,2025-01-01,Hyderabad,South,25,19713.64
S05558,C05558,R010,D0823,P004,2025-01-07,2025-01-01,Surat,West,22,19830.92
S05559,C05559,R029,D0800,P006,2025-01-07,2025-01-01,Ludhiana,North,12,6080.84
S05560,C05560,R040,D0422,P001,2025-01-14,2025-01-01,Kochi,South,27,19710.75
S05561,C05561,R063,D0196,P003,2025-01-24,2025-01-01,Hyderabad,South,34,22354.59
S05562,C05562,R063,D0141,P008,2025-01-22,2025-01-01,Hyderabad,South,18,5196.61
S05563,C05563,R055,D0395,P004,2025-01-01,2025-01-01,Mumbai,West,15,13567.07
S05564,C05564,R022,D0243,P001,2025-01-06,2025-01-01,Guwahati,East,15,12133.86
S05565,C05565,R069,D0215,P005,2025-01-19,2025-01-01,Patna,East,17,7734.39
S05566,C05566,R035,D0826,P004,2025-01-25,2025-01-01,Nagpur,West,21,19885.62
S05567,C05567,R052,D0458,P002,2025-01-02,2025-01-01,Lucknow,North,28,14592.96
S05568,C05568,R014,D0190,P001,2025-01-11,2025-01-01,Chennai,South,24,18038.58
S05569,C05569,R034,D0426,P008,2025-01-04,2025-01-01,Surat,West,21,6626.41
S05570,C05570,R001,D0613,P007,2025-01-16,2025-01-01,North Delhi,North,17,11543.67
S05571,C05571,R018,D0405,P006,2025-01-13,2025-01-01,Vijayawada,South,30,15082.6
S05572,C05572,R072,D0729,P001,2025-01-06,2025-01-01,Siliguri,East,9,7772.31
S05573,C05573,R054,D0820,P007,2025-01-30,2025-01-01,Dehradun,North,23,14003.0
S05574,C05574,R013,D0272,P004,2025-01-24,2025-01-01,Bengaluru,South,20,17081.6
S05575,C05575,R041,D0462,P004,2025-01-17,2025-01-01,Coimbatore,South,28,27353.32
S05576,C05576,R032,D0255,P008,2025-01-24,2025-01-01,Pune,West,22,7105.02
S05577,C05577,R023,D0639,P004,2025-01-10,2025-01-01,Ranchi,East,18,15784.46
S05578,C05578,R060,D0809,P002,2025-01-29,2025-01-01,Goa,West,24,13517.92
S05579,C05579,R061,D0489,P002,2025-01-13,2025-01-01,Bengaluru,South,23,13194.56
S05580,C05580,R011,D0203,P008,2025-01-12,2025-01-01,Nagpur,West,21,6524.7
S05581,C05581,R038,D0469,P005,2025-01-18,2025-01-01,Chennai,South,28,13460.74
S05582,C05582,R071,D0639,P005,2025-01-18,2025-01-01,Ranchi,East,20,9095.76
S05583,C05583,R035,D0037,P005,2025-01-20,2025-01-01,Nagpur,West,24,10498.41
S05584,C05584,R020,D0596,P002,2025-01-26,2025-01-01,Bhubaneswar,East,22,11459.82
S05585,C05585,R027,D0616,P004,2025-01-09,2025-01-01,Jaipur,North,20,16756.95
S05586,C05586,R035,D0496,P008,2025-01-22,2025-01-01,Nagpur,West,18,5785.09
S05587,C05587,R067,D0562,P002,2025-01-07,2025-01-01,Kolkata,East,20,10849.0
S05588,C05588,R005,D0816,P008,2025-01-08,2025-01-01,Ludhiana,North,30,10148.27
S05589,C05589,R033,D0123,P003,2025-01-16,2025-01-01,Ahmedabad,West,16,11018.52
S05590,C05590,R067,D0471,P003,2025-01-17,2025-01-01,Kolkata,East,29,18753.5
S05591,C05591,R065,D0617,P001,2025-01-20,2025-01-01,Coimbatore,South,18,13904.48
S05592,C05592,R034,D0641,P006,2025-01-05,2025-01-01,Surat,West,29,14310.08
S05593,C05593,R061,D0307,P003,2025-01-26,2025-01-01,Bengaluru,South,21,13936.04
S05594,C05594,R052,D0830,P004,2025-01-18,2025-01-01,Lucknow,North,20,17603.5
S05595,C05595,R058,D0216,P005,2025-01-19,2025-01-01,Surat,West,14,6455.98
S05596,C05596,R065,D0462,P006,2025-01-24,2025-01-01,Coimbatore,South,23,12587.57
S05597,C05597,R044,D0688,P008,2025-01-22,2025-01-01,Bhubaneswar,East,20,6884.42
S05598,C05598,R057,D0380,P005,2025-01-14,2025-01-01,Ahmedabad,West,14,6238.93
S05599,C05599,R066,D0249,P002,2025-01-16,2025-01-01,Vijayawada,South,33,18512.14
S05600,C05600,R022,D0451,P006,2025-01-08,2025-01-01,Guwahati,East,15,7899.93
S05601,C05601,R039,D0494,P001,2025-01-18,2025-01-01,Hyderabad,South,39,29584.56
S05602,C05602,R008,D0817,P007,2025-01-07,2025-01-01,Pune,West,31,20245.07
S05603,C05603,R011,D0555,P003,2025-01-20,2025-01-01,Nagpur,West,17,10390.5
S05604,C05604,R047,D0134,P006,2025-01-13,2025-01-01,Ranchi,East,17,9136.26
S05605,C05605,R059,D0037,P002,2025-01-08,2025-01-01,Nagpur,West,14,7515.81
S05606,C05606,R071,D0843,P004,2025-01-15,2025-01-01,Ranchi,East,15,12634.88
S05607,C05607,R043,D0359,P006,2025-01-29,2025-01-01,Kolkata,East,23,11622.06
S05608,C05608,R069,D0194,P005,2025-01-18,2025-01-01,Patna,East,10,5031.93
S05609,C05609,R038,D0190,P001,2025-01-11,2025-01-01,Chennai,South,29,25459.76
S05610,C05610,R046,D0066,P001,2025-01-14,2025-01-01,Guwahati,East,16,11994.11
S05611,C05611,R009,D0181,P008,2025-01-19,2025-01-01,Ahmedabad,West,20,6387.53
S05612,C05612,R051,D0671,P005,2025-01-05,2025-01-01,Jaipur,North,41,18684.63
S05613,C05613,R003,D0616,P007,2025-01-18,2025-01-01,Jaipur,North,28,17063.72
S05614,C05614,R037,D0416,P001,2025-01-02,2025-01-01,Bengaluru,South,20,16867.47
S05615,C05615,R065,D0018,P004,2025-01-27,2025-01-01,Coimbatore,South,31,27050.77
S05616,C05616,R034,D0490,P005,2025-01-19,2025-01-01,Surat,West,20,8840.31
S05617,C05617,R043,D0797,P008,2025-02-04,2025-02-01,Kolkata,East,11,3441.76
S05618,C05618,R050,D0810,P006,2025-02-14,2025-02-01,Chandigarh,North,15,7578.35
S05619,C05619,R024,D0312,P006,2025-02-25,2025-02-01,Siliguri,East,16,8474.17
S05620,C05620,R070,D0464,P003,2025-02-28,2025-02-01,Guwahati,East,21,13947.13
S05621,C05621,R053,D0241,P008,2025-02-04,2025-02-01,Ludhiana,North,35,11572.6
S05622,C05622,R021,D0789,P003,2025-02-08,2025-02-01,Patna,East,17,11813.88
S05623,C05623,R003,D0803,P003,2025-02-05,2025-02-01,Jaipur,North,33,21473.67
S05624,C05624,R064,D0309,P006,2025-02-11,2025-02-01,Kochi,South,35,17787.58
S05625,C05625,R016,D0436,P008,2025-02-25,2025-02-01,Kochi,South,12,3934.28
S05626,C05626,R018,D0210,P007,2025-02-20,2025-02-01,Vijayawada,South,17,10050.47
S05627,C05627,R069,D0499,P002,2025-02-08,2025-02-01,Patna,East,6,3247.18
S05628,C05628,R020,D0336,P007,2025-02-10,2025-02-01,Bhubaneswar,East,16,10276.57
S05629,C05629,R058,D0513,P003,2025-02-18,2025-02-01,Surat,West,21,13944.66
S05630,C05630,R045,D0832,P002,2025-02-17,2025-02-01,Patna,East,20,11488.69
S05631,C05631,R038,D0752,P008,2025-02-13,2025-02-01,Chennai,South,28,8551.87
S05632,C05632,R012,D0149,P008,2025-02-12,2025-02-01,Goa,West,19,6182.79
S05633,C05633,R009,D0123,P003,2025-02-27,2025-02-01,Ahmedabad,West,39,26483.93
S05634,C05634,R069,D0682,P001,2025-02-15,2025-02-01,Patna,East,12,9508.2
S05635,C05635,R023,D0055,P002,2025-02-22,2025-02-01,Ranchi,East,25,13305.64
S05636,C05636,R047,D0322,P005,2025-02-27,2025-02-01,Ranchi,East,21,8955.35
S05637,C05637,R037,D0839,P001,2025-02-10,2025-02-01,Bengaluru,South,29,23884.79
S05638,C05638,R052,D0313,P002,2025-02-22,2025-02-01,Lucknow,North,20,10038.12
S05639,C05639,R064,D0043,P002,2025-02-23,2025-02-01,Kochi,South,11,5543.25
S05640,C05640,R033,D0840,P008,2025-02-07,2025-02-01,Ahmedabad,West,48,15806.41
S05641,C05641,R010,D0513,P003,2025-02-07,2025-02-01,Surat,West,18,11660.69
S05642,C05642,R013,D0251,P004,2025-02-05,2025-02-01,Bengaluru,South,38,34062.93
S05643,C05643,R029,D0598,P004,2025-02-18,2025-02-01,Ludhiana,North,18,14992.35
S05644,C05644,R002,D0628,P001,2025-02-22,2025-02-01,Chandigarh,North,23,18201.49
S05645,C05645,R005,D0497,P005,2025-02-22,2025-02-01,Ludhiana,North,23,11022.36
S05646,C05646,R016,D0798,P008,2025-02-11,2025-02-01,Kochi,South,34,10030.7
S05647,C05647,R021,D0669,P007,2025-02-20,2025-02-01,Patna,East,15,9265.37
S05648,C05648,R026,D0221,P003,2025-02-01,2025-02-01,Chandigarh,North,24,16554.63
S05649,C05649,R030,D0837,P001,2025-02-19,2025-02-01,Dehradun,North,17,12375.6
S05650,C05650,R028,D0783,P007,2025-02-14,2025-02-01,Lucknow,North,29,17818.06
S05651,C05651,R003,D0071,P007,2025-02-24,2025-02-01,Jaipur,North,17,10396.68
S05652,C05652,R056,D0300,P008,2025-02-28,2025-02-01,Pune,West,18,5862.74
S05653,C05653,R049,D0573,P005,2025-02-16,2025-02-01,North Delhi,North,15,6805.98
S05654,C05654,R031,D0768,P004,2025-02-18,2025-02-01,Mumbai,West,23,18979.2
S05655,C05655,R026,D0681,P007,2025-02-26,2025-02-01,Chandigarh,North,38,22719.59
S05656,C05656,R071,D0472,P006,2025-02-10,2025-02-01,Ranchi,East,22,10908.27
S05657,C05657,R016,D0344,P007,2025-02-05,2025-02-01,Kochi,South,15,9118.96
S05658,C05658,R041,D0053,P003,2025-02-15,2025-02-01,Coimbatore,South,20,13995.38
S05659,C05659,R055,D0768,P008,2025-02-10,2025-02-01,Mumbai,West,10,2962.17
S05660,C05660,R030,D0544,P001,2025-02-18,2025-02-01,Dehradun,North,14,11444.52
S05661,C05661,R027,D0383,P001,2025-02-22,2025-02-01,Jaipur,North,23,19526.06
S05662,C05662,R071,D0850,P006,2025-02-15,2025-02-01,Ranchi,East,14,7749.39
S05663,C05663,R054,D0161,P005,2025-02-09,2025-02-01,Dehradun,North,20,10023.69
S05664,C05664,R054,D0227,P005,2025-02-16,2025-02-01,Dehradun,North,20,9288.61
S05665,C05665,R036,D0804,P008,2025-02-13,2025-02-01,Goa,West,18,5780.8
S05666,C05666,R056,D0265,P007,2025-02-06,2025-02-01,Pune,West,21,11651.83
S05667,C05667,R062,D0776,P006,2025-02-22,2025-02-01,Chennai,South,30,15133.68
S05668,C05668,R011,D0732,P002,2025-02-10,2025-02-01,Nagpur,West,17,9699.88
S05669,C05669,R055,D0144,P001,2025-02-16,2025-02-01,Mumbai,West,19,13766.98
S05670,C05670,R041,D0462,P002,2025-02-26,2025-02-01,Coimbatore,South,18,9302.02
S05671,C05671,R026,D0689,P005,2025-02-06,2025-02-01,Chandigarh,North,16,7400.32
S05672,C05672,R019,D0446,P006,2025-02-12,2025-02-01,Kolkata,East,16,7485.11
S05673,C05673,R040,D0237,P007,2025-02-05,2025-02-01,Kochi,South,18,11981.06
S05674,C05674,R018,D0025,P001,2025-02-13,2025-02-01,Vijayawada,South,13,10435.94
S05675,C05675,R055,D0010,P003,2025-02-09,2025-02-01,Mumbai,West,27,18125.82
S05676,C05676,R029,D0146,P003,2025-02-26,2025-02-01,Ludhiana,North,25,17167.54
S05677,C05677,R013,D0199,P006,2025-02-09,2025-02-01,Bengaluru,South,35,17547.66
S05678,C05678,R046,D0228,P001,2025-02-18,2025-02-01,Guwahati,East,20,15818.38
S05679,C05679,R019,D0712,P007,2025-02-04,2025-02-01,Kolkata,East,8,4641.62
S05680,C05680,R067,D0449,P001,2025-02-13,2025-02-01,Kolkata,East,22,15172.36
S05681,C05681,R070,D0082,P005,2025-02-24,2025-02-01,Guwahati,East,11,5051.79
S05682,C05682,R026,D0131,P008,2025-02-19,2025-02-01,Chandigarh,North,14,4834.39
S05683,C05683,R064,D0103,P002,2025-02-08,2025-02-01,Kochi,South,25,14630.37
S05684,C05684,R036,D0282,P006,2025-02-28,2025-02-01,Goa,West,30,15155.63
S05685,C05685,R028,D0572,P005,2025-02-23,2025-02-01,Lucknow,North,15,6804.59
S05686,C05686,R058,D0044,P007,2025-02-12,2025-02-01,Surat,West,14,7875.81
S05687,C05687,R035,D0397,P005,2025-02-28,2025-02-01,Nagpur,West,29,14048.51
S05688,C05688,R024,D0385,P007,2025-02-06,2025-02-01,Siliguri,East,16,9966.48
S05689,C05689,R023,D0101,P004,2025-02-10,2025-02-01,Ranchi,East,30,26447.55
S05690,C05690,R015,D0011,P002,2025-02-27,2025-02-01,Hyderabad,South,33,16062.61
S05691,C05691,R001,D0157,P006,2025-02-28,2025-02-01,North Delhi,North,13,6032.4
S05692,C05692,R042,D0100,P008,2025-02-24,2025-02-01,Vijayawada,South,19,6119.35
S05693,C05693,R016,D0674,P004,2025-02-06,2025-02-01,Kochi,South,20,16427.13
S05694,C05694,R001,D0793,P007,2025-02-07,2025-02-01,North Delhi,North,13,8143.38
S05695,C05695,R006,D0591,P008,2025-02-19,2025-02-01,Dehradun,North,17,5599.64
S05696,C05696,R032,D0623,P006,2025-02-02,2025-02-01,Pune,West,21,10006.01
S05697,C05697,R045,D0558,P007,2025-02-28,2025-02-01,Patna,East,20,12229.49
S05698,C05698,R039,D0767,P005,2025-02-27,2025-02-01,Hyderabad,South,25,10960.11
S05699,C05699,R014,D0078,P007,2025-02-23,2025-02-01,Chennai,South,20,12774.23
S05700,C05700,R030,D0837,P003,2025-02-28,2025-02-01,Dehradun,North,18,13834.72
S05701,C05701,R012,D0370,P005,2025-02-07,2025-02-01,Goa,West,22,10059.83
S05702,C05702,R014,D0469,P001,2025-02-25,2025-02-01,Chennai,South,26,21778.43
S05703,C05703,R066,D0618,P002,2025-02-08,2025-02-01,Vijayawada,South,18,10219.53
S05704,C05704,R052,D0356,P005,2025-02-04,2025-02-01,Lucknow,North,20,9164.32
S05705,C05705,R059,D0269,P006,2025-02-08,2025-02-01,Nagpur,West,16,8377.08
S05706,C05706,R035,D0028,P001,2025-02-22,2025-02-01,Nagpur,West,28,20457.97
S05707,C05707,R011,D0191,P001,2025-02-27,2025-02-01,Nagpur,West,16,12565.94
S05708,C05708,R067,D0041,P001,2025-02-18,2025-02-01,Kolkata,East,12,9219.6
S05709,C05709,R023,D0298,P005,2025-02-07,2025-02-01,Ranchi,East,22,10807.93
S05710,C05710,R047,D0639,P003,2025-02-17,2025-02-01,Ranchi,East,18,11507.85
S05711,C05711,R011,D0354,P001,2025-02-15,2025-02-01,Nagpur,West,13,9605.5
S05712,C05712,R024,D0482,P007,2025-02-15,2025-02-01,Siliguri,East,15,8685.3
S05713,C05713,R042,D0135,P005,2025-02-10,2025-02-01,Vijayawada,South,15,7195.2
S05714,C05714,R052,D0430,P001,2025-02-04,2025-02-01,Lucknow,North,23,17775.0
S05715,C05715,R070,D0821,P006,2025-02-11,2025-02-01,Guwahati,East,16,7472.97
S05716,C05716,R065,D0384,P008,2025-02-25,2025-02-01,Coimbatore,South,20,6724.67
S05717,C05717,R022,D0411,P004,2025-02-12,2025-02-01,Guwahati,East,19,15632.85
S05718,C05718,R045,D0807,P008,2025-02-01,2025-02-01,Patna,East,16,4979.59
S05719,C05719,R044,D0596,P004,2025-02-10,2025-02-01,Bhubaneswar,East,24,21134.97
S05720,C05720,R059,D0390,P001,2025-02-13,2025-02-01,Nagpur,West,22,16219.82
S05721,C05721,R058,D0098,P001,2025-02-17,2025-02-01,Surat,West,20,14276.47
S05722,C05722,R043,D0779,P001,2025-02-18,2025-02-01,Kolkata,East,14,11364.12
S05723,C05723,R054,D0587,P003,2025-02-12,2025-02-01,Dehradun,North,22,14993.24
S05724,C05724,R064,D0067,P004,2025-02-05,2025-02-01,Kochi,South,17,15170.71
S05725,C05725,R044,D0556,P004,2025-02-13,2025-02-01,Bhubaneswar,East,15,13593.86
S05726,C05726,R048,D0738,P004,2025-02-01,2025-02-01,Siliguri,East,38,30943.43
S05727,C05727,R001,D0793,P007,2025-02-15,2025-02-01,North Delhi,North,14,8762.87
S05728,C05728,R071,D0134,P001,2025-02-13,2025-02-01,Ranchi,East,12,9553.57
S05729,C05729,R008,D0419,P008,2025-02-10,2025-02-01,Pune,West,26,8504.01
S05730,C05730,R048,D0738,P002,2025-02-19,2025-02-01,Siliguri,East,21,11588.8
S05731,C05731,R043,D0698,P008,2025-02-22,2025-02-01,Kolkata,East,13,4366.8
S05732,C05732,R007,D0536,P002,2025-02-08,2025-02-01,Mumbai,West,17,9126.76
S05733,C05733,R072,D0289,P001,2025-02-15,2025-02-01,Siliguri,East,11,8607.01
S05734,C05734,R004,D0584,P001,2025-02-15,2025-02-01,Lucknow,North,21,15286.75
S05735,C05735,R033,D0541,P003,2025-02-15,2025-02-01,Ahmedabad,West,21,14335.18
S05736,C05736,R033,D0495,P008,2025-02-12,2025-02-01,Ahmedabad,West,27,8351.14
S05737,C05737,R051,D0803,P004,2025-02-06,2025-02-01,Jaipur,North,31,26766.84
S05738,C05738,R018,D0316,P002,2025-02-05,2025-02-01,Vijayawada,South,20,10579.15
S05739,C05739,R021,D0500,P006,2025-02-01,2025-02-01,Patna,East,9,4343.91
S05740,C05740,R005,D0013,P005,2025-02-02,2025-02-01,Ludhiana,North,35,16014.25
S05741,C05741,R038,D0597,P006,2025-02-23,2025-02-01,Chennai,South,19,10089.32
S05742,C05742,R006,D0544,P006,2025-02-02,2025-02-01,Dehradun,North,14,6743.08
S05743,C05743,R051,D0716,P007,2025-02-24,2025-02-01,Jaipur,North,22,13408.87
S05744,C05744,R053,D0279,P002,2025-02-26,2025-02-01,Ludhiana,North,19,10601.87
S05745,C05745,R057,D0835,P004,2025-02-07,2025-02-01,Ahmedabad,West,16,12474.13
S05746,C05746,R017,D0491,P006,2025-02-13,2025-02-01,Coimbatore,South,11,6130.14
S05747,C05747,R009,D0181,P005,2025-02-11,2025-02-01,Ahmedabad,West,22,9886.23
S05748,C05748,R063,D0141,P008,2025-02-12,2025-02-01,Hyderabad,South,21,6405.85
S05749,C05749,R050,D0184,P008,2025-02-11,2025-02-01,Chandigarh,North,21,6747.4
S05750,C05750,R053,D0241,P007,2025-02-10,2025-02-01,Ludhiana,North,26,15324.79
S05751,C05751,R053,D0497,P002,2025-02-20,2025-02-01,Ludhiana,North,20,10761.85
S05752,C05752,R042,D0675,P005,2025-02-12,2025-02-01,Vijayawada,South,15,6641.58
S05753,C05753,R047,D0850,P007,2025-02-06,2025-02-01,Ranchi,East,12,7732.44
S05754,C05754,R023,D0519,P003,2025-02-11,2025-02-01,Ranchi,East,15,11228.49
S05755,C05755,R051,D0432,P006,2025-02-28,2025-02-01,Jaipur,North,29,15324.64
S05756,C05756,R012,D0539,P002,2025-02-28,2025-02-01,Goa,West,13,7090.05
S05757,C05757,R036,D0282,P002,2025-02-02,2025-02-01,Goa,West,29,15227.73
S05758,C05758,R007,D0292,P002,2025-02-17,2025-02-01,Mumbai,West,17,9667.11
S05759,C05759,R022,D0441,P008,2025-02-28,2025-02-01,Guwahati,East,17,5231.05
S05760,C05760,R014,D0685,P008,2025-02-06,2025-02-01,Chennai,South,27,8777.63
S05761,C05761,R053,D0052,P007,2025-02-02,2025-02-01,Ludhiana,North,28,16635.85
S05762,C05762,R059,D0093,P003,2025-02-06,2025-02-01,Nagpur,West,15,9278.05
S05763,C05763,R042,D0135,P007,2025-02-09,2025-02-01,Vijayawada,South,12,7242.03
S05764,C05764,R017,D0163,P002,2025-02-27,2025-02-01,Coimbatore,South,14,7187.56
S05765,C05765,R054,D0161,P002,2025-02-08,2025-02-01,Dehradun,North,12,6958.09
S05766,C05766,R039,D0114,P003,2025-02-10,2025-02-01,Hyderabad,South,18,11432.05
S05767,C05767,R069,D0007,P002,2025-02-08,2025-02-01,Patna,East,7,3755.39
S05768,C05768,R068,D0337,P006,2025-02-11,2025-02-01,Bhubaneswar,East,18,8881.88
S05769,C05769,R058,D0542,P006,2025-02-28,2025-02-01,Surat,West,11,5263.49
S05770,C05770,R062,D0110,P001,2025-02-03,2025-02-01,Chennai,South,30,24200.78
S05771,C05771,R050,D0261,P001,2025-02-13,2025-02-01,Chandigarh,North,16,12420.97
S05772,C05772,R061,D0839,P004,2025-02-18,2025-02-01,Bengaluru,South,34,33805.32
S05773,C05773,R071,D0116,P001,2025-02-04,2025-02-01,Ranchi,East,29,23804.67
S05774,C05774,R001,D0849,P007,2025-02-02,2025-02-01,North Delhi,North,10,6121.36
S05775,C05775,R042,D0405,P004,2025-02-28,2025-02-01,Vijayawada,South,27,24470.93
S05776,C05776,R022,D0590,P004,2025-02-08,2025-02-01,Guwahati,East,19,16833.86
S05777,C05777,R067,D0220,P001,2025-02-07,2025-02-01,Kolkata,East,14,10359.09
S05778,C05778,R017,D0425,P006,2025-02-10,2025-02-01,Coimbatore,South,16,7573.72
S05779,C05779,R052,D0291,P006,2025-02-03,2025-02-01,Lucknow,North,20,9661.69
S05780,C05780,R027,D0138,P007,2025-02-05,2025-02-01,Jaipur,North,22,14317.4
S05781,C05781,R057,D0277,P005,2025-02-01,2025-02-01,Ahmedabad,West,19,8852.35
S05782,C05782,R012,D0806,P003,2025-02-15,2025-02-01,Goa,West,20,13554.54
S05783,C05783,R015,D0004,P001,2025-02-13,2025-02-01,Hyderabad,South,15,12160.48
S05784,C05784,R009,D0541,P003,2025-02-08,2025-02-01,Ahmedabad,West,20,13067.94
S05785,C05785,R002,D0664,P005,2025-02-26,2025-02-01,Chandigarh,North,14,6245.0
S05786,C05786,R036,D0145,P001,2025-02-09,2025-02-01,Goa,West,21,18034.15
S05787,C05787,R031,D0154,P001,2025-02-01,2025-02-01,Mumbai,West,32,25622.47
S05788,C05788,R072,D0467,P002,2025-02-03,2025-02-01,Siliguri,East,22,10891.37
S05789,C05789,R057,D0207,P001,2025-02-21,2025-02-01,Ahmedabad,West,14,9961.67
S05790,C05790,R060,D0815,P001,2025-02-15,2025-02-01,Goa,West,24,19422.02
S05791,C05791,R046,D0142,P004,2025-02-08,2025-02-01,Guwahati,East,22,18715.11
S05792,C05792,R056,D0171,P006,2025-02-07,2025-02-01,Pune,West,18,9120.23
S05793,C05793,R063,D0223,P004,2025-02-07,2025-02-01,Hyderabad,South,26,20608.69
S05794,C05794,R067,D0220,P001,2025-02-12,2025-02-01,Kolkata,East,13,9905.18
S05795,C05795,R022,D0102,P003,2025-02-20,2025-02-01,Guwahati,East,16,11041.66
S05796,C05796,R041,D0531,P001,2025-02-18,2025-02-01,Coimbatore,South,26,19737.23
S05797,C05797,R068,D0337,P005,2025-02-21,2025-02-01,Bhubaneswar,East,15,6496.28
S05798,C05798,R018,D0407,P002,2025-02-02,2025-02-01,Vijayawada,South,12,6400.84
S05799,C05799,R027,D0192,P004,2025-02-16,2025-02-01,Jaipur,North,17,15156.31
S05800,C05800,R014,D0078,P008,2025-02-22,2025-02-01,Chennai,South,26,8173.42
S05801,C05801,R055,D0051,P005,2025-02-06,2025-02-01,Mumbai,West,26,11016.14
S05802,C05802,R036,D0062,P007,2025-02-17,2025-02-01,Goa,West,31,19281.93
S05803,C05803,R061,D0701,P003,2025-02-01,2025-02-01,Bengaluru,South,17,10898.08
S05804,C05804,R046,D0176,P008,2025-02-26,2025-02-01,Guwahati,East,21,6778.57
S05805,C05805,R061,D0251,P006,2025-02-21,2025-02-01,Bengaluru,South,41,19889.18
S05806,C05806,R049,D0553,P005,2025-02-18,2025-02-01,North Delhi,North,20,9773.11
S05807,C05807,R045,D0056,P005,2025-02-17,2025-02-01,Patna,East,13,6193.04
S05808,C05808,R010,D0423,P005,2025-02-19,2025-02-01,Surat,West,24,10841.46
S05809,C05809,R007,D0476,P002,2025-02-12,2025-02-01,Mumbai,West,20,10964.28
S05810,C05810,R050,D0721,P003,2025-02-28,2025-02-01,Chandigarh,North,18,12851.63
S05811,C05811,R015,D0108,P006,2025-02-06,2025-02-01,Hyderabad,South,31,16738.89
S05812,C05812,R007,D0010,P004,2025-02-23,2025-02-01,Mumbai,West,21,20100.39
S05813,C05813,R025,D0672,P007,2025-02-22,2025-02-01,North Delhi,North,15,9426.83
S05814,C05814,R072,D0312,P005,2025-02-24,2025-02-01,Siliguri,East,15,6713.02
S05815,C05815,R029,D0052,P001,2025-02-02,2025-02-01,Ludhiana,North,21,16861.9
S05816,C05816,R031,D0536,P006,2025-02-13,2025-02-01,Mumbai,West,25,13833.26
S05817,C05817,R001,D0440,P005,2025-02-18,2025-02-01,North Delhi,North,15,7108.95
S05818,C05818,R065,D0788,P003,2025-02-18,2025-02-01,Coimbatore,South,16,10123.31
S05819,C05819,R028,D0781,P007,2025-02-20,2025-02-01,Lucknow,North,21,12852.43
S05820,C05820,R028,D0363,P003,2025-02-18,2025-02-01,Lucknow,North,20,13701.87
S05821,C05821,R018,D0100,P001,2025-02-07,2025-02-01,Vijayawada,South,31,24387.91
S05822,C05822,R030,D0649,P001,2025-02-24,2025-02-01,Dehradun,North,16,12956.31
S05823,C05823,R025,D0133,P008,2025-02-14,2025-02-01,North Delhi,North,37,11473.3
S05824,C05824,R005,D0742,P004,2025-02-28,2025-02-01,Ludhiana,North,22,19369.56
S05825,C05825,R054,D0587,P004,2025-02-15,2025-02-01,Dehradun,North,22,19914.04
S05826,C05826,R027,D0230,P003,2025-02-16,2025-02-01,Jaipur,North,22,14802.11
S05827,C05827,R070,D0848,P006,2025-02-17,2025-02-01,Guwahati,East,12,5926.34
S05828,C05828,R004,D0358,P005,2025-02-25,2025-02-01,Lucknow,North,25,10091.43
S05829,C05829,R008,D0402,P008,2025-02-26,2025-02-01,Pune,West,22,6025.86
S05830,C05830,R011,D0191,P008,2025-02-17,2025-02-01,Nagpur,West,11,3511.77
S05831,C05831,R039,D0533,P008,2025-02-16,2025-02-01,Hyderabad,South,17,5489.79
S05832,C05832,R059,D0269,P003,2025-02-02,2025-02-01,Nagpur,West,18,11757.02
S05833,C05833,R013,D0075,P005,2025-02-02,2025-02-01,Bengaluru,South,29,13363.44
S05834,C05834,R066,D0074,P003,2025-02-21,2025-02-01,Vijayawada,South,29,20672.21
S05835,C05835,R034,D0426,P006,2025-02-10,2025-02-01,Surat,West,30,14920.2
S05836,C05836,R038,D0754,P006,2025-02-13,2025-02-01,Chennai,South,19,9866.87
S05837,C05837,R039,D0196,P003,2025-02-18,2025-02-01,Hyderabad,South,39,27907.17
S05838,C05838,R004,D0200,P007,2025-02-07,2025-02-01,Lucknow,North,16,9254.29
S05839,C05839,R006,D0587,P003,2025-02-10,2025-02-01,Dehradun,North,14,10057.9
S05840,C05840,R031,D0168,P008,2025-02-02,2025-02-01,Mumbai,West,29,9730.6
S05841,C05841,R068,D0099,P007,2025-02-22,2025-02-01,Bhubaneswar,East,24,14412.9
S05842,C05842,R030,D0591,P001,2025-02-15,2025-02-01,Dehradun,North,10,6811.36
S05843,C05843,R061,D0341,P004,2025-02-06,2025-02-01,Bengaluru,South,18,17133.88
S05844,C05844,R052,D0027,P004,2025-02-17,2025-02-01,Lucknow,North,29,28094.52
S05845,C05845,R062,D0190,P007,2025-02-05,2025-02-01,Chennai,South,28,16486.76
S05846,C05846,R020,D0315,P006,2025-02-22,2025-02-01,Bhubaneswar,East,15,8351.16
S05847,C05847,R037,D0601,P001,2025-02-07,2025-02-01,Bengaluru,South,23,16423.56
S05848,C05848,R068,D0636,P007,2025-02-08,2025-02-01,Bhubaneswar,East,19,11759.02
S05849,C05849,R041,D0606,P002,2025-02-25,2025-02-01,Coimbatore,South,23,12309.72
S05850,C05850,R034,D0069,P003,2025-02-21,2025-02-01,Surat,West,12,7390.49
S05851,C05851,R031,D0749,P002,2025-02-20,2025-02-01,Mumbai,West,16,8532.04
S05852,C05852,R019,D0140,P002,2025-02-17,2025-02-01,Kolkata,East,20,10783.34
S05853,C05853,R009,D0841,P005,2025-02-15,2025-02-01,Ahmedabad,West,22,9518.02
S05854,C05854,R064,D0730,P001,2025-02-06,2025-02-01,Kochi,South,17,13707.65
S05855,C05855,R035,D0420,P001,2025-02-09,2025-02-01,Nagpur,West,32,24109.31
S05856,C05856,R021,D0669,P007,2025-02-27,2025-02-01,Patna,East,9,5391.39
S05857,C05857,R008,D0605,P003,2025-02-26,2025-02-01,Pune,West,25,17693.7
S05858,C05858,R071,D0639,P006,2025-02-21,2025-02-01,Ranchi,East,19,9372.92
S05859,C05859,R040,D0043,P008,2025-02-25,2025-02-01,Kochi,South,15,4257.2
S05860,C05860,R032,D0170,P001,2025-02-23,2025-02-01,Pune,West,17,13093.23
S05861,C05861,R003,D0773,P007,2025-02-12,2025-02-01,Jaipur,North,35,21466.32
S05862,C05862,R063,D0695,P001,2025-02-21,2025-02-01,Hyderabad,South,16,12329.35
S05863,C05863,R023,D0515,P007,2025-02-22,2025-02-01,Ranchi,East,33,20995.92
S05864,C05864,R056,D0300,P003,2025-02-04,2025-02-01,Pune,West,26,17503.38
S05865,C05865,R027,D0296,P002,2025-02-26,2025-02-01,Jaipur,North,16,8381.02
S05866,C05866,R037,D0270,P002,2025-02-14,2025-02-01,Bengaluru,South,35,19558.18
S05867,C05867,R008,D0433,P003,2025-02-09,2025-02-01,Pune,West,30,20258.94
S05868,C05868,R037,D0483,P006,2025-02-14,2025-02-01,Bengaluru,South,42,21884.11
S05869,C05869,R045,D0558,P006,2025-02-10,2025-02-01,Patna,East,19,9612.61
S05870,C05870,R019,D0334,P006,2025-02-10,2025-02-01,Kolkata,East,14,7241.89
S05871,C05871,R025,D0751,P001,2025-02-16,2025-02-01,North Delhi,North,17,13332.32
S05872,C05872,R029,D0054,P008,2025-02-28,2025-02-01,Ludhiana,North,18,5673.52
S05873,C05873,R032,D0642,P004,2025-02-12,2025-02-01,Pune,West,15,13669.86
S05874,C05874,R034,D0490,P001,2025-02-07,2025-02-01,Surat,West,17,13629.08
S05875,C05875,R006,D0532,P008,2025-02-22,2025-02-01,Dehradun,North,11,3618.05
S05876,C05876,R047,D0298,P007,2025-02-09,2025-02-01,Ranchi,East,28,17606.93
S05877,C05877,R029,D0310,P001,2025-02-16,2025-02-01,Ludhiana,North,11,7614.87
S05878,C05878,R010,D0231,P004,2025-02-08,2025-02-01,Surat,West,19,17674.61
S05879,C05879,R056,D0784,P008,2025-02-06,2025-02-01,Pune,West,26,7918.94
S05880,C05880,R048,D0026,P006,2025-02-08,2025-02-01,Siliguri,East,8,4308.5
S05881,C05881,R056,D0537,P002,2025-02-10,2025-02-01,Pune,West,20,10065.34
S05882,C05882,R065,D0818,P006,2025-02-27,2025-02-01,Coimbatore,South,13,7154.41
S05883,C05883,R010,D0367,P002,2025-02-19,2025-02-01,Surat,West,20,9620.81
S05884,C05884,R002,D0662,P003,2025-02-20,2025-02-01,Chandigarh,North,10,6706.67
S05885,C05885,R003,D0594,P002,2025-02-02,2025-02-01,Jaipur,North,12,6361.52
S05886,C05886,R062,D0468,P006,2025-02-01,2025-02-01,Chennai,South,23,12001.79
S05887,C05887,R010,D0426,P008,2025-02-10,2025-02-01,Surat,West,31,10775.83
S05888,C05888,R039,D0767,P001,2025-02-25,2025-02-01,Hyderabad,South,17,13416.89
S05889,C05889,R007,D0588,P005,2025-02-01,2025-02-01,Mumbai,West,21,10113.82
S05890,C05890,R068,D0722,P002,2025-02-22,2025-02-01,Bhubaneswar,East,10,5814.34
S05891,C05891,R020,D0556,P007,2025-02-23,2025-02-01,Bhubaneswar,East,7,4137.84
S05892,C05892,R004,D0599,P002,2025-02-08,2025-02-01,Lucknow,North,15,8246.62
S05893,C05893,R022,D0736,P003,2025-02-04,2025-02-01,Guwahati,East,13,9166.9
S05894,C05894,R042,D0195,P002,2025-02-05,2025-02-01,Vijayawada,South,16,8792.39
S05895,C05895,R030,D0744,P007,2025-02-03,2025-02-01,Dehradun,North,24,14210.69
S05896,C05896,R009,D0632,P001,2025-02-24,2025-02-01,Ahmedabad,West,37,29603.24
S05897,C05897,R069,D0311,P005,2025-02-23,2025-02-01,Patna,East,18,8327.56
S05898,C05898,R044,D0676,P001,2025-02-19,2025-02-01,Bhubaneswar,East,14,11198.07
S05899,C05899,R034,D0111,P005,2025-02-03,2025-02-01,Surat,West,12,5374.15
S05900,C05900,R035,D0593,P007,2025-02-27,2025-02-01,Nagpur,West,16,9878.2
S05901,C05901,R011,D0530,P007,2025-02-20,2025-02-01,Nagpur,West,21,12720.65
S05902,C05902,R014,D0752,P001,2025-02-24,2025-02-01,Chennai,South,28,21299.71
S05903,C05903,R032,D0517,P007,2025-02-11,2025-02-01,Pune,West,38,24698.02
S05904,C05904,R058,D0367,P003,2025-02-06,2025-02-01,Surat,West,14,9002.68
S05905,C05905,R065,D0486,P006,2025-02-24,2025-02-01,Coimbatore,South,18,8833.32
S05906,C05906,R025,D0552,P008,2025-02-02,2025-02-01,North Delhi,North,19,5719.31
S05907,C05907,R015,D0767,P001,2025-02-06,2025-02-01,Hyderabad,South,21,16327.02
S05908,C05908,R045,D0669,P003,2025-02-05,2025-02-01,Patna,East,12,7859.7
S05909,C05909,R065,D0053,P007,2025-02-03,2025-02-01,Coimbatore,South,17,10744.43
S05910,C05910,R071,D0404,P002,2025-02-16,2025-02-01,Ranchi,East,18,9121.56
S05911,C05911,R060,D0268,P003,2025-02-07,2025-02-01,Goa,West,36,21758.88
S05912,C05912,R053,D0137,P005,2025-02-28,2025-02-01,Ludhiana,North,26,10850.82
S05913,C05913,R051,D0716,P008,2025-02-27,2025-02-01,Jaipur,North,14,4582.16
S05914,C05914,R060,D0804,P003,2025-02-05,2025-02-01,Goa,West,10,6941.42
S05915,C05915,R057,D0836,P004,2025-02-24,2025-02-01,Ahmedabad,West,17,15851.01
S05916,C05916,R057,D0324,P007,2025-02-02,2025-02-01,Ahmedabad,West,19,11299.37
S05917,C05917,R069,D0293,P001,2025-02-09,2025-02-01,Patna,East,13,10205.96
S05918,C05918,R072,D0610,P003,2025-02-19,2025-02-01,Siliguri,East,12,7030.25
S05919,C05919,R060,D0152,P003,2025-02-06,2025-02-01,Goa,West,18,12841.03
S05920,C05920,R063,D0011,P004,2025-02-03,2025-02-01,Hyderabad,South,22,20712.53
S05921,C05921,R057,D0328,P005,2025-02-05,2025-02-01,Ahmedabad,West,16,7692.66
S05922,C05922,R061,D0483,P002,2025-02-19,2025-02-01,Bengaluru,South,24,12378.31
S05923,C05923,R014,D0412,P004,2025-02-07,2025-02-01,Chennai,South,23,20097.9
S05924,C05924,R052,D0200,P008,2025-02-07,2025-02-01,Lucknow,North,22,6973.07
S05925,C05925,R066,D0405,P007,2025-02-06,2025-02-01,Vijayawada,South,25,16546.47
S05926,C05926,R022,D0802,P008,2025-02-25,2025-02-01,Guwahati,East,12,4032.0
S05927,C05927,R032,D0265,P006,2025-02-25,2025-02-01,Pune,West,23,11620.34
S05928,C05928,R064,D0372,P005,2025-02-23,2025-02-01,Kochi,South,11,5207.9
S05929,C05929,R032,D0300,P002,2025-02-01,2025-02-01,Pune,West,25,12884.61
S05930,C05930,R049,D0259,P002,2025-02-08,2025-02-01,North Delhi,North,25,12565.24
S05931,C05931,R012,D0589,P005,2025-02-25,2025-02-01,Goa,West,40,18336.7
S05932,C05932,R070,D0301,P004,2025-02-16,2025-02-01,Guwahati,East,12,10072.65
S05933,C05933,R036,D0539,P007,2025-02-02,2025-02-01,Goa,West,11,6142.39
S05934,C05934,R026,D0003,P001,2025-02-07,2025-02-01,Chandigarh,North,15,11719.46
S05935,C05935,R021,D0503,P008,2025-02-24,2025-02-01,Patna,East,15,4736.46
S05936,C05936,R038,D0109,P002,2025-02-25,2025-02-01,Chennai,South,31,15895.75
S05937,C05937,R006,D0338,P004,2025-02-12,2025-02-01,Dehradun,North,12,10466.25
S05938,C05938,R062,D0752,P003,2025-02-05,2025-02-01,Chennai,South,22,14794.95
S05939,C05939,R060,D0282,P008,2025-02-03,2025-02-01,Goa,West,36,11389.97
S05940,C05940,R072,D0523,P006,2025-02-07,2025-02-01,Siliguri,East,11,5649.28
S05941,C05941,R005,D0290,P001,2025-02-23,2025-02-01,Ludhiana,North,42,32481.64
S05942,C05942,R033,D0811,P007,2025-02-24,2025-02-01,Ahmedabad,West,33,21871.29
S05943,C05943,R041,D0788,P006,2025-02-08,2025-02-01,Coimbatore,South,14,7614.53
S05944,C05944,R004,D0728,P001,2025-02-28,2025-02-01,Lucknow,North,26,20397.87
S05945,C05945,R013,D0270,P007,2025-02-25,2025-02-01,Bengaluru,South,21,12285.18
S05946,C05946,R048,D0289,P001,2025-02-28,2025-02-01,Siliguri,East,16,12130.31
S05947,C05947,R044,D0596,P004,2025-02-22,2025-02-01,Bhubaneswar,East,26,21645.87
S05948,C05948,R044,D0688,P002,2025-02-17,2025-02-01,Bhubaneswar,East,15,7777.01
S05949,C05949,R043,D0449,P001,2025-02-28,2025-02-01,Kolkata,East,13,10478.66
S05950,C05950,R029,D0718,P005,2025-02-20,2025-02-01,Ludhiana,North,20,8926.93
S05951,C05951,R033,D0791,P006,2025-02-24,2025-02-01,Ahmedabad,West,44,22243.71
S05952,C05952,R066,D0595,P004,2025-02-12,2025-02-01,Vijayawada,South,15,14138.61
S05953,C05953,R002,D0326,P003,2025-02-07,2025-02-01,Chandigarh,North,18,12208.49
S05954,C05954,R068,D0321,P005,2025-02-17,2025-02-01,Bhubaneswar,East,24,11077.99
S05955,C05955,R046,D0392,P002,2025-02-12,2025-02-01,Guwahati,East,12,6443.0
S05956,C05956,R035,D0530,P001,2025-02-10,2025-02-01,Nagpur,West,24,18534.62
S05957,C05957,R028,D0680,P002,2025-02-20,2025-02-01,Lucknow,North,20,11302.82
S05958,C05958,R039,D0208,P001,2025-02-18,2025-02-01,Hyderabad,South,24,18998.84
S05959,C05959,R051,D0159,P007,2025-02-09,2025-02-01,Jaipur,North,25,15054.39
S05960,C05960,R027,D0217,P005,2025-02-07,2025-02-01,Jaipur,North,31,13351.78
S05961,C05961,R001,D0553,P002,2025-02-16,2025-02-01,North Delhi,North,9,4977.3
S05962,C05962,R049,D0157,P005,2025-02-10,2025-02-01,North Delhi,North,15,7018.16
S05963,C05963,R016,D0372,P004,2025-02-07,2025-02-01,Kochi,South,12,9835.07
S05964,C05964,R072,D0178,P001,2025-02-07,2025-02-01,Siliguri,East,12,9287.67
S05965,C05965,R069,D0832,P008,2025-02-19,2025-02-01,Patna,East,17,5531.11
S05966,C05966,R049,D0488,P008,2025-02-12,2025-02-01,North Delhi,North,34,10737.82
S05967,C05967,R017,D0606,P007,2025-02-10,2025-02-01,Coimbatore,South,16,10645.29
S05968,C05968,R034,D0362,P007,2025-02-04,2025-02-01,Surat,West,18,11818.35
S05969,C05969,R024,D0026,P005,2025-02-02,2025-02-01,Siliguri,East,25,10774.33
S05970,C05970,R047,D0224,P007,2025-02-20,2025-02-01,Ranchi,East,30,18072.87
S05971,C05971,R037,D0700,P005,2025-02-28,2025-02-01,Bengaluru,South,14,6751.96
S05972,C05972,R065,D0470,P002,2025-02-10,2025-02-01,Coimbatore,South,24,12905.95
S05973,C05973,R055,D0588,P002,2025-02-24,2025-02-01,Mumbai,West,19,10638.01
S05974,C05974,R012,D0745,P007,2025-02-17,2025-02-01,Goa,West,20,11804.76
S05975,C05975,R015,D0415,P004,2025-02-09,2025-02-01,Hyderabad,South,19,15582.66
S05976,C05976,R020,D0556,P006,2025-02-16,2025-02-01,Bhubaneswar,East,9,4749.1
S05977,C05977,R034,D0122,P002,2025-02-04,2025-02-01,Surat,West,18,9558.53
S05978,C05978,R008,D0257,P004,2025-02-10,2025-02-01,Pune,West,21,21099.35
S05979,C05979,R025,D0094,P001,2025-02-21,2025-02-01,North Delhi,North,17,13883.34
S05980,C05980,R055,D0349,P002,2025-02-24,2025-02-01,Mumbai,West,25,12784.47
S05981,C05981,R060,D0589,P001,2025-02-07,2025-02-01,Goa,West,45,36281.97
S05982,C05982,R024,D0726,P002,2025-02-26,2025-02-01,Siliguri,East,11,5919.03
S05983,C05983,R002,D0333,P005,2025-02-17,2025-02-01,Chandigarh,North,14,6609.27
S05984,C05984,R003,D0594,P001,2025-02-07,2025-02-01,Jaipur,North,24,18042.87
S05985,C05985,R016,D0711,P002,2025-02-22,2025-02-01,Kochi,South,18,9871.68
S05986,C05986,R044,D0636,P006,2025-02-25,2025-02-01,Bhubaneswar,East,13,6981.14
S05987,C05987,R040,D0331,P002,2025-02-08,2025-02-01,Kochi,South,19,10681.9
S05988,C05988,R024,D0180,P005,2025-02-03,2025-02-01,Siliguri,East,28,13584.84
S05989,C05989,R031,D0547,P007,2025-02-08,2025-02-01,Mumbai,West,18,12690.52
S05990,C05990,R066,D0229,P007,2025-02-22,2025-02-01,Vijayawada,South,13,7744.91
S05991,C05991,R040,D0331,P001,2025-02-02,2025-02-01,Kochi,South,19,16157.82
S05992,C05992,R026,D0582,P002,2025-02-09,2025-02-01,Chandigarh,North,11,6027.81
S05993,C05993,R028,D0445,P006,2025-02-09,2025-02-01,Lucknow,North,27,13503.45
S05994,C05994,R019,D0175,P003,2025-02-01,2025-02-01,Kolkata,East,9,5937.83
S05995,C05995,R048,D0050,P004,2025-02-17,2025-02-01,Siliguri,East,24,22324.22
S05996,C05996,R050,D0721,P004,2025-02-23,2025-02-01,Chandigarh,North,20,17472.25
S05997,C05997,R063,D0302,P005,2025-02-05,2025-02-01,Hyderabad,South,11,4564.14
S05998,C05998,R005,D0598,P004,2025-02-25,2025-02-01,Ludhiana,North,25,23184.21
S05999,C05999,R013,D0087,P001,2025-02-27,2025-02-01,Bengaluru,South,19,14988.56
S06000,C06000,R049,D0263,P001,2025-02-25,2025-02-01,North Delhi,North,19,14435.4
S06001,C06001,R038,D0487,P001,2025-02-21,2025-02-01,Chennai,South,14,10231.52
S06002,C06002,R017,D0083,P003,2025-02-13,2025-02-01,Coimbatore,South,10,6734.25
S06003,C06003,R048,D0289,P007,2025-02-06,2025-02-01,Siliguri,East,14,9091.24
S06004,C06004,R059,D0600,P008,2025-02-26,2025-02-01,Nagpur,West,13,3973.5
S06005,C06005,R015,D0585,P004,2025-02-15,2025-02-01,Hyderabad,South,37,33394.31
S06006,C06006,R007,D0391,P001,2025-02-13,2025-02-01,Mumbai,West,16,13861.19
S06007,C06007,R020,D0193,P001,2025-02-11,2025-02-01,Bhubaneswar,East,14,11438.04
S06008,C06008,R010,D0038,P007,2025-02-07,2025-02-01,Surat,West,18,10982.61
S06009,C06009,R011,D0507,P003,2025-02-11,2025-02-01,Nagpur,West,13,8538.89
S06010,C06010,R043,D0586,P008,2025-02-23,2025-02-01,Kolkata,East,14,4375.23
S06011,C06011,R063,D0474,P005,2025-02-16,2025-02-01,Hyderabad,South,22,10161.75
S06012,C06012,R043,D0345,P008,2025-02-12,2025-02-01,Kolkata,East,17,5329.97
S06013,C06013,R009,D0035,P002,2025-02-04,2025-02-01,Ahmedabad,West,27,14392.36
S06014,C06014,R058,D0122,P007,2025-02-12,2025-02-01,Surat,West,22,13349.39
S06015,C06015,R035,D0037,P005,2025-02-07,2025-02-01,Nagpur,West,24,10160.37
S06016,C06016,R040,D0422,P004,2025-02-12,2025-02-01,Kochi,South,22,19454.88
S06017,C06017,R006,D0254,P005,2025-02-05,2025-02-01,Dehradun,North,21,10980.11
S06018,C06018,R061,D0030,P003,2025-02-27,2025-02-01,Bengaluru,South,31,19078.77
S06019,C06019,R020,D0596,P005,2025-02-05,2025-02-01,Bhubaneswar,East,16,7939.94
S06020,C06020,R046,D0262,P007,2025-02-04,2025-02-01,Guwahati,East,23,14800.05
S06021,C06021,R066,D0753,P007,2025-02-19,2025-02-01,Vijayawada,South,19,11994.15
S06022,C06022,R047,D0327,P008,2025-02-10,2025-02-01,Ranchi,East,28,8746.97
S06023,C06023,R023,D0055,P004,2025-02-28,2025-02-01,Ranchi,East,18,16806.9
S06024,C06024,R013,D0604,P007,2025-02-12,2025-02-01,Bengaluru,South,15,10021.63
S06025,C06025,R067,D0631,P008,2025-02-19,2025-02-01,Kolkata,East,28,9480.57
S06026,C06026,R059,D0785,P001,2025-02-24,2025-02-01,Nagpur,West,18,14275.52
S06027,C06027,R046,D0577,P004,2025-02-28,2025-02-01,Guwahati,East,16,14317.08
S06028,C06028,R004,D0285,P006,2025-02-23,2025-02-01,Lucknow,North,34,16864.7
S06029,C06029,R033,D0632,P004,2025-02-17,2025-02-01,Ahmedabad,West,25,22471.9
S06030,C06030,R005,D0731,P001,2025-02-23,2025-02-01,Ludhiana,North,14,11269.75
S06031,C06031,R062,D0468,P006,2025-02-08,2025-02-01,Chennai,South,31,15920.97
S06032,C06032,R050,D0721,P004,2025-02-25,2025-02-01,Chandigarh,North,21,18711.45
S06033,C06033,R054,D0820,P005,2025-02-25,2025-02-01,Dehradun,North,14,6451.8
S06034,C06034,R041,D0606,P001,2025-02-11,2025-02-01,Coimbatore,South,26,22243.44
S06035,C06035,R019,D0449,P001,2025-02-02,2025-02-01,Kolkata,East,19,15026.91
S06036,C06036,R070,D0418,P005,2025-02-20,2025-02-01,Guwahati,East,27,12616.56
S06037,C06037,R002,D0762,P008,2025-02-03,2025-02-01,Chandigarh,North,10,2832.85
S06038,C06038,R038,D0752,P006,2025-02-01,2025-02-01,Chennai,South,34,18267.45
S06039,C06039,R040,D0331,P008,2025-02-27,2025-02-01,Kochi,South,16,5296.83
S06040,C06040,R017,D0018,P007,2025-02-16,2025-02-01,Coimbatore,South,26,16370.23
S06041,C06041,R018,D0644,P003,2025-02-19,2025-02-01,Vijayawada,South,14,9568.48
S06042,C06042,R067,D0172,P001,2025-02-25,2025-02-01,Kolkata,East,19,14193.38
S06043,C06043,R051,D0825,P005,2025-02-27,2025-02-01,Jaipur,North,33,15038.07
S06044,C06044,R021,D0008,P005,2025-02-27,2025-02-01,Patna,East,13,6537.73
S06045,C06045,R037,D0761,P007,2025-02-04,2025-02-01,Bengaluru,South,19,10837.98
S06046,C06046,R003,D0619,P005,2025-02-10,2025-02-01,Jaipur,North,37,15967.38
S06047,C06047,R025,D0263,P008,2025-02-22,2025-02-01,North Delhi,North,17,5068.44
S06048,C06048,R008,D0127,P007,2025-02-01,2025-02-01,Pune,West,25,15188.02
S06049,C06049,R022,D0655,P005,2025-03-08,2025-03-01,Guwahati,East,16,7984.82
S06050,C06050,R071,D0077,P005,2025-03-16,2025-03-01,Ranchi,East,24,11250.35
S06051,C06051,R072,D0057,P001,2025-03-11,2025-03-01,Siliguri,East,17,14049.09
S06052,C06052,R064,D0674,P007,2025-03-06,2025-03-01,Kochi,South,38,20982.8
S06053,C06053,R068,D0638,P006,2025-03-28,2025-03-01,Bhubaneswar,East,20,9823.36
S06054,C06054,R042,D0092,P008,2025-03-14,2025-03-01,Vijayawada,South,28,8700.6
S06055,C06055,R055,D0391,P001,2025-03-13,2025-03-01,Mumbai,West,20,16929.48
S06056,C06056,R068,D0636,P002,2025-03-21,2025-03-01,Bhubaneswar,East,17,9293.01
S06057,C06057,R043,D0562,P006,2025-03-21,2025-03-01,Kolkata,East,9,4602.32
S06058,C06058,R063,D0235,P004,2025-03-16,2025-03-01,Hyderabad,South,32,28905.07
S06059,C06059,R015,D0332,P005,2025-03-28,2025-03-01,Hyderabad,South,23,10509.02
S06060,C06060,R012,D0118,P004,2025-03-10,2025-03-01,Goa,West,14,13763.66
S06061,C06061,R001,D0002,P006,2025-03-27,2025-03-01,North Delhi,North,28,15745.64
S06062,C06062,R029,D0833,P006,2025-03-27,2025-03-01,Ludhiana,North,17,9200.55
S06063,C06063,R016,D0309,P002,2025-03-01,2025-03-01,Kochi,South,16,9119.98
S06064,C06064,R006,D0812,P007,2025-03-24,2025-03-01,Dehradun,North,32,19122.62
S06065,C06065,R068,D0086,P004,2025-03-05,2025-03-01,Bhubaneswar,East,18,16478.52
S06066,C06066,R048,D0738,P005,2025-03-16,2025-03-01,Siliguri,East,23,9575.11
S06067,C06067,R032,D0433,P005,2025-03-29,2025-03-01,Pune,West,22,9955.06
S06068,C06068,R072,D0612,P006,2025-03-07,2025-03-01,Siliguri,East,23,10879.91
S06069,C06069,R072,D0620,P003,2025-03-18,2025-03-01,Siliguri,East,17,11559.1
S06070,C06070,R071,D0284,P001,2025-03-25,2025-03-01,Ranchi,East,36,28083.64
S06071,C06071,R065,D0606,P002,2025-03-15,2025-03-01,Coimbatore,South,19,10706.98
S06072,C06072,R064,D0360,P008,2025-03-03,2025-03-01,Kochi,South,28,9300.01
S06073,C06073,R014,D0653,P002,2025-03-03,2025-03-01,Chennai,South,17,9744.05
S06074,C06074,R052,D0783,P002,2025-03-17,2025-03-01,Lucknow,North,25,13053.33
S06075,C06075,R024,D0612,P007,2025-03-01,2025-03-01,Siliguri,East,21,11725.56
S06076,C06076,R021,D0548,P002,2025-03-01,2025-03-01,Patna,East,10,5952.47
S06077,C06077,R043,D0334,P004,2025-03-30,2025-03-01,Kolkata,East,13,11315.88
S06078,C06078,R058,D0069,P003,2025-03-17,2025-03-01,Surat,West,22,14562.87
S06079,C06079,R027,D0527,P006,2025-03-15,2025-03-01,Jaipur,North,18,9719.95
S06080,C06080,R042,D0092,P005,2025-03-04,2025-03-01,Vijayawada,South,28,12758.81
S06081,C06081,R003,D0527,P005,2025-03-25,2025-03-01,Jaipur,North,28,12210.82
S06082,C06082,R010,D0707,P005,2025-03-16,2025-03-01,Surat,West,27,13799.39
S06083,C06083,R054,D0095,P007,2025-03-07,2025-03-01,Dehradun,North,14,8350.44
S06084,C06084,R057,D0811,P005,2025-03-24,2025-03-01,Ahmedabad,West,14,7069.01
S06085,C06085,R006,D0587,P005,2025-03-08,2025-03-01,Dehradun,North,40,18837.93
S06086,C06086,R040,D0065,P008,2025-03-16,2025-03-01,Kochi,South,17,5743.58
S06087,C06087,R040,D0581,P001,2025-03-18,2025-03-01,Kochi,South,14,11518.86
S06088,C06088,R007,D0010,P007,2025-03-09,2025-03-01,Mumbai,West,24,14419.98
S06089,C06089,R008,D0517,P002,2025-03-28,2025-03-01,Pune,West,29,16217.86
S06090,C06090,R069,D0386,P003,2025-03-22,2025-03-01,Patna,East,14,10203.99
S06091,C06091,R057,D0706,P001,2025-03-09,2025-03-01,Ahmedabad,West,36,30093.31
S06092,C06092,R060,D0318,P005,2025-03-05,2025-03-01,Goa,West,23,11252.25
S06093,C06093,R002,D0151,P007,2025-03-11,2025-03-01,Chandigarh,North,18,11421.0
S06094,C06094,R052,D0291,P004,2025-03-15,2025-03-01,Lucknow,North,27,24049.0
S06095,C06095,R066,D0595,P006,2025-03-18,2025-03-01,Vijayawada,South,13,6384.97
S06096,C06096,R066,D0753,P004,2025-03-13,2025-03-01,Vijayawada,South,12,11594.07
S06097,C06097,R050,D0201,P007,2025-03-02,2025-03-01,Chandigarh,North,13,7751.01
S06098,C06098,R030,D0256,P008,2025-03-21,2025-03-01,Dehradun,North,13,4083.03
S06099,C06099,R027,D0716,P006,2025-03-12,2025-03-01,Jaipur,North,14,7188.44
S06100,C06100,R045,D0234,P003,2025-03-11,2025-03-01,Patna,East,22,13542.58
S06101,C06101,R031,D0292,P007,2025-03-18,2025-03-01,Mumbai,West,25,15056.25
S06102,C06102,R040,D0709,P001,2025-03-26,2025-03-01,Kochi,South,34,25676.18
S06103,C06103,R063,D0377,P008,2025-03-01,2025-03-01,Hyderabad,South,25,7472.87
S06104,C06104,R056,D0502,P007,2025-03-30,2025-03-01,Pune,West,22,12656.87
S06105,C06105,R019,D0446,P006,2025-03-20,2025-03-01,Kolkata,East,20,10242.47
S06106,C06106,R042,D0417,P005,2025-03-17,2025-03-01,Vijayawada,South,42,20414.92
S06107,C06107,R054,D0242,P003,2025-03-02,2025-03-01,Dehradun,North,28,18496.68
S06108,C06108,R063,D0576,P004,2025-03-23,2025-03-01,Hyderabad,South,26,21999.91
S06109,C06109,R002,D0303,P001,2025-03-23,2025-03-01,Chandigarh,North,14,10619.5
S06110,C06110,R046,D0441,P003,2025-03-18,2025-03-01,Guwahati,East,14,9448.19
S06111,C06111,R054,D0167,P005,2025-03-25,2025-03-01,Dehradun,North,12,5866.44
S06112,C06112,R045,D0007,P003,2025-03-26,2025-03-01,Patna,East,6,4171.38
S06113,C06113,R037,D0398,P007,2025-03-27,2025-03-01,Bengaluru,South,42,26067.42
S06114,C06114,R049,D0094,P007,2025-03-11,2025-03-01,North Delhi,North,39,25722.34
S06115,C06115,R027,D0803,P005,2025-03-21,2025-03-01,Jaipur,North,30,13509.94
S06116,C06116,R046,D0821,P003,2025-03-02,2025-03-01,Guwahati,East,15,9372.11
S06117,C06117,R034,D0216,P003,2025-03-18,2025-03-01,Surat,West,26,17008.5
S06118,C06118,R026,D0239,P005,2025-03-05,2025-03-01,Chandigarh,North,25,12288.15
S06119,C06119,R030,D0532,P006,2025-03-10,2025-03-01,Dehradun,North,13,6898.31
S06120,C06120,R055,D0232,P002,2025-03-21,2025-03-01,Mumbai,West,32,18317.03
S06121,C06121,R028,D0680,P004,2025-03-14,2025-03-01,Lucknow,North,24,21382.85
S06122,C06122,R025,D0089,P004,2025-03-27,2025-03-01,North Delhi,North,30,27042.49
S06123,C06123,R060,D0370,P003,2025-03-03,2025-03-01,Goa,West,36,23641.87
S06124,C06124,R056,D0212,P002,2025-03-31,2025-03-01,Pune,West,22,11436.43
S06125,C06125,R013,D0686,P007,2025-03-22,2025-03-01,Bengaluru,South,22,13521.43
S06126,C06126,R019,D0081,P004,2025-03-14,2025-03-01,Kolkata,East,19,16820.38
S06127,C06127,R046,D0392,P005,2025-03-01,2025-03-01,Guwahati,East,18,8128.62
S06128,C06128,R064,D0709,P001,2025-03-02,2025-03-01,Kochi,South,27,21821.96
S06129,C06129,R033,D0380,P003,2025-03-13,2025-03-01,Ahmedabad,West,12,8017.67
S06130,C06130,R058,D0111,P002,2025-03-18,2025-03-01,Surat,West,11,6376.56
S06131,C06131,R060,D0149,P003,2025-03-16,2025-03-01,Goa,West,26,16518.42
S06132,C06132,R044,D0596,P007,2025-03-10,2025-03-01,Bhubaneswar,East,26,15631.63
S06133,C06133,R042,D0074,P005,2025-03-21,2025-03-01,Vijayawada,South,47,19834.4
S06134,C06134,R005,D0290,P008,2025-03-20,2025-03-01,Ludhiana,North,25,7650.81
S06135,C06135,R067,D0526,P004,2025-03-11,2025-03-01,Kolkata,East,18,16618.84
S06136,C06136,R046,D0301,P007,2025-03-11,2025-03-01,Guwahati,East,20,12768.61
S06137,C06137,R045,D0727,P002,2025-03-14,2025-03-01,Patna,East,17,9552.52
S06138,C06138,R072,D0523,P007,2025-03-24,2025-03-01,Siliguri,East,15,9798.17
S06139,C06139,R048,D0097,P005,2025-03-19,2025-03-01,Siliguri,East,18,8554.57
S06140,C06140,R016,D0709,P001,2025-03-04,2025-03-01,Kochi,South,29,22828.72
S06141,C06141,R033,D0835,P006,2025-03-29,2025-03-01,Ahmedabad,West,30,15905.14
S06142,C06142,R068,D0315,P004,2025-03-07,2025-03-01,Bhubaneswar,East,16,13788.14
S06143,C06143,R018,D0253,P001,2025-03-21,2025-03-01,Vijayawada,South,31,22345.76
S06144,C06144,R069,D0283,P007,2025-03-01,2025-03-01,Patna,East,29,17454.45
S06145,C06145,R034,D0271,P005,2025-03-08,2025-03-01,Surat,West,21,9588.83
S06146,C06146,R020,D0509,P005,2025-03-18,2025-03-01,Bhubaneswar,East,13,6051.56
S06147,C06147,R035,D0770,P005,2025-03-27,2025-03-01,Nagpur,West,33,14671.68
S06148,C06148,R061,D0489,P001,2025-03-18,2025-03-01,Bengaluru,South,23,17515.89
S06149,C06149,R010,D0724,P003,2025-03-02,2025-03-01,Surat,West,11,7593.14
S06150,C06150,R022,D0262,P006,2025-03-30,2025-03-01,Guwahati,East,20,9644.95
S06151,C06151,R015,D0387,P003,2025-03-09,2025-03-01,Hyderabad,South,25,16528.18
S06152,C06152,R025,D0089,P008,2025-03-12,2025-03-01,North Delhi,North,26,8117.35
S06153,C06153,R015,D0196,P003,2025-03-04,2025-03-01,Hyderabad,South,28,17042.92
S06154,C06154,R030,D0559,P004,2025-03-22,2025-03-01,Dehradun,North,21,18434.47
S06155,C06155,R005,D0146,P004,2025-03-14,2025-03-01,Ludhiana,North,44,37667.24
S06156,C06156,R035,D0826,P001,2025-03-07,2025-03-01,Nagpur,West,32,24604.58
S06157,C06157,R021,D0215,P007,2025-03-20,2025-03-01,Patna,East,9,5549.17
S06158,C06158,R061,D0075,P002,2025-03-07,2025-03-01,Bengaluru,South,36,17457.62
S06159,C06159,R004,D0599,P004,2025-03-17,2025-03-01,Lucknow,North,18,16955.15
S06160,C06160,R051,D0088,P008,2025-03-21,2025-03-01,Jaipur,North,26,9626.98
S06161,C06161,R018,D0244,P008,2025-03-26,2025-03-01,Vijayawada,South,27,8290.93
S06162,C06162,R049,D0133,P002,2025-03-22,2025-03-01,North Delhi,North,36,18999.29
S06163,C06163,R016,D0545,P004,2025-03-18,2025-03-01,Kochi,South,11,9454.49
S06164,C06164,R027,D0714,P005,2025-03-02,2025-03-01,Jaipur,North,30,13146.41
S06165,C06165,R018,D0135,P006,2025-03-08,2025-03-01,Vijayawada,South,9,5078.31
S06166,C06166,R048,D0348,P003,2025-03-18,2025-03-01,Siliguri,East,18,11775.45
S06167,C06167,R065,D0462,P005,2025-03-17,2025-03-01,Coimbatore,South,26,12456.47
S06168,C06168,R050,D0664,P007,2025-03-17,2025-03-01,Chandigarh,North,17,11050.24
S06169,C06169,R030,D0256,P007,2025-03-23,2025-03-01,Dehradun,North,10,6460.22
S06170,C06170,R052,D0363,P007,2025-03-29,2025-03-01,Lucknow,North,32,20746.23
S06171,C06171,R050,D0375,P008,2025-03-16,2025-03-01,Chandigarh,North,17,5118.77
S06172,C06172,R062,D0014,P007,2025-03-05,2025-03-01,Chennai,South,24,15407.23
S06173,C06173,R053,D0550,P005,2025-03-14,2025-03-01,Ludhiana,North,13,5904.87
S06174,C06174,R039,D0474,P008,2025-03-08,2025-03-01,Hyderabad,South,26,9059.86
S06175,C06175,R043,D0799,P004,2025-03-17,2025-03-01,Kolkata,East,13,11137.41
S06176,C06176,R009,D0424,P006,2025-03-19,2025-03-01,Ahmedabad,West,27,13040.24
S06177,C06177,R042,D0694,P008,2025-03-17,2025-03-01,Vijayawada,South,12,3855.67
S06178,C06178,R063,D0235,P001,2025-03-19,2025-03-01,Hyderabad,South,41,33136.9
S06179,C06179,R021,D0518,P008,2025-03-10,2025-03-01,Patna,East,10,2925.89
S06180,C06180,R022,D0796,P007,2025-03-06,2025-03-01,Guwahati,East,23,13798.71
S06181,C06181,R020,D0273,P008,2025-03-27,2025-03-01,Bhubaneswar,East,17,5162.25
S06182,C06182,R051,D0565,P007,2025-03-13,2025-03-01,Jaipur,North,28,17933.22
S06183,C06183,R049,D0793,P002,2025-03-07,2025-03-01,North Delhi,North,20,10535.16
S06184,C06184,R018,D0408,P003,2025-03-31,2025-03-01,Vijayawada,South,13,9095.42
S06185,C06185,R064,D0746,P001,2025-03-02,2025-03-01,Kochi,South,27,20384.69
S06186,C06186,R034,D0271,P005,2025-03-11,2025-03-01,Surat,West,14,6562.01
S06187,C06187,R070,D0796,P004,2025-03-23,2025-03-01,Guwahati,East,16,13310.18
S06188,C06188,R010,D0426,P004,2025-03-13,2025-03-01,Surat,West,24,21323.43
S06189,C06189,R071,D0364,P006,2025-03-27,2025-03-01,Ranchi,East,21,10163.41
S06190,C06190,R003,D0177,P007,2025-03-12,2025-03-01,Jaipur,North,17,11201.08
S06191,C06191,R038,D0110,P001,2025-03-20,2025-03-01,Chennai,South,34,28042.8
S06192,C06192,R062,D0247,P008,2025-03-14,2025-03-01,Chennai,South,7,2272.59
S06193,C06193,R007,D0661,P003,2025-03-15,2025-03-01,Mumbai,West,22,15317.5
S06194,C06194,R036,D0370,P007,2025-03-16,2025-03-01,Goa,West,19,11343.46
S06195,C06195,R030,D0339,P005,2025-03-31,2025-03-01,Dehradun,North,17,8088.28
S06196,C06196,R017,D0462,P004,2025-03-24,2025-03-01,Coimbatore,South,20,17795.58
S06197,C06197,R028,D0285,P002,2025-03-12,2025-03-01,Lucknow,North,34,18901.61
S06198,C06198,R061,D0686,P002,2025-03-13,2025-03-01,Bengaluru,South,22,11997.5
S06199,C06199,R067,D0345,P006,2025-03-13,2025-03-01,Kolkata,East,20,10209.54
S06200,C06200,R070,D0411,P003,2025-03-23,2025-03-01,Guwahati,East,26,15671.17
S06201,C06201,R009,D0510,P002,2025-03-19,2025-03-01,Ahmedabad,West,28,14688.48
S06202,C06202,R032,D0537,P001,2025-03-17,2025-03-01,Pune,West,20,17073.91
S06203,C06203,R049,D0294,P007,2025-03-14,2025-03-01,North Delhi,North,22,13393.05
S06204,C06204,R023,D0039,P004,2025-03-13,2025-03-01,Ranchi,East,15,12924.16
S06205,C06205,R052,D0557,P003,2025-03-18,2025-03-01,Lucknow,North,17,11290.19
S06206,C06206,R048,D0467,P003,2025-03-26,2025-03-01,Siliguri,East,24,14694.61
S06207,C06207,R064,D0534,P005,2025-03-30,2025-03-01,Kochi,South,12,5410.83
S06208,C06208,R041,D0486,P004,2025-03-02,2025-03-01,Coimbatore,South,26,23446.65
S06209,C06209,R011,D0485,P005,2025-03-08,2025-03-01,Nagpur,West,27,12775.39
S06210,C06210,R008,D0817,P003,2025-03-22,2025-03-01,Pune,West,28,18872.87
S06211,C06211,R068,D0086,P003,2025-03-05,2025-03-01,Bhubaneswar,East,17,12113.37
S06212,C06212,R020,D0099,P007,2025-03-19,2025-03-01,Bhubaneswar,East,21,12429.38
S06213,C06213,R017,D0788,P004,2025-03-14,2025-03-01,Coimbatore,South,14,11573.09
S06214,C06214,R001,D0792,P008,2025-03-06,2025-03-01,North Delhi,North,12,3786.13
S06215,C06215,R041,D0452,P007,2025-03-16,2025-03-01,Coimbatore,South,26,15474.23
S06216,C06216,R033,D0495,P006,2025-03-16,2025-03-01,Ahmedabad,West,22,11368.19
S06217,C06217,R029,D0421,P005,2025-03-23,2025-03-01,Ludhiana,North,18,8192.74
S06218,C06218,R070,D0848,P007,2025-03-26,2025-03-01,Guwahati,East,13,8017.57
S06219,C06219,R047,D0340,P001,2025-03-30,2025-03-01,Ranchi,East,15,11805.44
S06220,C06220,R070,D0637,P004,2025-03-14,2025-03-01,Guwahati,East,31,28917.43
S06221,C06221,R039,D0235,P006,2025-03-22,2025-03-01,Hyderabad,South,35,17906.31
S06222,C06222,R001,D0299,P001,2025-03-25,2025-03-01,North Delhi,North,15,11864.49
S06223,C06223,R041,D0531,P002,2025-03-31,2025-03-01,Coimbatore,South,30,17704.67
S06224,C06224,R053,D0382,P001,2025-03-21,2025-03-01,Ludhiana,North,27,19415.92
S06225,C06225,R017,D0018,P004,2025-03-08,2025-03-01,Coimbatore,South,15,13522.58
S06226,C06226,R004,D0169,P005,2025-03-11,2025-03-01,Lucknow,North,20,9181.56
S06227,C06227,R063,D0764,P004,2025-03-07,2025-03-01,Hyderabad,South,36,32237.43
S06228,C06228,R072,D0312,P001,2025-03-07,2025-03-01,Siliguri,East,8,6444.47
S06229,C06229,R053,D0090,P004,2025-03-10,2025-03-01,Ludhiana,North,12,10274.83
S06230,C06230,R045,D0801,P008,2025-03-16,2025-03-01,Patna,East,19,5929.36
S06231,C06231,R019,D0799,P001,2025-03-25,2025-03-01,Kolkata,East,26,21100.44
S06232,C06232,R028,D0356,P007,2025-03-10,2025-03-01,Lucknow,North,19,11543.15
S06233,C06233,R034,D0426,P003,2025-03-06,2025-03-01,Surat,West,31,19554.78
S06234,C06234,R013,D0660,P001,2025-03-04,2025-03-01,Bengaluru,South,18,14644.6
S06235,C06235,R062,D0022,P001,2025-03-07,2025-03-01,Chennai,South,35,28265.59
S06236,C06236,R034,D0197,P001,2025-03-14,2025-03-01,Surat,West,14,11046.07
S06237,C06237,R060,D0506,P004,2025-03-13,2025-03-01,Goa,West,20,18228.89
S06238,C06238,R047,D0447,P004,2025-03-13,2025-03-01,Ranchi,East,8,7345.92
S06239,C06239,R067,D0220,P005,2025-03-10,2025-03-01,Kolkata,East,12,5513.85
S06240,C06240,R059,D0028,P001,2025-03-15,2025-03-01,Nagpur,West,24,19072.94
S06241,C06241,R017,D0788,P006,2025-03-21,2025-03-01,Coimbatore,South,9,4331.87
S06242,C06242,R045,D0499,P006,2025-03-02,2025-03-01,Patna,East,13,6583.59
S06243,C06243,R001,D0666,P001,2025-03-28,2025-03-01,North Delhi,North,12,9842.64
S06244,C06244,R044,D0443,P006,2025-03-10,2025-03-01,Bhubaneswar,East,19,10787.1
S06245,C06245,R059,D0485,P001,2025-03-05,2025-03-01,Nagpur,West,26,20472.52
S06246,C06246,R024,D0385,P004,2025-03-06,2025-03-01,Siliguri,East,12,10232.89
S06247,C06247,R038,D0381,P006,2025-03-17,2025-03-01,Chennai,South,25,12566.41
S06248,C06248,R053,D0647,P007,2025-03-17,2025-03-01,Ludhiana,North,29,16465.05
S06249,C06249,R011,D0845,P005,2025-03-03,2025-03-01,Nagpur,West,23,10970.31
S06250,C06250,R020,D0684,P004,2025-03-16,2025-03-01,Bhubaneswar,East,11,9845.07
S06251,C06251,R013,D0601,P007,2025-03-07,2025-03-01,Bengaluru,South,23,13406.37
S06252,C06252,R015,D0004,P002,2025-03-29,2025-03-01,Hyderabad,South,21,11269.43
S06253,C06253,R010,D0362,P002,2025-03-10,2025-03-01,Surat,West,15,8412.77
S06254,C06254,R060,D0813,P004,2025-03-31,2025-03-01,Goa,West,31,27751.96
S06255,C06255,R049,D0346,P001,2025-03-18,2025-03-01,North Delhi,North,20,15115.2
S06256,C06256,R005,D0497,P001,2025-03-30,2025-03-01,Ludhiana,North,31,25497.46
S06257,C06257,R025,D0263,P003,2025-03-18,2025-03-01,North Delhi,North,37,24920.89
S06258,C06258,R062,D0115,P002,2025-03-04,2025-03-01,Chennai,South,17,8859.49
S06259,C06259,R020,D0638,P006,2025-03-20,2025-03-01,Bhubaneswar,East,18,9222.34
S06260,C06260,R004,D0276,P005,2025-03-15,2025-03-01,Lucknow,North,27,11148.41
S06261,C06261,R011,D0530,P004,2025-03-26,2025-03-01,Nagpur,West,21,18995.43
S06262,C06262,R057,D0541,P004,2025-03-13,2025-03-01,Ahmedabad,West,12,12208.26
S06263,C06263,R005,D0742,P001,2025-03-06,2025-03-01,Ludhiana,North,27,22279.43
S06264,C06264,R029,D0828,P004,2025-03-04,2025-03-01,Ludhiana,North,18,15936.06
S06265,C06265,R003,D0564,P001,2025-03-24,2025-03-01,Jaipur,North,25,19804.35
S06266,C06266,R033,D0061,P003,2025-03-08,2025-03-01,Ahmedabad,West,27,18361.1
S06267,C06267,R071,D0472,P006,2025-03-21,2025-03-01,Ranchi,East,22,11597.08
S06268,C06268,R046,D0736,P008,2025-03-05,2025-03-01,Guwahati,East,19,6063.46
S06269,C06269,R016,D0422,P003,2025-03-03,2025-03-01,Kochi,South,16,9441.7
S06270,C06270,R058,D0409,P003,2025-03-23,2025-03-01,Surat,West,19,12359.17
S06271,C06271,R004,D0584,P006,2025-03-11,2025-03-01,Lucknow,North,30,14889.11
S06272,C06272,R025,D0388,P008,2025-03-18,2025-03-01,North Delhi,North,14,4471.15
S06273,C06273,R012,D0361,P003,2025-03-01,2025-03-01,Goa,West,15,9558.5
S06274,C06274,R014,D0412,P007,2025-03-06,2025-03-01,Chennai,South,26,16388.46
S06275,C06275,R002,D0762,P003,2025-03-03,2025-03-01,Chandigarh,North,9,6559.92
S06276,C06276,R022,D0418,P006,2025-03-09,2025-03-01,Guwahati,East,30,16091.65
S06277,C06277,R032,D0366,P002,2025-03-09,2025-03-01,Pune,West,21,11334.29
S06278,C06278,R042,D0414,P003,2025-03-12,2025-03-01,Vijayawada,South,32,22781.48
S06279,C06279,R056,D0621,P008,2025-03-08,2025-03-01,Pune,West,19,6384.62
S06280,C06280,R048,D0726,P004,2025-03-15,2025-03-01,Siliguri,East,14,12950.64
S06281,C06281,R038,D0752,P001,2025-03-28,2025-03-01,Chennai,South,28,21278.01
S06282,C06282,R039,D0695,P007,2025-03-03,2025-03-01,Hyderabad,South,18,10932.04
S06283,C06283,R007,D0661,P002,2025-03-28,2025-03-01,Mumbai,West,30,16720.33
S06284,C06284,R024,D0385,P001,2025-03-13,2025-03-01,Siliguri,East,23,19926.11
S06285,C06285,R013,D0252,P007,2025-03-18,2025-03-01,Bengaluru,South,18,11800.8
S06286,C06286,R031,D0536,P003,2025-03-21,2025-03-01,Mumbai,West,22,14991.75
S06287,C06287,R040,D0581,P002,2025-03-23,2025-03-01,Kochi,South,15,8188.4
S06288,C06288,R065,D0470,P008,2025-03-30,2025-03-01,Coimbatore,South,18,5996.23
S06289,C06289,R051,D0177,P003,2025-03-31,2025-03-01,Jaipur,North,28,19027.1
S06290,C06290,R036,D0047,P006,2025-03-04,2025-03-01,Goa,West,28,15415.18
S06291,C06291,R070,D0063,P003,2025-03-13,2025-03-01,Guwahati,East,12,7509.49
S06292,C06292,R057,D0328,P005,2025-03-17,2025-03-01,Ahmedabad,West,27,12477.23
S06293,C06293,R065,D0617,P006,2025-03-17,2025-03-01,Coimbatore,South,23,12209.12
S06294,C06294,R026,D0721,P007,2025-03-31,2025-03-01,Chandigarh,North,14,9173.55
S06295,C06295,R040,D0674,P004,2025-03-21,2025-03-01,Kochi,South,30,29385.39
S06296,C06296,R069,D0548,P005,2025-03-13,2025-03-01,Patna,East,8,3422.71
S06297,C06297,R009,D0035,P007,2025-03-29,2025-03-01,Ahmedabad,West,23,13568.44
S06298,C06298,R053,D0816,P007,2025-03-23,2025-03-01,Ludhiana,North,24,14633.38
S06299,C06299,R006,D0820,P006,2025-03-25,2025-03-01,Dehradun,North,23,11038.64
S06300,C06300,R055,D0749,P004,2025-03-20,2025-03-01,Mumbai,West,10,9668.5
S06301,C06301,R018,D0369,P005,2025-03-02,2025-03-01,Vijayawada,South,20,9285.22
S06302,C06302,R055,D0267,P008,2025-03-31,2025-03-01,Mumbai,West,25,8494.0
S06303,C06303,R015,D0767,P002,2025-03-23,2025-03-01,Hyderabad,South,21,11274.63
S06304,C06304,R067,D0125,P006,2025-03-05,2025-03-01,Kolkata,East,12,6263.85
S06305,C06305,R059,D0687,P007,2025-03-08,2025-03-01,Nagpur,West,18,10265.19
S06306,C06306,R021,D0807,P004,2025-03-11,2025-03-01,Patna,East,9,7610.64
S06307,C06307,R071,D0763,P007,2025-03-08,2025-03-01,Ranchi,East,14,8122.27
S06308,C06308,R028,D0358,P004,2025-03-20,2025-03-01,Lucknow,North,12,9798.51
S06309,C06309,R023,D0737,P007,2025-03-17,2025-03-01,Ranchi,East,22,14150.06
S06310,C06310,R028,D0658,P006,2025-03-07,2025-03-01,Lucknow,North,20,10224.01
S06311,C06311,R036,D0815,P001,2025-03-22,2025-03-01,Goa,West,21,17296.5
S06312,C06312,R056,D0371,P007,2025-03-09,2025-03-01,Pune,West,19,11558.41
S06313,C06313,R037,D0483,P006,2025-03-05,2025-03-01,Bengaluru,South,31,16749.02
S06314,C06314,R041,D0630,P002,2025-03-30,2025-03-01,Coimbatore,South,21,11915.37
S06315,C06315,R050,D0201,P006,2025-03-10,2025-03-01,Chandigarh,North,14,7118.32
S06316,C06316,R068,D0315,P005,2025-03-08,2025-03-01,Bhubaneswar,East,21,9785.42
S06317,C06317,R021,D0283,P008,2025-03-23,2025-03-01,Patna,East,17,5552.51
S06318,C06318,R066,D0253,P003,2025-03-24,2025-03-01,Vijayawada,South,25,17470.84
S06319,C06319,R029,D0718,P003,2025-03-05,2025-03-01,Ludhiana,North,14,9253.22
S06320,C06320,R006,D0812,P001,2025-03-02,2025-03-01,Dehradun,North,28,22296.6
S06321,C06321,R019,D0081,P007,2025-03-27,2025-03-01,Kolkata,East,15,8502.67
S06322,C06322,R002,D0261,P008,2025-03-16,2025-03-01,Chandigarh,North,9,2761.85
S06323,C06323,R035,D0785,P006,2025-03-15,2025-03-01,Nagpur,West,22,10842.32
S06324,C06324,R043,D0524,P003,2025-03-14,2025-03-01,Kolkata,East,14,9506.72
S06325,C06325,R017,D0163,P008,2025-03-19,2025-03-01,Coimbatore,South,21,6503.78
S06326,C06326,R031,D0543,P003,2025-03-21,2025-03-01,Mumbai,West,32,21303.83
S06327,C06327,R031,D0768,P006,2025-03-03,2025-03-01,Mumbai,West,32,16235.16
S06328,C06328,R008,D0402,P005,2025-03-09,2025-03-01,Pune,West,26,11997.73
S06329,C06329,R005,D0444,P007,2025-03-30,2025-03-01,Ludhiana,North,37,23617.01
S06330,C06330,R026,D0628,P008,2025-03-06,2025-03-01,Chandigarh,North,27,8736.72
S06331,C06331,R014,D0693,P003,2025-03-29,2025-03-01,Chennai,South,16,10459.38
S06332,C06332,R026,D0479,P001,2025-03-13,2025-03-01,Chandigarh,North,25,19951.11
S06333,C06333,R008,D0817,P002,2025-03-06,2025-03-01,Pune,West,33,19312.44
S06334,C06334,R034,D0566,P006,2025-03-19,2025-03-01,Surat,West,19,9744.18
S06335,C06335,R039,D0332,P003,2025-03-21,2025-03-01,Hyderabad,South,7,4337.31
S06336,C06336,R025,D0488,P002,2025-03-11,2025-03-01,North Delhi,North,32,16143.6
S06337,C06337,R031,D0588,P007,2025-03-25,2025-03-01,Mumbai,West,37,22253.61
S06338,C06338,R058,D0044,P006,2025-03-02,2025-03-01,Surat,West,16,7694.71
S06339,C06339,R035,D0240,P002,2025-03-04,2025-03-01,Nagpur,West,36,17114.77
S06340,C06340,R014,D0190,P006,2025-03-20,2025-03-01,Chennai,South,20,10050.75
S06341,C06341,R005,D0731,P006,2025-03-18,2025-03-01,Ludhiana,North,28,14551.78
S06342,C06342,R014,D0685,P008,2025-03-22,2025-03-01,Chennai,South,30,10264.26
S06343,C06343,R023,D0733,P008,2025-03-27,2025-03-01,Ranchi,East,24,7673.24
S06344,C06344,R054,D0095,P008,2025-03-29,2025-03-01,Dehradun,North,19,6174.18
S06345,C06345,R012,D0268,P008,2025-03-16,2025-03-01,Goa,West,23,7549.75
S06346,C06346,R031,D0350,P007,2025-03-16,2025-03-01,Mumbai,West,36,22050.93
S06347,C06347,R044,D0034,P006,2025-03-29,2025-03-01,Bhubaneswar,East,14,6901.71
S06348,C06348,R037,D0199,P005,2025-03-30,2025-03-01,Bengaluru,South,26,13258.32
S06349,C06349,R012,D0361,P007,2025-03-02,2025-03-01,Goa,West,15,8697.86
S06350,C06350,R027,D0773,P008,2025-03-16,2025-03-01,Jaipur,North,25,8166.56
S06351,C06351,R032,D0188,P001,2025-03-29,2025-03-01,Pune,West,23,17240.4
S06352,C06352,R032,D0659,P002,2025-03-02,2025-03-01,Pune,West,26,14119.25
S06353,C06353,R015,D0743,P004,2025-03-31,2025-03-01,Hyderabad,South,15,13623.33
S06354,C06354,R020,D0273,P003,2025-03-24,2025-03-01,Bhubaneswar,East,22,14373.3
S06355,C06355,R021,D0213,P005,2025-03-05,2025-03-01,Patna,East,17,7345.52
S06356,C06356,R047,D0340,P003,2025-03-20,2025-03-01,Ranchi,East,17,11025.12
S06357,C06357,R054,D0820,P007,2025-03-14,2025-03-01,Dehradun,North,18,11597.12
S06358,C06358,R066,D0618,P008,2025-03-11,2025-03-01,Vijayawada,South,18,5327.39
S06359,C06359,R023,D0843,P003,2025-03-20,2025-03-01,Ranchi,East,12,8565.83
S06360,C06360,R013,D0251,P007,2025-03-23,2025-03-01,Bengaluru,South,36,22064.16
S06361,C06361,R027,D0773,P001,2025-03-28,2025-03-01,Jaipur,North,24,19389.01
S06362,C06362,R050,D0829,P007,2025-03-13,2025-03-01,Chandigarh,North,21,12134.91
S06363,C06363,R017,D0491,P006,2025-03-05,2025-03-01,Coimbatore,South,9,4555.8
S06364,C06364,R072,D0097,P006,2025-03-27,2025-03-01,Siliguri,East,18,8874.3
S06365,C06365,R052,D0245,P004,2025-03-11,2025-03-01,Lucknow,North,15,13547.13
S06366,C06366,R024,D0096,P001,2025-03-24,2025-03-01,Siliguri,East,13,9586.42
S06367,C06367,R051,D0690,P007,2025-03-25,2025-03-01,Jaipur,North,18,10639.33
S06368,C06368,R047,D0280,P001,2025-03-02,2025-03-01,Ranchi,East,30,25818.94
S06369,C06369,R048,D0568,P004,2025-03-13,2025-03-01,Siliguri,East,24,22050.89
S06370,C06370,R023,D0224,P002,2025-03-03,2025-03-01,Ranchi,East,30,16507.64
S06371,C06371,R064,D0831,P007,2025-03-19,2025-03-01,Kochi,South,18,11179.65
S06372,C06372,R006,D0665,P005,2025-03-25,2025-03-01,Dehradun,North,16,7896.78
S06373,C06373,R028,D0286,P005,2025-03-18,2025-03-01,Lucknow,North,16,7313.43
S06374,C06374,R047,D0364,P003,2025-03-11,2025-03-01,Ranchi,East,17,11745.36
S06375,C06375,R066,D0064,P007,2025-03-31,2025-03-01,Vijayawada,South,23,12374.41
S06376,C06376,R014,D0109,P002,2025-03-03,2025-03-01,Chennai,South,51,27374.89
S06377,C06377,R038,D0786,P006,2025-03-05,2025-03-01,Chennai,South,31,15565.72
S06378,C06378,R024,D0612,P008,2025-03-12,2025-03-01,Siliguri,East,23,7167.05
S06379,C06379,R039,D0743,P003,2025-03-30,2025-03-01,Hyderabad,South,17,11634.79
S06380,C06380,R061,D0489,P006,2025-03-28,2025-03-01,Bengaluru,South,21,10637.96
S06381,C06381,R058,D0122,P003,2025-03-18,2025-03-01,Surat,West,25,16367.35
S06382,C06382,R032,D0171,P008,2025-03-30,2025-03-01,Pune,West,33,10145.97
S06383,C06383,R009,D0677,P008,2025-03-29,2025-03-01,Ahmedabad,West,21,6587.75
S06384,C06384,R060,D0282,P003,2025-03-19,2025-03-01,Goa,West,31,18406.94
S06385,C06385,R011,D0028,P002,2025-03-04,2025-03-01,Nagpur,West,15,7972.22
S06386,C06386,R004,D0005,P001,2025-03-28,2025-03-01,Lucknow,North,20,14496.2
S06387,C06387,R003,D0564,P006,2025-03-20,2025-03-01,Jaipur,North,42,23074.33
S06388,C06388,R069,D0727,P008,2025-03-05,2025-03-01,Patna,East,19,6303.04
S06389,C06389,R051,D0230,P002,2025-03-27,2025-03-01,Jaipur,North,15,8469.76
S06390,C06390,R057,D0841,P007,2025-03-13,2025-03-01,Ahmedabad,West,13,7406.29
S06391,C06391,R046,D0301,P007,2025-03-25,2025-03-01,Guwahati,East,20,12711.23
S06392,C06392,R018,D0522,P004,2025-03-09,2025-03-01,Vijayawada,South,16,13764.95
S06393,C06393,R016,D0331,P002,2025-03-01,2025-03-01,Kochi,South,13,7117.16
S06394,C06394,R039,D0494,P006,2025-03-15,2025-03-01,Hyderabad,South,43,21725.3
S06395,C06395,R041,D0323,P005,2025-03-15,2025-03-01,Coimbatore,South,19,8137.54
S06396,C06396,R037,D0663,P007,2025-03-27,2025-03-01,Bengaluru,South,39,22555.84
S06397,C06397,R069,D0311,P005,2025-03-04,2025-03-01,Patna,East,15,7127.46
S06398,C06398,R003,D0071,P001,2025-03-29,2025-03-01,Jaipur,North,19,15284.96
S06399,C06399,R019,D0172,P002,2025-03-05,2025-03-01,Kolkata,East,14,7041.24
S06400,C06400,R059,D0357,P004,2025-03-29,2025-03-01,Nagpur,West,17,15989.9
S06401,C06401,R063,D0374,P004,2025-03-22,2025-03-01,Hyderabad,South,15,13095.26
S06402,C06402,R035,D0269,P003,2025-03-12,2025-03-01,Nagpur,West,23,14206.9
S06403,C06403,R016,D0508,P008,2025-03-30,2025-03-01,Kochi,South,25,7780.33
S06404,C06404,R001,D0819,P003,2025-03-12,2025-03-01,North Delhi,North,25,15381.76
S06405,C06405,R008,D0622,P006,2025-03-20,2025-03-01,Pune,West,20,9830.05
S06406,C06406,R067,D0220,P003,2025-03-01,2025-03-01,Kolkata,East,11,7086.39
S06407,C06407,R007,D0579,P008,2025-03-04,2025-03-01,Mumbai,West,22,7221.59
S06408,C06408,R070,D0821,P008,2025-03-11,2025-03-01,Guwahati,East,14,4662.04
S06409,C06409,R022,D0174,P007,2025-03-08,2025-03-01,Guwahati,East,10,6424.23
S06410,C06410,R065,D0163,P007,2025-03-08,2025-03-01,Coimbatore,South,23,14581.51
S06411,C06411,R044,D0086,P006,2025-03-12,2025-03-01,Bhubaneswar,East,30,13843.96
S06412,C06412,R002,D0762,P005,2025-03-19,2025-03-01,Chandigarh,North,12,5121.21
S06413,C06413,R036,D0766,P005,2025-03-04,2025-03-01,Goa,West,30,14557.54
S06414,C06414,R026,D0329,P001,2025-03-24,2025-03-01,Chandigarh,North,15,11427.32
S06415,C06415,R038,D0752,P008,2025-03-27,2025-03-01,Chennai,South,29,9215.69
S06416,C06416,R059,D0574,P008,2025-03-26,2025-03-01,Nagpur,West,18,5942.18
S06417,C06417,R055,D0842,P005,2025-03-07,2025-03-01,Mumbai,West,44,21545.92
S06418,C06418,R062,D0754,P007,2025-03-28,2025-03-01,Chennai,South,20,12486.73
S06419,C06419,R054,D0820,P004,2025-03-05,2025-03-01,Dehradun,North,17,14479.5
S06420,C06420,R057,D0324,P001,2025-03-04,2025-03-01,Ahmedabad,West,29,21239.79
S06421,C06421,R010,D0426,P007,2025-03-23,2025-03-01,Surat,West,37,21361.98
S06422,C06422,R010,D0111,P005,2025-03-24,2025-03-01,Surat,West,17,8298.8
S06423,C06423,R067,D0772,P008,2025-03-04,2025-03-01,Kolkata,East,26,8677.97
S06424,C06424,R009,D0277,P002,2025-03-13,2025-03-01,Ahmedabad,West,17,9201.12
S06425,C06425,R036,D0370,P004,2025-03-13,2025-03-01,Goa,West,24,19837.86
S06426,C06426,R055,D0543,P006,2025-03-23,2025-03-01,Mumbai,West,13,6925.67
S06427,C06427,R043,D0698,P002,2025-03-16,2025-03-01,Kolkata,East,11,5996.22
S06428,C06428,R037,D0614,P008,2025-03-19,2025-03-01,Bengaluru,South,22,6770.15
S06429,C06429,R008,D0817,P005,2025-03-03,2025-03-01,Pune,West,25,11468.83
S06430,C06430,R044,D0646,P002,2025-03-31,2025-03-01,Bhubaneswar,East,17,9412.71
S06431,C06431,R026,D0721,P006,2025-03-18,2025-03-01,Chandigarh,North,21,10471.41
S06432,C06432,R019,D0471,P008,2025-03-21,2025-03-01,Kolkata,East,24,7282.1
S06433,C06433,R059,D0397,P003,2025-03-15,2025-03-01,Nagpur,West,33,21985.66
S06434,C06434,R053,D0824,P005,2025-03-08,2025-03-01,Ludhiana,North,27,12576.5
S06435,C06435,R003,D0230,P006,2025-03-21,2025-03-01,Jaipur,North,23,10619.36
S06436,C06436,R040,D0529,P002,2025-03-09,2025-03-01,Kochi,South,20,10761.11
S06437,C06437,R022,D0228,P005,2025-03-07,2025-03-01,Guwahati,East,31,13659.29
S06438,C06438,R029,D0444,P005,2025-03-18,2025-03-01,Ludhiana,North,23,10832.16
S06439,C06439,R001,D0299,P003,2025-03-12,2025-03-01,North Delhi,North,25,15094.62
S06440,C06440,R013,D0199,P003,2025-03-28,2025-03-01,Bengaluru,South,40,24718.64
S06441,C06441,R033,D0765,P006,2025-03-21,2025-03-01,Ahmedabad,West,19,8554.68
S06442,C06442,R025,D0672,P007,2025-03-12,2025-03-01,North Delhi,North,22,13698.42
S06443,C06443,R062,D0597,P004,2025-03-02,2025-03-01,Chennai,South,10,8233.02
S06444,C06444,R058,D0068,P002,2025-03-11,2025-03-01,Surat,West,19,9579.64
S06445,C06445,R052,D0204,P007,2025-03-04,2025-03-01,Lucknow,North,26,15787.71
S06446,C06446,R033,D0207,P002,2025-03-07,2025-03-01,Ahmedabad,West,27,14463.83
S06447,C06447,R007,D0588,P001,2025-03-09,2025-03-01,Mumbai,West,25,20120.99
S06448,C06448,R061,D0761,P003,2025-03-21,2025-03-01,Bengaluru,South,25,17108.55
S06449,C06449,R012,D0318,P007,2025-03-04,2025-03-01,Goa,West,15,9667.07
S06450,C06450,R071,D0280,P007,2025-03-06,2025-03-01,Ranchi,East,17,11207.19
S06451,C06451,R023,D0447,P003,2025-03-02,2025-03-01,Ranchi,East,27,18749.01
S06452,C06452,R049,D0849,P005,2025-03-29,2025-03-01,North Delhi,North,19,8885.33
S06453,C06453,R009,D0317,P008,2025-03-31,2025-03-01,Ahmedabad,West,33,10674.77
S06454,C06454,R036,D0164,P006,2025-03-10,2025-03-01,Goa,West,22,11565.93
S06455,C06455,R029,D0466,P007,2025-03-15,2025-03-01,Ludhiana,North,15,8225.45
S06456,C06456,R030,D0812,P001,2025-03-10,2025-03-01,Dehradun,North,22,17027.29
S06457,C06457,R044,D0646,P002,2025-03-17,2025-03-01,Bhubaneswar,East,16,7850.58
S06458,C06458,R051,D0527,P001,2025-03-18,2025-03-01,Jaipur,North,25,18783.46
S06459,C06459,R037,D0614,P008,2025-03-08,2025-03-01,Bengaluru,South,35,10373.5
S06460,C06460,R047,D0029,P003,2025-03-20,2025-03-01,Ranchi,East,41,27586.16
S06461,C06461,R004,D0584,P004,2025-03-01,2025-03-01,Lucknow,North,25,22918.73
S06462,C06462,R041,D0053,P005,2025-03-20,2025-03-01,Coimbatore,South,20,9759.41
S06463,C06463,R011,D0390,P005,2025-03-24,2025-03-01,Nagpur,West,19,8317.25
S06464,C06464,R002,D0303,P001,2025-03-02,2025-03-01,Chandigarh,North,12,9052.17
S06465,C06465,R011,D0593,P008,2025-03-23,2025-03-01,Nagpur,West,19,6409.16
S06466,C06466,R069,D0213,P004,2025-03-23,2025-03-01,Patna,East,15,13008.22
S06467,C06467,R056,D0257,P008,2025-03-31,2025-03-01,Pune,West,35,10797.55
S06468,C06468,R006,D0794,P007,2025-03-25,2025-03-01,Dehradun,North,22,13898.14
S06469,C06469,R061,D0308,P006,2025-03-01,2025-03-01,Bengaluru,South,29,15173.51
S06470,C06470,R056,D0623,P006,2025-03-03,2025-03-01,Pune,West,20,10688.13
S06471,C06471,R038,D0473,P008,2025-03-05,2025-03-01,Chennai,South,21,6882.06
S06472,C06472,R050,D0628,P003,2025-03-19,2025-03-01,Chandigarh,North,43,27820.7
S06473,C06473,R024,D0523,P003,2025-03-23,2025-03-01,Siliguri,East,27,19044.46
S06474,C06474,R007,D0579,P006,2025-03-21,2025-03-01,Mumbai,West,28,14910.64
S06475,C06475,R035,D0770,P002,2025-03-11,2025-03-01,Nagpur,West,25,13488.43
S06476,C06476,R065,D0617,P007,2025-03-07,2025-03-01,Coimbatore,South,18,11466.55
S06477,C06477,R066,D0244,P001,2025-03-02,2025-03-01,Vijayawada,South,19,14810.1
S06478,C06478,R043,D0125,P008,2025-03-12,2025-03-01,Kolkata,East,8,2441.3
S06479,C06479,R012,D0804,P003,2025-03-10,2025-03-01,Goa,West,15,9954.79
S06480,C06480,R045,D0248,P001,2025-03-10,2025-03-01,Patna,East,14,11971.77
S06481,C06481,R040,D0344,P005,2025-04-03,2025-04-01,Kochi,South,12,5807.44
S06482,C06482,R008,D0171,P003,2025-04-09,2025-04-01,Pune,West,20,13474.52
S06483,C06483,R046,D0451,P003,2025-04-26,2025-04-01,Guwahati,East,22,13869.05
S06484,C06484,R056,D0477,P004,2025-04-08,2025-04-01,Pune,West,19,15909.95
S06485,C06485,R001,D0751,P005,2025-04-27,2025-04-01,North Delhi,North,19,8633.2
S06486,C06486,R048,D0580,P002,2025-04-03,2025-04-01,Siliguri,East,23,12042.75
S06487,C06487,R070,D0590,P001,2025-04-20,2025-04-01,Guwahati,East,18,14052.45
S06488,C06488,R014,D0469,P004,2025-04-04,2025-04-01,Chennai,South,19,17037.58
S06489,C06489,R050,D0762,P003,2025-04-12,2025-04-01,Chandigarh,North,21,12874.17
S06490,C06490,R006,D0837,P005,2025-04-29,2025-04-01,Dehradun,North,24,10577.44
S06491,C06491,R060,D0766,P006,2025-04-24,2025-04-01,Goa,West,30,15028.76
S06492,C06492,R013,D0252,P005,2025-04-16,2025-04-01,Bengaluru,South,26,12220.89
S06493,C06493,R044,D0330,P001,2025-04-19,2025-04-01,Bhubaneswar,East,16,12775.56
S06494,C06494,R071,D0029,P008,2025-04-20,2025-04-01,Ranchi,East,38,11531.69
S06495,C06495,R053,D0846,P006,2025-04-24,2025-04-01,Ludhiana,North,23,11011.68
S06496,C06496,R003,D0656,P001,2025-04-18,2025-04-01,Jaipur,North,19,14118.61
S06497,C06497,R003,D0803,P007,2025-04-16,2025-04-01,Jaipur,North,38,24103.16
S06498,C06498,R051,D0671,P008,2025-04-03,2025-04-01,Jaipur,North,29,9060.16
S06499,C06499,R057,D0380,P005,2025-04-29,2025-04-01,Ahmedabad,West,12,5549.37
S06500,C06500,R036,D0145,P007,2025-04-17,2025-04-01,Goa,West,27,16813.46
S06501,C06501,R029,D0013,P008,2025-04-09,2025-04-01,Ludhiana,North,22,7472.11
S06502,C06502,R062,D0653,P008,2025-04-05,2025-04-01,Chennai,South,8,2403.77
S06503,C06503,R070,D0228,P008,2025-04-19,2025-04-01,Guwahati,East,27,9163.96
S06504,C06504,R055,D0395,P002,2025-04-24,2025-04-01,Mumbai,West,11,6111.65
S06505,C06505,R065,D0630,P001,2025-04-25,2025-04-01,Coimbatore,South,24,20280.91
S06506,C06506,R063,D0377,P006,2025-04-27,2025-04-01,Hyderabad,South,40,21833.3
S06507,C06507,R001,D0819,P006,2025-04-27,2025-04-01,North Delhi,North,30,15383.89
S06508,C06508,R040,D0478,P005,2025-04-19,2025-04-01,Kochi,South,16,7084.62
S06509,C06509,R028,D0658,P002,2025-04-29,2025-04-01,Lucknow,North,21,11714.76
S06510,C06510,R003,D0138,P008,2025-04-03,2025-04-01,Jaipur,North,24,7250.14
S06511,C06511,R038,D0347,P004,2025-04-12,2025-04-01,Chennai,South,42,37784.15
S06512,C06512,R004,D0186,P006,2025-04-15,2025-04-01,Lucknow,North,25,12275.82
S06513,C06513,R005,D0052,P005,2025-04-21,2025-04-01,Ludhiana,North,22,9997.94
S06514,C06514,R033,D0841,P008,2025-04-09,2025-04-01,Ahmedabad,West,22,6272.03
S06515,C06515,R030,D0532,P006,2025-04-09,2025-04-01,Dehradun,North,18,9141.41
S06516,C06516,R027,D0230,P006,2025-04-28,2025-04-01,Jaipur,North,23,11800.43
S06517,C06517,R003,D0230,P007,2025-04-20,2025-04-01,Jaipur,North,21,12468.83
S06518,C06518,R013,D0150,P001,2025-04-20,2025-04-01,Bengaluru,South,28,21747.93
S06519,C06519,R072,D0096,P006,2025-04-06,2025-04-01,Siliguri,East,11,5305.95
S06520,C06520,R063,D0795,P005,2025-04-16,2025-04-01,Hyderabad,South,16,7646.87
S06521,C06521,R014,D0109,P007,2025-04-13,2025-04-01,Chennai,South,35,21376.59
S06522,C06522,R058,D0238,P002,2025-04-19,2025-04-01,Surat,West,29,17412.73
S06523,C06523,R046,D0102,P005,2025-04-28,2025-04-01,Guwahati,East,14,6534.11
S06524,C06524,R001,D0793,P003,2025-04-09,2025-04-01,North Delhi,North,22,14797.67
S06525,C06525,R034,D0112,P001,2025-04-25,2025-04-01,Surat,West,13,9902.05
S06526,C06526,R069,D0283,P005,2025-04-20,2025-04-01,Patna,East,24,11698.08
S06527,C06527,R017,D0606,P001,2025-04-15,2025-04-01,Coimbatore,South,20,15265.86
S06528,C06528,R048,D0482,P001,2025-04-29,2025-04-01,Siliguri,East,20,16948.4
S06529,C06529,R056,D0402,P005,2025-04-05,2025-04-01,Pune,West,24,11978.27
S06530,C06530,R065,D0491,P008,2025-04-21,2025-04-01,Coimbatore,South,23,7171.49
S06531,C06531,R010,D0295,P006,2025-04-12,2025-04-01,Surat,West,25,12573.45
S06532,C06532,R061,D0209,P001,2025-04-21,2025-04-01,Bengaluru,South,14,10523.84
S06533,C06533,R012,D0539,P001,2025-04-05,2025-04-01,Goa,West,15,10917.98
S06534,C06534,R055,D0395,P004,2025-04-23,2025-04-01,Mumbai,West,12,10836.86
S06535,C06535,R009,D0840,P004,2025-04-03,2025-04-01,Ahmedabad,West,34,30266.86
S06536,C06536,R060,D0370,P001,2025-04-11,2025-04-01,Goa,West,24,19338.96
S06537,C06537,R054,D0649,P003,2025-04-28,2025-04-01,Dehradun,North,19,12508.56
S06538,C06538,R015,D0183,P002,2025-04-19,2025-04-01,Hyderabad,South,22,12398.12
S06539,C06539,R020,D0636,P005,2025-04-15,2025-04-01,Bhubaneswar,East,15,6883.5
S06540,C06540,R037,D0398,P006,2025-04-10,2025-04-01,Bengaluru,South,40,20201.12
S06541,C06541,R066,D0522,P004,2025-04-03,2025-04-01,Vijayawada,South,16,14302.16
S06542,C06542,R058,D0306,P005,2025-04-04,2025-04-01,Surat,West,35,16711.69
S06543,C06543,R053,D0699,P002,2025-04-22,2025-04-01,Ludhiana,North,24,12720.49
S06544,C06544,R009,D0061,P007,2025-04-09,2025-04-01,Ahmedabad,West,26,16580.27
S06545,C06545,R006,D0627,P001,2025-04-03,2025-04-01,Dehradun,North,14,10517.54
S06546,C06546,R043,D0670,P005,2025-04-14,2025-04-01,Kolkata,East,9,4074.98
S06547,C06547,R015,D0377,P003,2025-04-12,2025-04-01,Hyderabad,South,54,32316.11
S06548,C06548,R068,D0086,P004,2025-04-29,2025-04-01,Bhubaneswar,East,24,20995.52
S06549,C06549,R038,D0473,P005,2025-04-07,2025-04-01,Chennai,South,16,6947.15
S06550,C06550,R034,D0575,P006,2025-04-09,2025-04-01,Surat,West,18,9434.38
S06551,C06551,R067,D0399,P008,2025-04-05,2025-04-01,Kolkata,East,15,4922.16
S06552,C06552,R068,D0099,P005,2025-04-06,2025-04-01,Bhubaneswar,East,18,8783.72
S06553,C06553,R072,D0312,P002,2025-04-17,2025-04-01,Siliguri,East,14,8188.08
S06554,C06554,R046,D0848,P005,2025-04-07,2025-04-01,Guwahati,East,13,5931.31
S06555,C06555,R060,D0164,P005,2025-04-22,2025-04-01,Goa,West,33,14619.96
S06556,C06556,R026,D0375,P007,2025-04-25,2025-04-01,Chandigarh,North,13,8116.01
S06557,C06557,R065,D0425,P005,2025-04-15,2025-04-01,Coimbatore,South,16,7217.2
S06558,C06558,R024,D0568,P007,2025-04-08,2025-04-01,Siliguri,East,31,18338.14
S06559,C06559,R042,D0369,P006,2025-04-25,2025-04-01,Vijayawada,South,16,8153.02
S06560,C06560,R023,D0298,P005,2025-04-29,2025-04-01,Ranchi,East,34,15179.72
S06561,C06561,R032,D0502,P003,2025-04-28,2025-04-01,Pune,West,23,16743.16
S06562,C06562,R024,D0482,P003,2025-04-28,2025-04-01,Siliguri,East,18,11723.33
S06563,C06563,R013,D0308,P001,2025-04-25,2025-04-01,Bengaluru,South,38,29594.54
S06564,C06564,R049,D0219,P005,2025-04-23,2025-04-01,North Delhi,North,24,11486.82
S06565,C06565,R006,D0095,P008,2025-04-29,2025-04-01,Dehradun,North,12,4260.48
S06566,C06566,R030,D0627,P001,2025-04-11,2025-04-01,Dehradun,North,18,13881.7
S06567,C06567,R011,D0354,P008,2025-04-28,2025-04-01,Nagpur,West,12,3480.57
S06568,C06568,R039,D0494,P007,2025-04-01,2025-04-01,Hyderabad,South,49,29775.58
S06569,C06569,R072,D0312,P004,2025-04-25,2025-04-01,Siliguri,East,10,8140.86
S06570,C06570,R008,D0659,P003,2025-04-11,2025-04-01,Pune,West,18,11573.35
S06571,C06571,R033,D0673,P005,2025-04-09,2025-04-01,Ahmedabad,West,18,8899.97
S06572,C06572,R067,D0345,P007,2025-04-21,2025-04-01,Kolkata,East,18,10540.02
S06573,C06573,R021,D0246,P001,2025-04-06,2025-04-01,Patna,East,19,14044.9
S06574,C06574,R027,D0667,P004,2025-04-30,2025-04-01,Jaipur,North,23,21348.33
S06575,C06575,R004,D0005,P001,2025-04-22,2025-04-01,Lucknow,North,20,15429.9
S06576,C06576,R025,D0032,P006,2025-04-01,2025-04-01,North Delhi,North,16,8653.64
S06577,C06577,R041,D0053,P001,2025-04-26,2025-04-01,Coimbatore,South,21,16151.31
S06578,C06578,R034,D0225,P003,2025-04-04,2025-04-01,Surat,West,29,19757.46
S06579,C06579,R026,D0352,P006,2025-04-25,2025-04-01,Chandigarh,North,10,4706.67
S06580,C06580,R031,D0349,P007,2025-04-25,2025-04-01,Mumbai,West,23,13374.2
S06581,C06581,R033,D0143,P002,2025-04-20,2025-04-01,Ahmedabad,West,24,12840.26
S06582,C06582,R040,D0344,P005,2025-04-19,2025-04-01,Kochi,South,18,8112.8
S06583,C06583,R032,D0442,P002,2025-04-25,2025-04-01,Pune,West,33,20045.84
S06584,C06584,R045,D0234,P005,2025-04-26,2025-04-01,Patna,East,19,9183.95
S06585,C06585,R012,D0528,P001,2025-04-22,2025-04-01,Goa,West,24,19646.06
S06586,C06586,R054,D0338,P007,2025-04-06,2025-04-01,Dehradun,North,20,12095.83
S06587,C06587,R054,D0812,P001,2025-04-20,2025-04-01,Dehradun,North,12,8708.07
S06588,C06588,R068,D0847,P005,2025-04-07,2025-04-01,Bhubaneswar,East,21,10468.18
S06589,C06589,R060,D0589,P004,2025-04-02,2025-04-01,Goa,West,31,25354.11
S06590,C06590,R004,D0413,P002,2025-04-05,2025-04-01,Lucknow,North,28,14704.04
S06591,C06591,R037,D0019,P005,2025-04-14,2025-04-01,Bengaluru,South,31,14668.83
S06592,C06592,R050,D0628,P002,2025-04-29,2025-04-01,Chandigarh,North,34,20754.54
S06593,C06593,R041,D0434,P005,2025-04-02,2025-04-01,Coimbatore,South,54,27001.65
S06594,C06594,R007,D0349,P006,2025-04-03,2025-04-01,Mumbai,West,28,14724.77
S06595,C06595,R051,D0671,P004,2025-04-03,2025-04-01,Jaipur,North,23,22669.6
S06596,C06596,R062,D0022,P003,2025-04-06,2025-04-01,Chennai,South,18,11586.7
S06597,C06597,R009,D0214,P004,2025-04-17,2025-04-01,Ahmedabad,West,33,30032.04
S06598,C06598,R042,D0595,P008,2025-04-25,2025-04-01,Vijayawada,South,15,5150.18
S06599,C06599,R054,D0812,P007,2025-04-02,2025-04-01,Dehradun,North,19,10777.25
S06600,C06600,R013,D0341,P001,2025-04-25,2025-04-01,Bengaluru,South,18,14304.08
S06601,C06601,R052,D0363,P003,2025-04-28,2025-04-01,Lucknow,North,31,20912.51
S06602,C06602,R056,D0817,P001,2025-04-03,2025-04-01,Pune,West,33,26268.7
S06603,C06603,R032,D0170,P002,2025-04-14,2025-04-01,Pune,West,25,12795.7
S06604,C06604,R053,D0444,P007,2025-04-25,2025-04-01,Ludhiana,North,30,18699.04
S06605,C06605,R035,D0240,P007,2025-04-21,2025-04-01,Nagpur,West,31,19188.44
S06606,C06606,R052,D0320,P004,2025-04-06,2025-04-01,Lucknow,North,23,19907.48
S06607,C06607,R005,D0824,P006,2025-04-05,2025-04-01,Ludhiana,North,24,12717.42
S06608,C06608,R004,D0435,P003,2025-04-14,2025-04-01,Lucknow,North,10,7045.71
S06609,C06609,R065,D0818,P004,2025-04-26,2025-04-01,Coimbatore,South,13,11163.21
S06610,C06610,R035,D0485,P007,2025-04-29,2025-04-01,Nagpur,West,36,22503.71
S06611,C06611,R037,D0701,P003,2025-04-15,2025-04-01,Bengaluru,South,19,13405.77
S06612,C06612,R066,D0100,P003,2025-04-16,2025-04-01,Vijayawada,South,21,14829.72
S06613,C06613,R016,D0344,P002,2025-04-17,2025-04-01,Kochi,South,17,9108.91
S06614,C06614,R061,D0199,P002,2025-04-15,2025-04-01,Bengaluru,South,40,22757.9
S06615,C06615,R072,D0610,P001,2025-04-20,2025-04-01,Siliguri,East,14,10787.38
S06616,C06616,R017,D0470,P007,2025-04-09,2025-04-01,Coimbatore,South,19,12063.81
S06617,C06617,R002,D0201,P007,2025-04-17,2025-04-01,Chandigarh,North,12,7049.51
S06618,C06618,R009,D0143,P004,2025-04-19,2025-04-01,Ahmedabad,West,24,19734.83
S06619,C06619,R055,D0395,P005,2025-04-17,2025-04-01,Mumbai,West,17,8028.31
S06620,C06620,R066,D0100,P002,2025-04-30,2025-04-01,Vijayawada,South,27,15221.28
S06621,C06621,R028,D0557,P001,2025-04-23,2025-04-01,Lucknow,North,25,20188.59
S06622,C06622,R035,D0732,P005,2025-04-23,2025-04-01,Nagpur,West,23,10147.65
S06623,C06623,R011,D0826,P002,2025-04-25,2025-04-01,Nagpur,West,13,6151.96
S06624,C06624,R064,D0309,P007,2025-04-16,2025-04-01,Kochi,South,18,11459.58
S06625,C06625,R028,D0313,P003,2025-04-10,2025-04-01,Lucknow,North,15,10622.06
S06626,C06626,R039,D0387,P006,2025-04-17,2025-04-01,Hyderabad,South,22,10157.06
S06627,C06627,R001,D0488,P003,2025-04-28,2025-04-01,North Delhi,North,22,14298.24
S06628,C06628,R034,D0306,P002,2025-04-27,2025-04-01,Surat,West,19,9779.62
S06629,C06629,R015,D0183,P005,2025-04-11,2025-04-01,Hyderabad,South,31,14435.49
S06630,C06630,R031,D0154,P002,2025-04-15,2025-04-01,Mumbai,West,26,14978.38
S06631,C06631,R026,D0329,P004,2025-04-09,2025-04-01,Chandigarh,North,27,23750.09
S06632,C06632,R067,D0041,P003,2025-04-01,2025-04-01,Kolkata,East,11,7076.24
S06633,C06633,R043,D0024,P008,2025-04-10,2025-04-01,Kolkata,East,17,5546.35
S06634,C06634,R044,D0546,P005,2025-04-04,2025-04-01,Bhubaneswar,East,10,4111.47
S06635,C06635,R048,D0620,P006,2025-04-11,2025-04-01,Siliguri,East,26,13815.44
S06636,C06636,R030,D0544,P005,2025-04-02,2025-04-01,Dehradun,North,11,5327.61
S06637,C06637,R015,D0004,P008,2025-04-10,2025-04-01,Hyderabad,South,20,6401.5
S06638,C06638,R028,D0658,P004,2025-04-22,2025-04-01,Lucknow,North,19,16538.17
S06639,C06639,R023,D0519,P007,2025-04-26,2025-04-01,Ranchi,East,12,7216.94
S06640,C06640,R051,D0217,P008,2025-04-27,2025-04-01,Jaipur,North,38,11991.35
S06641,C06641,R019,D0175,P008,2025-04-17,2025-04-01,Kolkata,East,13,4148.04
S06642,C06642,R047,D0763,P006,2025-04-17,2025-04-01,Ranchi,East,25,11755.21
S06643,C06643,R021,D0319,P008,2025-04-30,2025-04-01,Patna,East,26,8492.19
S06644,C06644,R061,D0075,P006,2025-04-17,2025-04-01,Bengaluru,South,36,18022.87
S06645,C06645,R004,D0258,P003,2025-04-03,2025-04-01,Lucknow,North,21,13874.29
S06646,C06646,R017,D0323,P002,2025-04-29,2025-04-01,Coimbatore,South,9,4719.54
S06647,C06647,R059,D0390,P002,2025-04-19,2025-04-01,Nagpur,West,25,13757.06
S06648,C06648,R031,D0391,P005,2025-04-20,2025-04-01,Mumbai,West,28,13736.11
S06649,C06649,R005,D0497,P002,2025-04-03,2025-04-01,Ludhiana,North,24,13095.21
S06650,C06650,R024,D0289,P002,2025-04-15,2025-04-01,Siliguri,East,19,9420.32
S06651,C06651,R059,D0567,P006,2025-04-14,2025-04-01,Nagpur,West,8,4080.88
S06652,C06652,R014,D0468,P003,2025-04-25,2025-04-01,Chennai,South,42,28010.77
S06653,C06653,R058,D0755,P006,2025-04-12,2025-04-01,Surat,West,15,7629.08
S06654,C06654,R047,D0737,P008,2025-04-11,2025-04-01,Ranchi,East,19,5847.14
S06655,C06655,R042,D0249,P001,2025-04-21,2025-04-01,Vijayawada,South,28,21790.06
S06656,C06656,R059,D0037,P006,2025-04-01,2025-04-01,Nagpur,West,17,9034.83
S06657,C06657,R005,D0550,P007,2025-04-23,2025-04-01,Ludhiana,North,17,10216.57
S06658,C06658,R029,D0279,P002,2025-04-01,2025-04-01,Ludhiana,North,24,13854.17
S06659,C06659,R048,D0726,P007,2025-04-08,2025-04-01,Siliguri,East,10,5901.66
S06660,C06660,R032,D0419,P005,2025-04-15,2025-04-01,Pune,West,29,12652.25
S06661,C06661,R027,D0205,P006,2025-04-06,2025-04-01,Jaipur,North,24,12098.16
S06662,C06662,R016,D0360,P001,2025-04-02,2025-04-01,Kochi,South,25,17517.89
S06663,C06663,R022,D0736,P004,2025-04-13,2025-04-01,Guwahati,East,20,17792.36
S06664,C06664,R066,D0074,P003,2025-04-22,2025-04-01,Vijayawada,South,33,21418.51
S06665,C06665,R046,D0821,P002,2025-04-08,2025-04-01,Guwahati,East,7,3909.86
S06666,C06666,R036,D0158,P007,2025-04-09,2025-04-01,Goa,West,23,12830.94
S06667,C06667,R008,D0659,P005,2025-04-21,2025-04-01,Pune,West,11,5253.62
S06668,C06668,R038,D0469,P008,2025-04-29,2025-04-01,Chennai,South,38,12253.87
S06669,C06669,R017,D0491,P002,2025-04-16,2025-04-01,Coimbatore,South,11,6410.83
S06670,C06670,R006,D0167,P006,2025-04-17,2025-04-01,Dehradun,North,10,5056.67
S06671,C06671,R063,D0576,P005,2025-04-25,2025-04-01,Hyderabad,South,23,10760.5
S06672,C06672,R063,D0533,P006,2025-04-02,2025-04-01,Hyderabad,South,20,10523.59
S06673,C06673,R038,D0412,P003,2025-04-30,2025-04-01,Chennai,South,32,18972.33
S06674,C06674,R057,D0403,P006,2025-04-15,2025-04-01,Ahmedabad,West,13,6998.25
S06675,C06675,R021,D0499,P002,2025-04-12,2025-04-01,Patna,East,12,6438.19
S06676,C06676,R006,D0525,P007,2025-04-19,2025-04-01,Dehradun,North,23,13138.37
S06677,C06677,R052,D0783,P004,2025-04-28,2025-04-01,Lucknow,North,17,15073.0
S06678,C06678,R029,D0013,P004,2025-04-29,2025-04-01,Ludhiana,North,31,29205.56
S06679,C06679,R061,D0199,P005,2025-04-24,2025-04-01,Bengaluru,South,31,14015.87
S06680,C06680,R060,D0804,P001,2025-04-15,2025-04-01,Goa,West,29,22737.73
S06681,C06681,R043,D0698,P003,2025-04-05,2025-04-01,Kolkata,East,14,8315.44
S06682,C06682,R067,D0264,P002,2025-04-06,2025-04-01,Kolkata,East,19,9821.09
S06683,C06683,R057,D0424,P008,2025-04-26,2025-04-01,Ahmedabad,West,17,5632.52
S06684,C06684,R014,D0014,P004,2025-04-04,2025-04-01,Chennai,South,22,20616.37
S06685,C06685,R047,D0116,P001,2025-04-15,2025-04-01,Ranchi,East,27,21282.14
S06686,C06686,R045,D0807,P001,2025-04-13,2025-04-01,Patna,East,7,5619.38
S06687,C06687,R031,D0569,P008,2025-04-22,2025-04-01,Mumbai,West,25,7839.83
S06688,C06688,R022,D0058,P002,2025-04-11,2025-04-01,Guwahati,East,31,16757.09
S06689,C06689,R069,D0669,P001,2025-04-22,2025-04-01,Patna,East,13,9602.26
S06690,C06690,R001,D0346,P002,2025-04-16,2025-04-01,North Delhi,North,15,7901.25
S06691,C06691,R031,D0538,P002,2025-04-27,2025-04-01,Mumbai,West,34,18334.0
S06692,C06692,R049,D0760,P001,2025-04-06,2025-04-01,North Delhi,North,21,15099.56
S06693,C06693,R013,D0700,P008,2025-04-23,2025-04-01,Bengaluru,South,24,8599.42
S06694,C06694,R010,D0098,P001,2025-04-22,2025-04-01,Surat,West,18,13545.45
S06695,C06695,R070,D0262,P006,2025-04-25,2025-04-01,Guwahati,East,35,18037.65
S06696,C06696,R010,D0185,P007,2025-04-15,2025-04-01,Surat,West,35,20015.15
S06697,C06697,R054,D0812,P006,2025-04-10,2025-04-01,Dehradun,North,22,9523.84
S06698,C06698,R025,D0672,P002,2025-04-16,2025-04-01,North Delhi,North,10,5862.35
S06699,C06699,R018,D0437,P006,2025-04-30,2025-04-01,Vijayawada,South,23,11763.04
S06700,C06700,R020,D0086,P003,2025-04-06,2025-04-01,Bhubaneswar,East,20,11765.14
S06701,C06701,R036,D0759,P004,2025-04-20,2025-04-01,Goa,West,21,17731.02
S06702,C06702,R039,D0415,P003,2025-04-07,2025-04-01,Hyderabad,South,36,26217.39
S06703,C06703,R003,D0205,P007,2025-04-24,2025-04-01,Jaipur,North,20,12494.2
S06704,C06704,R029,D0421,P005,2025-04-13,2025-04-01,Ludhiana,North,23,9214.97
S06705,C06705,R044,D0443,P002,2025-04-26,2025-04-01,Bhubaneswar,East,14,7366.45
S06706,C06706,R014,D0247,P004,2025-04-05,2025-04-01,Chennai,South,22,19400.92
S06707,C06707,R054,D0794,P007,2025-04-04,2025-04-01,Dehradun,North,18,11268.35
S06708,C06708,R020,D0774,P008,2025-04-29,2025-04-01,Bhubaneswar,East,23,7356.66
S06709,C06709,R011,D0037,P008,2025-04-11,2025-04-01,Nagpur,West,35,10228.73
S06710,C06710,R026,D0829,P002,2025-04-03,2025-04-01,Chandigarh,North,14,7320.42
S06711,C06711,R040,D0372,P007,2025-04-26,2025-04-01,Kochi,South,18,10481.95
S06712,C06712,R071,D0733,P005,2025-04-13,2025-04-01,Ranchi,East,28,13362.05
S06713,C06713,R056,D0633,P006,2025-04-28,2025-04-01,Pune,West,19,9426.92
S06714,C06714,R043,D0524,P004,2025-04-14,2025-04-01,Kolkata,East,9,7787.75
S06715,C06715,R046,D0637,P006,2025-04-23,2025-04-01,Guwahati,East,22,11073.7
S06716,C06716,R041,D0561,P003,2025-04-18,2025-04-01,Coimbatore,South,19,11999.49
S06717,C06717,R019,D0712,P005,2025-04-15,2025-04-01,Kolkata,East,15,7420.46
S06718,C06718,R070,D0351,P002,2025-04-15,2025-04-01,Guwahati,East,20,11406.17
S06719,C06719,R032,D0623,P004,2025-04-08,2025-04-01,Pune,West,16,15072.55
S06720,C06720,R061,D0839,P004,2025-04-23,2025-04-01,Bengaluru,South,30,25053.33
S06721,C06721,R042,D0750,P007,2025-04-16,2025-04-01,Vijayawada,South,32,19863.66
S06722,C06722,R045,D0085,P006,2025-04-01,2025-04-01,Patna,East,12,6361.2
S06723,C06723,R040,D0436,P006,2025-04-12,2025-04-01,Kochi,South,22,10644.32
S06724,C06724,R003,D0527,P003,2025-04-13,2025-04-01,Jaipur,North,25,15531.96
S06725,C06725,R016,D0534,P004,2025-04-27,2025-04-01,Kochi,South,16,13533.66
S06726,C06726,R027,D0615,P004,2025-04-13,2025-04-01,Jaipur,North,16,13199.2
S06727,C06727,R063,D0764,P007,2025-04-18,2025-04-01,Hyderabad,South,31,19900.36
S06728,C06728,R071,D0404,P002,2025-04-03,2025-04-01,Ranchi,East,18,10183.79
S06729,C06729,R030,D0627,P001,2025-04-12,2025-04-01,Dehradun,North,10,7673.74
S06730,C06730,R017,D0725,P005,2025-04-09,2025-04-01,Coimbatore,South,10,4585.32
S06731,C06731,R067,D0041,P007,2025-04-15,2025-04-01,Kolkata,East,11,6481.44
S06732,C06732,R057,D0554,P006,2025-04-27,2025-04-01,Ahmedabad,West,11,6259.15
S06733,C06733,R005,D0310,P007,2025-04-29,2025-04-01,Ludhiana,North,10,5967.13
S06734,C06734,R020,D0774,P004,2025-04-09,2025-04-01,Bhubaneswar,East,18,15596.25
S06735,C06735,R023,D0447,P002,2025-04-19,2025-04-01,Ranchi,East,18,9657.77
S06736,C06736,R022,D0464,P006,2025-04-29,2025-04-01,Guwahati,East,12,5717.66
S06737,C06737,R024,D0580,P001,2025-04-07,2025-04-01,Siliguri,East,15,11856.53
S06738,C06738,R041,D0323,P008,2025-04-14,2025-04-01,Coimbatore,South,14,4799.43
S06739,C06739,R058,D0367,P006,2025-04-16,2025-04-01,Surat,West,11,5561.15
S06740,C06740,R019,D0670,P005,2025-04-01,2025-04-01,Kolkata,East,13,6219.55
S06741,C06741,R038,D0653,P002,2025-04-14,2025-04-01,Chennai,South,19,9254.32
S06742,C06742,R053,D0222,P003,2025-04-04,2025-04-01,Ludhiana,North,29,18228.24
S06743,C06743,R023,D0737,P008,2025-04-10,2025-04-01,Ranchi,East,28,9003.37
S06744,C06744,R069,D0085,P001,2025-04-04,2025-04-01,Patna,East,15,10618.9
S06745,C06745,R022,D0176,P001,2025-04-23,2025-04-01,Guwahati,East,27,21405.62
S06746,C06746,R020,D0722,P003,2025-04-26,2025-04-01,Bhubaneswar,East,17,11047.17
S06747,C06747,R007,D0547,P002,2025-04-09,2025-04-01,Mumbai,West,14,7671.99
S06748,C06748,R012,D0506,P006,2025-04-02,2025-04-01,Goa,West,15,7561.05
S06749,C06749,R019,D0471,P001,2025-04-15,2025-04-01,Kolkata,East,14,10830.35
S06750,C06750,R071,D0843,P007,2025-04-04,2025-04-01,Ranchi,East,17,9019.2
S06751,C06751,R047,D0182,P007,2025-04-14,2025-04-01,Ranchi,East,27,15570.83
S06752,C06752,R041,D0384,P002,2025-04-17,2025-04-01,Coimbatore,South,31,17164.78
S06753,C06753,R010,D0353,P005,2025-04-15,2025-04-01,Surat,West,36,15387.46
S06754,C06754,R005,D0742,P006,2025-04-16,2025-04-01,Ludhiana,North,26,12609.36
S06755,C06755,R063,D0415,P007,2025-04-18,2025-04-01,Hyderabad,South,28,16706.87
S06756,C06756,R051,D0656,P006,2025-04-05,2025-04-01,Jaipur,North,14,7016.9
S06757,C06757,R012,D0766,P008,2025-04-21,2025-04-01,Goa,West,23,7623.53
S06758,C06758,R045,D0789,P001,2025-04-21,2025-04-01,Patna,East,26,20512.74
S06759,C06759,R021,D0311,P005,2025-04-05,2025-04-01,Patna,East,16,7116.66
S06760,C06760,R035,D0420,P007,2025-04-14,2025-04-01,Nagpur,West,49,27328.13
S06761,C06761,R064,D0067,P002,2025-04-09,2025-04-01,Kochi,South,13,8093.03
S06762,C06762,R062,D0078,P002,2025-04-12,2025-04-01,Chennai,South,17,9197.35
S06763,C06763,R016,D0436,P001,2025-04-24,2025-04-01,Kochi,South,13,10603.25
S06764,C06764,R068,D0676,P008,2025-04-18,2025-04-01,Bhubaneswar,East,14,3946.05
S06765,C06765,R057,D0775,P007,2025-04-28,2025-04-01,Ahmedabad,West,26,15565.36
S06766,C06766,R024,D0348,P001,2025-04-18,2025-04-01,Siliguri,East,19,14516.54
S06767,C06767,R027,D0565,P002,2025-04-02,2025-04-01,Jaipur,North,20,10549.2
S06768,C06768,R027,D0690,P004,2025-04-22,2025-04-01,Jaipur,North,15,13869.49
S06769,C06769,R009,D0277,P008,2025-04-03,2025-04-01,Ahmedabad,West,15,4736.43
S06770,C06770,R028,D0155,P007,2025-04-11,2025-04-01,Lucknow,North,16,9550.42
S06771,C06771,R062,D0754,P008,2025-04-29,2025-04-01,Chennai,South,19,6075.93
S06772,C06772,R036,D0506,P007,2025-04-30,2025-04-01,Goa,West,23,14047.74
S06773,C06773,R011,D0153,P006,2025-04-05,2025-04-01,Nagpur,West,8,3833.03
S06774,C06774,R069,D0213,P003,2025-04-30,2025-04-01,Patna,East,14,9697.39
S06775,C06775,R052,D0278,P005,2025-04-30,2025-04-01,Lucknow,North,24,10720.81
S06776,C06776,R050,D0201,P004,2025-04-27,2025-04-01,Chandigarh,North,14,12395.71
S06777,C06777,R068,D0443,P008,2025-04-25,2025-04-01,Bhubaneswar,East,17,5847.14
S06778,C06778,R037,D0686,P004,2025-04-03,2025-04-01,Bengaluru,South,22,22425.01
S06779,C06779,R045,D0558,P007,2025-04-04,2025-04-01,Patna,East,19,11861.27
S06780,C06780,R022,D0802,P002,2025-04-19,2025-04-01,Guwahati,East,10,4929.77
S06781,C06781,R047,D0737,P006,2025-04-04,2025-04-01,Ranchi,East,24,12064.52
S06782,C06782,R056,D0300,P004,2025-04-08,2025-04-01,Pune,West,25,24158.6
S06783,C06783,R061,D0030,P004,2025-04-30,2025-04-01,Bengaluru,South,37,32550.49
S06784,C06784,R045,D0085,P007,2025-04-28,2025-04-01,Patna,East,18,11437.28
S06785,C06785,R056,D0642,P004,2025-04-08,2025-04-01,Pune,West,19,17602.06
S06786,C06786,R009,D0287,P001,2025-04-17,2025-04-01,Ahmedabad,West,16,12040.8
S06787,C06787,R022,D0590,P004,2025-04-17,2025-04-01,Guwahati,East,16,15587.61
S06788,C06788,R002,D0333,P008,2025-04-08,2025-04-01,Chandigarh,North,14,4576.09
S06789,C06789,R050,D0790,P008,2025-04-08,2025-04-01,Chandigarh,North,22,7030.66
S06790,C06790,R071,D0378,P005,2025-04-14,2025-04-01,Ranchi,East,16,7299.78
S06791,C06791,R033,D0811,P006,2025-04-19,2025-04-01,Ahmedabad,West,27,12963.03
S06792,C06792,R024,D0178,P003,2025-04-25,2025-04-01,Siliguri,East,37,23456.06
S06793,C06793,R039,D0585,P007,2025-04-26,2025-04-01,Hyderabad,South,18,10418.41
S06794,C06794,R007,D0476,P005,2025-04-01,2025-04-01,Mumbai,West,26,13319.84
S06795,C06795,R008,D0212,P001,2025-04-20,2025-04-01,Pune,West,36,29535.96
S06796,C06796,R058,D0122,P008,2025-04-19,2025-04-01,Surat,West,20,6076.96
S06797,C06797,R046,D0228,P007,2025-04-02,2025-04-01,Guwahati,East,28,18654.18
S06798,C06798,R016,D0105,P001,2025-04-26,2025-04-01,Kochi,South,24,19997.62
S06799,C06799,R033,D0836,P004,2025-04-18,2025-04-01,Ahmedabad,West,20,17228.01
S06800,C06800,R052,D0200,P006,2025-04-22,2025-04-01,Lucknow,North,18,9423.78
S06801,C06801,R072,D0482,P006,2025-04-20,2025-04-01,Siliguri,East,9,4433.56
S06802,C06802,R059,D0530,P002,2025-04-11,2025-04-01,Nagpur,West,29,16462.67
S06803,C06803,R001,D0521,P001,2025-04-07,2025-04-01,North Delhi,North,13,10389.55
S06804,C06804,R053,D0598,P008,2025-04-12,2025-04-01,Ludhiana,North,32,10023.15
S06805,C06805,R006,D0812,P008,2025-04-23,2025-04-01,Dehradun,North,23,6904.56
S06806,C06806,R065,D0818,P006,2025-04-20,2025-04-01,Coimbatore,South,22,11183.66
S06807,C06807,R064,D0730,P006,2025-04-19,2025-04-01,Kochi,South,14,7315.47
S06808,C06808,R057,D0403,P006,2025-04-04,2025-04-01,Ahmedabad,West,17,9233.7
S06809,C06809,R053,D0699,P004,2025-04-01,2025-04-01,Ludhiana,North,26,23867.82
S06810,C06810,R033,D0143,P006,2025-04-21,2025-04-01,Ahmedabad,West,17,9071.58
S06811,C06811,R007,D0768,P003,2025-04-29,2025-04-01,Mumbai,West,21,13339.06
S06812,C06812,R039,D0179,P001,2025-04-11,2025-04-01,Hyderabad,South,23,16165.61
S06813,C06813,R050,D0151,P003,2025-04-14,2025-04-01,Chandigarh,North,15,9062.35
S06814,C06814,R040,D0709,P003,2025-04-29,2025-04-01,Kochi,South,31,20161.69
S06815,C06815,R065,D0606,P003,2025-04-07,2025-04-01,Coimbatore,South,28,17765.72
S06816,C06816,R069,D0084,P004,2025-04-16,2025-04-01,Patna,East,19,16805.93
S06817,C06817,R049,D0819,P002,2025-04-03,2025-04-01,North Delhi,North,37,20713.11
S06818,C06818,R030,D0095,P004,2025-04-08,2025-04-01,Dehradun,North,18,16522.68
S06819,C06819,R007,D0023,P004,2025-04-12,2025-04-01,Mumbai,West,20,15712.7
S06820,C06820,R062,D0776,P002,2025-04-21,2025-04-01,Chennai,South,40,24386.24
S06821,C06821,R025,D0157,P004,2025-04-10,2025-04-01,North Delhi,North,10,9074.14
S06822,C06822,R016,D0309,P006,2025-04-14,2025-04-01,Kochi,South,19,9830.23
S06823,C06823,R049,D0679,P004,2025-04-09,2025-04-01,North Delhi,North,48,42402.99
S06824,C06824,R036,D0539,P001,2025-04-05,2025-04-01,Goa,West,11,8459.95
S06825,C06825,R015,D0387,P006,2025-04-24,2025-04-01,Hyderabad,South,19,10223.08
S06826,C06826,R026,D0838,P005,2025-04-21,2025-04-01,Chandigarh,North,33,14441.07
S06827,C06827,R013,D0036,P004,2025-04-20,2025-04-01,Bengaluru,South,27,24398.51
S06828,C06828,R034,D0734,P001,2025-04-18,2025-04-01,Surat,West,15,12586.86
S06829,C06829,R031,D0343,P001,2025-04-04,2025-04-01,Mumbai,West,49,38582.89
S06830,C06830,R051,D0615,P001,2025-04-16,2025-04-01,Jaipur,North,16,12800.26
S06831,C06831,R021,D0246,P007,2025-04-22,2025-04-01,Patna,East,24,13611.78
S06832,C06832,R064,D0335,P003,2025-04-15,2025-04-01,Kochi,South,26,17869.19
S06833,C06833,R055,D0350,P004,2025-04-22,2025-04-01,Mumbai,West,13,11783.67
S06834,C06834,R029,D0497,P006,2025-04-10,2025-04-01,Ludhiana,North,28,14208.42
S06835,C06835,R019,D0715,P006,2025-04-16,2025-04-01,Kolkata,East,19,10039.73
S06836,C06836,R055,D0154,P001,2025-04-12,2025-04-01,Mumbai,West,23,16914.31
S06837,C06837,R069,D0503,P008,2025-04-30,2025-04-01,Patna,East,11,3837.02
S06838,C06838,R025,D0760,P003,2025-04-06,2025-04-01,North Delhi,North,20,15108.94
S06839,C06839,R018,D0522,P007,2025-04-09,2025-04-01,Vijayawada,South,17,10058.34
S06840,C06840,R023,D0850,P007,2025-04-21,2025-04-01,Ranchi,East,21,13563.09
S06841,C06841,R019,D0017,P005,2025-04-02,2025-04-01,Kolkata,East,20,9133.84
S06842,C06842,R039,D0235,P002,2025-04-16,2025-04-01,Hyderabad,South,15,7601.64
S06843,C06843,R018,D0369,P005,2025-04-01,2025-04-01,Vijayawada,South,22,10776.38
S06844,C06844,R035,D0496,P002,2025-04-16,2025-04-01,Nagpur,West,19,10114.36
S06845,C06845,R048,D0289,P007,2025-04-10,2025-04-01,Siliguri,East,15,9429.9
S06846,C06846,R008,D0257,P007,2025-04-06,2025-04-01,Pune,West,25,16706.7
S06847,C06847,R044,D0722,P007,2025-04-15,2025-04-01,Bhubaneswar,East,13,8139.27
S06848,C06848,R025,D0157,P007,2025-04-10,2025-04-01,North Delhi,North,16,9861.9
S06849,C06849,R015,D0814,P002,2025-04-03,2025-04-01,Hyderabad,South,39,20049.14
S06850,C06850,R059,D0037,P001,2025-04-16,2025-04-01,Nagpur,West,30,22280.71
S06851,C06851,R044,D0443,P006,2025-04-17,2025-04-01,Bhubaneswar,East,12,6078.31
S06852,C06852,R048,D0493,P005,2025-04-20,2025-04-01,Siliguri,East,27,12184.63
S06853,C06853,R002,D0838,P007,2025-04-28,2025-04-01,Chandigarh,North,25,15768.62
S06854,C06854,R020,D0676,P006,2025-04-22,2025-04-01,Bhubaneswar,East,17,8197.95
S06855,C06855,R070,D0042,P007,2025-04-24,2025-04-01,Guwahati,East,14,8208.97
S06856,C06856,R002,D0689,P003,2025-04-20,2025-04-01,Chandigarh,North,12,7859.96
S06857,C06857,R025,D0263,P001,2025-04-21,2025-04-01,North Delhi,North,21,16458.89
S06858,C06858,R026,D0762,P001,2025-04-24,2025-04-01,Chandigarh,North,20,15645.54
S06859,C06859,R011,D0668,P004,2025-04-20,2025-04-01,Nagpur,West,23,20269.98
S06860,C06860,R004,D0186,P001,2025-04-16,2025-04-01,Lucknow,North,42,31475.08
S06861,C06861,R044,D0355,P005,2025-04-22,2025-04-01,Bhubaneswar,East,16,7573.24
S06862,C06862,R042,D0644,P004,2025-04-29,2025-04-01,Vijayawada,South,24,22623.06
S06863,C06863,R012,D0809,P003,2025-04-15,2025-04-01,Goa,West,18,12064.3
S06864,C06864,R038,D0487,P005,2025-04-07,2025-04-01,Chennai,South,22,9826.48
S06865,C06865,R068,D0315,P006,2025-04-13,2025-04-01,Bhubaneswar,East,14,6456.12
S06866,C06866,R062,D0347,P001,2025-04-01,2025-04-01,Chennai,South,41,34634.51
S06867,C06867,R010,D0640,P004,2025-04-10,2025-04-01,Surat,West,22,19408.89
S06868,C06868,R032,D0502,P008,2025-04-27,2025-04-01,Pune,West,35,11940.32
S06869,C06869,R051,D0166,P003,2025-04-03,2025-04-01,Jaipur,North,37,26424.75
S06870,C06870,R010,D0185,P007,2025-04-27,2025-04-01,Surat,West,41,26015.0
S06871,C06871,R014,D0115,P003,2025-04-17,2025-04-01,Chennai,South,18,12447.11
S06872,C06872,R030,D0512,P003,2025-04-10,2025-04-01,Dehradun,North,13,8955.45
S06873,C06873,R002,D0333,P007,2025-04-15,2025-04-01,Chandigarh,North,27,16287.89
S06874,C06874,R059,D0507,P003,2025-04-27,2025-04-01,Nagpur,West,17,10575.77
S06875,C06875,R037,D0827,P007,2025-04-04,2025-04-01,Bengaluru,South,22,13955.47
S06876,C06876,R058,D0484,P006,2025-04-17,2025-04-01,Surat,West,41,19310.76
S06877,C06877,R018,D0414,P007,2025-04-09,2025-04-01,Vijayawada,South,33,19734.69
S06878,C06878,R055,D0395,P007,2025-04-17,2025-04-01,Mumbai,West,12,7085.91
S06879,C06879,R011,D0567,P008,2025-04-24,2025-04-01,Nagpur,West,15,4937.53
S06880,C06880,R029,D0833,P005,2025-04-28,2025-04-01,Ludhiana,North,13,6049.61
S06881,C06881,R008,D0106,P008,2025-04-08,2025-04-01,Pune,West,19,5884.94
S06882,C06882,R064,D0360,P001,2025-04-20,2025-04-01,Kochi,South,32,24433.97
S06883,C06883,R023,D0039,P004,2025-04-13,2025-04-01,Ranchi,East,20,19542.87
S06884,C06884,R017,D0163,P004,2025-04-16,2025-04-01,Coimbatore,South,14,11971.2
S06885,C06885,R012,D0118,P001,2025-04-05,2025-04-01,Goa,West,19,14684.16
S06886,C06886,R071,D0498,P007,2025-04-26,2025-04-01,Ranchi,East,30,18829.79
S06887,C06887,R060,D0766,P007,2025-04-06,2025-04-01,Goa,West,27,16527.98
S06888,C06888,R052,D0781,P006,2025-04-02,2025-04-01,Lucknow,North,34,17868.05
S06889,C06889,R007,D0292,P006,2025-04-23,2025-04-01,Mumbai,West,14,7532.22
S06890,C06890,R034,D0513,P005,2025-04-13,2025-04-01,Surat,West,22,10848.28
S06891,C06891,R043,D0220,P004,2025-04-03,2025-04-01,Kolkata,East,11,9812.08
S06892,C06892,R042,D0244,P006,2025-04-21,2025-04-01,Vijayawada,South,21,10927.03
S06893,C06893,R049,D0573,P008,2025-04-09,2025-04-01,North Delhi,North,23,7437.33
S06894,C06894,R047,D0519,P003,2025-04-30,2025-04-01,Ranchi,East,11,6935.03
S06895,C06895,R018,D0414,P003,2025-04-30,2025-04-01,Vijayawada,South,40,26657.43
S06896,C06896,R050,D0131,P001,2025-04-17,2025-04-01,Chandigarh,North,15,10736.29
S06897,C06897,R064,D0373,P008,2025-04-15,2025-04-01,Kochi,South,16,5215.98
S06898,C06898,R072,D0180,P005,2025-04-14,2025-04-01,Siliguri,East,10,4109.62
S06899,C06899,R037,D0015,P005,2025-04-19,2025-04-01,Bengaluru,South,51,22299.42
S06900,C06900,R049,D0032,P003,2025-04-28,2025-04-01,North Delhi,North,24,16517.46
S06901,C06901,R028,D0313,P001,2025-04-20,2025-04-01,Lucknow,North,24,19155.41
S06902,C06902,R043,D0041,P007,2025-04-03,2025-04-01,Kolkata,East,11,6704.24
S06903,C06903,R002,D0689,P007,2025-04-06,2025-04-01,Chandigarh,North,19,11328.94
S06904,C06904,R021,D0008,P003,2025-04-19,2025-04-01,Patna,East,9,5683.25
S06905,C06905,R035,D0240,P007,2025-04-12,2025-04-01,Nagpur,West,24,14221.87
S06906,C06906,R036,D0815,P005,2025-04-15,2025-04-01,Goa,West,17,8087.91
S06907,C06907,R018,D0481,P006,2025-04-13,2025-04-01,Vijayawada,South,30,15105.69
S06908,C06908,R066,D0408,P002,2025-04-18,2025-04-01,Vijayawada,South,11,5320.82
S06909,C06909,R041,D0018,P005,2025-04-07,2025-04-01,Coimbatore,South,42,18130.38
S06910,C06910,R067,D0021,P002,2025-04-03,2025-04-01,Kolkata,East,30,15542.33
S06911,C06911,R066,D0703,P002,2025-04-08,2025-04-01,Vijayawada,South,22,11723.0
S06912,C06912,R070,D0650,P003,2025-04-21,2025-04-01,Guwahati,East,30,19509.42
S06913,C06913,R024,D0729,P002,2025-05-19,2025-05-01,Siliguri,East,18,9206.84
S06914,C06914,R069,D0682,P008,2025-05-26,2025-05-01,Patna,East,34,11214.5
S06915,C06915,R049,D0002,P001,2025-05-04,2025-05-01,North Delhi,North,21,14758.51
S06916,C06916,R042,D0644,P008,2025-05-05,2025-05-01,Vijayawada,South,10,3080.62
S06917,C06917,R013,D0307,P002,2025-05-05,2025-05-01,Bengaluru,South,37,20763.85
S06918,C06918,R048,D0523,P007,2025-05-18,2025-05-01,Siliguri,East,14,8770.56
S06919,C06919,R020,D0431,P003,2025-05-18,2025-05-01,Bhubaneswar,East,14,9115.26
S06920,C06920,R009,D0677,P008,2025-05-05,2025-05-01,Ahmedabad,West,30,10050.6
S06921,C06921,R046,D0655,P005,2025-05-14,2025-05-01,Guwahati,East,10,4659.92
S06922,C06922,R048,D0738,P004,2025-05-02,2025-05-01,Siliguri,East,24,21435.36
S06923,C06923,R014,D0469,P002,2025-05-19,2025-05-01,Chennai,South,25,13905.52
S06924,C06924,R050,D0239,P004,2025-05-18,2025-05-01,Chandigarh,North,23,20885.83
S06925,C06925,R028,D0435,P005,2025-05-01,2025-05-01,Lucknow,North,18,8831.32
S06926,C06926,R036,D0376,P008,2025-05-03,2025-05-01,Goa,West,35,11045.59
S06927,C06927,R058,D0112,P003,2025-05-22,2025-05-01,Surat,West,22,14343.68
S06928,C06928,R020,D0646,P001,2025-05-28,2025-05-01,Bhubaneswar,East,11,8664.45
S06929,C06929,R025,D0033,P003,2025-05-27,2025-05-01,North Delhi,North,17,11231.96
S06930,C06930,R068,D0431,P002,2025-05-18,2025-05-01,Bhubaneswar,East,13,7671.76
S06931,C06931,R029,D0678,P008,2025-05-17,2025-05-01,Ludhiana,North,27,8866.54
S06932,C06932,R010,D0734,P002,2025-05-26,2025-05-01,Surat,West,20,10409.48
S06933,C06933,R043,D0526,P008,2025-05-27,2025-05-01,Kolkata,East,14,4146.0
S06934,C06934,R028,D0830,P001,2025-05-29,2025-05-01,Lucknow,North,33,27761.94
S06935,C06935,R029,D0742,P007,2025-05-13,2025-05-01,Ludhiana,North,19,11372.65
S06936,C06936,R051,D0192,P004,2025-05-15,2025-05-01,Jaipur,North,33,29855.53
S06937,C06937,R062,D0693,P001,2025-05-03,2025-05-01,Chennai,South,24,18702.62
S06938,C06938,R055,D0391,P005,2025-05-06,2025-05-01,Mumbai,West,18,8613.89
S06939,C06939,R005,D0598,P006,2025-05-12,2025-05-01,Ludhiana,North,19,9422.07
S06940,C06940,R003,D0166,P007,2025-05-26,2025-05-01,Jaipur,North,33,20249.64
S06941,C06941,R028,D0363,P002,2025-05-14,2025-05-01,Lucknow,North,49,25738.21
S06942,C06942,R004,D0458,P005,2025-05-19,2025-05-01,Lucknow,North,27,14147.36
S06943,C06943,R070,D0796,P005,2025-05-27,2025-05-01,Guwahati,East,29,12837.95
S06944,C06944,R019,D0779,P004,2025-05-15,2025-05-01,Kolkata,East,19,17383.61
S06945,C06945,R010,D0640,P008,2025-05-11,2025-05-01,Surat,West,27,9869.21
S06946,C06946,R016,D0478,P004,2025-05-23,2025-05-01,Kochi,South,14,13144.44
S06947,C06947,R062,D0752,P004,2025-05-10,2025-05-01,Chennai,South,20,17781.07
S06948,C06948,R054,D0095,P005,2025-05-13,2025-05-01,Dehradun,North,13,6029.92
S06949,C06949,R068,D0847,P008,2025-05-28,2025-05-01,Bhubaneswar,East,18,5525.93
S06950,C06950,R071,D0134,P007,2025-05-14,2025-05-01,Ranchi,East,11,7273.6
S06951,C06951,R037,D0270,P006,2025-05-08,2025-05-01,Bengaluru,South,30,15127.26
S06952,C06952,R004,D0728,P001,2025-05-26,2025-05-01,Lucknow,North,30,23314.01
S06953,C06953,R016,D0581,P003,2025-05-20,2025-05-01,Kochi,South,12,7572.21
S06954,C06954,R065,D0635,P001,2025-05-24,2025-05-01,Coimbatore,South,38,29177.12
S06955,C06955,R053,D0678,P001,2025-05-11,2025-05-01,Ludhiana,North,22,17216.06
S06956,C06956,R052,D0435,P007,2025-05-25,2025-05-01,Lucknow,North,15,9648.44
S06957,C06957,R051,D0159,P007,2025-05-30,2025-05-01,Jaipur,North,46,28433.56
S06958,C06958,R027,D0825,P001,2025-05-06,2025-05-01,Jaipur,North,28,23035.67
S06959,C06959,R035,D0567,P004,2025-05-06,2025-05-01,Nagpur,West,21,16554.93
S06960,C06960,R007,D0579,P003,2025-05-18,2025-05-01,Mumbai,West,17,12005.78
S06961,C06961,R050,D0329,P001,2025-05-23,2025-05-01,Chandigarh,North,31,22558.23
S06962,C06962,R072,D0729,P004,2025-05-01,2025-05-01,Siliguri,East,9,8318.06
S06963,C06963,R065,D0462,P001,2025-05-18,2025-05-01,Coimbatore,South,12,7905.33
S06964,C06964,R002,D0184,P006,2025-05-04,2025-05-01,Chandigarh,North,12,6140.1
S06965,C06965,R049,D0113,P008,2025-05-31,2025-05-01,North Delhi,North,25,8379.05
S06966,C06966,R059,D0593,P004,2025-05-23,2025-05-01,Nagpur,West,14,11935.85
S06967,C06967,R010,D0566,P002,2025-05-31,2025-05-01,Surat,West,24,12983.25
S06968,C06968,R043,D0140,P004,2025-05-07,2025-05-01,Kolkata,East,12,11174.67
S06969,C06969,R044,D0638,P008,2025-05-25,2025-05-01,Bhubaneswar,East,21,6966.73
S06970,C06970,R037,D0839,P002,2025-05-12,2025-05-01,Bengaluru,South,22,10953.59
S06971,C06971,R039,D0415,P006,2025-05-04,2025-05-01,Hyderabad,South,45,24096.25
S06972,C06972,R051,D0822,P001,2025-05-15,2025-05-01,Jaipur,North,32,27092.41
S06973,C06973,R007,D0202,P003,2025-05-15,2025-05-01,Mumbai,West,17,11901.65
S06974,C06974,R057,D0324,P004,2025-05-16,2025-05-01,Ahmedabad,West,20,16704.95
S06975,C06975,R008,D0501,P004,2025-05-27,2025-05-01,Pune,West,31,26092.51
S06976,C06976,R029,D0290,P002,2025-05-09,2025-05-01,Ludhiana,North,21,11383.15
S06977,C06977,R032,D0170,P007,2025-05-20,2025-05-01,Pune,West,19,11929.3
S06978,C06978,R069,D0311,P006,2025-05-07,2025-05-01,Patna,East,16,8515.34
S06979,C06979,R044,D0337,P004,2025-05-28,2025-05-01,Bhubaneswar,East,16,13676.17
S06980,C06980,R057,D0181,P004,2025-05-15,2025-05-01,Ahmedabad,West,19,16847.11
S06981,C06981,R016,D0365,P001,2025-05-25,2025-05-01,Kochi,South,27,20198.42
S06982,C06982,R026,D0329,P006,2025-05-09,2025-05-01,Chandigarh,North,25,12108.21
S06983,C06983,R023,D0747,P002,2025-05-10,2025-05-01,Ranchi,East,50,27548.6
S06984,C06984,R056,D0442,P003,2025-05-31,2025-05-01,Pune,West,26,17097.0
S06985,C06985,R049,D0346,P007,2025-05-07,2025-05-01,North Delhi,North,16,9982.25
S06986,C06986,R037,D0270,P006,2025-05-18,2025-05-01,Bengaluru,South,30,14862.65
S06987,C06987,R026,D0582,P006,2025-05-10,2025-05-01,Chandigarh,North,17,8960.3
S06988,C06988,R033,D0250,P003,2025-05-13,2025-05-01,Ahmedabad,West,26,16192.58
S06989,C06989,R036,D0804,P005,2025-05-22,2025-05-01,Goa,West,18,8091.45
S06990,C06990,R017,D0452,P001,2025-05-25,2025-05-01,Coimbatore,South,20,14736.76
S06991,C06991,R038,D0381,P002,2025-05-15,2025-05-01,Chennai,South,33,18073.51
S06992,C06992,R067,D0024,P007,2025-05-20,2025-05-01,Kolkata,East,21,13970.9
S06993,C06993,R032,D0697,P004,2025-05-02,2025-05-01,Pune,West,23,20847.33
S06994,C06994,R069,D0319,P006,2025-05-08,2025-05-01,Patna,East,19,9640.73
S06995,C06995,R036,D0145,P007,2025-05-24,2025-05-01,Goa,West,22,13287.5
S06996,C06996,R014,D0110,P008,2025-05-21,2025-05-01,Chennai,South,47,14603.82
S06997,C06997,R063,D0235,P001,2025-05-02,2025-05-01,Hyderabad,South,27,22223.75
S06998,C06998,R011,D0668,P005,2025-05-28,2025-05-01,Nagpur,West,19,8920.01
S06999,C06999,R056,D0170,P008,2025-05-13,2025-05-01,Pune,West,19,5571.25
S07000,C07000,R054,D0136,P002,2025-05-10,2025-05-01,Dehradun,North,10,5693.84
S07001,C07001,R023,D0447,P007,2025-05-15,2025-05-01,Ranchi,East,15,8751.72
S07002,C07002,R012,D0376,P005,2025-05-13,2025-05-01,Goa,West,29,12902.49
S07003,C07003,R043,D0797,P003,2025-05-16,2025-05-01,Kolkata,East,9,6059.48
S07004,C07004,R013,D0660,P007,2025-05-06,2025-05-01,Bengaluru,South,28,16569.1
S07005,C07005,R044,D0636,P007,2025-05-05,2025-05-01,Bhubaneswar,East,23,15603.34
S07006,C07006,R029,D0279,P002,2025-05-31,2025-05-01,Ludhiana,North,22,11738.32
S07007,C07007,R046,D0464,P006,2025-05-24,2025-05-01,Guwahati,East,16,8418.33
S07008,C07008,R048,D0482,P008,2025-05-12,2025-05-01,Siliguri,East,16,4724.61
S07009,C07009,R038,D0247,P006,2025-05-27,2025-05-01,Chennai,South,22,10874.27
S07010,C07010,R041,D0434,P005,2025-05-25,2025-05-01,Coimbatore,South,34,15537.63
S07011,C07011,R023,D0808,P002,2025-05-22,2025-05-01,Ranchi,East,41,23243.48
S07012,C07012,R056,D0480,P004,2025-05-23,2025-05-01,Pune,West,16,13473.74
S07013,C07013,R052,D0320,P008,2025-05-30,2025-05-01,Lucknow,North,24,8140.58
S07014,C07014,R021,D0682,P007,2025-05-26,2025-05-01,Patna,East,25,15347.09
S07015,C07015,R001,D0219,P004,2025-05-08,2025-05-01,North Delhi,North,19,17186.86
S07016,C07016,R061,D0117,P003,2025-05-23,2025-05-01,Bengaluru,South,39,24780.75
S07017,C07017,R009,D0841,P007,2025-05-05,2025-05-01,Ahmedabad,West,11,6386.18
S07018,C07018,R038,D0685,P008,2025-05-16,2025-05-01,Chennai,South,42,11976.8
S07019,C07019,R060,D0361,P003,2025-05-03,2025-05-01,Goa,West,21,14067.68
S07020,C07020,R070,D0821,P007,2025-05-06,2025-05-01,Guwahati,East,10,6291.31
S07021,C07021,R010,D0231,P003,2025-05-23,2025-05-01,Surat,West,21,13609.21
S07022,C07022,R059,D0574,P007,2025-05-12,2025-05-01,Nagpur,West,19,10672.36
S07023,C07023,R034,D0038,P008,2025-05-06,2025-05-01,Surat,West,15,4666.53
S07024,C07024,R040,D0545,P006,2025-05-31,2025-05-01,Kochi,South,32,16624.45
S07025,C07025,R022,D0142,P004,2025-05-30,2025-05-01,Guwahati,East,27,24251.11
S07026,C07026,R019,D0172,P003,2025-05-08,2025-05-01,Kolkata,East,20,13643.5
S07027,C07027,R035,D0687,P001,2025-05-19,2025-05-01,Nagpur,West,26,18639.95
S07028,C07028,R067,D0140,P001,2025-05-10,2025-05-01,Kolkata,East,25,19105.12
S07029,C07029,R044,D0509,P007,2025-05-25,2025-05-01,Bhubaneswar,East,22,13352.79
S07030,C07030,R058,D0734,P006,2025-05-22,2025-05-01,Surat,West,23,12101.34
S07031,C07031,R017,D0788,P002,2025-05-14,2025-05-01,Coimbatore,South,11,5760.8
S07032,C07032,R023,D0340,P005,2025-05-29,2025-05-01,Ranchi,East,21,9918.36
S07033,C07033,R046,D0063,P008,2025-05-23,2025-05-01,Guwahati,East,13,3962.53
S07034,C07034,R012,D0268,P006,2025-05-05,2025-05-01,Goa,West,28,14434.94
S07035,C07035,R071,D0515,P008,2025-05-14,2025-05-01,Ranchi,East,30,9459.25
S07036,C07036,R026,D0303,P001,2025-05-26,2025-05-01,Chandigarh,North,8,6130.33
S07037,C07037,R011,D0600,P001,2025-05-17,2025-05-01,Nagpur,West,13,11363.46
S07038,C07038,R035,D0845,P006,2025-05-04,2025-05-01,Nagpur,West,22,11033.25
S07039,C07039,R030,D0591,P005,2025-05-24,2025-05-01,Dehradun,North,13,5853.58
S07040,C07040,R048,D0493,P006,2025-05-15,2025-05-01,Siliguri,East,17,8052.42
S07041,C07041,R009,D0495,P008,2025-05-08,2025-05-01,Ahmedabad,West,27,9067.72
S07042,C07042,R013,D0087,P001,2025-05-26,2025-05-01,Bengaluru,South,26,19728.79
S07043,C07043,R057,D0541,P008,2025-05-28,2025-05-01,Ahmedabad,West,18,5750.77
S07044,C07044,R071,D0808,P001,2025-05-19,2025-05-01,Ranchi,East,29,21665.11
S07045,C07045,R036,D0648,P005,2025-05-23,2025-05-01,Goa,West,35,16434.67
S07046,C07046,R004,D0584,P007,2025-05-08,2025-05-01,Lucknow,North,18,11491.85
S07047,C07047,R050,D0762,P006,2025-05-24,2025-05-01,Chandigarh,North,18,9780.67
S07048,C07048,R018,D0316,P002,2025-05-29,2025-05-01,Vijayawada,South,28,15031.85
S07049,C07049,R025,D0294,P005,2025-05-08,2025-05-01,North Delhi,North,28,12497.82
S07050,C07050,R070,D0821,P008,2025-05-30,2025-05-01,Guwahati,East,14,4332.48
S07051,C07051,R008,D0439,P002,2025-05-03,2025-05-01,Pune,West,35,18916.68
S07052,C07052,R047,D0578,P008,2025-05-14,2025-05-01,Ranchi,East,20,6481.16
S07053,C07053,R033,D0554,P006,2025-05-03,2025-05-01,Ahmedabad,West,19,9953.71
S07054,C07054,R061,D0070,P001,2025-05-14,2025-05-01,Bengaluru,South,16,11951.57
S07055,C07055,R037,D0251,P003,2025-05-21,2025-05-01,Bengaluru,South,35,23255.24
S07056,C07056,R068,D0337,P007,2025-05-27,2025-05-01,Bhubaneswar,East,18,10420.42
S07057,C07057,R024,D0147,P003,2025-05-05,2025-05-01,Siliguri,East,27,17704.62
S07058,C07058,R015,D0585,P008,2025-05-28,2025-05-01,Hyderabad,South,14,4792.62
S07059,C07059,R007,D0780,P004,2025-05-31,2025-05-01,Mumbai,West,23,20236.62
S07060,C07060,R021,D0807,P003,2025-05-03,2025-05-01,Patna,East,11,6938.92
S07061,C07061,R033,D0181,P007,2025-05-30,2025-05-01,Ahmedabad,West,18,11172.43
S07062,C07062,R009,D0380,P007,2025-05-29,2025-05-01,Ahmedabad,West,21,13382.9
S07063,C07063,R072,D0160,P002,2025-05-01,2025-05-01,Siliguri,East,10,5192.42
S07064,C07064,R041,D0046,P007,2025-05-02,2025-05-01,Coimbatore,South,25,14216.81
S07065,C07065,R041,D0505,P003,2025-05-23,2025-05-01,Coimbatore,South,32,20262.55
S07066,C07066,R008,D0659,P008,2025-05-14,2025-05-01,Pune,West,33,10327.84
S07067,C07067,R063,D0012,P001,2025-05-09,2025-05-01,Hyderabad,South,21,17623.36
S07068,C07068,R008,D0537,P006,2025-05-13,2025-05-01,Pune,West,26,12329.12
S07069,C07069,R071,D0031,P002,2025-05-11,2025-05-01,Ranchi,East,39,19276.03
S07070,C07070,R021,D0727,P006,2025-05-31,2025-05-01,Patna,East,22,11372.54
S07071,C07071,R003,D0080,P008,2025-05-08,2025-05-01,Jaipur,North,14,4320.56
S07072,C07072,R051,D0296,P006,2025-05-03,2025-05-01,Jaipur,North,10,4847.19
S07073,C07073,R043,D0076,P004,2025-05-26,2025-05-01,Kolkata,East,18,16540.42
S07074,C07074,R003,D0296,P007,2025-05-27,2025-05-01,Jaipur,North,22,13481.19
S07075,C07075,R004,D0297,P002,2025-05-28,2025-05-01,Lucknow,North,38,21551.47
S07076,C07076,R014,D0469,P005,2025-05-31,2025-05-01,Chennai,South,26,12399.25
S07077,C07077,R024,D0612,P008,2025-05-02,2025-05-01,Siliguri,East,36,10824.08
S07078,C07078,R042,D0758,P003,2025-05-24,2025-05-01,Vijayawada,South,22,13300.86
S07079,C07079,R008,D0366,P001,2025-05-09,2025-05-01,Pune,West,25,20591.14
S07080,C07080,R037,D0782,P004,2025-05-14,2025-05-01,Bengaluru,South,45,39801.1
S07081,C07081,R048,D0348,P004,2025-05-14,2025-05-01,Siliguri,East,42,43014.6
S07082,C07082,R066,D0074,P007,2025-05-31,2025-05-01,Vijayawada,South,37,23661.26
S07083,C07083,R031,D0543,P007,2025-05-17,2025-05-01,Mumbai,West,36,23465.62
S07084,C07084,R032,D0622,P003,2025-05-07,2025-05-01,Pune,West,19,11947.92
S07085,C07085,R019,D0218,P007,2025-05-03,2025-05-01,Kolkata,East,18,10934.0
S07086,C07086,R059,D0530,P002,2025-05-19,2025-05-01,Nagpur,West,24,13484.03
S07087,C07087,R002,D0329,P002,2025-05-26,2025-05-01,Chandigarh,North,14,7528.18
S07088,C07088,R062,D0110,P005,2025-05-23,2025-05-01,Chennai,South,24,11070.92
S07089,C07089,R040,D0372,P006,2025-05-29,2025-05-01,Kochi,South,15,7743.12
S07090,C07090,R012,D0361,P007,2025-05-02,2025-05-01,Goa,West,12,7055.04
S07091,C07091,R009,D0287,P005,2025-05-13,2025-05-01,Ahmedabad,West,19,8353.92
S07092,C07092,R061,D0761,P002,2025-05-19,2025-05-01,Bengaluru,South,23,12306.19
S07093,C07093,R044,D0431,P006,2025-05-27,2025-05-01,Bhubaneswar,East,17,8490.3
S07094,C07094,R053,D0598,P004,2025-05-10,2025-05-01,Ludhiana,North,35,29783.25
S07095,C07095,R057,D0035,P003,2025-05-21,2025-05-01,Ahmedabad,West,28,18362.87
S07096,C07096,R021,D0234,P003,2025-05-07,2025-05-01,Patna,East,20,12338.09
S07097,C07097,R023,D0747,P007,2025-05-19,2025-05-01,Ranchi,East,46,29129.66
S07098,C07098,R015,D0767,P002,2025-05-25,2025-05-01,Hyderabad,South,33,18345.36
S07099,C07099,R066,D0758,P005,2025-05-26,2025-05-01,Vijayawada,South,31,14747.47
S07100,C07100,R030,D0059,P001,2025-05-15,2025-05-01,Dehradun,North,15,11209.39
S07101,C07101,R067,D0715,P006,2025-05-15,2025-05-01,Kolkata,East,25,12134.59
S07102,C07102,R014,D0198,P002,2025-05-28,2025-05-01,Chennai,South,40,23026.98
S07103,C07103,R013,D0015,P008,2025-05-17,2025-05-01,Bengaluru,South,38,12041.02
S07104,C07104,R062,D0078,P008,2025-05-11,2025-05-01,Chennai,South,16,5265.95
S07105,C07105,R039,D0585,P007,2025-05-09,2025-05-01,Hyderabad,South,27,15520.92
S07106,C07106,R035,D0530,P003,2025-05-23,2025-05-01,Nagpur,West,29,18866.45
S07107,C07107,R032,D0501,P007,2025-05-23,2025-05-01,Pune,West,34,21975.9
S07108,C07108,R041,D0725,P002,2025-05-17,2025-05-01,Coimbatore,South,25,13590.22
S07109,C07109,R006,D0095,P003,2025-05-05,2025-05-01,Dehradun,North,19,12383.38
S07110,C07110,R015,D0012,P002,2025-05-06,2025-05-01,Hyderabad,South,22,12216.42
S07111,C07111,R069,D0801,P001,2025-05-08,2025-05-01,Patna,East,16,12677.21
S07112,C07112,R018,D0417,P003,2025-05-01,2025-05-01,Vijayawada,South,22,16033.35
S07113,C07113,R061,D0660,P005,2025-05-15,2025-05-01,Bengaluru,South,25,11523.5
S07114,C07114,R007,D0476,P007,2025-05-13,2025-05-01,Mumbai,West,20,12595.0
S07115,C07115,R020,D0273,P001,2025-05-12,2025-05-01,Bhubaneswar,East,18,13945.35
S07116,C07116,R019,D0449,P004,2025-05-29,2025-05-01,Kolkata,East,20,16920.05
S07117,C07117,R033,D0840,P006,2025-05-08,2025-05-01,Ahmedabad,West,43,22392.51
S07118,C07118,R011,D0093,P002,2025-05-26,2025-05-01,Nagpur,West,13,6505.32
S07119,C07119,R022,D0082,P006,2025-05-06,2025-05-01,Guwahati,East,6,3210.95
S07120,C07120,R068,D0337,P005,2025-05-19,2025-05-01,Bhubaneswar,East,16,6875.46
S07121,C07121,R033,D0403,P005,2025-05-27,2025-05-01,Ahmedabad,West,14,6154.89
S07122,C07122,R010,D0426,P001,2025-05-26,2025-05-01,Surat,West,46,34141.78
S07123,C07123,R054,D0161,P002,2025-05-19,2025-05-01,Dehradun,North,19,10578.52
S07124,C07124,R047,D0808,P008,2025-05-07,2025-05-01,Ranchi,East,36,10875.1
S07125,C07125,R064,D0105,P008,2025-05-12,2025-05-01,Kochi,South,25,8203.76
S07126,C07126,R034,D0112,P004,2025-05-14,2025-05-01,Surat,West,19,16340.39
S07127,C07127,R018,D0753,P005,2025-05-27,2025-05-01,Vijayawada,South,17,7774.24
S07128,C07128,R069,D0248,P005,2025-05-12,2025-05-01,Patna,East,11,4924.21
S07129,C07129,R041,D0491,P005,2025-05-26,2025-05-01,Coimbatore,South,25,12838.05
S07130,C07130,R019,D0359,P006,2025-05-30,2025-05-01,Kolkata,East,27,12624.41
S07131,C07131,R039,D0196,P005,2025-05-04,2025-05-01,Hyderabad,South,44,20735.46
S07132,C07132,R056,D0477,P002,2025-05-30,2025-05-01,Pune,West,21,11334.56
S07133,C07133,R036,D0745,P001,2025-05-18,2025-05-01,Goa,West,33,24736.5
S07134,C07134,R046,D0042,P007,2025-05-19,2025-05-01,Guwahati,East,13,8086.54
S07135,C07135,R053,D0800,P006,2025-05-10,2025-05-01,Ludhiana,North,27,13108.74
S07136,C07136,R044,D0314,P002,2025-05-11,2025-05-01,Bhubaneswar,East,14,7154.14
S07137,C07137,R052,D0777,P001,2025-05-17,2025-05-01,Lucknow,North,36,26470.22
S07138,C07138,R064,D0798,P002,2025-05-07,2025-05-01,Kochi,South,18,9760.04
S07139,C07139,R028,D0781,P005,2025-05-23,2025-05-01,Lucknow,North,23,10262.84
S07140,C07140,R050,D0662,P005,2025-05-21,2025-05-01,Chandigarh,North,16,7041.0
S07141,C07141,R047,D0763,P002,2025-05-01,2025-05-01,Ranchi,East,15,8238.91
S07142,C07142,R031,D0749,P002,2025-05-07,2025-05-01,Mumbai,West,15,8536.71
S07143,C07143,R058,D0426,P002,2025-05-16,2025-05-01,Surat,West,37,18562.6
S07144,C07144,R014,D0752,P004,2025-05-24,2025-05-01,Chennai,South,22,19903.97
S07145,C07145,R002,D0303,P002,2025-05-10,2025-05-01,Chandigarh,North,14,7757.98
S07146,C07146,R030,D0710,P004,2025-05-28,2025-05-01,Dehradun,North,29,27453.73
S07147,C07147,R048,D0726,P001,2025-05-17,2025-05-01,Siliguri,East,17,13068.1
S07148,C07148,R018,D0437,P008,2025-05-17,2025-05-01,Vijayawada,South,17,5860.18
S07149,C07149,R051,D0138,P008,2025-05-04,2025-05-01,Jaipur,North,30,9880.2
S07150,C07150,R024,D0160,P003,2025-05-20,2025-05-01,Siliguri,East,18,10763.83
S07151,C07151,R061,D0087,P007,2025-05-26,2025-05-01,Bengaluru,South,14,8668.23
S07152,C07152,R049,D0521,P005,2025-05-07,2025-05-01,North Delhi,North,16,7353.56
S07153,C07153,R058,D0295,P001,2025-05-17,2025-05-01,Surat,West,29,23732.97
S07154,C07154,R027,D0714,P003,2025-05-01,2025-05-01,Jaipur,North,18,12580.8
S07155,C07155,R046,D0176,P001,2025-05-07,2025-05-01,Guwahati,East,28,20779.0
S07156,C07156,R019,D0081,P006,2025-05-03,2025-05-01,Kolkata,East,21,11195.31
S07157,C07157,R027,D0594,P007,2025-05-24,2025-05-01,Jaipur,North,16,9696.96
S07158,C07158,R055,D0168,P005,2025-05-31,2025-05-01,Mumbai,West,22,9761.17
S07159,C07159,R068,D0774,P001,2025-05-02,2025-05-01,Bhubaneswar,East,30,25095.22
S07160,C07160,R015,D0012,P002,2025-05-22,2025-05-01,Hyderabad,South,34,17923.01
S07161,C07161,R002,D0352,P004,2025-05-19,2025-05-01,Chandigarh,North,13,11588.61
S07162,C07162,R017,D0788,P002,2025-05-22,2025-05-01,Coimbatore,South,9,4841.85
S07163,C07163,R050,D0479,P001,2025-05-16,2025-05-01,Chandigarh,North,28,22402.08
S07164,C07164,R021,D0682,P003,2025-05-31,2025-05-01,Patna,East,14,9849.66
S07165,C07165,R006,D0450,P005,2025-05-02,2025-05-01,Dehradun,North,32,15904.56
S07166,C07166,R034,D0566,P001,2025-05-05,2025-05-01,Surat,West,15,12229.33
S07167,C07167,R003,D0656,P008,2025-05-08,2025-05-01,Jaipur,North,19,5566.33
S07168,C07168,R021,D0386,P004,2025-05-25,2025-05-01,Patna,East,14,13367.94
S07169,C07169,R053,D0090,P002,2025-05-03,2025-05-01,Ludhiana,North,11,6118.42
S07170,C07170,R022,D0821,P001,2025-05-04,2025-05-01,Guwahati,East,11,9050.76
S07171,C07171,R047,D0031,P008,2025-05-23,2025-05-01,Ranchi,East,39,12291.98
S07172,C07172,R063,D0235,P005,2025-05-13,2025-05-01,Hyderabad,South,16,7355.42
S07173,C07173,R025,D0609,P007,2025-05-22,2025-05-01,North Delhi,North,23,14696.31
S07174,C07174,R065,D0617,P007,2025-05-12,2025-05-01,Coimbatore,South,18,12084.34
S07175,C07175,R038,D0469,P008,2025-05-03,2025-05-01,Chennai,South,38,12277.71
S07176,C07176,R035,D0390,P008,2025-05-19,2025-05-01,Nagpur,West,18,5400.56
S07177,C07177,R060,D0361,P007,2025-05-04,2025-05-01,Goa,West,10,6282.01
S07178,C07178,R006,D0837,P007,2025-05-15,2025-05-01,Dehradun,North,16,9669.0
S07179,C07179,R011,D0354,P007,2025-05-28,2025-05-01,Nagpur,West,14,8089.18
S07180,C07180,R035,D0732,P003,2025-05-06,2025-05-01,Nagpur,West,26,17046.8
S07181,C07181,R012,D0062,P005,2025-05-07,2025-05-01,Goa,West,22,10361.41
S07182,C07182,R005,D0647,P008,2025-05-30,2025-05-01,Ludhiana,North,18,6063.2
S07183,C07183,R001,D0611,P007,2025-05-10,2025-05-01,North Delhi,North,14,8333.76
S07184,C07184,R039,D0540,P001,2025-05-12,2025-05-01,Hyderabad,South,36,27462.06
S07185,C07185,R025,D0346,P001,2025-05-22,2025-05-01,North Delhi,North,16,12416.57
S07186,C07186,R031,D0579,P002,2025-05-04,2025-05-01,Mumbai,West,33,19384.62
S07187,C07187,R001,D0388,P006,2025-05-02,2025-05-01,North Delhi,North,11,5986.48
S07188,C07188,R005,D0570,P004,2025-05-27,2025-05-01,Ludhiana,North,22,20132.7
S07189,C07189,R066,D0694,P006,2025-05-30,2025-05-01,Vijayawada,South,20,10468.71
S07190,C07190,R032,D0605,P002,2025-05-31,2025-05-01,Pune,West,20,10629.95
S07191,C07191,R059,D0626,P001,2025-05-01,2025-05-01,Nagpur,West,10,8101.16
S07192,C07192,R047,D0843,P007,2025-05-17,2025-05-01,Ranchi,East,18,10434.44
S07193,C07193,R022,D0165,P003,2025-05-27,2025-05-01,Guwahati,East,16,10813.0
S07194,C07194,R034,D0410,P001,2025-05-27,2025-05-01,Surat,West,19,13314.34
S07195,C07195,R067,D0562,P002,2025-05-12,2025-05-01,Kolkata,East,13,6444.2
S07196,C07196,R027,D0619,P003,2025-05-16,2025-05-01,Jaipur,North,39,23250.67
S07197,C07197,R005,D0120,P004,2025-05-05,2025-05-01,Ludhiana,North,36,35054.75
S07198,C07198,R026,D0689,P008,2025-05-05,2025-05-01,Chandigarh,North,11,3492.15
S07199,C07199,R010,D0112,P002,2025-05-12,2025-05-01,Surat,West,17,8559.17
S07200,C07200,R016,D0373,P005,2025-05-08,2025-05-01,Kochi,South,13,6708.78
S07201,C07201,R059,D0600,P003,2025-05-31,2025-05-01,Nagpur,West,16,10150.73
S07202,C07202,R067,D0175,P004,2025-05-03,2025-05-01,Kolkata,East,22,20094.91
S07203,C07203,R070,D0082,P003,2025-05-17,2025-05-01,Guwahati,East,11,6975.66
S07204,C07204,R040,D0535,P003,2025-05-18,2025-05-01,Kochi,South,32,21958.26
S07205,C07205,R016,D0335,P005,2025-05-02,2025-05-01,Kochi,South,20,9193.13
S07206,C07206,R043,D0702,P005,2025-05-14,2025-05-01,Kolkata,East,11,4871.05
S07207,C07207,R031,D0769,P002,2025-05-30,2025-05-01,Mumbai,West,20,10078.72
S07208,C07208,R011,D0354,P002,2025-05-04,2025-05-01,Nagpur,West,14,7291.87
S07209,C07209,R063,D0576,P002,2025-05-05,2025-05-01,Hyderabad,South,26,13334.47
S07210,C07210,R004,D0200,P008,2025-05-06,2025-05-01,Lucknow,North,12,3501.79
S07211,C07211,R042,D0750,P003,2025-05-02,2025-05-01,Vijayawada,South,26,17790.09
S07212,C07212,R066,D0210,P005,2025-05-28,2025-05-01,Vijayawada,South,17,8256.44
S07213,C07213,R051,D0716,P004,2025-05-02,2025-05-01,Jaipur,North,35,30089.74
S07214,C07214,R003,D0671,P003,2025-05-09,2025-05-01,Jaipur,North,28,16555.67
S07215,C07215,R055,D0350,P001,2025-05-26,2025-05-01,Mumbai,West,24,19059.81
S07216,C07216,R022,D0654,P004,2025-05-31,2025-05-01,Guwahati,East,18,16144.35
S07217,C07217,R072,D0493,P008,2025-05-05,2025-05-01,Siliguri,East,15,4559.9
S07218,C07218,R064,D0535,P008,2025-05-12,2025-05-01,Kochi,South,22,7019.15
S07219,C07219,R069,D0248,P003,2025-05-06,2025-05-01,Patna,East,11,6258.99
S07220,C07220,R065,D0163,P005,2025-05-06,2025-05-01,Coimbatore,South,24,11044.56
S07221,C07221,R072,D0523,P003,2025-05-30,2025-05-01,Siliguri,East,12,7859.41
S07222,C07222,R006,D0059,P008,2025-05-11,2025-05-01,Dehradun,North,32,10920.66
S07223,C07223,R039,D0235,P005,2025-05-19,2025-05-01,Hyderabad,South,24,11180.14
S07224,C07224,R042,D0092,P008,2025-05-05,2025-05-01,Vijayawada,South,26,8357.8
S07225,C07225,R002,D0003,P007,2025-05-09,2025-05-01,Chandigarh,North,15,10048.59
S07226,C07226,R053,D0001,P003,2025-05-12,2025-05-01,Ludhiana,North,13,8239.53
S07227,C07227,R030,D0095,P004,2025-05-19,2025-05-01,Dehradun,North,18,14821.75
S07228,C07228,R045,D0801,P005,2025-05-28,2025-05-01,Patna,East,12,5771.97
S07229,C07229,R045,D0669,P002,2025-05-08,2025-05-01,Patna,East,17,9659.81
S07230,C07230,R052,D0830,P007,2025-05-20,2025-05-01,Lucknow,North,24,15422.64
S07231,C07231,R041,D0053,P005,2025-05-16,2025-05-01,Coimbatore,South,21,9547.5
S07232,C07232,R005,D0846,P002,2025-05-25,2025-05-01,Ludhiana,North,21,10936.8
S07233,C07233,R055,D0543,P004,2025-05-11,2025-05-01,Mumbai,West,20,16693.63
S07234,C07234,R065,D0617,P007,2025-05-14,2025-05-01,Coimbatore,South,33,19236.85
S07235,C07235,R054,D0744,P004,2025-05-20,2025-05-01,Dehradun,North,27,22221.75
S07236,C07236,R057,D0250,P006,2025-05-14,2025-05-01,Ahmedabad,West,25,12469.62
S07237,C07237,R060,D0704,P008,2025-05-24,2025-05-01,Goa,West,28,9703.33
S07238,C07238,R039,D0533,P003,2025-05-01,2025-05-01,Hyderabad,South,23,14766.53
S07239,C07239,R052,D0297,P008,2025-05-11,2025-05-01,Lucknow,North,39,12560.13
S07240,C07240,R068,D0511,P004,2025-05-06,2025-05-01,Bhubaneswar,East,12,10972.18
S07241,C07241,R045,D0206,P005,2025-05-05,2025-05-01,Patna,East,22,9937.34
S07242,C07242,R012,D0149,P007,2025-05-02,2025-05-01,Goa,West,30,17962.61
S07243,C07243,R058,D0734,P001,2025-05-12,2025-05-01,Surat,West,23,19093.45
S07244,C07244,R040,D0592,P006,2025-05-07,2025-05-01,Kochi,South,30,15442.61
S07245,C07245,R033,D0510,P005,2025-05-24,2025-05-01,Ahmedabad,West,15,7289.59
S07246,C07246,R025,D0611,P006,2025-05-16,2025-05-01,North Delhi,North,15,8563.34
S07247,C07247,R071,D0322,P008,2025-05-25,2025-05-01,Ranchi,East,21,6427.71
S07248,C07248,R056,D0257,P004,2025-05-28,2025-05-01,Pune,West,25,22076.9
S07249,C07249,R046,D0802,P008,2025-05-25,2025-05-01,Guwahati,East,19,6029.23
S07250,C07250,R064,D0831,P005,2025-05-14,2025-05-01,Kochi,South,26,11663.65
S07251,C07251,R066,D0195,P002,2025-05-31,2025-05-01,Vijayawada,South,15,7925.23
S07252,C07252,R045,D0682,P006,2025-05-12,2025-05-01,Patna,East,24,13098.58
S07253,C07253,R052,D0313,P002,2025-05-26,2025-05-01,Lucknow,North,33,17908.43
S07254,C07254,R028,D0560,P008,2025-05-06,2025-05-01,Lucknow,North,21,7556.46
S07255,C07255,R007,D0154,P002,2025-05-31,2025-05-01,Mumbai,West,19,10051.56
S07256,C07256,R001,D0440,P004,2025-05-10,2025-05-01,North Delhi,North,25,23925.51
S07257,C07257,R001,D0094,P007,2025-05-20,2025-05-01,North Delhi,North,16,10618.37
S07258,C07258,R025,D0679,P001,2025-05-11,2025-05-01,North Delhi,North,17,13205.0
S07259,C07259,R045,D0283,P004,2025-05-08,2025-05-01,Patna,East,27,24567.33
S07260,C07260,R024,D0178,P005,2025-05-11,2025-05-01,Siliguri,East,23,11047.02
S07261,C07261,R056,D0621,P003,2025-05-19,2025-05-01,Pune,West,18,11549.2
S07262,C07262,R026,D0829,P006,2025-05-04,2025-05-01,Chandigarh,North,15,8286.37
S07263,C07263,R050,D0303,P003,2025-05-07,2025-05-01,Chandigarh,North,6,3799.35
S07264,C07264,R061,D0604,P003,2025-05-29,2025-05-01,Bengaluru,South,19,12213.55
S07265,C07265,R001,D0611,P003,2025-05-03,2025-05-01,North Delhi,North,17,10934.08
S07266,C07266,R026,D0352,P005,2025-05-23,2025-05-01,Chandigarh,North,11,5116.99
S07267,C07267,R023,D0733,P008,2025-05-10,2025-05-01,Ranchi,East,19,6179.66
S07268,C07268,R071,D0077,P002,2025-05-10,2025-05-01,Ranchi,East,31,16207.33
S07269,C07269,R038,D0752,P004,2025-05-12,2025-05-01,Chennai,South,20,17699.29
S07270,C07270,R058,D0238,P002,2025-05-12,2025-05-01,Surat,West,30,15297.26
S07271,C07271,R072,D0050,P002,2025-05-22,2025-05-01,Siliguri,East,15,8571.64
S07272,C07272,R014,D0786,P008,2025-05-25,2025-05-01,Chennai,South,46,15231.52
S07273,C07273,R062,D0653,P006,2025-05-12,2025-05-01,Chennai,South,19,9521.75
S07274,C07274,R013,D0686,P008,2025-05-06,2025-05-01,Bengaluru,South,27,8556.96
S07275,C07275,R015,D0114,P006,2025-05-01,2025-05-01,Hyderabad,South,30,14792.71
S07276,C07276,R032,D0623,P006,2025-05-23,2025-05-01,Pune,West,29,14102.8
S07277,C07277,R029,D0678,P006,2025-05-29,2025-05-01,Ludhiana,North,25,12060.97
S07278,C07278,R006,D0794,P006,2025-05-02,2025-05-01,Dehradun,North,20,9727.81
S07279,C07279,R027,D0230,P007,2025-05-19,2025-05-01,Jaipur,North,26,16620.09
S07280,C07280,R070,D0802,P003,2025-05-07,2025-05-01,Guwahati,East,13,9024.34
S07281,C07281,R002,D0681,P001,2025-05-07,2025-05-01,Chandigarh,North,31,22524.33
S07282,C07282,R005,D0233,P004,2025-05-26,2025-05-01,Ludhiana,North,11,10132.0
S07283,C07283,R042,D0195,P001,2025-05-08,2025-05-01,Vijayawada,South,32,23436.22
S07284,C07284,R024,D0726,P001,2025-05-10,2025-05-01,Siliguri,East,20,16196.33
S07285,C07285,R017,D0531,P001,2025-05-04,2025-05-01,Coimbatore,South,21,16448.85
S07286,C07286,R020,D0193,P001,2025-05-29,2025-05-01,Bhubaneswar,East,17,12914.71
S07287,C07287,R008,D0171,P006,2025-05-29,2025-05-01,Pune,West,18,9384.65
S07288,C07288,R043,D0702,P005,2025-05-29,2025-05-01,Kolkata,East,14,6874.25
S07289,C07289,R064,D0162,P008,2025-05-08,2025-05-01,Kochi,South,22,6380.1
S07290,C07290,R070,D0165,P003,2025-05-06,2025-05-01,Guwahati,East,18,12555.95
S07291,C07291,R040,D0529,P003,2025-05-30,2025-05-01,Kochi,South,28,17745.1
S07292,C07292,R006,D0744,P004,2025-05-20,2025-05-01,Dehradun,North,35,33367.33
S07293,C07293,R049,D0294,P007,2025-05-09,2025-05-01,North Delhi,North,23,14637.9
S07294,C07294,R062,D0549,P008,2025-05-02,2025-05-01,Chennai,South,29,8759.7
S07295,C07295,R034,D0513,P006,2025-05-25,2025-05-01,Surat,West,27,13369.26
S07296,C07296,R028,D0435,P005,2025-05-25,2025-05-01,Lucknow,North,24,11305.17
S07297,C07297,R038,D0549,P008,2025-05-01,2025-05-01,Chennai,South,28,9384.21
S07298,C07298,R060,D0158,P002,2025-05-15,2025-05-01,Goa,West,20,11057.09
S07299,C07299,R034,D0426,P004,2025-05-15,2025-05-01,Surat,West,24,21776.59
S07300,C07300,R004,D0005,P002,2025-05-15,2025-05-01,Lucknow,North,24,12546.05
S07301,C07301,R009,D0677,P002,2025-05-12,2025-05-01,Ahmedabad,West,35,18931.94
S07302,C07302,R020,D0684,P004,2025-05-11,2025-05-01,Bhubaneswar,East,13,11527.56
S07303,C07303,R017,D0617,P007,2025-05-11,2025-05-01,Coimbatore,South,23,12976.93
S07304,C07304,R065,D0018,P003,2025-05-29,2025-05-01,Coimbatore,South,36,24158.59
S07305,C07305,R013,D0761,P007,2025-05-31,2025-05-01,Bengaluru,South,22,13173.74
S07306,C07306,R053,D0401,P005,2025-05-04,2025-05-01,Ludhiana,North,23,11307.86
S07307,C07307,R031,D0144,P006,2025-05-23,2025-05-01,Mumbai,West,45,24292.29
S07308,C07308,R040,D0438,P002,2025-05-18,2025-05-01,Kochi,South,25,13624.38
S07309,C07309,R016,D0508,P007,2025-05-08,2025-05-01,Kochi,South,20,12873.57
S07310,C07310,R007,D0429,P002,2025-05-06,2025-05-01,Mumbai,West,16,8905.79
S07311,C07311,R060,D0704,P003,2025-05-24,2025-05-01,Goa,West,34,22414.9
S07312,C07312,R027,D0564,P007,2025-05-12,2025-05-01,Jaipur,North,27,15304.13
S07313,C07313,R018,D0195,P006,2025-05-05,2025-05-01,Vijayawada,South,33,16695.74
S07314,C07314,R055,D0547,P003,2025-05-31,2025-05-01,Mumbai,West,13,8436.81
S07315,C07315,R022,D0176,P003,2025-05-29,2025-05-01,Guwahati,East,23,15096.05
S07316,C07316,R067,D0076,P004,2025-05-13,2025-05-01,Kolkata,East,17,14956.88
S07317,C07317,R057,D0250,P004,2025-05-14,2025-05-01,Ahmedabad,West,36,33807.64
S07318,C07318,R011,D0770,P001,2025-05-14,2025-05-01,Nagpur,West,35,28957.06
S07319,C07319,R012,D0528,P002,2025-05-06,2025-05-01,Goa,West,18,9482.77
S07320,C07320,R015,D0223,P002,2025-05-04,2025-05-01,Hyderabad,South,38,19161.04
S07321,C07321,R063,D0235,P002,2025-05-09,2025-05-01,Hyderabad,South,32,16441.31
S07322,C07322,R018,D0675,P003,2025-05-12,2025-05-01,Vijayawada,South,19,13318.54
S07323,C07323,R003,D0616,P001,2025-05-05,2025-05-01,Jaipur,North,27,22067.7
S07324,C07324,R047,D0639,P006,2025-05-02,2025-05-01,Ranchi,East,12,5771.28
S07325,C07325,R054,D0587,P006,2025-05-29,2025-05-01,Dehradun,North,25,11814.9
S07326,C07326,R064,D0831,P002,2025-05-28,2025-05-01,Kochi,South,15,7860.54
S07327,C07327,R036,D0624,P008,2025-05-10,2025-05-01,Goa,West,23,8020.86
S07328,C07328,R042,D0368,P005,2025-05-20,2025-05-01,Vijayawada,South,12,5635.7
S07329,C07329,R055,D0292,P003,2025-05-05,2025-05-01,Mumbai,West,24,15652.79
S07330,C07330,R017,D0046,P002,2025-05-29,2025-05-01,Coimbatore,South,13,6975.89
S07331,C07331,R030,D0665,P004,2025-05-26,2025-05-01,Dehradun,North,17,13706.78
S07332,C07332,R060,D0809,P008,2025-05-06,2025-05-01,Goa,West,19,5991.26
S07333,C07333,R030,D0603,P001,2025-05-07,2025-05-01,Dehradun,North,16,13253.87
S07334,C07334,R066,D0394,P001,2025-05-11,2025-05-01,Vijayawada,South,16,12233.92
S07335,C07335,R020,D0273,P004,2025-05-03,2025-05-01,Bhubaneswar,East,11,9670.5
S07336,C07336,R054,D0591,P008,2025-05-11,2025-05-01,Dehradun,North,15,4878.99
S07337,C07337,R059,D0203,P003,2025-05-21,2025-05-01,Nagpur,West,21,13081.02
S07338,C07338,R072,D0493,P006,2025-05-23,2025-05-01,Siliguri,East,23,11925.27
S07339,C07339,R063,D0208,P005,2025-05-01,2025-05-01,Hyderabad,South,22,9701.14
S07340,C07340,R037,D0701,P002,2025-05-11,2025-05-01,Bengaluru,South,26,13689.5
S07341,C07341,R049,D0793,P008,2025-05-26,2025-05-01,North Delhi,North,26,8162.65
S07342,C07342,R029,D0222,P002,2025-05-27,2025-05-01,Ludhiana,North,21,11125.93
S07343,C07343,R045,D0246,P005,2025-05-18,2025-05-01,Patna,East,16,7397.59
S07344,C07344,R031,D0769,P006,2025-05-23,2025-05-01,Mumbai,West,17,8638.09
S07345,C07345,R037,D0015,P006,2025-06-08,2025-06-01,Bengaluru,South,66,33353.78
S07346,C07346,R026,D0375,P007,2025-06-27,2025-06-01,Chandigarh,North,17,10433.2
S07347,C07347,R045,D0084,P006,2025-06-15,2025-06-01,Patna,East,16,7789.64
S07348,C07348,R072,D0348,P006,2025-06-21,2025-06-01,Siliguri,East,19,8644.58
S07349,C07349,R057,D0049,P002,2025-06-08,2025-06-01,Ahmedabad,West,12,6477.21
S07350,C07350,R038,D0110,P003,2025-06-06,2025-06-01,Chennai,South,40,25492.44
S07351,C07351,R067,D0345,P003,2025-06-16,2025-06-01,Kolkata,East,20,13500.06
S07352,C07352,R044,D0086,P003,2025-06-16,2025-06-01,Bhubaneswar,East,24,15402.86
S07353,C07353,R055,D0696,P001,2025-06-18,2025-06-01,Mumbai,West,23,16237.61
S07354,C07354,R051,D0565,P001,2025-06-25,2025-06-01,Jaipur,North,32,24810.42
S07355,C07355,R031,D0459,P004,2025-06-24,2025-06-01,Mumbai,West,37,34661.37
S07356,C07356,R054,D0525,P006,2025-06-10,2025-06-01,Dehradun,North,19,9841.57
S07357,C07357,R043,D0712,P008,2025-06-14,2025-06-01,Kolkata,East,12,3567.25
S07358,C07358,R046,D0655,P008,2025-06-03,2025-06-01,Guwahati,East,8,2479.95
S07359,C07359,R031,D0023,P004,2025-06-24,2025-06-01,Mumbai,West,47,40791.18
S07360,C07360,R055,D0579,P008,2025-06-05,2025-06-01,Mumbai,West,12,3804.69
S07361,C07361,R067,D0399,P004,2025-06-03,2025-06-01,Kolkata,East,15,12958.18
S07362,C07362,R055,D0683,P004,2025-06-16,2025-06-01,Mumbai,West,17,13801.44
S07363,C07363,R007,D0683,P002,2025-06-28,2025-06-01,Mumbai,West,27,14479.76
S07364,C07364,R051,D0656,P006,2025-06-12,2025-06-01,Jaipur,North,21,11477.01
S07365,C07365,R037,D0601,P003,2025-06-06,2025-06-01,Bengaluru,South,24,15322.45
S07366,C07366,R028,D0200,P004,2025-06-06,2025-06-01,Lucknow,North,11,9181.26
S07367,C07367,R065,D0635,P008,2025-06-26,2025-06-01,Coimbatore,South,31,10626.6
S07368,C07368,R002,D0681,P005,2025-06-20,2025-06-01,Chandigarh,North,24,12100.36
S07369,C07369,R002,D0239,P003,2025-06-15,2025-06-01,Chandigarh,North,22,14223.98
S07370,C07370,R068,D0321,P006,2025-06-28,2025-06-01,Bhubaneswar,East,25,12901.52
S07371,C07371,R010,D0362,P006,2025-06-04,2025-06-01,Surat,West,22,11343.83
S07372,C07372,R032,D0371,P005,2025-06-19,2025-06-01,Pune,West,30,14413.27
S07373,C07373,R013,D0601,P001,2025-06-11,2025-06-01,Bengaluru,South,27,19883.79
S07374,C07374,R022,D0351,P002,2025-06-08,2025-06-01,Guwahati,East,20,10783.87
S07375,C07375,R052,D0169,P002,2025-06-28,2025-06-01,Lucknow,North,15,7658.56
S07376,C07376,R050,D0326,P008,2025-06-29,2025-06-01,Chandigarh,North,15,4882.88
S07377,C07377,R063,D0743,P003,2025-06-26,2025-06-01,Hyderabad,South,28,19878.04
S07378,C07378,R063,D0743,P004,2025-06-05,2025-06-01,Hyderabad,South,29,26240.16
S07379,C07379,R062,D0288,P008,2025-06-22,2025-06-01,Chennai,South,42,12868.84
S07380,C07380,R019,D0698,P008,2025-06-11,2025-06-01,Kolkata,East,19,6382.69
S07381,C07381,R072,D0057,P002,2025-06-12,2025-06-01,Siliguri,East,21,10993.53
S07382,C07382,R014,D0786,P007,2025-06-06,2025-06-01,Chennai,South,44,27475.37
S07383,C07383,R052,D0584,P006,2025-06-18,2025-06-01,Lucknow,North,20,9804.02
S07384,C07384,R043,D0021,P005,2025-06-26,2025-06-01,Kolkata,East,15,6441.66
S07385,C07385,R031,D0588,P002,2025-06-07,2025-06-01,Mumbai,West,23,11948.19
S07386,C07386,R044,D0511,P006,2025-06-17,2025-06-01,Bhubaneswar,East,16,7057.34
S07387,C07387,R051,D0773,P005,2025-06-20,2025-06-01,Jaipur,North,30,13052.17
S07388,C07388,R033,D0214,P004,2025-06-19,2025-06-01,Ahmedabad,West,45,44338.0
S07389,C07389,R069,D0789,P005,2025-06-08,2025-06-01,Patna,East,25,9879.0
S07390,C07390,R046,D0736,P002,2025-06-01,2025-06-01,Guwahati,East,16,7961.45
S07391,C07391,R060,D0164,P005,2025-06-25,2025-06-01,Goa,West,28,14001.62
S07392,C07392,R009,D0380,P002,2025-06-18,2025-06-01,Ahmedabad,West,13,6683.23
S07393,C07393,R006,D0591,P003,2025-06-22,2025-06-01,Dehradun,North,16,10347.06
S07394,C07394,R058,D0124,P004,2025-06-16,2025-06-01,Surat,West,38,33794.09
S07395,C07395,R048,D0738,P002,2025-06-12,2025-06-01,Siliguri,East,21,10405.47
S07396,C07396,R002,D0184,P008,2025-06-08,2025-06-01,Chandigarh,North,18,6060.6
S07397,C07397,R019,D0172,P008,2025-06-20,2025-06-01,Kolkata,East,29,9224.07
S07398,C07398,R054,D0532,P004,2025-06-25,2025-06-01,Dehradun,North,26,22405.37
S07399,C07399,R025,D0440,P005,2025-06-10,2025-06-01,North Delhi,North,22,10597.67
S07400,C07400,R039,D0011,P003,2025-06-01,2025-06-01,Hyderabad,South,18,11089.52
S07401,C07401,R050,D0810,P002,2025-06-05,2025-06-01,Chandigarh,North,20,10820.73
S07402,C07402,R071,D0187,P008,2025-06-18,2025-06-01,Ranchi,East,10,3037.62
S07403,C07403,R056,D0170,P004,2025-06-08,2025-06-01,Pune,West,20,16682.5
S07404,C07404,R070,D0441,P008,2025-06-25,2025-06-01,Guwahati,East,20,7040.81
S07405,C07405,R039,D0795,P001,2025-06-09,2025-06-01,Hyderabad,South,22,17268.13
S07406,C07406,R061,D0015,P001,2025-06-15,2025-06-01,Bengaluru,South,50,40847.82
S07407,C07407,R014,D0468,P004,2025-06-07,2025-06-01,Chennai,South,46,39875.83
S07408,C07408,R072,D0726,P007,2025-06-14,2025-06-01,Siliguri,East,10,5786.14
S07409,C07409,R055,D0768,P004,2025-06-21,2025-06-01,Mumbai,West,19,14274.86
S07410,C07410,R061,D0087,P007,2025-06-24,2025-06-01,Bengaluru,South,17,10205.64
S07411,C07411,R026,D0628,P002,2025-06-23,2025-06-01,Chandigarh,North,25,12380.63
S07412,C07412,R040,D0709,P007,2025-06-16,2025-06-01,Kochi,South,49,30031.18
S07413,C07413,R061,D0601,P004,2025-06-14,2025-06-01,Bengaluru,South,30,24974.28
S07414,C07414,R070,D0514,P003,2025-06-10,2025-06-01,Guwahati,East,14,9456.16
S07415,C07415,R043,D0670,P006,2025-06-30,2025-06-01,Kolkata,East,11,6187.42
S07416,C07416,R072,D0385,P007,2025-06-23,2025-06-01,Siliguri,East,12,8354.32
S07417,C07417,R012,D0118,P008,2025-06-27,2025-06-01,Goa,West,15,4876.94
S07418,C07418,R036,D0589,P001,2025-06-23,2025-06-01,Goa,West,44,34300.52
S07419,C07419,R001,D0573,P006,2025-06-03,2025-06-01,North Delhi,North,28,13779.48
S07420,C07420,R024,D0620,P003,2025-06-08,2025-06-01,Siliguri,East,32,20294.69
S07421,C07421,R056,D0784,P005,2025-06-14,2025-06-01,Pune,West,20,8777.44
S07422,C07422,R066,D0249,P004,2025-06-10,2025-06-01,Vijayawada,South,36,34415.04
S07423,C07423,R006,D0820,P007,2025-06-28,2025-06-01,Dehradun,North,23,13755.04
S07424,C07424,R044,D0034,P004,2025-06-15,2025-06-01,Bhubaneswar,East,12,11833.61
S07425,C07425,R068,D0847,P003,2025-06-07,2025-06-01,Bhubaneswar,East,19,11957.67
S07426,C07426,R065,D0083,P004,2025-06-18,2025-06-01,Coimbatore,South,16,14139.71
S07427,C07427,R015,D0533,P006,2025-06-12,2025-06-01,Hyderabad,South,23,10986.15
S07428,C07428,R071,D0519,P007,2025-06-04,2025-06-01,Ranchi,East,11,6888.58
S07429,C07429,R002,D0628,P001,2025-06-29,2025-06-01,Chandigarh,North,23,17758.05
S07430,C07430,R060,D0815,P005,2025-06-29,2025-06-01,Goa,West,31,14236.14
S07431,C07431,R021,D0448,P001,2025-06-24,2025-06-01,Patna,East,15,11518.72
S07432,C07432,R049,D0094,P005,2025-06-10,2025-06-01,North Delhi,North,40,18912.11
S07433,C07433,R032,D0517,P005,2025-06-25,2025-06-01,Pune,West,27,12836.36
S07434,C07434,R014,D0247,P007,2025-06-09,2025-06-01,Chennai,South,20,12706.94
S07435,C07435,R042,D0417,P002,2025-06-27,2025-06-01,Vijayawada,South,22,11321.23
S07436,C07436,R024,D0312,P007,2025-06-27,2025-06-01,Siliguri,East,15,9296.84
S07437,C07437,R040,D0065,P006,2025-06-06,2025-06-01,Kochi,South,16,7957.06
S07438,C07438,R003,D0615,P006,2025-06-10,2025-06-01,Jaipur,North,19,10333.71
S07439,C07439,R052,D0048,P006,2025-06-21,2025-06-01,Lucknow,North,19,9809.85
S07440,C07440,R013,D0251,P005,2025-06-08,2025-06-01,Bengaluru,South,32,14940.97
S07441,C07441,R004,D0445,P001,2025-06-25,2025-06-01,Lucknow,North,16,12307.27
S07442,C07442,R067,D0715,P007,2025-06-21,2025-06-01,Kolkata,East,31,18140.85
S07443,C07443,R024,D0289,P004,2025-06-07,2025-06-01,Siliguri,East,16,14292.3
S07444,C07444,R041,D0384,P001,2025-06-24,2025-06-01,Coimbatore,South,29,24005.36
S07445,C07445,R013,D0209,P005,2025-06-02,2025-06-01,Bengaluru,South,35,15480.59
S07446,C07446,R072,D0482,P008,2025-06-12,2025-06-01,Siliguri,East,4,1364.47
S07447,C07447,R045,D0194,P006,2025-06-06,2025-06-01,Patna,East,20,10490.38
S07448,C07448,R049,D0521,P002,2025-06-01,2025-06-01,North Delhi,North,15,7277.75
S07449,C07449,R007,D0696,P007,2025-06-23,2025-06-01,Mumbai,West,22,12805.62
S07450,C07450,R008,D0170,P007,2025-06-05,2025-06-01,Pune,West,23,15635.3
S07451,C07451,R021,D0807,P003,2025-06-21,2025-06-01,Patna,East,7,4591.96
S07452,C07452,R030,D0544,P005,2025-06-03,2025-06-01,Dehradun,North,11,4831.28
S07453,C07453,R027,D0615,P007,2025-06-27,2025-06-01,Jaipur,North,21,12251.42
S07454,C07454,R049,D0573,P002,2025-06-30,2025-06-01,North Delhi,North,23,12335.52
S07455,C07455,R016,D0787,P003,2025-06-10,2025-06-01,Kochi,South,24,16567.16
S07456,C07456,R072,D0520,P004,2025-06-15,2025-06-01,Siliguri,East,12,10499.68
S07457,C07457,R016,D0730,P001,2025-06-19,2025-06-01,Kochi,South,14,10496.56
S07458,C07458,R022,D0228,P002,2025-06-18,2025-06-01,Guwahati,East,22,10534.29
S07459,C07459,R043,D0140,P005,2025-06-01,2025-06-01,Kolkata,East,18,7903.31
S07460,C07460,R066,D0437,P003,2025-06-30,2025-06-01,Vijayawada,South,16,10191.31
S07461,C07461,R041,D0083,P002,2025-06-29,2025-06-01,Coimbatore,South,14,7681.5
S07462,C07462,R061,D0070,P003,2025-06-15,2025-06-01,Bengaluru,South,27,18181.31
S07463,C07463,R009,D0181,P001,2025-06-17,2025-06-01,Ahmedabad,West,15,12541.72
S07464,C07464,R048,D0180,P006,2025-06-06,2025-06-01,Siliguri,East,27,12950.43
S07465,C07465,R033,D0121,P003,2025-06-23,2025-06-01,Ahmedabad,West,31,20596.56
S07466,C07466,R012,D0704,P006,2025-06-16,2025-06-01,Goa,West,21,10795.97
S07467,C07467,R034,D0410,P007,2025-06-09,2025-06-01,Surat,West,24,13908.04
S07468,C07468,R047,D0134,P004,2025-06-10,2025-06-01,Ranchi,East,19,17681.83
S07469,C07469,R043,D0218,P008,2025-06-03,2025-06-01,Kolkata,East,10,3472.68
S07470,C07470,R003,D0803,P002,2025-06-24,2025-06-01,Jaipur,North,45,24328.98
S07471,C07471,R033,D0835,P008,2025-06-02,2025-06-01,Ahmedabad,West,25,7809.03
S07472,C07472,R040,D0103,P003,2025-06-17,2025-06-01,Kochi,South,16,11348.77
S07473,C07473,R022,D0464,P003,2025-06-25,2025-06-01,Guwahati,East,24,16185.88
S07474,C07474,R048,D0289,P008,2025-06-02,2025-06-01,Siliguri,East,18,5410.06
S07475,C07475,R064,D0365,P004,2025-06-05,2025-06-01,Kochi,South,24,21152.93
S07476,C07476,R050,D0582,P006,2025-06-23,2025-06-01,Chandigarh,North,12,6009.23
S07477,C07477,R040,D0831,P007,2025-06-25,2025-06-01,Kochi,South,25,14605.05
S07478,C07478,R017,D0491,P004,2025-06-03,2025-06-01,Coimbatore,South,10,8544.35
S07479,C07479,R002,D0829,P003,2025-06-08,2025-06-01,Chandigarh,North,25,15947.72
S07480,C07480,R023,D0733,P004,2025-06-19,2025-06-01,Ranchi,East,22,20373.68
S07481,C07481,R006,D0665,P004,2025-06-17,2025-06-01,Dehradun,North,30,26307.03
S07482,C07482,R017,D0617,P004,2025-06-16,2025-06-01,Coimbatore,South,19,16982.74
S07483,C07483,R021,D0669,P002,2025-06-08,2025-06-01,Patna,East,9,5095.12
S07484,C07484,R034,D0124,P008,2025-06-17,2025-06-01,Surat,West,29,9141.34
S07485,C07485,R067,D0799,P005,2025-06-02,2025-06-01,Kolkata,East,15,6485.08
S07486,C07486,R047,D0763,P007,2025-06-27,2025-06-01,Ranchi,East,22,14053.55
S07487,C07487,R067,D0524,P006,2025-06-17,2025-06-01,Kolkata,East,12,6003.59
S07488,C07488,R005,D0699,P003,2025-06-12,2025-06-01,Ludhiana,North,23,16532.28
S07489,C07489,R004,D0719,P003,2025-06-12,2025-06-01,Lucknow,North,27,18718.78
S07490,C07490,R029,D0137,P008,2025-06-12,2025-06-01,Ludhiana,North,25,8211.71
S07491,C07491,R057,D0061,P001,2025-06-14,2025-06-01,Ahmedabad,West,19,14987.72
S07492,C07492,R033,D0841,P003,2025-06-06,2025-06-01,Ahmedabad,West,24,16729.14
S07493,C07493,R070,D0451,P006,2025-06-19,2025-06-01,Guwahati,East,17,8778.06
S07494,C07494,R041,D0606,P005,2025-06-06,2025-06-01,Coimbatore,South,32,13121.73
S07495,C07495,R013,D0341,P005,2025-06-10,2025-06-01,Bengaluru,South,12,5491.92
S07496,C07496,R028,D0358,P001,2025-06-27,2025-06-01,Lucknow,North,44,35300.9
S07497,C07497,R006,D0059,P002,2025-06-17,2025-06-01,Dehradun,North,23,11796.43
S07498,C07498,R058,D0197,P005,2025-06-28,2025-06-01,Surat,West,17,8833.58
S07499,C07499,R026,D0131,P003,2025-06-20,2025-06-01,Chandigarh,North,27,17689.5
S07500,C07500,R052,D0313,P004,2025-06-24,2025-06-01,Lucknow,North,16,14639.94
S07501,C07501,R032,D0106,P008,2025-06-03,2025-06-01,Pune,West,34,11517.71
S07502,C07502,R001,D0679,P006,2025-06-16,2025-06-01,North Delhi,North,19,9982.73
S07503,C07503,R047,D0260,P006,2025-06-11,2025-06-01,Ranchi,East,27,13696.58
S07504,C07504,R005,D0718,P002,2025-06-01,2025-06-01,Ludhiana,North,24,13219.69
S07505,C07505,R047,D0039,P005,2025-06-03,2025-06-01,Ranchi,East,15,6833.34
S07506,C07506,R049,D0032,P008,2025-06-06,2025-06-01,North Delhi,North,19,6051.33
S07507,C07507,R004,D0297,P006,2025-06-01,2025-06-01,Lucknow,North,36,17306.77
S07508,C07508,R034,D0640,P007,2025-06-14,2025-06-01,Surat,West,20,12041.29
S07509,C07509,R038,D0685,P008,2025-06-02,2025-06-01,Chennai,South,54,16240.71
S07510,C07510,R036,D0506,P008,2025-06-25,2025-06-01,Goa,West,30,9597.69
S07511,C07511,R030,D0587,P003,2025-06-18,2025-06-01,Dehradun,North,13,8405.38
S07512,C07512,R005,D0678,P003,2025-06-29,2025-06-01,Ludhiana,North,20,13531.11
S07513,C07513,R029,D0647,P003,2025-06-03,2025-06-01,Ludhiana,North,19,11602.26
S07514,C07514,R010,D0566,P007,2025-06-03,2025-06-01,Surat,West,24,13960.49
S07515,C07515,R051,D0071,P004,2025-06-27,2025-06-01,Jaipur,North,39,33112.93
S07516,C07516,R069,D0293,P007,2025-06-12,2025-06-01,Patna,East,16,9752.82
S07517,C07517,R071,D0737,P007,2025-06-23,2025-06-01,Ranchi,East,21,12653.06
S07518,C07518,R021,D0293,P006,2025-06-06,2025-06-01,Patna,East,14,7531.47
S07519,C07519,R034,D0104,P001,2025-06-01,2025-06-01,Surat,West,22,17195.88
S07520,C07520,R038,D0549,P006,2025-06-15,2025-06-01,Chennai,South,30,15300.08
S07521,C07521,R008,D0300,P002,2025-06-18,2025-06-01,Pune,West,24,12276.26
S07522,C07522,R052,D0358,P005,2025-06-04,2025-06-01,Lucknow,North,29,13147.36
S07523,C07523,R020,D0546,P002,2025-06-01,2025-06-01,Bhubaneswar,East,15,7559.55
S07524,C07524,R018,D0475,P001,2025-06-07,2025-06-01,Vijayawada,South,27,21579.86
S07525,C07525,R027,D0803,P006,2025-06-04,2025-06-01,Jaipur,North,33,17529.11
S07526,C07526,R010,D0513,P004,2025-06-30,2025-06-01,Surat,West,27,22218.57
S07527,C07527,R023,D0850,P006,2025-06-30,2025-06-01,Ranchi,East,14,7155.88
S07528,C07528,R030,D0006,P004,2025-06-01,2025-06-01,Dehradun,North,13,11509.55
S07529,C07529,R065,D0617,P003,2025-06-14,2025-06-01,Coimbatore,South,18,12595.33
S07530,C07530,R003,D0296,P001,2025-06-12,2025-06-01,Jaipur,North,21,15561.31
S07531,C07531,R031,D0651,P003,2025-06-01,2025-06-01,Mumbai,West,32,20317.64
S07532,C07532,R054,D0060,P008,2025-06-20,2025-06-01,Dehradun,North,24,7781.38
S07533,C07533,R065,D0486,P007,2025-06-26,2025-06-01,Coimbatore,South,19,11307.29
S07534,C07534,R048,D0026,P004,2025-06-19,2025-06-01,Siliguri,East,17,14800.66
S07535,C07535,R004,D0458,P001,2025-06-28,2025-06-01,Lucknow,North,27,20582.15
S07536,C07536,R033,D0207,P008,2025-06-20,2025-06-01,Ahmedabad,West,23,7552.31
S07537,C07537,R064,D0105,P006,2025-06-17,2025-06-01,Kochi,South,18,9701.48
S07538,C07538,R053,D0054,P001,2025-06-29,2025-06-01,Ludhiana,North,17,13205.33
S07539,C07539,R009,D0250,P002,2025-06-22,2025-06-01,Ahmedabad,West,28,14915.38
S07540,C07540,R012,D0813,P002,2025-06-23,2025-06-01,Goa,West,23,12832.6
S07541,C07541,R070,D0848,P008,2025-06-24,2025-06-01,Guwahati,East,18,5819.52
S07542,C07542,R013,D0030,P008,2025-06-01,2025-06-01,Bengaluru,South,45,14514.35
S07543,C07543,R037,D0839,P004,2025-06-23,2025-06-01,Bengaluru,South,48,45141.49
S07544,C07544,R013,D0416,P002,2025-06-23,2025-06-01,Bengaluru,South,14,7156.79
S07545,C07545,R024,D0289,P006,2025-06-15,2025-06-01,Siliguri,East,24,12078.88
S07546,C07546,R023,D0808,P003,2025-06-17,2025-06-01,Ranchi,East,30,18828.94
S07547,C07547,R039,D0183,P001,2025-06-25,2025-06-01,Hyderabad,South,24,18217.97
S07548,C07548,R058,D0111,P003,2025-06-05,2025-06-01,Surat,West,9,5561.36
S07549,C07549,R063,D0183,P003,2025-06-16,2025-06-01,Hyderabad,South,19,12302.89
S07550,C07550,R019,D0081,P001,2025-06-24,2025-06-01,Kolkata,East,15,11916.53
S07551,C07551,R020,D0511,P006,2025-06-08,2025-06-01,Bhubaneswar,East,10,4429.06
S07552,C07552,R035,D0153,P003,2025-06-08,2025-06-01,Nagpur,West,20,12984.55
S07553,C07553,R001,D0157,P005,2025-06-01,2025-06-01,North Delhi,North,19,8700.75
S07554,C07554,R011,D0357,P005,2025-06-10,2025-06-01,Nagpur,West,15,6804.92
S07555,C07555,R007,D0569,P007,2025-06-11,2025-06-01,Mumbai,West,25,13972.31
S07556,C07556,R015,D0764,P007,2025-06-29,2025-06-01,Hyderabad,South,35,22370.08
S07557,C07557,R063,D0012,P005,2025-06-03,2025-06-01,Hyderabad,South,20,9633.54
S07558,C07558,R020,D0607,P007,2025-06-20,2025-06-01,Bhubaneswar,East,10,6448.77
S07559,C07559,R017,D0053,P005,2025-06-02,2025-06-01,Coimbatore,South,19,8495.96
S07560,C07560,R052,D0830,P001,2025-06-24,2025-06-01,Lucknow,North,21,16521.24
S07561,C07561,R069,D0215,P007,2025-06-15,2025-06-01,Patna,East,15,8816.2
S07562,C07562,R053,D0800,P007,2025-06-13,2025-06-01,Ludhiana,North,18,10391.26
S07563,C07563,R071,D0639,P004,2025-06-29,2025-06-01,Ranchi,East,19,15958.95
S07564,C07564,R011,D0354,P004,2025-06-23,2025-06-01,Nagpur,West,14,12585.0
S07565,C07565,R015,D0223,P008,2025-06-04,2025-06-01,Hyderabad,South,46,15335.26
S07566,C07566,R028,D0276,P004,2025-06-08,2025-06-01,Lucknow,North,35,33153.5
S07567,C07567,R047,D0364,P003,2025-06-09,2025-06-01,Ranchi,East,26,17117.49
S07568,C07568,R027,D0383,P006,2025-06-19,2025-06-01,Jaipur,North,32,15763.34
S07569,C07569,R064,D0535,P003,2025-06-25,2025-06-01,Kochi,South,37,24301.97
S07570,C07570,R045,D0311,P004,2025-06-20,2025-06-01,Patna,East,19,17731.21
S07571,C07571,R055,D0683,P007,2025-06-13,2025-06-01,Mumbai,West,19,12530.2
S07572,C07572,R005,D0444,P002,2025-06-23,2025-06-01,Ludhiana,North,35,20012.42
S07573,C07573,R062,D0247,P001,2025-06-23,2025-06-01,Chennai,South,19,15619.41
S07574,C07574,R016,D0360,P003,2025-06-03,2025-06-01,Kochi,South,26,18328.16
S07575,C07575,R023,D0578,P002,2025-06-17,2025-06-01,Ranchi,East,19,10297.76
S07576,C07576,R032,D0173,P003,2025-06-22,2025-06-01,Pune,West,25,16732.48
S07577,C07577,R042,D0229,P001,2025-06-19,2025-06-01,Vijayawada,South,29,23818.98
S07578,C07578,R009,D0277,P005,2025-06-08,2025-06-01,Ahmedabad,West,9,4246.6
S07579,C07579,R059,D0567,P005,2025-06-05,2025-06-01,Nagpur,West,11,5279.37
S07580,C07580,R056,D0171,P003,2025-06-09,2025-06-01,Pune,West,19,12158.92
S07581,C07581,R042,D0393,P006,2025-06-11,2025-06-01,Vijayawada,South,35,19098.25
S07582,C07582,R038,D0549,P002,2025-06-28,2025-06-01,Chennai,South,31,16322.34
S07583,C07583,R039,D0795,P001,2025-06-19,2025-06-01,Hyderabad,South,23,18937.68
S07584,C07584,R031,D0459,P004,2025-06-26,2025-06-01,Mumbai,West,27,23922.41
S07585,C07585,R030,D0837,P002,2025-06-01,2025-06-01,Dehradun,North,15,7883.95
S07586,C07586,R041,D0505,P007,2025-06-24,2025-06-01,Coimbatore,South,36,19771.07
S07587,C07587,R040,D0608,P003,2025-06-06,2025-06-01,Kochi,South,31,20237.16
S07588,C07588,R049,D0219,P004,2025-06-17,2025-06-01,North Delhi,North,13,10848.48
S07589,C07589,R012,D0809,P003,2025-06-12,2025-06-01,Goa,West,23,14479.62
S07590,C07590,R025,D0219,P004,2025-06-26,2025-06-01,North Delhi,North,23,20991.19
S07591,C07591,R010,D0098,P001,2025-06-21,2025-06-01,Surat,West,27,19461.44
S07592,C07592,R064,D0067,P008,2025-06-14,2025-06-01,Kochi,South,17,5774.68
S07593,C07593,R022,D0492,P002,2025-06-16,2025-06-01,Guwahati,East,13,7904.66
S07594,C07594,R026,D0628,P004,2025-06-22,2025-06-01,Chandigarh,North,28,24318.01
S07595,C07595,R019,D0140,P007,2025-06-22,2025-06-01,Kolkata,East,18,11641.28
S07596,C07596,R067,D0715,P004,2025-06-18,2025-06-01,Kolkata,East,14,11589.66
S07597,C07597,R036,D0164,P006,2025-06-22,2025-06-01,Goa,West,32,16646.47
S07598,C07598,R069,D0499,P001,2025-06-24,2025-06-01,Patna,East,11,8732.31
S07599,C07599,R039,D0387,P003,2025-06-01,2025-06-01,Hyderabad,South,12,9137.75
S07600,C07600,R033,D0541,P007,2025-06-12,2025-06-01,Ahmedabad,West,18,10775.67
S07601,C07601,R007,D0651,P003,2025-06-28,2025-06-01,Mumbai,West,30,20257.59
S07602,C07602,R061,D0782,P004,2025-06-10,2025-06-01,Bengaluru,South,27,23808.3
S07603,C07603,R070,D0590,P001,2025-06-25,2025-06-01,Guwahati,East,20,15310.25
S07604,C07604,R046,D0796,P005,2025-06-17,2025-06-01,Guwahati,East,21,9593.27
S07605,C07605,R069,D0740,P003,2025-06-09,2025-06-01,Patna,East,13,8499.06
S07606,C07606,R057,D0317,P007,2025-06-11,2025-06-01,Ahmedabad,West,27,15948.49
S07607,C07607,R069,D0455,P004,2025-06-15,2025-06-01,Patna,East,12,10823.04
S07608,C07608,R056,D0212,P007,2025-06-04,2025-06-01,Pune,West,37,21559.18
S07609,C07609,R042,D0750,P008,2025-06-10,2025-06-01,Vijayawada,South,25,7840.24
S07610,C07610,R035,D0826,P007,2025-06-21,2025-06-01,Nagpur,West,21,14040.72
S07611,C07611,R042,D0694,P006,2025-06-28,2025-06-01,Vijayawada,South,13,6591.58
S07612,C07612,R062,D0602,P005,2025-06-29,2025-06-01,Chennai,South,22,10568.64
S07613,C07613,R071,D0739,P004,2025-06-12,2025-06-01,Ranchi,East,14,12412.55
S07614,C07614,R062,D0685,P001,2025-06-24,2025-06-01,Chennai,South,36,29158.79
S07615,C07615,R032,D0255,P002,2025-06-12,2025-06-01,Pune,West,28,14987.88
S07616,C07616,R045,D0213,P004,2025-06-25,2025-06-01,Patna,East,18,13948.94
S07617,C07617,R059,D0496,P006,2025-06-28,2025-06-01,Nagpur,West,22,11202.65
S07618,C07618,R045,D0293,P001,2025-06-14,2025-06-01,Patna,East,15,11114.11
S07619,C07619,R037,D0614,P008,2025-06-19,2025-06-01,Bengaluru,South,38,11977.53
S07620,C07620,R053,D0718,P008,2025-06-27,2025-06-01,Ludhiana,North,14,4634.18
S07621,C07621,R068,D0847,P001,2025-06-05,2025-06-01,Bhubaneswar,East,21,17867.63
S07622,C07622,R028,D0599,P001,2025-06-08,2025-06-01,Lucknow,North,20,14501.46
S07623,C07623,R037,D0015,P007,2025-06-19,2025-06-01,Bengaluru,South,28,16875.94
S07624,C07624,R003,D0226,P002,2025-06-06,2025-06-01,Jaipur,North,12,6485.51
S07625,C07625,R026,D0261,P002,2025-06-24,2025-06-01,Chandigarh,North,10,5413.2
S07626,C07626,R059,D0567,P002,2025-06-08,2025-06-01,Nagpur,West,14,7580.98
S07627,C07627,R003,D0226,P006,2025-06-11,2025-06-01,Jaipur,North,20,10487.29
S07628,C07628,R028,D0830,P002,2025-06-25,2025-06-01,Lucknow,North,26,13732.71
S07629,C07629,R058,D0197,P002,2025-06-16,2025-06-01,Surat,West,22,11762.08
S07630,C07630,R036,D0370,P004,2025-06-24,2025-06-01,Goa,West,19,17243.33
S07631,C07631,R062,D0685,P005,2025-06-19,2025-06-01,Chennai,South,39,17313.16
S07632,C07632,R021,D0248,P008,2025-06-16,2025-06-01,Patna,East,15,4658.13
S07633,C07633,R054,D0059,P002,2025-06-16,2025-06-01,Dehradun,North,11,5920.29
S07634,C07634,R068,D0337,P003,2025-06-25,2025-06-01,Bhubaneswar,East,18,11528.9
S07635,C07635,R044,D0355,P005,2025-06-30,2025-06-01,Bhubaneswar,East,27,11812.77
S07636,C07636,R031,D0543,P004,2025-06-01,2025-06-01,Mumbai,West,34,28603.5
S07637,C07637,R057,D0673,P005,2025-06-16,2025-06-01,Ahmedabad,West,15,6884.96
S07638,C07638,R016,D0478,P002,2025-06-24,2025-06-01,Kochi,South,14,8077.97
S07639,C07639,R014,D0347,P005,2025-06-20,2025-06-01,Chennai,South,24,11256.63
S07640,C07640,R036,D0427,P008,2025-06-15,2025-06-01,Goa,West,11,3352.41
S07641,C07641,R066,D0092,P006,2025-06-24,2025-06-01,Vijayawada,South,43,23627.75
S07642,C07642,R040,D0162,P006,2025-06-15,2025-06-01,Kochi,South,16,7955.46
S07643,C07643,R010,D0423,P001,2025-06-05,2025-06-01,Surat,West,32,26940.7
S07644,C07644,R066,D0675,P008,2025-06-09,2025-06-01,Vijayawada,South,19,6057.46
S07645,C07645,R046,D0441,P006,2025-06-02,2025-06-01,Guwahati,East,14,7235.01
S07646,C07646,R071,D0039,P006,2025-06-22,2025-06-01,Ranchi,East,13,6508.79
S07647,C07647,R053,D0846,P002,2025-06-30,2025-06-01,Ludhiana,North,16,8510.97
S07648,C07648,R066,D0244,P005,2025-06-12,2025-06-01,Vijayawada,South,27,13278.38
S07649,C07649,R056,D0623,P006,2025-06-22,2025-06-01,Pune,West,17,8592.17
S07650,C07650,R015,D0767,P005,2025-06-30,2025-06-01,Hyderabad,South,17,8188.67
S07651,C07651,R038,D0786,P001,2025-06-12,2025-06-01,Chennai,South,53,41437.69
S07652,C07652,R054,D0095,P001,2025-06-27,2025-06-01,Dehradun,North,14,10856.79
S07653,C07653,R018,D0135,P004,2025-06-01,2025-06-01,Vijayawada,South,18,16519.78
S07654,C07654,R065,D0531,P006,2025-06-21,2025-06-01,Coimbatore,South,28,14195.62
S07655,C07655,R025,D0672,P004,2025-06-05,2025-06-01,North Delhi,North,12,10259.31
S07656,C07656,R027,D0714,P006,2025-06-24,2025-06-01,Jaipur,North,27,13247.77
S07657,C07657,R034,D0409,P008,2025-06-01,2025-06-01,Surat,West,19,6256.03
S07658,C07658,R024,D0097,P008,2025-06-25,2025-06-01,Siliguri,East,38,10816.68
S07659,C07659,R070,D0577,P006,2025-06-12,2025-06-01,Guwahati,East,20,10391.85
S07660,C07660,R063,D0540,P006,2025-06-08,2025-06-01,Hyderabad,South,30,14200.14
S07661,C07661,R030,D0512,P001,2025-06-17,2025-06-01,Dehradun,North,11,8655.04
S07662,C07662,R057,D0554,P001,2025-06-30,2025-06-01,Ahmedabad,West,16,13315.28
S07663,C07663,R043,D0140,P006,2025-06-05,2025-06-01,Kolkata,East,14,6824.39
S07664,C07664,R029,D0735,P007,2025-06-10,2025-06-01,Ludhiana,North,21,13145.63
S07665,C07665,R047,D0031,P002,2025-06-20,2025-06-01,Ranchi,East,31,17680.95
S07666,C07666,R050,D0762,P005,2025-06-03,2025-06-01,Chandigarh,North,19,8488.38
S07667,C07667,R059,D0732,P003,2025-06-29,2025-06-01,Nagpur,West,21,13411.57
S07668,C07668,R046,D0577,P001,2025-06-16,2025-06-01,Guwahati,East,20,15892.53
S07669,C07669,R036,D0766,P004,2025-06-30,2025-06-01,Goa,West,29,27423.09
S07670,C07670,R008,D0705,P004,2025-06-13,2025-06-01,Pune,West,45,44620.52
S07671,C07671,R007,D0202,P007,2025-06-25,2025-06-01,Mumbai,West,16,9398.66
S07672,C07672,R003,D0564,P007,2025-06-10,2025-06-01,Jaipur,North,29,18262.82
S07673,C07673,R038,D0504,P008,2025-06-14,2025-06-01,Chennai,South,22,6870.93
S07674,C07674,R029,D0828,P001,2025-06-11,2025-06-01,Ludhiana,North,25,18399.23
S07675,C07675,R041,D0606,P008,2025-06-17,2025-06-01,Coimbatore,South,33,10436.53
S07676,C07676,R046,D0463,P005,2025-06-07,2025-06-01,Guwahati,East,16,7275.09
S07677,C07677,R019,D0471,P002,2025-06-16,2025-06-01,Kolkata,East,38,20608.67
S07678,C07678,R023,D0101,P006,2025-06-26,2025-06-01,Ranchi,East,40,20827.09
S07679,C07679,R029,D0279,P001,2025-06-05,2025-06-01,Ludhiana,North,26,20515.83
S07680,C07680,R061,D0272,P004,2025-06-24,2025-06-01,Bengaluru,South,19,17937.33
S07681,C07681,R004,D0719,P007,2025-06-26,2025-06-01,Lucknow,North,24,16014.87
S07682,C07682,R027,D0716,P008,2025-06-02,2025-06-01,Jaipur,North,26,8326.43
S07683,C07683,R006,D0591,P003,2025-06-21,2025-06-01,Dehradun,North,17,10943.86
S07684,C07684,R029,D0090,P002,2025-06-15,2025-06-01,Ludhiana,North,8,4276.93
S07685,C07685,R050,D0681,P005,2025-06-20,2025-06-01,Chandigarh,North,36,16369.19
S07686,C07686,R059,D0420,P002,2025-06-09,2025-06-01,Nagpur,West,18,9432.57
S07687,C07687,R017,D0531,P008,2025-06-07,2025-06-01,Coimbatore,South,12,3552.24
S07688,C07688,R030,D0450,P003,2025-06-09,2025-06-01,Dehradun,North,14,8617.37
S07689,C07689,R039,D0576,P002,2025-06-05,2025-06-01,Hyderabad,South,19,10610.77
S07690,C07690,R001,D0157,P002,2025-06-13,2025-06-01,North Delhi,North,12,6722.95
S07691,C07691,R014,D0110,P003,2025-06-27,2025-06-01,Chennai,South,48,32195.36
S07692,C07692,R048,D0160,P006,2025-06-24,2025-06-01,Siliguri,East,17,8565.08
S07693,C07693,R062,D0754,P007,2025-06-06,2025-06-01,Chennai,South,34,20216.2
S07694,C07694,R022,D0063,P006,2025-06-17,2025-06-01,Guwahati,East,21,9975.08
S07695,C07695,R054,D0242,P006,2025-06-03,2025-06-01,Dehradun,North,24,11841.31
S07696,C07696,R035,D0354,P003,2025-06-02,2025-06-01,Nagpur,West,19,12081.03
S07697,C07697,R017,D0630,P008,2025-06-19,2025-06-01,Coimbatore,South,14,4163.19
S07698,C07698,R066,D0253,P008,2025-06-10,2025-06-01,Vijayawada,South,29,9381.01
S07699,C07699,R060,D0806,P006,2025-06-22,2025-06-01,Goa,West,33,16208.24
S07700,C07700,R020,D0847,P007,2025-06-05,2025-06-01,Bhubaneswar,East,21,12835.93
S07701,C07701,R010,D0484,P003,2025-06-04,2025-06-01,Surat,West,31,18946.72
S07702,C07702,R015,D0223,P004,2025-06-22,2025-06-01,Hyderabad,South,30,27484.41
S07703,C07703,R068,D0596,P007,2025-06-07,2025-06-01,Bhubaneswar,East,29,18069.69
S07704,C07704,R063,D0540,P004,2025-06-02,2025-06-01,Hyderabad,South,41,35553.31
S07705,C07705,R045,D0056,P007,2025-06-24,2025-06-01,Patna,East,11,7170.77
S07706,C07706,R060,D0766,P007,2025-06-22,2025-06-01,Goa,West,26,15795.84
S07707,C07707,R035,D0420,P008,2025-06-28,2025-06-01,Nagpur,West,39,12564.7
S07708,C07708,R015,D0764,P003,2025-06-18,2025-06-01,Hyderabad,South,36,21904.37
S07709,C07709,R042,D0417,P004,2025-06-15,2025-06-01,Vijayawada,South,36,30786.13
S07710,C07710,R020,D0722,P004,2025-06-21,2025-06-01,Bhubaneswar,East,19,16359.67
S07711,C07711,R056,D0170,P005,2025-06-24,2025-06-01,Pune,West,19,9081.74
S07712,C07712,R005,D0013,P006,2025-06-19,2025-06-01,Ludhiana,North,23,12295.2
S07713,C07713,R060,D0139,P003,2025-06-10,2025-06-01,Goa,West,29,18594.33
S07714,C07714,R025,D0760,P002,2025-06-27,2025-06-01,North Delhi,North,25,13614.97
S07715,C07715,R023,D0850,P003,2025-06-22,2025-06-01,Ranchi,East,12,8259.28
S07716,C07716,R068,D0847,P007,2025-06-27,2025-06-01,Bhubaneswar,East,17,10193.73
S07717,C07717,R034,D0216,P008,2025-06-17,2025-06-01,Surat,West,13,3855.87
S07718,C07718,R014,D0198,P001,2025-06-14,2025-06-01,Chennai,South,42,33924.43
S07719,C07719,R058,D0225,P008,2025-06-26,2025-06-01,Surat,West,34,11111.13
S07720,C07720,R025,D0679,P001,2025-06-19,2025-06-01,North Delhi,North,29,22949.2
S07721,C07721,R009,D0214,P005,2025-06-24,2025-06-01,Ahmedabad,West,36,17354.56
S07722,C07722,R035,D0507,P002,2025-06-27,2025-06-01,Nagpur,West,29,16475.79
S07723,C07723,R053,D0625,P008,2025-06-09,2025-06-01,Ludhiana,North,36,11877.78
S07724,C07724,R018,D0253,P007,2025-06-06,2025-06-01,Vijayawada,South,30,17228.57
S07725,C07725,R059,D0428,P003,2025-06-05,2025-06-01,Nagpur,West,16,9761.26
S07726,C07726,R026,D0662,P006,2025-06-18,2025-06-01,Chandigarh,North,23,11935.58
S07727,C07727,R024,D0610,P007,2025-06-25,2025-06-01,Siliguri,East,32,19583.74
S07728,C07728,R051,D0166,P002,2025-06-30,2025-06-01,Jaipur,North,35,19032.62
S07729,C07729,R008,D0477,P006,2025-06-01,2025-06-01,Pune,West,27,14934.19
S07730,C07730,R011,D0153,P003,2025-06-01,2025-06-01,Nagpur,West,24,16566.73
S07731,C07731,R012,D0047,P006,2025-06-21,2025-06-01,Goa,West,39,19706.79
S07732,C07732,R064,D0534,P005,2025-06-09,2025-06-01,Kochi,South,29,12848.98
S07733,C07733,R035,D0428,P006,2025-06-15,2025-06-01,Nagpur,West,16,8423.13
S07734,C07734,R022,D0176,P006,2025-06-03,2025-06-01,Guwahati,East,36,18784.52
S07735,C07735,R005,D0052,P006,2025-06-03,2025-06-01,Ludhiana,North,32,16144.41
S07736,C07736,R008,D0784,P001,2025-06-16,2025-06-01,Pune,West,16,10772.82
S07737,C07737,R020,D0688,P007,2025-06-21,2025-06-01,Bhubaneswar,East,18,10453.81
S07738,C07738,R008,D0784,P002,2025-06-27,2025-06-01,Pune,West,28,15760.59
S07739,C07739,R032,D0171,P004,2025-06-15,2025-06-01,Pune,West,36,29969.83
S07740,C07740,R028,D0005,P005,2025-06-20,2025-06-01,Lucknow,North,18,8519.74
S07741,C07741,R016,D0309,P007,2025-06-26,2025-06-01,Kochi,South,23,14341.24
S07742,C07742,R058,D0069,P006,2025-06-13,2025-06-01,Surat,West,23,11148.75
S07743,C07743,R012,D0370,P002,2025-06-07,2025-06-01,Goa,West,29,16364.62
S07744,C07744,R060,D0589,P003,2025-06-25,2025-06-01,Goa,West,54,35498.31
S07745,C07745,R001,D0133,P002,2025-06-01,2025-06-01,North Delhi,North,32,17151.74
S07746,C07746,R048,D0312,P005,2025-06-09,2025-06-01,Siliguri,East,9,3902.04
S07747,C07747,R049,D0521,P006,2025-06-04,2025-06-01,North Delhi,North,20,10861.78
S07748,C07748,R016,D0344,P006,2025-06-20,2025-06-01,Kochi,South,17,8153.21
S07749,C07749,R051,D0383,P007,2025-06-09,2025-06-01,Jaipur,North,43,24651.58
S07750,C07750,R006,D0587,P006,2025-06-11,2025-06-01,Dehradun,North,15,7704.13
S07751,C07751,R037,D0827,P008,2025-06-20,2025-06-01,Bengaluru,South,44,13389.84
S07752,C07752,R064,D0344,P008,2025-06-09,2025-06-01,Kochi,South,26,9180.28
S07753,C07753,R004,D0048,P003,2025-06-11,2025-06-01,Lucknow,North,15,9410.93
S07754,C07754,R050,D0790,P003,2025-06-15,2025-06-01,Chandigarh,North,25,17154.37
S07755,C07755,R011,D0530,P001,2025-06-04,2025-06-01,Nagpur,West,21,17725.57
S07756,C07756,R065,D0462,P003,2025-06-29,2025-06-01,Coimbatore,South,25,17090.43
S07757,C07757,R018,D0481,P005,2025-06-30,2025-06-01,Vijayawada,South,35,15492.03
S07758,C07758,R002,D0838,P006,2025-06-22,2025-06-01,Chandigarh,North,34,17637.71
S07759,C07759,R044,D0193,P008,2025-06-04,2025-06-01,Bhubaneswar,East,19,6492.01
S07760,C07760,R025,D0760,P005,2025-06-15,2025-06-01,North Delhi,North,23,9786.96
S07761,C07761,R041,D0505,P008,2025-06-11,2025-06-01,Coimbatore,South,33,11139.53
S07762,C07762,R044,D0596,P005,2025-06-05,2025-06-01,Bhubaneswar,East,32,15081.45
S07763,C07763,R027,D0716,P007,2025-06-27,2025-06-01,Jaipur,North,19,12685.26
S07764,C07764,R017,D0384,P007,2025-06-13,2025-06-01,Coimbatore,South,17,10592.11
S07765,C07765,R011,D0687,P004,2025-06-20,2025-06-01,Nagpur,West,16,14348.36
S07766,C07766,R055,D0538,P007,2025-06-21,2025-06-01,Mumbai,West,32,20187.38
S07767,C07767,R053,D0828,P007,2025-06-10,2025-06-01,Ludhiana,North,24,13732.36
S07768,C07768,R018,D0393,P003,2025-06-11,2025-06-01,Vijayawada,South,44,27855.68
S07769,C07769,R019,D0631,P002,2025-06-30,2025-06-01,Kolkata,East,25,13546.81
S07770,C07770,R009,D0406,P001,2025-06-25,2025-06-01,Ahmedabad,West,44,33421.35
S07771,C07771,R018,D0316,P008,2025-06-16,2025-06-01,Vijayawada,South,31,9616.68
S07772,C07772,R057,D0317,P004,2025-06-17,2025-06-01,Ahmedabad,West,19,18633.05
S07773,C07773,R007,D0769,P005,2025-06-01,2025-06-01,Mumbai,West,18,9022.7
S07774,C07774,R011,D0732,P003,2025-06-07,2025-06-01,Nagpur,West,20,11522.63
S07775,C07775,R001,D0157,P004,2025-06-01,2025-06-01,North Delhi,North,9,8026.06
S07776,C07776,R021,D0740,P004,2025-06-25,2025-06-01,Patna,East,18,15065.4
S07777,C07777,R017,D0491,P005,2025-07-30,2025-07-01,Coimbatore,South,12,5837.57
S07778,C07778,R017,D0053,P002,2025-07-06,2025-07-01,Coimbatore,South,16,8736.15
S07779,C07779,R042,D0595,P007,2025-07-09,2025-07-01,Vijayawada,South,10,6546.86
S07780,C07780,R011,D0191,P004,2025-07-11,2025-07-01,Nagpur,West,21,17885.03
S07781,C07781,R044,D0756,P002,2025-07-26,2025-07-01,Bhubaneswar,East,17,8743.92
S07782,C07782,R015,D0374,P001,2025-07-13,2025-07-01,Hyderabad,South,19,14657.73
S07783,C07783,R007,D0769,P001,2025-07-02,2025-07-01,Mumbai,West,24,18161.02
S07784,C07784,R026,D0352,P003,2025-07-19,2025-07-01,Chandigarh,North,17,11168.16
S07785,C07785,R016,D0073,P006,2025-07-05,2025-07-01,Kochi,South,19,10265.08
S07786,C07786,R003,D0671,P007,2025-07-21,2025-07-01,Jaipur,North,41,25594.42
S07787,C07787,R068,D0646,P008,2025-07-27,2025-07-01,Bhubaneswar,East,16,5044.1
S07788,C07788,R026,D0261,P003,2025-07-03,2025-07-01,Chandigarh,North,17,11250.25
S07789,C07789,R019,D0140,P006,2025-07-31,2025-07-01,Kolkata,East,15,7044.68
S07790,C07790,R030,D0744,P003,2025-07-21,2025-07-01,Dehradun,North,24,14293.29
S07791,C07791,R061,D0663,P002,2025-07-02,2025-07-01,Bengaluru,South,37,21189.88
S07792,C07792,R067,D0218,P005,2025-07-07,2025-07-01,Kolkata,East,15,6637.33
S07793,C07793,R065,D0561,P006,2025-07-06,2025-07-01,Coimbatore,South,21,11477.84
S07794,C07794,R037,D0150,P007,2025-07-28,2025-07-01,Bengaluru,South,33,19821.52
S07795,C07795,R010,D0111,P001,2025-07-23,2025-07-01,Surat,West,20,15704.75
S07796,C07796,R050,D0662,P006,2025-07-12,2025-07-01,Chandigarh,North,14,7436.52
S07797,C07797,R009,D0765,P003,2025-07-17,2025-07-01,Ahmedabad,West,34,23503.19
S07798,C07798,R071,D0763,P003,2025-07-11,2025-07-01,Ranchi,East,17,10931.49
S07799,C07799,R062,D0412,P001,2025-07-13,2025-07-01,Chennai,South,26,20352.08
S07800,C07800,R064,D0105,P002,2025-07-20,2025-07-01,Kochi,South,33,17803.79
S07801,C07801,R013,D0379,P004,2025-07-07,2025-07-01,Bengaluru,South,19,17229.91
S07802,C07802,R021,D0518,P002,2025-07-24,2025-07-01,Patna,East,11,5997.37
S07803,C07803,R045,D0832,P003,2025-07-30,2025-07-01,Patna,East,22,13989.93
S07804,C07804,R002,D0151,P005,2025-07-31,2025-07-01,Chandigarh,North,26,12049.38
S07805,C07805,R055,D0569,P001,2025-07-06,2025-07-01,Mumbai,West,19,13735.68
S07806,C07806,R044,D0511,P008,2025-07-13,2025-07-01,Bhubaneswar,East,14,4480.69
S07807,C07807,R001,D0553,P003,2025-07-09,2025-07-01,North Delhi,North,16,10622.52
S07808,C07808,R010,D0068,P007,2025-07-20,2025-07-01,Surat,West,24,13922.25
S07809,C07809,R007,D0010,P006,2025-07-11,2025-07-01,Mumbai,West,39,19609.6
S07810,C07810,R071,D0498,P007,2025-07-13,2025-07-01,Ranchi,East,22,13075.48
S07811,C07811,R070,D0142,P003,2025-07-05,2025-07-01,Guwahati,East,30,19310.45
S07812,C07812,R028,D0445,P002,2025-07-18,2025-07-01,Lucknow,North,44,24660.08
S07813,C07813,R039,D0004,P002,2025-07-17,2025-07-01,Hyderabad,South,17,9392.22
S07814,C07814,R040,D0674,P002,2025-07-18,2025-07-01,Kochi,South,41,23204.17
S07815,C07815,R031,D0350,P005,2025-07-11,2025-07-01,Mumbai,West,37,18788.62
S07816,C07816,R030,D0512,P005,2025-07-24,2025-07-01,Dehradun,North,10,4852.39
S07817,C07817,R071,D0284,P007,2025-07-19,2025-07-01,Ranchi,East,27,15204.97
S07818,C07818,R054,D0450,P008,2025-07-06,2025-07-01,Dehradun,North,15,4642.67
S07819,C07819,R056,D0480,P007,2025-07-12,2025-07-01,Pune,West,17,11065.87
S07820,C07820,R004,D0454,P003,2025-07-21,2025-07-01,Lucknow,North,12,7763.62
S07821,C07821,R021,D0518,P004,2025-07-04,2025-07-01,Patna,East,13,11303.1
S07822,C07822,R025,D0849,P008,2025-07-11,2025-07-01,North Delhi,North,21,6832.27
S07823,C07823,R029,D0146,P006,2025-07-28,2025-07-01,Ludhiana,North,36,18098.67
S07824,C07824,R046,D0736,P004,2025-07-14,2025-07-01,Guwahati,East,20,19321.35
S07825,C07825,R015,D0494,P007,2025-07-16,2025-07-01,Hyderabad,South,35,21177.75
S07826,C07826,R054,D0254,P002,2025-07-22,2025-07-01,Dehradun,North,21,12707.5
S07827,C07827,R062,D0754,P006,2025-07-10,2025-07-01,Chennai,South,28,13880.14
S07828,C07828,R017,D0561,P008,2025-07-26,2025-07-01,Coimbatore,South,15,4642.29
S07829,C07829,R025,D0133,P005,2025-07-01,2025-07-01,North Delhi,North,23,10138.15
S07830,C07830,R041,D0130,P005,2025-07-15,2025-07-01,Coimbatore,South,25,11047.48
S07831,C07831,R038,D0549,P001,2025-07-19,2025-07-01,Chennai,South,39,31520.38
S07832,C07832,R046,D0590,P005,2025-07-08,2025-07-01,Guwahati,East,13,5578.17
S07833,C07833,R023,D0031,P003,2025-07-25,2025-07-01,Ranchi,East,33,20686.26
S07834,C07834,R024,D0493,P008,2025-07-03,2025-07-01,Siliguri,East,25,8207.85
S07835,C07835,R012,D0427,P003,2025-07-21,2025-07-01,Goa,West,8,4707.14
S07836,C07836,R004,D0783,P003,2025-07-20,2025-07-01,Lucknow,North,29,17730.74
S07837,C07837,R018,D0522,P004,2025-07-25,2025-07-01,Vijayawada,South,20,17753.74
S07838,C07838,R021,D0789,P006,2025-07-07,2025-07-01,Patna,East,26,13530.55
S07839,C07839,R027,D0071,P008,2025-07-05,2025-07-01,Jaipur,North,18,5663.17
S07840,C07840,R042,D0595,P003,2025-07-18,2025-07-01,Vijayawada,South,15,10115.63
S07841,C07841,R007,D0391,P002,2025-07-31,2025-07-01,Mumbai,West,15,7751.45
S07842,C07842,R051,D0564,P007,2025-07-25,2025-07-01,Jaipur,North,33,21653.73
S07843,C07843,R016,D0730,P005,2025-07-07,2025-07-01,Kochi,South,14,6733.34
S07844,C07844,R013,D0701,P004,2025-07-13,2025-07-01,Bengaluru,South,16,13660.24
S07845,C07845,R005,D0222,P008,2025-07-09,2025-07-01,Ludhiana,North,24,7607.64
S07846,C07846,R040,D0309,P004,2025-07-25,2025-07-01,Kochi,South,26,20867.23
S07847,C07847,R066,D0481,P005,2025-07-16,2025-07-01,Vijayawada,South,28,13478.69
S07848,C07848,R050,D0790,P008,2025-07-14,2025-07-01,Chandigarh,North,43,12879.79
S07849,C07849,R013,D0483,P002,2025-07-01,2025-07-01,Bengaluru,South,51,26798.31
S07850,C07850,R025,D0032,P008,2025-07-20,2025-07-01,North Delhi,North,19,5990.93
S07851,C07851,R043,D0081,P008,2025-07-14,2025-07-01,Kolkata,East,17,5065.61
S07852,C07852,R039,D0576,P004,2025-07-02,2025-07-01,Hyderabad,South,30,25588.0
S07853,C07853,R031,D0651,P003,2025-07-07,2025-07-01,Mumbai,West,39,26219.3
S07854,C07854,R066,D0694,P002,2025-07-23,2025-07-01,Vijayawada,South,17,8951.41
S07855,C07855,R068,D0546,P001,2025-07-24,2025-07-01,Bhubaneswar,East,13,10581.98
S07856,C07856,R023,D0327,P008,2025-07-16,2025-07-01,Ranchi,East,40,13274.67
S07857,C07857,R044,D0193,P004,2025-07-24,2025-07-01,Bhubaneswar,East,22,18748.97
S07858,C07858,R019,D0698,P006,2025-07-23,2025-07-01,Kolkata,East,21,10467.07
S07859,C07859,R039,D0814,P002,2025-07-20,2025-07-01,Hyderabad,South,25,13194.12
S07860,C07860,R046,D0058,P003,2025-07-07,2025-07-01,Guwahati,East,29,18753.43
S07861,C07861,R020,D0511,P007,2025-07-14,2025-07-01,Bhubaneswar,East,10,6549.81
S07862,C07862,R031,D0391,P006,2025-07-26,2025-07-01,Mumbai,West,12,6178.64
S07863,C07863,R010,D0566,P002,2025-07-10,2025-07-01,Surat,West,18,8913.6
S07864,C07864,R059,D0668,P001,2025-07-21,2025-07-01,Nagpur,West,16,12071.39
S07865,C07865,R058,D0122,P007,2025-07-26,2025-07-01,Surat,West,9,5363.14
S07866,C07866,R050,D0829,P001,2025-07-17,2025-07-01,Chandigarh,North,24,19116.41
S07867,C07867,R048,D0097,P001,2025-07-16,2025-07-01,Siliguri,East,29,24658.25
S07868,C07868,R061,D0663,P003,2025-07-06,2025-07-01,Bengaluru,South,42,28811.21
S07869,C07869,R037,D0614,P008,2025-07-16,2025-07-01,Bengaluru,South,34,10824.47
S07870,C07870,R015,D0141,P006,2025-07-02,2025-07-01,Hyderabad,South,39,19043.93
S07871,C07871,R012,D0624,P001,2025-07-04,2025-07-01,Goa,West,20,16708.38
S07872,C07872,R057,D0250,P008,2025-07-17,2025-07-01,Ahmedabad,West,18,5674.54
S07873,C07873,R072,D0180,P008,2025-07-07,2025-07-01,Siliguri,East,17,5053.62
S07874,C07874,R022,D0066,P006,2025-07-11,2025-07-01,Guwahati,East,19,9863.28
S07875,C07875,R008,D0623,P001,2025-07-12,2025-07-01,Pune,West,19,13904.33
S07876,C07876,R029,D0735,P001,2025-07-15,2025-07-01,Ludhiana,North,15,12085.92
S07877,C07877,R013,D0341,P007,2025-07-22,2025-07-01,Bengaluru,South,23,13753.64
S07878,C07878,R057,D0717,P007,2025-07-14,2025-07-01,Ahmedabad,West,17,10211.48
S07879,C07879,R056,D0371,P007,2025-07-27,2025-07-01,Pune,West,30,15787.82
S07880,C07880,R022,D0451,P004,2025-07-15,2025-07-01,Guwahati,East,16,15007.2
S07881,C07881,R064,D0674,P005,2025-07-31,2025-07-01,Kochi,South,27,11687.77
S07882,C07882,R004,D0297,P002,2025-07-31,2025-07-01,Lucknow,North,28,14573.92
S07883,C07883,R002,D0628,P001,2025-07-14,2025-07-01,Chandigarh,North,26,20473.57
S07884,C07884,R015,D0114,P002,2025-07-24,2025-07-01,Hyderabad,South,33,17690.03
S07885,C07885,R060,D0427,P005,2025-07-15,2025-07-01,Goa,West,17,8717.83
S07886,C07886,R041,D0635,P004,2025-07-28,2025-07-01,Coimbatore,South,52,42288.54
S07887,C07887,R018,D0595,P005,2025-07-24,2025-07-01,Vijayawada,South,19,8572.6
S07888,C07888,R051,D0217,P004,2025-07-11,2025-07-01,Jaipur,North,30,27749.55
S07889,C07889,R018,D0407,P005,2025-07-10,2025-07-01,Vijayawada,South,8,3598.48
S07890,C07890,R036,D0539,P008,2025-07-28,2025-07-01,Goa,West,20,6398.94
S07891,C07891,R038,D0776,P006,2025-07-17,2025-07-01,Chennai,South,55,31675.11
S07892,C07892,R029,D0735,P008,2025-07-22,2025-07-01,Ludhiana,North,21,6742.12
S07893,C07893,R043,D0702,P008,2025-07-21,2025-07-01,Kolkata,East,18,6163.39
S07894,C07894,R023,D0583,P005,2025-07-06,2025-07-01,Ranchi,East,35,16622.98
S07895,C07895,R060,D0304,P008,2025-07-08,2025-07-01,Goa,West,32,10617.59
S07896,C07896,R027,D0230,P002,2025-07-28,2025-07-01,Jaipur,North,22,11762.14
S07897,C07897,R052,D0320,P005,2025-07-09,2025-07-01,Lucknow,North,21,8873.21
S07898,C07898,R001,D0388,P001,2025-07-27,2025-07-01,North Delhi,North,14,11513.86
S07899,C07899,R051,D0822,P001,2025-07-12,2025-07-01,Jaipur,North,42,33672.01
S07900,C07900,R032,D0697,P002,2025-07-27,2025-07-01,Pune,West,25,13861.57
S07901,C07901,R053,D0816,P002,2025-07-18,2025-07-01,Ludhiana,North,33,17686.36
S07902,C07902,R072,D0493,P004,2025-07-04,2025-07-01,Siliguri,East,22,18945.47
S07903,C07903,R047,D0134,P006,2025-07-09,2025-07-01,Ranchi,East,11,5980.99
S07904,C07904,R069,D0084,P008,2025-07-30,2025-07-01,Patna,East,29,9431.6
S07905,C07905,R068,D0330,P008,2025-07-07,2025-07-01,Bhubaneswar,East,8,2325.92
S07906,C07906,R029,D0625,P002,2025-07-08,2025-07-01,Ludhiana,North,21,11309.67
S07907,C07907,R009,D0317,P004,2025-07-05,2025-07-01,Ahmedabad,West,34,29800.09
S07908,C07908,R006,D0603,P004,2025-07-19,2025-07-01,Dehradun,North,32,24740.03
S07909,C07909,R024,D0713,P001,2025-07-26,2025-07-01,Siliguri,East,23,17269.0
S07910,C07910,R048,D0305,P001,2025-07-30,2025-07-01,Siliguri,East,14,12337.47
S07911,C07911,R061,D0782,P003,2025-07-28,2025-07-01,Bengaluru,South,33,19209.96
S07912,C07912,R065,D0470,P007,2025-07-28,2025-07-01,Coimbatore,South,14,8047.16
S07913,C07913,R009,D0757,P004,2025-07-29,2025-07-01,Ahmedabad,West,29,22670.06
S07914,C07914,R030,D0060,P004,2025-07-18,2025-07-01,Dehradun,North,34,27865.02
S07915,C07915,R062,D0198,P008,2025-07-26,2025-07-01,Chennai,South,24,6974.07
S07916,C07916,R044,D0774,P004,2025-07-20,2025-07-01,Bhubaneswar,East,25,20932.27
S07917,C07917,R071,D0747,P006,2025-07-05,2025-07-01,Ranchi,East,36,19935.26
S07918,C07918,R040,D0508,P008,2025-07-01,2025-07-01,Kochi,South,29,9700.36
S07919,C07919,R058,D0038,P001,2025-07-04,2025-07-01,Surat,West,13,10008.65
S07920,C07920,R029,D0052,P005,2025-07-11,2025-07-01,Ludhiana,North,28,13957.95
S07921,C07921,R053,D0401,P003,2025-07-16,2025-07-01,Ludhiana,North,26,16751.54
S07922,C07922,R002,D0790,P001,2025-07-20,2025-07-01,Chandigarh,North,12,8912.89
S07923,C07923,R062,D0325,P001,2025-07-17,2025-07-01,Chennai,South,26,19840.92
S07924,C07924,R024,D0713,P006,2025-07-12,2025-07-01,Siliguri,East,24,11270.87
S07925,C07925,R020,D0546,P006,2025-07-23,2025-07-01,Bhubaneswar,East,10,4619.04
S07926,C07926,R027,D0138,P005,2025-07-27,2025-07-01,Jaipur,North,20,9503.5
S07927,C07927,R011,D0507,P006,2025-07-07,2025-07-01,Nagpur,West,30,15553.72
S07928,C07928,R054,D0338,P006,2025-07-09,2025-07-01,Dehradun,North,17,8111.97
S07929,C07929,R003,D0177,P001,2025-07-29,2025-07-01,Jaipur,North,41,32727.25
S07930,C07930,R014,D0549,P001,2025-07-31,2025-07-01,Chennai,South,20,15995.69
S07931,C07931,R033,D0181,P003,2025-07-10,2025-07-01,Ahmedabad,West,30,19201.65
S07932,C07932,R008,D0705,P005,2025-07-16,2025-07-01,Pune,West,34,14894.83
S07933,C07933,R003,D0690,P008,2025-07-18,2025-07-01,Jaipur,North,28,9314.64
S07934,C07934,R051,D0671,P008,2025-07-20,2025-07-01,Jaipur,North,33,10796.43
S07935,C07935,R054,D0060,P007,2025-07-27,2025-07-01,Dehradun,North,11,7293.77
S07936,C07936,R055,D0780,P003,2025-07-04,2025-07-01,Mumbai,West,49,33045.03
S07937,C07937,R037,D0308,P005,2025-07-17,2025-07-01,Bengaluru,South,24,10061.43
S07938,C07938,R056,D0622,P001,2025-07-07,2025-07-01,Pune,West,17,12244.1
S07939,C07939,R061,D0087,P004,2025-07-24,2025-07-01,Bengaluru,South,20,17606.25
S07940,C07940,R012,D0745,P001,2025-07-19,2025-07-01,Goa,West,30,24346.49
S07941,C07941,R017,D0384,P008,2025-07-24,2025-07-01,Coimbatore,South,18,5852.42
S07942,C07942,R058,D0513,P004,2025-07-29,2025-07-01,Surat,West,30,25876.57
S07943,C07943,R041,D0323,P006,2025-07-25,2025-07-01,Coimbatore,South,21,9808.92
S07944,C07944,R006,D0812,P001,2025-07-27,2025-07-01,Dehradun,North,28,23443.99
S07945,C07945,R053,D0699,P008,2025-07-26,2025-07-01,Ludhiana,North,18,6169.26
S07946,C07946,R014,D0412,P005,2025-07-20,2025-07-01,Chennai,South,21,8980.29
S07947,C07947,R036,D0370,P001,2025-07-13,2025-07-01,Goa,West,17,13700.54
S07948,C07948,R052,D0005,P003,2025-07-11,2025-07-01,Lucknow,North,37,24731.66
S07949,C07949,R033,D0275,P002,2025-07-12,2025-07-01,Ahmedabad,West,24,13403.36
S07950,C07950,R056,D0633,P001,2025-07-19,2025-07-01,Pune,West,21,17623.2
S07951,C07951,R004,D0658,P001,2025-07-25,2025-07-01,Lucknow,North,20,16711.69
S07952,C07952,R034,D0823,P006,2025-07-12,2025-07-01,Surat,West,29,15164.45
S07953,C07953,R024,D0057,P007,2025-07-18,2025-07-01,Siliguri,East,27,16269.26
S07954,C07954,R021,D0213,P006,2025-07-13,2025-07-01,Patna,East,19,9544.93
S07955,C07955,R049,D0672,P006,2025-07-19,2025-07-01,North Delhi,North,18,9079.59
S07956,C07956,R037,D0266,P001,2025-07-26,2025-07-01,Bengaluru,South,36,31912.83
S07957,C07957,R037,D0150,P002,2025-07-13,2025-07-01,Bengaluru,South,25,13530.52
S07958,C07958,R006,D0242,P001,2025-07-13,2025-07-01,Dehradun,North,36,29174.78
S07959,C07959,R026,D0810,P008,2025-07-07,2025-07-01,Chandigarh,North,28,9146.38
S07960,C07960,R072,D0620,P006,2025-07-16,2025-07-01,Siliguri,East,20,9695.44
S07961,C07961,R047,D0029,P008,2025-07-15,2025-07-01,Ranchi,East,31,10156.97
S07962,C07962,R065,D0635,P008,2025-07-05,2025-07-01,Coimbatore,South,44,13613.75
S07963,C07963,R011,D0507,P002,2025-07-31,2025-07-01,Nagpur,West,25,12861.1
S07964,C07964,R021,D0727,P005,2025-07-27,2025-07-01,Patna,East,27,12789.01
S07965,C07965,R046,D0464,P006,2025-07-10,2025-07-01,Guwahati,East,26,12421.56
S07966,C07966,R004,D0557,P006,2025-07-30,2025-07-01,Lucknow,North,27,14374.18
S07967,C07967,R034,D0410,P006,2025-07-09,2025-07-01,Surat,West,18,9441.72
S07968,C07968,R033,D0677,P004,2025-07-13,2025-07-01,Ahmedabad,West,27,25549.8
S07969,C07969,R056,D0642,P001,2025-07-05,2025-07-01,Pune,West,20,15974.38
S07970,C07970,R045,D0386,P008,2025-07-19,2025-07-01,Patna,East,17,5180.08
S07971,C07971,R030,D0095,P006,2025-07-15,2025-07-01,Dehradun,North,21,11306.66
S07972,C07972,R049,D0089,P007,2025-07-09,2025-07-01,North Delhi,North,28,18075.61
S07973,C07973,R031,D0456,P002,2025-07-09,2025-07-01,Mumbai,West,36,20308.45
S07974,C07974,R035,D0428,P001,2025-07-29,2025-07-01,Nagpur,West,19,15363.22
S07975,C07975,R069,D0740,P008,2025-07-22,2025-07-01,Patna,East,27,8001.54
S07976,C07976,R052,D0027,P007,2025-07-05,2025-07-01,Lucknow,North,17,10813.82
S07977,C07977,R024,D0713,P007,2025-07-05,2025-07-01,Siliguri,East,27,15441.32
S07978,C07978,R066,D0064,P004,2025-07-03,2025-07-01,Vijayawada,South,16,13797.4
S07979,C07979,R001,D0488,P008,2025-07-08,2025-07-01,North Delhi,North,28,8587.41
S07980,C07980,R063,D0332,P002,2025-07-23,2025-07-01,Hyderabad,South,19,9455.3
S07981,C07981,R025,D0552,P007,2025-07-02,2025-07-01,North Delhi,North,19,11692.78
S07982,C07982,R032,D0127,P004,2025-07-08,2025-07-01,Pune,West,21,18660.95
S07983,C07983,R035,D0668,P002,2025-07-02,2025-07-01,Nagpur,West,31,17851.73
S07984,C07984,R070,D0082,P006,2025-07-21,2025-07-01,Guwahati,East,17,9192.5
S07985,C07985,R046,D0650,P003,2025-07-26,2025-07-01,Guwahati,East,17,11319.24
S07986,C07986,R063,D0474,P002,2025-07-17,2025-07-01,Hyderabad,South,24,13470.7
S07987,C07987,R028,D0728,P006,2025-07-29,2025-07-01,Lucknow,North,33,16742.3
S07988,C07988,R043,D0799,P007,2025-07-22,2025-07-01,Kolkata,East,17,10312.73
S07989,C07989,R063,D0764,P003,2025-07-24,2025-07-01,Hyderabad,South,28,18596.05
S07990,C07990,R003,D0383,P008,2025-07-10,2025-07-01,Jaipur,North,23,7304.53
S07991,C07991,R018,D0368,P006,2025-07-27,2025-07-01,Vijayawada,South,32,16493.04
S07992,C07992,R006,D0603,P001,2025-07-20,2025-07-01,Dehradun,North,25,20146.85
S07993,C07993,R041,D0531,P003,2025-07-03,2025-07-01,Coimbatore,South,46,28508.54
S07994,C07994,R067,D0698,P008,2025-07-03,2025-07-01,Kolkata,East,15,4702.05
S07995,C07995,R023,D0364,P002,2025-07-28,2025-07-01,Ranchi,East,25,14023.72
S07996,C07996,R025,D0440,P008,2025-07-09,2025-07-01,North Delhi,North,28,8711.69
S07997,C07997,R063,D0108,P005,2025-07-15,2025-07-01,Hyderabad,South,29,12984.35
S07998,C07998,R032,D0188,P006,2025-07-24,2025-07-01,Pune,West,14,7502.52
S07999,C07999,R052,D0658,P006,2025-07-24,2025-07-01,Lucknow,North,23,11296.02
S08000,C08000,R005,D0846,P005,2025-07-01,2025-07-01,Ludhiana,North,21,9869.36
S08001,C08001,R055,D0543,P005,2025-07-20,2025-07-01,Mumbai,West,22,10195.81
S08002,C08002,R067,D0264,P005,2025-07-29,2025-07-01,Kolkata,East,17,8167.05
S08003,C08003,R065,D0046,P006,2025-07-11,2025-07-01,Coimbatore,South,12,6099.77
S08004,C08004,R027,D0071,P006,2025-07-17,2025-07-01,Jaipur,North,23,11266.37
S08005,C08005,R049,D0611,P004,2025-07-09,2025-07-01,North Delhi,North,19,16358.57
S08006,C08006,R001,D0609,P004,2025-07-23,2025-07-01,North Delhi,North,33,31801.64
S08007,C08007,R056,D0265,P007,2025-07-04,2025-07-01,Pune,West,33,19592.9
S08008,C08008,R016,D0162,P007,2025-07-17,2025-07-01,Kochi,South,11,6509.04
S08009,C08009,R066,D0064,P006,2025-07-13,2025-07-01,Vijayawada,South,33,16441.51
S08010,C08010,R010,D0490,P004,2025-07-20,2025-07-01,Surat,West,23,20193.03
S08011,C08011,R069,D0499,P005,2025-07-16,2025-07-01,Patna,East,13,5857.98
S08012,C08012,R041,D0425,P005,2025-07-31,2025-07-01,Coimbatore,South,23,10878.7
S08013,C08013,R049,D0666,P004,2025-07-31,2025-07-01,North Delhi,North,18,16101.4
S08014,C08014,R047,D0737,P002,2025-07-09,2025-07-01,Ranchi,East,15,7860.96
S08015,C08015,R057,D0424,P005,2025-07-02,2025-07-01,Ahmedabad,West,25,11915.46
S08016,C08016,R034,D0185,P004,2025-07-16,2025-07-01,Surat,West,23,20758.3
S08017,C08017,R022,D0042,P001,2025-07-19,2025-07-01,Guwahati,East,24,19962.01
S08018,C08018,R024,D0610,P008,2025-07-24,2025-07-01,Siliguri,East,16,5200.99
S08019,C08019,R053,D0550,P006,2025-07-17,2025-07-01,Ludhiana,North,13,6587.52
S08020,C08020,R005,D0290,P001,2025-07-19,2025-07-01,Ludhiana,North,22,16985.38
S08021,C08021,R014,D0014,P002,2025-07-01,2025-07-01,Chennai,South,24,13054.06
S08022,C08022,R009,D0765,P005,2025-07-24,2025-07-01,Ahmedabad,West,24,11242.59
S08023,C08023,R017,D0788,P007,2025-07-11,2025-07-01,Coimbatore,South,10,6099.37
S08024,C08024,R003,D0432,P004,2025-07-12,2025-07-01,Jaipur,North,28,24370.85
S08025,C08025,R059,D0269,P007,2025-07-14,2025-07-01,Nagpur,West,21,13211.37
S08026,C08026,R067,D0526,P002,2025-07-03,2025-07-01,Kolkata,East,26,14344.01
S08027,C08027,R052,D0719,P005,2025-07-16,2025-07-01,Lucknow,North,27,12431.58
S08028,C08028,R012,D0528,P007,2025-07-12,2025-07-01,Goa,West,25,15759.67
S08029,C08029,R061,D0015,P007,2025-07-08,2025-07-01,Bengaluru,South,36,21876.15
S08030,C08030,R044,D0315,P002,2025-07-08,2025-07-01,Bhubaneswar,East,23,12427.55
S08031,C08031,R018,D0072,P006,2025-07-02,2025-07-01,Vijayawada,South,38,19991.96
S08032,C08032,R005,D0382,P001,2025-07-28,2025-07-01,Ludhiana,North,33,26770.76
S08033,C08033,R059,D0420,P002,2025-07-10,2025-07-01,Nagpur,West,32,17844.48
S08034,C08034,R072,D0467,P008,2025-07-28,2025-07-01,Siliguri,East,24,7386.4
S08035,C08035,R068,D0676,P006,2025-07-26,2025-07-01,Bhubaneswar,East,19,9872.1
S08036,C08036,R020,D0193,P002,2025-07-15,2025-07-01,Bhubaneswar,East,22,11905.84
S08037,C08037,R053,D0828,P008,2025-07-26,2025-07-01,Ludhiana,North,36,11745.7
S08038,C08038,R030,D0227,P008,2025-07-07,2025-07-01,Dehradun,North,20,6983.54
S08039,C08039,R070,D0441,P001,2025-07-06,2025-07-01,Guwahati,East,20,15435.8
S08040,C08040,R007,D0267,P001,2025-07-28,2025-07-01,Mumbai,West,35,27330.06
S08041,C08041,R033,D0287,P002,2025-07-21,2025-07-01,Ahmedabad,West,22,11545.75
S08042,C08042,R035,D0691,P007,2025-07-22,2025-07-01,Nagpur,West,19,11478.88
S08043,C08043,R008,D0127,P005,2025-07-29,2025-07-01,Pune,West,19,8443.98
S08044,C08044,R060,D0376,P005,2025-07-01,2025-07-01,Goa,West,46,20024.77
S08045,C08045,R040,D0508,P004,2025-07-06,2025-07-01,Kochi,South,29,23286.23
S08046,C08046,R064,D0508,P004,2025-07-30,2025-07-01,Kochi,South,42,36080.39
S08047,C08047,R012,D0318,P006,2025-07-04,2025-07-01,Goa,West,22,10868.55
S08048,C08048,R008,D0402,P001,2025-07-14,2025-07-01,Pune,West,39,30330.54
S08049,C08049,R059,D0770,P005,2025-07-01,2025-07-01,Nagpur,West,32,14323.11
S08050,C08050,R031,D0292,P002,2025-07-11,2025-07-01,Mumbai,West,19,10789.67
S08051,C08051,R059,D0428,P007,2025-07-06,2025-07-01,Nagpur,West,17,10487.57
S08052,C08052,R026,D0303,P002,2025-07-08,2025-07-01,Chandigarh,North,16,8960.56
S08053,C08053,R020,D0676,P001,2025-07-26,2025-07-01,Bhubaneswar,East,26,21276.8
S08054,C08054,R034,D0640,P004,2025-07-09,2025-07-01,Surat,West,25,23793.0
S08055,C08055,R009,D0775,P004,2025-07-26,2025-07-01,Ahmedabad,West,36,33598.75
S08056,C08056,R011,D0091,P005,2025-07-28,2025-07-01,Nagpur,West,38,16707.55
S08057,C08057,R006,D0095,P007,2025-07-17,2025-07-01,Dehradun,North,23,14632.74
S08058,C08058,R067,D0334,P006,2025-07-17,2025-07-01,Kolkata,East,20,10363.38
S08059,C08059,R014,D0381,P003,2025-07-11,2025-07-01,Chennai,South,28,19724.17
S08060,C08060,R060,D0118,P006,2025-07-21,2025-07-01,Goa,West,22,11234.47
S08061,C08061,R067,D0772,P005,2025-07-26,2025-07-01,Kolkata,East,24,11671.77
S08062,C08062,R069,D0789,P002,2025-07-27,2025-07-01,Patna,East,26,14110.12
S08063,C08063,R011,D0397,P001,2025-07-07,2025-07-01,Nagpur,West,19,14923.55
S08064,C08064,R071,D0639,P001,2025-07-22,2025-07-01,Ranchi,East,26,20955.35
S08065,C08065,R036,D0528,P002,2025-07-05,2025-07-01,Goa,West,23,12224.65
S08066,C08066,R023,D0516,P007,2025-07-16,2025-07-01,Ranchi,East,22,13790.84
S08067,C08067,R003,D0716,P004,2025-07-03,2025-07-01,Jaipur,North,34,27962.48
S08068,C08068,R054,D0095,P004,2025-07-18,2025-07-01,Dehradun,North,15,13672.77
S08069,C08069,R020,D0321,P004,2025-07-27,2025-07-01,Bhubaneswar,East,17,14167.88
S08070,C08070,R072,D0348,P003,2025-07-26,2025-07-01,Siliguri,East,12,8139.52
S08071,C08071,R033,D0811,P006,2025-07-23,2025-07-01,Ahmedabad,West,34,14634.37
S08072,C08072,R008,D0502,P001,2025-07-18,2025-07-01,Pune,West,39,27659.96
S08073,C08073,R017,D0434,P005,2025-07-20,2025-07-01,Coimbatore,South,34,15681.34
S08074,C08074,R057,D0049,P008,2025-07-04,2025-07-01,Ahmedabad,West,15,4816.9
S08075,C08075,R039,D0474,P008,2025-07-23,2025-07-01,Hyderabad,South,18,5687.23
S08076,C08076,R049,D0219,P003,2025-07-22,2025-07-01,North Delhi,North,29,19831.35
S08077,C08077,R050,D0261,P007,2025-07-05,2025-07-01,Chandigarh,North,16,10215.07
S08078,C08078,R035,D0845,P002,2025-07-20,2025-07-01,Nagpur,West,33,20075.04
S08079,C08079,R050,D0375,P002,2025-07-12,2025-07-01,Chandigarh,North,22,11906.11
S08080,C08080,R019,D0076,P003,2025-07-16,2025-07-01,Kolkata,East,20,13882.76
S08081,C08081,R002,D0119,P001,2025-07-26,2025-07-01,Chandigarh,North,16,11962.95
S08082,C08082,R058,D0238,P003,2025-07-10,2025-07-01,Surat,West,18,11555.14
S08083,C08083,R042,D0064,P007,2025-07-29,2025-07-01,Vijayawada,South,22,12869.18
S08084,C08084,R066,D0369,P007,2025-07-13,2025-07-01,Vijayawada,South,29,17592.6
S08085,C08085,R058,D0271,P003,2025-07-16,2025-07-01,Surat,West,16,10677.86
S08086,C08086,R059,D0741,P003,2025-07-01,2025-07-01,Nagpur,West,20,13887.65
S08087,C08087,R027,D0226,P003,2025-07-04,2025-07-01,Jaipur,North,15,10071.1
S08088,C08088,R006,D0242,P001,2025-07-09,2025-07-01,Dehradun,North,16,13314.13
S08089,C08089,R048,D0493,P002,2025-07-31,2025-07-01,Siliguri,East,21,12107.24
S08090,C08090,R063,D0533,P008,2025-07-09,2025-07-01,Hyderabad,South,19,6092.26
S08091,C08091,R016,D0065,P006,2025-07-13,2025-07-01,Kochi,South,9,4566.08
S08092,C08092,R046,D0063,P006,2025-07-27,2025-07-01,Guwahati,East,14,6595.64
S08093,C08093,R035,D0191,P003,2025-07-10,2025-07-01,Nagpur,West,17,10915.48
S08094,C08094,R071,D0639,P007,2025-07-26,2025-07-01,Ranchi,East,21,12291.73
S08095,C08095,R037,D0117,P002,2025-07-04,2025-07-01,Bengaluru,South,44,22850.53
S08096,C08096,R005,D0846,P008,2025-07-05,2025-07-01,Ludhiana,North,21,6577.61
S08097,C08097,R057,D0380,P005,2025-07-01,2025-07-01,Ahmedabad,West,12,5665.22
S08098,C08098,R012,D0809,P003,2025-07-04,2025-07-01,Goa,West,19,12721.83
S08099,C08099,R048,D0178,P007,2025-07-19,2025-07-01,Siliguri,East,32,20484.66
S08100,C08100,R023,D0327,P004,2025-07-03,2025-07-01,Ranchi,East,15,13606.81
S08101,C08101,R069,D0084,P003,2025-07-19,2025-07-01,Patna,East,28,17933.52
S08102,C08102,R005,D0742,P006,2025-07-19,2025-07-01,Ludhiana,North,23,12173.98
S08103,C08103,R038,D0487,P006,2025-07-08,2025-07-01,Chennai,South,24,11401.06
S08104,C08104,R068,D0099,P005,2025-07-02,2025-07-01,Bhubaneswar,East,15,7237.12
S08105,C08105,R038,D0602,P004,2025-07-06,2025-07-01,Chennai,South,38,32525.11
S08106,C08106,R063,D0767,P003,2025-07-05,2025-07-01,Hyderabad,South,29,16942.95
S08107,C08107,R062,D0549,P004,2025-07-17,2025-07-01,Chennai,South,30,27426.94
S08108,C08108,R048,D0612,P007,2025-07-29,2025-07-01,Siliguri,East,22,13212.64
S08109,C08109,R039,D0196,P003,2025-07-14,2025-07-01,Hyderabad,South,37,25854.32
S08110,C08110,R014,D0381,P008,2025-07-20,2025-07-01,Chennai,South,33,11068.34
S08111,C08111,R032,D0659,P002,2025-07-10,2025-07-01,Pune,West,27,13861.06
S08112,C08112,R009,D0551,P002,2025-07-03,2025-07-01,Ahmedabad,West,17,9879.08
S08113,C08113,R055,D0543,P003,2025-07-07,2025-07-01,Mumbai,West,22,13151.95
S08114,C08114,R045,D0669,P001,2025-07-15,2025-07-01,Patna,East,6,4788.78
S08115,C08115,R070,D0464,P008,2025-07-27,2025-07-01,Guwahati,East,15,5141.9
S08116,C08116,R016,D0103,P003,2025-07-08,2025-07-01,Kochi,South,13,8144.29
S08117,C08117,R013,D0117,P001,2025-07-31,2025-07-01,Bengaluru,South,29,25008.63
S08118,C08118,R028,D0599,P005,2025-07-20,2025-07-01,Lucknow,North,19,8810.84
S08119,C08119,R039,D0183,P008,2025-07-12,2025-07-01,Hyderabad,South,22,7171.2
S08120,C08120,R070,D0514,P008,2025-07-20,2025-07-01,Guwahati,East,16,5420.67
S08121,C08121,R010,D0306,P001,2025-07-22,2025-07-01,Surat,West,32,25481.81
S08122,C08122,R021,D0500,P007,2025-07-22,2025-07-01,Patna,East,11,6265.5
S08123,C08123,R047,D0187,P003,2025-07-27,2025-07-01,Ranchi,East,18,9969.38
S08124,C08124,R026,D0261,P007,2025-07-21,2025-07-01,Chandigarh,North,22,12765.12
S08125,C08125,R038,D0549,P005,2025-07-01,2025-07-01,Chennai,South,25,10989.79
S08126,C08126,R025,D0113,P006,2025-07-12,2025-07-01,North Delhi,North,21,10202.13
S08127,C08127,R047,D0280,P007,2025-07-29,2025-07-01,Ranchi,East,18,10632.72
S08128,C08128,R016,D0831,P008,2025-07-07,2025-07-01,Kochi,South,22,6037.63
S08129,C08129,R061,D0075,P002,2025-07-16,2025-07-01,Bengaluru,South,33,16758.17
S08130,C08130,R026,D0582,P006,2025-07-16,2025-07-01,Chandigarh,North,14,7335.03
S08131,C08131,R022,D0102,P002,2025-07-18,2025-07-01,Guwahati,East,14,7953.93
S08132,C08132,R002,D0681,P008,2025-07-27,2025-07-01,Chandigarh,North,30,9250.24
S08133,C08133,R055,D0154,P006,2025-07-17,2025-07-01,Mumbai,West,27,14245.55
S08134,C08134,R064,D0508,P002,2025-07-01,2025-07-01,Kochi,South,50,23504.3
S08135,C08135,R001,D0388,P003,2025-07-08,2025-07-01,North Delhi,North,14,9364.79
S08136,C08136,R027,D0619,P008,2025-07-20,2025-07-01,Jaipur,North,26,8812.83
S08137,C08137,R060,D0047,P006,2025-07-25,2025-07-01,Goa,West,29,15171.33
S08138,C08138,R001,D0521,P002,2025-07-21,2025-07-01,North Delhi,North,13,7010.69
S08139,C08139,R042,D0407,P007,2025-07-23,2025-07-01,Vijayawada,South,12,6386.56
S08140,C08140,R022,D0174,P006,2025-07-08,2025-07-01,Guwahati,East,8,4465.65
S08141,C08141,R043,D0218,P001,2025-07-03,2025-07-01,Kolkata,East,11,9412.67
S08142,C08142,R045,D0548,P003,2025-07-30,2025-07-01,Patna,East,17,11613.2
S08143,C08143,R055,D0536,P007,2025-07-18,2025-07-01,Mumbai,West,29,18868.05
S08144,C08144,R033,D0541,P003,2025-07-23,2025-07-01,Ahmedabad,West,25,16501.71
S08145,C08145,R035,D0785,P001,2025-07-30,2025-07-01,Nagpur,West,23,18622.92
S08146,C08146,R015,D0302,P005,2025-07-06,2025-07-01,Hyderabad,South,19,9106.73
S08147,C08147,R062,D0752,P008,2025-07-28,2025-07-01,Chennai,South,24,7655.65
S08148,C08148,R042,D0753,P005,2025-07-12,2025-07-01,Vijayawada,South,21,9260.66
S08149,C08149,R007,D0538,P008,2025-07-20,2025-07-01,Mumbai,West,42,14028.03
S08150,C08150,R044,D0315,P001,2025-07-12,2025-07-01,Bhubaneswar,East,16,13652.31
S08151,C08151,R042,D0368,P006,2025-07-07,2025-07-01,Vijayawada,South,27,14625.08
S08152,C08152,R058,D0038,P006,2025-07-28,2025-07-01,Surat,West,16,8299.07
S08153,C08153,R064,D0545,P008,2025-07-11,2025-07-01,Kochi,South,37,11996.18
S08154,C08154,R065,D0323,P005,2025-07-01,2025-07-01,Coimbatore,South,18,8413.02
S08155,C08155,R015,D0795,P007,2025-07-05,2025-07-01,Hyderabad,South,19,10265.85
S08156,C08156,R040,D0535,P002,2025-07-30,2025-07-01,Kochi,South,20,10742.54
S08157,C08157,R028,D0356,P001,2025-07-26,2025-07-01,Lucknow,North,28,21604.21
S08158,C08158,R043,D0125,P006,2025-07-21,2025-07-01,Kolkata,East,11,5271.34
S08159,C08159,R064,D0073,P001,2025-07-25,2025-07-01,Kochi,South,35,28739.12
S08160,C08160,R032,D0605,P007,2025-07-21,2025-07-01,Pune,West,15,9278.95
S08161,C08161,R051,D0671,P001,2025-07-29,2025-07-01,Jaipur,North,34,23049.84
S08162,C08162,R011,D0269,P006,2025-07-04,2025-07-01,Nagpur,West,18,9287.8
S08163,C08163,R066,D0020,P004,2025-07-02,2025-07-01,Vijayawada,South,48,45446.45
S08164,C08164,R007,D0350,P006,2025-07-22,2025-07-01,Mumbai,West,29,14349.41
S08165,C08165,R036,D0745,P005,2025-07-30,2025-07-01,Goa,West,24,10474.33
S08166,C08166,R014,D0473,P004,2025-07-19,2025-07-01,Chennai,South,19,15820.06
S08167,C08167,R036,D0118,P004,2025-07-30,2025-07-01,Goa,West,13,11627.74
S08168,C08168,R034,D0069,P005,2025-07-13,2025-07-01,Surat,West,18,7979.39
S08169,C08169,R072,D0096,P006,2025-07-21,2025-07-01,Siliguri,East,13,6142.52
S08170,C08170,R051,D0667,P006,2025-07-16,2025-07-01,Jaipur,North,29,15988.07
S08171,C08171,R028,D0599,P004,2025-07-28,2025-07-01,Lucknow,North,35,31467.5
S08172,C08172,R030,D0339,P003,2025-07-21,2025-07-01,Dehradun,North,18,11568.66
S08173,C08173,R034,D0490,P001,2025-07-14,2025-07-01,Surat,West,18,15214.97
S08174,C08174,R029,D0001,P007,2025-07-08,2025-07-01,Ludhiana,North,15,9275.5
S08175,C08175,R013,D0398,P002,2025-07-10,2025-07-01,Bengaluru,South,49,26281.67
S08176,C08176,R065,D0323,P004,2025-07-03,2025-07-01,Coimbatore,South,11,9896.71
S08177,C08177,R052,D0658,P008,2025-07-05,2025-07-01,Lucknow,North,29,9034.72
S08178,C08178,R049,D0488,P007,2025-07-16,2025-07-01,North Delhi,North,27,16355.04
S08179,C08179,R068,D0722,P003,2025-07-01,2025-07-01,Bhubaneswar,East,22,14944.04
S08180,C08180,R057,D0510,P004,2025-07-15,2025-07-01,Ahmedabad,West,20,19296.37
S08181,C08181,R070,D0411,P003,2025-07-02,2025-07-01,Guwahati,East,21,13479.45
S08182,C08182,R069,D0807,P006,2025-07-06,2025-07-01,Patna,East,12,6312.14
S08183,C08183,R010,D0823,P002,2025-07-22,2025-07-01,Surat,West,23,11504.08
S08184,C08184,R004,D0320,P008,2025-07-01,2025-07-01,Lucknow,North,22,7218.07
S08185,C08185,R043,D0264,P008,2025-07-11,2025-07-01,Kolkata,East,12,4186.31
S08186,C08186,R053,D0625,P003,2025-07-06,2025-07-01,Ludhiana,North,28,18501.77
S08187,C08187,R019,D0125,P002,2025-07-02,2025-07-01,Kolkata,East,19,9963.78
S08188,C08188,R045,D0283,P005,2025-07-07,2025-07-01,Patna,East,25,11194.35
S08189,C08189,R036,D0804,P006,2025-07-04,2025-07-01,Goa,West,19,9924.48
S08190,C08190,R054,D0794,P006,2025-07-03,2025-07-01,Dehradun,North,18,9207.62
S08191,C08191,R050,D0329,P001,2025-07-21,2025-07-01,Chandigarh,North,28,21398.21
S08192,C08192,R002,D0326,P006,2025-07-04,2025-07-01,Chandigarh,North,15,7899.94
S08193,C08193,R031,D0768,P001,2025-07-30,2025-07-01,Mumbai,West,32,23864.5
S08194,C08194,R041,D0163,P003,2025-07-16,2025-07-01,Coimbatore,South,38,26164.77
S08195,C08195,R020,D0086,P006,2025-07-13,2025-07-01,Bhubaneswar,East,19,9537.38
S08196,C08196,R038,D0078,P008,2025-07-28,2025-07-01,Chennai,South,11,3635.97
S08197,C08197,R018,D0074,P006,2025-07-25,2025-07-01,Vijayawada,South,28,14879.58
S08198,C08198,R047,D0747,P002,2025-07-14,2025-07-01,Ranchi,East,38,18527.03
S08199,C08199,R028,D0027,P006,2025-07-31,2025-07-01,Lucknow,North,21,10672.07
S08200,C08200,R022,D0243,P001,2025-07-17,2025-07-01,Guwahati,East,12,8644.43
S08201,C08201,R040,D0529,P002,2025-07-22,2025-07-01,Kochi,South,24,11838.33
S08202,C08202,R060,D0539,P001,2025-07-31,2025-07-01,Goa,West,21,16187.89
S08203,C08203,R019,D0702,P008,2025-07-23,2025-07-01,Kolkata,East,14,4548.8
S08204,C08204,R008,D0834,P003,2025-07-19,2025-07-01,Pune,West,14,8526.28
S08205,C08205,R032,D0419,P005,2025-07-20,2025-07-01,Pune,West,21,9791.05
S08206,C08206,R019,D0172,P007,2025-07-21,2025-07-01,Kolkata,East,20,11666.65
S08207,C08207,R045,D0056,P008,2025-07-31,2025-07-01,Patna,East,10,3210.86
S08208,C08208,R048,D0713,P008,2025-07-22,2025-07-01,Siliguri,East,20,7209.43
S08209,C08209,R071,D0298,P002,2025-08-10,2025-08-01,Ranchi,East,20,10628.63
S08210,C08210,R038,D0754,P004,2025-08-01,2025-08-01,Chennai,South,31,26019.6
S08211,C08211,R023,D0284,P004,2025-08-25,2025-08-01,Ranchi,East,34,30232.9
S08212,C08212,R041,D0606,P007,2025-08-16,2025-08-01,Coimbatore,South,26,15709.23
S08213,C08213,R029,D0625,P003,2025-08-13,2025-08-01,Ludhiana,North,32,20755.08
S08214,C08214,R070,D0577,P002,2025-08-29,2025-08-01,Guwahati,East,18,9736.66
S08215,C08215,R018,D0465,P007,2025-08-05,2025-08-01,Vijayawada,South,33,19943.96
S08216,C08216,R041,D0384,P004,2025-08-02,2025-08-01,Coimbatore,South,30,25047.73
S08217,C08217,R017,D0053,P006,2025-08-23,2025-08-01,Coimbatore,South,12,6372.26
S08218,C08218,R064,D0043,P004,2025-08-29,2025-08-01,Kochi,South,16,15175.22
S08219,C08219,R044,D0443,P004,2025-08-26,2025-08-01,Bhubaneswar,East,29,25329.77
S08220,C08220,R072,D0713,P001,2025-08-28,2025-08-01,Siliguri,East,13,10317.79
S08221,C08221,R010,D0426,P001,2025-08-27,2025-08-01,Surat,West,37,25908.26
S08222,C08222,R045,D0503,P001,2025-08-22,2025-08-01,Patna,East,25,19482.12
S08223,C08223,R035,D0269,P002,2025-08-29,2025-08-01,Nagpur,West,22,13022.52
S08224,C08224,R054,D0525,P003,2025-08-11,2025-08-01,Dehradun,North,18,12355.2
S08225,C08225,R023,D0322,P001,2025-08-24,2025-08-01,Ranchi,East,24,18864.18
S08226,C08226,R008,D0173,P002,2025-08-03,2025-08-01,Pune,West,12,6465.66
S08227,C08227,R027,D0594,P007,2025-08-17,2025-08-01,Jaipur,North,17,10214.99
S08228,C08228,R024,D0305,P007,2025-08-10,2025-08-01,Siliguri,East,13,8096.44
S08229,C08229,R001,D0346,P003,2025-08-30,2025-08-01,North Delhi,North,22,15266.65
S08230,C08230,R019,D0524,P008,2025-08-14,2025-08-01,Kolkata,East,15,4679.61
S08231,C08231,R070,D0058,P001,2025-08-07,2025-08-01,Guwahati,East,23,18613.76
S08232,C08232,R009,D0836,P001,2025-08-18,2025-08-01,Ahmedabad,West,29,21705.53
S08233,C08233,R039,D0183,P003,2025-08-03,2025-08-01,Hyderabad,South,28,18076.08
S08234,C08234,R072,D0523,P003,2025-08-04,2025-08-01,Siliguri,East,17,10596.43
S08235,C08235,R010,D0575,P001,2025-08-14,2025-08-01,Surat,West,20,15725.02
S08236,C08236,R067,D0081,P007,2025-08-20,2025-08-01,Kolkata,East,15,9188.19
S08237,C08237,R057,D0214,P008,2025-08-19,2025-08-01,Ahmedabad,West,22,7179.58
S08238,C08238,R026,D0329,P003,2025-08-02,2025-08-01,Chandigarh,North,24,16084.38
S08239,C08239,R040,D0709,P003,2025-08-22,2025-08-01,Kochi,South,29,19832.06
S08240,C08240,R045,D0500,P006,2025-08-02,2025-08-01,Patna,East,11,6194.81
S08241,C08241,R035,D0428,P008,2025-08-26,2025-08-01,Nagpur,West,32,10615.27
S08242,C08242,R036,D0804,P003,2025-08-02,2025-08-01,Goa,West,15,8923.25
S08243,C08243,R015,D0377,P006,2025-08-01,2025-08-01,Hyderabad,South,36,18132.4
S08244,C08244,R002,D0790,P001,2025-08-17,2025-08-01,Chandigarh,North,26,20244.27
S08245,C08245,R025,D0672,P005,2025-08-25,2025-08-01,North Delhi,North,13,5506.2
S08246,C08246,R024,D0147,P008,2025-08-24,2025-08-01,Siliguri,East,25,8332.02
S08247,C08247,R004,D0286,P004,2025-08-19,2025-08-01,Lucknow,North,15,14543.88
S08248,C08248,R006,D0006,P006,2025-08-06,2025-08-01,Dehradun,North,16,7806.43
S08249,C08249,R043,D0172,P006,2025-08-30,2025-08-01,Kolkata,East,22,11928.63
S08250,C08250,R022,D0042,P006,2025-08-01,2025-08-01,Guwahati,East,18,9672.64
S08251,C08251,R048,D0096,P006,2025-08-11,2025-08-01,Siliguri,East,17,8788.88
S08252,C08252,R004,D0005,P008,2025-08-24,2025-08-01,Lucknow,North,25,8332.25
S08253,C08253,R004,D0458,P001,2025-08-20,2025-08-01,Lucknow,North,25,18754.61
S08254,C08254,R048,D0348,P008,2025-08-25,2025-08-01,Siliguri,East,15,5076.21
S08255,C08255,R065,D0462,P008,2025-08-24,2025-08-01,Coimbatore,South,23,7825.9
S08256,C08256,R014,D0653,P008,2025-08-30,2025-08-01,Chennai,South,19,6225.04
S08257,C08257,R071,D0733,P003,2025-08-17,2025-08-01,Ranchi,East,22,14741.77
S08258,C08258,R004,D0363,P005,2025-08-26,2025-08-01,Lucknow,North,22,9718.57
S08259,C08259,R044,D0509,P003,2025-08-05,2025-08-01,Bhubaneswar,East,11,7603.52
S08260,C08260,R047,D0516,P007,2025-08-06,2025-08-01,Ranchi,East,19,11598.29
S08261,C08261,R021,D0293,P004,2025-08-02,2025-08-01,Patna,East,16,14142.84
S08262,C08262,R031,D0459,P003,2025-08-07,2025-08-01,Mumbai,West,31,21425.88
S08263,C08263,R064,D0344,P006,2025-08-04,2025-08-01,Kochi,South,25,12565.95
S08264,C08264,R061,D0087,P001,2025-08-26,2025-08-01,Bengaluru,South,24,18059.67
S08265,C08265,R054,D0167,P004,2025-08-16,2025-08-01,Dehradun,North,12,11260.86
S08266,C08266,R034,D0484,P002,2025-08-14,2025-08-01,Surat,West,30,14977.46
S08267,C08267,R014,D0693,P003,2025-08-20,2025-08-01,Chennai,South,32,21888.65
S08268,C08268,R022,D0351,P004,2025-08-12,2025-08-01,Guwahati,East,20,16704.32
S08269,C08269,R013,D0036,P001,2025-08-18,2025-08-01,Bengaluru,South,26,18444.24
S08270,C08270,R052,D0435,P007,2025-08-01,2025-08-01,Lucknow,North,21,13230.86
S08271,C08271,R009,D0811,P004,2025-08-23,2025-08-01,Ahmedabad,West,21,18993.18
S08272,C08272,R022,D0441,P003,2025-08-28,2025-08-01,Guwahati,East,19,12143.68
S08273,C08273,R007,D0023,P002,2025-08-02,2025-08-01,Mumbai,West,28,14246.28
S08274,C08274,R042,D0072,P008,2025-08-03,2025-08-01,Vijayawada,South,42,13667.41
S08275,C08275,R030,D0532,P007,2025-08-05,2025-08-01,Dehradun,North,15,8935.84
S08276,C08276,R017,D0635,P004,2025-08-19,2025-08-01,Coimbatore,South,18,16653.59
S08277,C08277,R046,D0063,P003,2025-08-24,2025-08-01,Guwahati,East,21,13460.87
S08278,C08278,R005,D0718,P004,2025-08-26,2025-08-01,Ludhiana,North,17,14808.34
S08279,C08279,R049,D0672,P008,2025-08-25,2025-08-01,North Delhi,North,21,7092.59
S08280,C08280,R005,D0052,P002,2025-08-18,2025-08-01,Ludhiana,North,37,18953.35
S08281,C08281,R030,D0189,P006,2025-08-22,2025-08-01,Dehradun,North,26,12294.93
S08282,C08282,R065,D0018,P008,2025-08-09,2025-08-01,Coimbatore,South,37,11286.59
S08283,C08283,R001,D0552,P007,2025-08-24,2025-08-01,North Delhi,North,27,16669.18
S08284,C08284,R068,D0314,P007,2025-08-06,2025-08-01,Bhubaneswar,East,17,11361.01
S08285,C08285,R036,D0809,P008,2025-08-30,2025-08-01,Goa,West,25,8060.89
S08286,C08286,R068,D0099,P001,2025-08-02,2025-08-01,Bhubaneswar,East,21,15665.99
S08287,C08287,R022,D0492,P002,2025-08-30,2025-08-01,Guwahati,East,14,7246.66
S08288,C08288,R007,D0683,P002,2025-08-15,2025-08-01,Mumbai,West,18,9919.47
S08289,C08289,R008,D0188,P005,2025-08-20,2025-08-01,Pune,West,17,7142.32
S08290,C08290,R030,D0227,P004,2025-08-05,2025-08-01,Dehradun,North,20,16125.34
S08291,C08291,R055,D0696,P001,2025-08-10,2025-08-01,Mumbai,West,26,20479.03
S08292,C08292,R058,D0068,P005,2025-08-27,2025-08-01,Surat,West,14,6724.88
S08293,C08293,R035,D0420,P001,2025-08-01,2025-08-01,Nagpur,West,27,22018.1
S08294,C08294,R055,D0292,P004,2025-08-06,2025-08-01,Mumbai,West,21,19013.58
S08295,C08295,R055,D0010,P003,2025-08-20,2025-08-01,Mumbai,West,37,25881.49
S08296,C08296,R016,D0400,P008,2025-08-25,2025-08-01,Kochi,South,13,4120.72
S08297,C08297,R070,D0418,P006,2025-08-14,2025-08-01,Guwahati,East,28,14009.64
S08298,C08298,R038,D0325,P005,2025-08-03,2025-08-01,Chennai,South,17,7799.87
S08299,C08299,R012,D0759,P007,2025-08-05,2025-08-01,Goa,West,20,12380.16
S08300,C08300,R033,D0121,P002,2025-08-28,2025-08-01,Ahmedabad,West,23,14836.21
S08301,C08301,R056,D0433,P003,2025-08-07,2025-08-01,Pune,West,27,17644.6
S08302,C08302,R012,D0149,P007,2025-08-18,2025-08-01,Goa,West,20,12309.29
S08303,C08303,R033,D0706,P006,2025-08-30,2025-08-01,Ahmedabad,West,36,19954.91
S08304,C08304,R057,D0510,P001,2025-08-12,2025-08-01,Ahmedabad,West,16,12825.92
S08305,C08305,R007,D0588,P002,2025-08-03,2025-08-01,Mumbai,West,22,10882.28
S08306,C08306,R055,D0154,P002,2025-08-26,2025-08-01,Mumbai,West,28,16419.6
S08307,C08307,R051,D0383,P001,2025-08-25,2025-08-01,Jaipur,North,34,26949.79
S08308,C08308,R008,D0127,P006,2025-08-21,2025-08-01,Pune,West,27,11816.07
S08309,C08309,R029,D0279,P001,2025-08-28,2025-08-01,Ludhiana,North,33,25216.24
S08310,C08310,R034,D0755,P007,2025-08-25,2025-08-01,Surat,West,16,9408.45
S08311,C08311,R005,D0699,P005,2025-08-22,2025-08-01,Ludhiana,North,34,15268.89
S08312,C08312,R047,D0055,P007,2025-08-11,2025-08-01,Ranchi,East,10,6089.26
S08313,C08313,R007,D0395,P004,2025-08-02,2025-08-01,Mumbai,West,17,15676.65
S08314,C08314,R042,D0675,P008,2025-08-23,2025-08-01,Vijayawada,South,15,5104.13
S08315,C08315,R069,D0085,P003,2025-08-27,2025-08-01,Patna,East,14,9842.28
S08316,C08316,R053,D0720,P005,2025-08-22,2025-08-01,Ludhiana,North,13,6459.23
S08317,C08317,R066,D0244,P001,2025-08-21,2025-08-01,Vijayawada,South,33,25482.48
S08318,C08318,R025,D0440,P007,2025-08-23,2025-08-01,North Delhi,North,20,10925.43
S08319,C08319,R001,D0760,P005,2025-08-09,2025-08-01,North Delhi,North,15,6036.51
S08320,C08320,R020,D0636,P002,2025-08-04,2025-08-01,Bhubaneswar,East,20,11218.01
S08321,C08321,R063,D0208,P007,2025-08-20,2025-08-01,Hyderabad,South,17,10338.87
S08322,C08322,R061,D0015,P008,2025-08-30,2025-08-01,Bengaluru,South,47,16165.98
S08323,C08323,R049,D0157,P001,2025-08-05,2025-08-01,North Delhi,North,15,11971.24
S08324,C08324,R070,D0351,P007,2025-08-03,2025-08-01,Guwahati,East,22,12242.87
S08325,C08325,R020,D0273,P006,2025-08-22,2025-08-01,Bhubaneswar,East,22,10880.93
S08326,C08326,R069,D0740,P003,2025-08-14,2025-08-01,Patna,East,22,14830.76
S08327,C08327,R018,D0064,P006,2025-08-28,2025-08-01,Vijayawada,South,25,12040.17
S08328,C08328,R060,D0506,P007,2025-08-15,2025-08-01,Goa,West,35,22956.74
S08329,C08329,R057,D0841,P004,2025-08-17,2025-08-01,Ahmedabad,West,17,14796.74
S08330,C08330,R046,D0243,P006,2025-08-02,2025-08-01,Guwahati,East,12,6021.51
S08331,C08331,R068,D0546,P001,2025-08-30,2025-08-01,Bhubaneswar,East,15,10761.47
S08332,C08332,R050,D0131,P008,2025-08-11,2025-08-01,Chandigarh,North,31,10930.75
S08333,C08333,R059,D0600,P008,2025-08-14,2025-08-01,Nagpur,West,11,3485.6
S08334,C08334,R016,D0831,P002,2025-08-20,2025-08-01,Kochi,South,18,9861.22
S08335,C08335,R064,D0608,P004,2025-08-27,2025-08-01,Kochi,South,26,22245.85
S08336,C08336,R009,D0132,P002,2025-08-25,2025-08-01,Ahmedabad,West,25,13233.59
S08337,C08337,R032,D0371,P004,2025-08-24,2025-08-01,Pune,West,28,25303.21
S08338,C08338,R029,D0699,P003,2025-08-04,2025-08-01,Ludhiana,North,17,11463.3
S08339,C08339,R040,D0674,P007,2025-08-03,2025-08-01,Kochi,South,34,21337.47
S08340,C08340,R038,D0347,P006,2025-08-26,2025-08-01,Chennai,South,59,31611.19
S08341,C08341,R069,D0807,P007,2025-08-29,2025-08-01,Patna,East,9,5680.29
S08342,C08342,R038,D0115,P007,2025-08-20,2025-08-01,Chennai,South,21,13159.36
S08343,C08343,R051,D0667,P006,2025-08-29,2025-08-01,Jaipur,North,26,12823.82
S08344,C08344,R019,D0446,P002,2025-08-10,2025-08-01,Kolkata,East,23,12279.86
S08345,C08345,R041,D0561,P007,2025-08-11,2025-08-01,Coimbatore,South,20,11451.21
S08346,C08346,R064,D0529,P007,2025-08-06,2025-08-01,Kochi,South,32,19032.19
S08347,C08347,R003,D0296,P001,2025-08-25,2025-08-01,Jaipur,North,16,12746.39
S08348,C08348,R028,D0652,P001,2025-08-21,2025-08-01,Lucknow,North,17,13525.93
S08349,C08349,R017,D0635,P007,2025-08-07,2025-08-01,Coimbatore,South,24,15125.06
S08350,C08350,R007,D0696,P004,2025-08-31,2025-08-01,Mumbai,West,23,21975.82
S08351,C08351,R040,D0073,P003,2025-08-01,2025-08-01,Kochi,South,22,13566.53
S08352,C08352,R062,D0381,P004,2025-08-24,2025-08-01,Chennai,South,18,14524.59
S08353,C08353,R060,D0704,P007,2025-08-07,2025-08-01,Goa,West,30,18059.38
S08354,C08354,R015,D0764,P003,2025-08-25,2025-08-01,Hyderabad,South,32,22677.25
S08355,C08355,R006,D0338,P003,2025-08-16,2025-08-01,Dehradun,North,19,13444.1
S08356,C08356,R024,D0580,P004,2025-08-08,2025-08-01,Siliguri,East,20,17976.74
S08357,C08357,R031,D0538,P001,2025-08-02,2025-08-01,Mumbai,West,36,27679.59
S08358,C08358,R048,D0160,P001,2025-08-20,2025-08-01,Siliguri,East,31,24496.22
S08359,C08359,R029,D0816,P004,2025-08-05,2025-08-01,Ludhiana,North,31,29135.53
S08360,C08360,R016,D0400,P001,2025-08-14,2025-08-01,Kochi,South,18,13492.96
S08361,C08361,R037,D0416,P007,2025-08-30,2025-08-01,Bengaluru,South,24,14222.05
S08362,C08362,R063,D0208,P004,2025-08-28,2025-08-01,Hyderabad,South,28,25039.09
S08363,C08363,R069,D0007,P005,2025-08-16,2025-08-01,Patna,East,10,4857.46
S08364,C08364,R034,D0306,P003,2025-08-23,2025-08-01,Surat,West,18,12376.18
S08365,C08365,R047,D0578,P007,2025-08-26,2025-08-01,Ranchi,East,20,10998.2
S08366,C08366,R072,D0289,P004,2025-08-19,2025-08-01,Siliguri,East,15,13909.15
S08367,C08367,R012,D0809,P001,2025-08-07,2025-08-01,Goa,West,18,14029.9
S08368,C08368,R006,D0649,P004,2025-08-26,2025-08-01,Dehradun,North,24,22039.83
S08369,C08369,R002,D0662,P002,2025-08-03,2025-08-01,Chandigarh,North,10,5341.79
S08370,C08370,R011,D0687,P005,2025-08-17,2025-08-01,Nagpur,West,20,9429.7
S08371,C08371,R001,D0760,P005,2025-08-25,2025-08-01,North Delhi,North,20,9221.42
S08372,C08372,R020,D0646,P004,2025-08-18,2025-08-01,Bhubaneswar,East,17,14718.28
S08373,C08373,R034,D0641,P004,2025-08-11,2025-08-01,Surat,West,23,19693.59
S08374,C08374,R037,D0604,P005,2025-08-13,2025-08-01,Bengaluru,South,32,14579.08
S08375,C08375,R066,D0675,P006,2025-08-15,2025-08-01,Vijayawada,South,14,6677.86
S08376,C08376,R026,D0151,P008,2025-08-24,2025-08-01,Chandigarh,North,30,9387.51
S08377,C08377,R037,D0252,P008,2025-08-31,2025-08-01,Bengaluru,South,27,8501.07
S08378,C08378,R058,D0724,P001,2025-08-25,2025-08-01,Surat,West,16,13126.77
S08379,C08379,R056,D0442,P006,2025-08-10,2025-08-01,Pune,West,30,15807.46
S08380,C08380,R002,D0003,P001,2025-08-04,2025-08-01,Chandigarh,North,12,10302.0
S08381,C08381,R041,D0635,P004,2025-08-15,2025-08-01,Coimbatore,South,36,29352.3
S08382,C08382,R062,D0549,P006,2025-08-27,2025-08-01,Chennai,South,32,16110.58
S08383,C08383,R043,D0772,P005,2025-08-20,2025-08-01,Kolkata,East,16,7813.69
S08384,C08384,R019,D0017,P007,2025-08-10,2025-08-01,Kolkata,East,28,17314.39
S08385,C08385,R065,D0083,P008,2025-08-03,2025-08-01,Coimbatore,South,19,6013.72
S08386,C08386,R067,D0449,P008,2025-08-08,2025-08-01,Kolkata,East,18,5491.45
S08387,C08387,R057,D0143,P006,2025-08-23,2025-08-01,Ahmedabad,West,19,10026.38
S08388,C08388,R010,D0362,P006,2025-08-21,2025-08-01,Surat,West,21,10809.86
S08389,C08389,R045,D0246,P007,2025-08-15,2025-08-01,Patna,East,35,20989.14
S08390,C08390,R010,D0112,P002,2025-08-11,2025-08-01,Surat,West,32,18151.34
S08391,C08391,R025,D0672,P003,2025-08-06,2025-08-01,North Delhi,North,13,9540.28
S08392,C08392,R044,D0086,P003,2025-08-31,2025-08-01,Bhubaneswar,East,21,13244.31
S08393,C08393,R018,D0675,P006,2025-08-14,2025-08-01,Vijayawada,South,18,9447.7
S08394,C08394,R039,D0114,P003,2025-08-24,2025-08-01,Hyderabad,South,28,18608.02
S08395,C08395,R059,D0530,P002,2025-08-15,2025-08-01,Nagpur,West,39,21743.93
S08396,C08396,R064,D0831,P007,2025-08-18,2025-08-01,Kochi,South,27,17557.45
S08397,C08397,R044,D0193,P006,2025-08-20,2025-08-01,Bhubaneswar,East,16,8740.24
S08398,C08398,R003,D0803,P005,2025-08-12,2025-08-01,Jaipur,North,23,10316.33
S08399,C08399,R042,D0244,P008,2025-08-30,2025-08-01,Vijayawada,South,28,8216.98
S08400,C08400,R058,D0566,P007,2025-08-15,2025-08-01,Surat,West,16,9714.32
S08401,C08401,R071,D0739,P008,2025-08-24,2025-08-01,Ranchi,East,19,6053.38
S08402,C08402,R041,D0163,P003,2025-08-29,2025-08-01,Coimbatore,South,26,14798.22
S08403,C08403,R051,D0226,P001,2025-08-12,2025-08-01,Jaipur,North,23,18848.77
S08404,C08404,R057,D0791,P003,2025-08-08,2025-08-01,Ahmedabad,West,31,19922.87
S08405,C08405,R044,D0193,P007,2025-08-31,2025-08-01,Bhubaneswar,East,14,8517.95
S08406,C08406,R052,D0126,P008,2025-08-25,2025-08-01,Lucknow,North,48,14921.62
S08407,C08407,R044,D0336,P001,2025-08-25,2025-08-01,Bhubaneswar,East,19,14666.23
S08408,C08408,R005,D0570,P007,2025-08-30,2025-08-01,Ludhiana,North,25,16223.15
S08409,C08409,R053,D0735,P004,2025-08-01,2025-08-01,Ludhiana,North,20,17875.05
S08410,C08410,R019,D0471,P007,2025-08-30,2025-08-01,Kolkata,East,18,12144.71
S08411,C08411,R034,D0353,P006,2025-08-04,2025-08-01,Surat,West,19,9994.79
S08412,C08412,R056,D0697,P001,2025-08-05,2025-08-01,Pune,West,14,11302.96
S08413,C08413,R006,D0161,P004,2025-08-07,2025-08-01,Dehradun,North,20,17618.25
S08414,C08414,R057,D0811,P001,2025-08-04,2025-08-01,Ahmedabad,West,18,13997.87
S08415,C08415,R014,D0288,P003,2025-08-03,2025-08-01,Chennai,South,23,15963.63
S08416,C08416,R016,D0335,P007,2025-08-04,2025-08-01,Kochi,South,22,14216.61
S08417,C08417,R061,D0827,P006,2025-08-16,2025-08-01,Bengaluru,South,27,13953.43
S08418,C08418,R047,D0516,P006,2025-08-12,2025-08-01,Ranchi,East,24,12580.77
S08419,C08419,R061,D0272,P006,2025-08-11,2025-08-01,Bengaluru,South,21,10635.02
S08420,C08420,R034,D0216,P001,2025-08-06,2025-08-01,Surat,West,14,11040.12
S08421,C08421,R028,D0313,P005,2025-08-31,2025-08-01,Lucknow,North,27,12474.16
S08422,C08422,R022,D0650,P004,2025-08-11,2025-08-01,Guwahati,East,23,20510.42
S08423,C08423,R040,D0105,P005,2025-08-15,2025-08-01,Kochi,South,20,9660.84
S08424,C08424,R021,D0085,P002,2025-08-05,2025-08-01,Patna,East,25,13466.2
S08425,C08425,R027,D0217,P006,2025-08-07,2025-08-01,Jaipur,North,38,18770.43
S08426,C08426,R065,D0470,P005,2025-08-08,2025-08-01,Coimbatore,South,15,6807.06
S08427,C08427,R072,D0612,P004,2025-08-31,2025-08-01,Siliguri,East,22,19299.73
S08428,C08428,R015,D0179,P001,2025-08-06,2025-08-01,Hyderabad,South,18,14349.56
S08429,C08429,R021,D0669,P001,2025-08-16,2025-08-01,Patna,East,13,9857.04
S08430,C08430,R028,D0728,P003,2025-08-17,2025-08-01,Lucknow,North,23,16034.19
S08431,C08431,R069,D0293,P005,2025-08-03,2025-08-01,Patna,East,24,10891.33
S08432,C08432,R052,D0783,P008,2025-08-11,2025-08-01,Lucknow,North,30,10353.2
S08433,C08433,R072,D0713,P006,2025-08-03,2025-08-01,Siliguri,East,18,9191.94
S08434,C08434,R049,D0679,P004,2025-08-06,2025-08-01,North Delhi,North,35,31972.86
S08435,C08435,R058,D0231,P003,2025-08-21,2025-08-01,Surat,West,35,24247.73
S08436,C08436,R055,D0349,P002,2025-08-18,2025-08-01,Mumbai,West,20,11460.74
S08437,C08437,R056,D0659,P002,2025-08-16,2025-08-01,Pune,West,16,8910.9
S08438,C08438,R040,D0400,P001,2025-08-07,2025-08-01,Kochi,South,24,21173.88
S08439,C08439,R036,D0062,P008,2025-08-20,2025-08-01,Goa,West,28,8961.55
S08440,C08440,R013,D0604,P001,2025-08-29,2025-08-01,Bengaluru,South,15,10817.19
S08441,C08441,R042,D0249,P007,2025-08-27,2025-08-01,Vijayawada,South,53,32273.9
S08442,C08442,R008,D0784,P005,2025-08-06,2025-08-01,Pune,West,15,7174.19
S08443,C08443,R010,D0692,P005,2025-08-22,2025-08-01,Surat,West,34,15995.72
S08444,C08444,R041,D0053,P008,2025-08-08,2025-08-01,Coimbatore,South,13,3948.21
S08445,C08445,R072,D0726,P007,2025-08-27,2025-08-01,Siliguri,East,12,7196.29
S08446,C08446,R062,D0776,P002,2025-08-15,2025-08-01,Chennai,South,49,25388.8
S08447,C08447,R024,D0580,P008,2025-08-24,2025-08-01,Siliguri,East,19,5878.12
S08448,C08448,R051,D0205,P002,2025-08-17,2025-08-01,Jaipur,North,15,8062.14
S08449,C08449,R035,D0574,P005,2025-08-21,2025-08-01,Nagpur,West,36,16946.4
S08450,C08450,R027,D0716,P006,2025-08-29,2025-08-01,Jaipur,North,20,9828.28
S08451,C08451,R050,D0723,P002,2025-08-05,2025-08-01,Chandigarh,North,25,13071.78
S08452,C08452,R067,D0359,P006,2025-08-29,2025-08-01,Kolkata,East,31,16371.85
S08453,C08453,R046,D0577,P006,2025-08-15,2025-08-01,Guwahati,East,21,10251.39
S08454,C08454,R052,D0286,P008,2025-08-05,2025-08-01,Lucknow,North,24,7333.84
S08455,C08455,R066,D0211,P008,2025-08-14,2025-08-01,Vijayawada,South,14,4972.43
S08456,C08456,R070,D0514,P004,2025-08-02,2025-08-01,Guwahati,East,18,15598.05
S08457,C08457,R043,D0399,P006,2025-08-17,2025-08-01,Kolkata,East,11,5097.97
S08458,C08458,R042,D0195,P007,2025-08-15,2025-08-01,Vijayawada,South,21,12015.87
S08459,C08459,R058,D0484,P001,2025-08-13,2025-08-01,Surat,West,32,22472.61
S08460,C08460,R029,D0279,P006,2025-08-14,2025-08-01,Ludhiana,North,29,16009.81
S08461,C08461,R005,D0570,P008,2025-08-20,2025-08-01,Ludhiana,North,24,7652.24
S08462,C08462,R062,D0325,P001,2025-08-26,2025-08-01,Chennai,South,16,11830.41
S08463,C08463,R068,D0756,P007,2025-08-13,2025-08-01,Bhubaneswar,East,11,6898.26
S08464,C08464,R031,D0749,P001,2025-08-01,2025-08-01,Mumbai,West,21,17782.36
S08465,C08465,R071,D0364,P004,2025-08-18,2025-08-01,Ranchi,East,29,25589.24
S08466,C08466,R037,D0604,P007,2025-08-30,2025-08-01,Bengaluru,South,18,11876.52
S08467,C08467,R026,D0184,P008,2025-08-13,2025-08-01,Chandigarh,North,26,8180.14
S08468,C08468,R039,D0844,P006,2025-08-04,2025-08-01,Hyderabad,South,33,15839.89
S08469,C08469,R049,D0157,P006,2025-08-28,2025-08-01,North Delhi,North,13,7230.0
S08470,C08470,R010,D0707,P003,2025-08-13,2025-08-01,Surat,West,32,20358.37
S08471,C08471,R014,D0693,P007,2025-08-12,2025-08-01,Chennai,South,25,14818.86
S08472,C08472,R068,D0314,P006,2025-08-10,2025-08-01,Bhubaneswar,East,31,16631.39
S08473,C08473,R066,D0020,P008,2025-08-23,2025-08-01,Vijayawada,South,32,10258.17
S08474,C08474,R005,D0718,P005,2025-08-05,2025-08-01,Ludhiana,North,19,8691.78
S08475,C08475,R015,D0764,P001,2025-08-20,2025-08-01,Hyderabad,South,30,23102.22
S08476,C08476,R063,D0563,P005,2025-08-11,2025-08-01,Hyderabad,South,23,10227.62
S08477,C08477,R009,D0061,P007,2025-08-12,2025-08-01,Ahmedabad,West,31,19081.04
S08478,C08478,R053,D0625,P007,2025-08-07,2025-08-01,Ludhiana,North,25,15621.65
S08479,C08479,R028,D0291,P004,2025-08-26,2025-08-01,Lucknow,North,23,20241.5
S08480,C08480,R047,D0763,P002,2025-08-15,2025-08-01,Ranchi,East,23,12771.85
S08481,C08481,R052,D0652,P007,2025-08-29,2025-08-01,Lucknow,North,21,13074.04
S08482,C08482,R049,D0679,P007,2025-08-26,2025-08-01,North Delhi,North,51,31712.53
S08483,C08483,R066,D0368,P008,2025-08-24,2025-08-01,Vijayawada,South,19,5993.63
S08484,C08484,R032,D0366,P006,2025-08-14,2025-08-01,Pune,West,25,12513.2
S08485,C08485,R047,D0737,P007,2025-08-30,2025-08-01,Ranchi,East,26,16153.84
S08486,C08486,R038,D0109,P004,2025-08-19,2025-08-01,Chennai,South,50,41830.88
S08487,C08487,R030,D0095,P007,2025-08-14,2025-08-01,Dehradun,North,18,12571.9
S08488,C08488,R011,D0079,P004,2025-08-11,2025-08-01,Nagpur,West,33,25676.66
S08489,C08489,R019,D0449,P007,2025-08-29,2025-08-01,Kolkata,East,16,9486.29
S08490,C08490,R019,D0024,P002,2025-08-08,2025-08-01,Kolkata,East,42,23263.03
S08491,C08491,R008,D0502,P003,2025-08-28,2025-08-01,Pune,West,28,19154.45
S08492,C08492,R020,D0314,P002,2025-08-08,2025-08-01,Bhubaneswar,East,21,10861.07
S08493,C08493,R009,D0811,P004,2025-08-24,2025-08-01,Ahmedabad,West,26,22387.65
S08494,C08494,R069,D0293,P007,2025-08-09,2025-08-01,Patna,East,16,9784.35
S08495,C08495,R035,D0091,P001,2025-08-26,2025-08-01,Nagpur,West,35,25446.17
S08496,C08496,R023,D0571,P006,2025-08-26,2025-08-01,Ranchi,East,28,13421.58
S08497,C08497,R056,D0366,P007,2025-08-23,2025-08-01,Pune,West,19,12098.01
S08498,C08498,R031,D0343,P006,2025-08-31,2025-08-01,Mumbai,West,47,24949.3
S08499,C08499,R007,D0569,P006,2025-08-16,2025-08-01,Mumbai,West,18,9185.36
S08500,C08500,R018,D0753,P002,2025-08-27,2025-08-01,Vijayawada,South,16,8972.56
S08501,C08501,R048,D0738,P005,2025-08-18,2025-08-01,Siliguri,East,39,18023.64
S08502,C08502,R006,D0450,P002,2025-08-02,2025-08-01,Dehradun,North,23,11939.33
S08503,C08503,R017,D0635,P002,2025-08-13,2025-08-01,Coimbatore,South,22,11191.87
S08504,C08504,R014,D0190,P007,2025-08-02,2025-08-01,Chennai,South,32,20129.56
S08505,C08505,R018,D0645,P005,2025-08-21,2025-08-01,Vijayawada,South,23,10223.16
S08506,C08506,R023,D0808,P008,2025-08-05,2025-08-01,Ranchi,East,27,8989.48
S08507,C08507,R013,D0341,P004,2025-08-11,2025-08-01,Bengaluru,South,23,20157.3
S08508,C08508,R050,D0375,P003,2025-08-28,2025-08-01,Chandigarh,North,18,12651.75
S08509,C08509,R018,D0408,P008,2025-08-23,2025-08-01,Vijayawada,South,19,5789.21
S08510,C08510,R052,D0048,P005,2025-08-11,2025-08-01,Lucknow,North,19,8242.24
S08511,C08511,R046,D0736,P007,2025-08-16,2025-08-01,Guwahati,East,18,11093.14
S08512,C08512,R060,D0704,P001,2025-08-19,2025-08-01,Goa,West,16,12262.76
S08513,C08513,R027,D0716,P005,2025-08-11,2025-08-01,Jaipur,North,28,12975.08
S08514,C08514,R026,D0151,P007,2025-08-24,2025-08-01,Chandigarh,North,20,12155.42
S08515,C08515,R032,D0642,P007,2025-08-05,2025-08-01,Pune,West,17,10102.78
S08516,C08516,R063,D0235,P006,2025-08-14,2025-08-01,Hyderabad,South,28,14088.29
S08517,C08517,R011,D0691,P002,2025-08-08,2025-08-01,Nagpur,West,12,5770.56
S08518,C08518,R024,D0738,P005,2025-08-22,2025-08-01,Siliguri,East,33,16310.88
S08519,C08519,R016,D0730,P001,2025-08-20,2025-08-01,Kochi,South,14,10569.7
S08520,C08520,R053,D0824,P007,2025-08-26,2025-08-01,Ludhiana,North,27,16828.67
S08521,C08521,R071,D0077,P006,2025-08-12,2025-08-01,Ranchi,East,21,9596.01
S08522,C08522,R053,D0279,P002,2025-08-08,2025-08-01,Ludhiana,North,36,18577.67
S08523,C08523,R045,D0215,P006,2025-08-02,2025-08-01,Patna,East,19,9811.07
S08524,C08524,R032,D0477,P006,2025-08-27,2025-08-01,Pune,West,19,10565.17
S08525,C08525,R059,D0845,P001,2025-08-11,2025-08-01,Nagpur,West,26,20727.66
S08526,C08526,R004,D0557,P001,2025-08-24,2025-08-01,Lucknow,North,30,24042.39
S08527,C08527,R025,D0521,P002,2025-08-12,2025-08-01,North Delhi,North,18,9477.64
S08528,C08528,R045,D0682,P001,2025-08-11,2025-08-01,Patna,East,33,25711.89
S08529,C08529,R014,D0115,P005,2025-08-08,2025-08-01,Chennai,South,16,7283.72
S08530,C08530,R039,D0540,P008,2025-08-25,2025-08-01,Hyderabad,South,32,10392.24
S08531,C08531,R067,D0449,P001,2025-08-09,2025-08-01,Kolkata,East,28,23183.54
S08532,C08532,R050,D0201,P005,2025-08-10,2025-08-01,Chandigarh,North,16,7227.1
S08533,C08533,R017,D0531,P004,2025-08-22,2025-08-01,Coimbatore,South,24,21376.43
S08534,C08534,R059,D0732,P007,2025-08-17,2025-08-01,Nagpur,West,15,8964.98
S08535,C08535,R032,D0657,P004,2025-08-24,2025-08-01,Pune,West,19,16681.53
S08536,C08536,R061,D0700,P006,2025-08-04,2025-08-01,Bengaluru,South,17,9156.95
S08537,C08537,R046,D0654,P008,2025-08-30,2025-08-01,Guwahati,East,21,6866.96
S08538,C08538,R021,D0311,P002,2025-08-08,2025-08-01,Patna,East,17,9321.4
S08539,C08539,R050,D0119,P003,2025-08-04,2025-08-01,Chandigarh,North,11,7210.51
S08540,C08540,R063,D0814,P003,2025-08-04,2025-08-01,Hyderabad,South,32,20197.76
S08541,C08541,R021,D0311,P002,2025-08-10,2025-08-01,Patna,East,14,7819.48
S08542,C08542,R012,D0589,P006,2025-08-14,2025-08-01,Goa,West,32,16996.89
S08543,C08543,R048,D0026,P001,2025-08-03,2025-08-01,Siliguri,East,33,26862.44
S08544,C08544,R066,D0694,P004,2025-08-20,2025-08-01,Vijayawada,South,17,15111.79
S08545,C08545,R023,D0747,P001,2025-08-20,2025-08-01,Ranchi,East,34,25477.18
S08546,C08546,R036,D0809,P005,2025-08-25,2025-08-01,Goa,West,15,7118.13
S08547,C08547,R049,D0113,P007,2025-08-01,2025-08-01,North Delhi,North,16,10283.03
S08548,C08548,R037,D0700,P004,2025-08-03,2025-08-01,Bengaluru,South,21,19466.69
S08549,C08549,R013,D0483,P004,2025-08-07,2025-08-01,Bengaluru,South,27,23082.88
S08550,C08550,R051,D0138,P004,2025-08-14,2025-08-01,Jaipur,North,32,29005.18
S08551,C08551,R065,D0491,P002,2025-08-19,2025-08-01,Coimbatore,South,12,5847.11
S08552,C08552,R058,D0353,P004,2025-08-07,2025-08-01,Surat,West,29,27529.15
S08553,C08553,R065,D0505,P008,2025-08-12,2025-08-01,Coimbatore,South,29,9355.87
S08554,C08554,R054,D0060,P001,2025-08-16,2025-08-01,Dehradun,North,25,19687.49
S08555,C08555,R045,D0455,P007,2025-08-17,2025-08-01,Patna,East,21,13797.57
S08556,C08556,R016,D0545,P002,2025-08-17,2025-08-01,Kochi,South,15,7859.77
S08557,C08557,R036,D0648,P001,2025-08-20,2025-08-01,Goa,West,32,25104.47
S08558,C08558,R011,D0668,P003,2025-08-24,2025-08-01,Nagpur,West,23,14525.38
S08559,C08559,R056,D0517,P003,2025-08-27,2025-08-01,Pune,West,41,25034.27
S08560,C08560,R033,D0673,P003,2025-08-30,2025-08-01,Ahmedabad,West,24,16060.84
S08561,C08561,R011,D0091,P007,2025-08-13,2025-08-01,Nagpur,West,24,14810.57
S08562,C08562,R064,D0674,P008,2025-08-11,2025-08-01,Kochi,South,34,9724.74
S08563,C08563,R003,D0230,P006,2025-08-09,2025-08-01,Jaipur,North,27,14272.09
S08564,C08564,R003,D0564,P002,2025-08-11,2025-08-01,Jaipur,North,32,17243.6
S08565,C08565,R031,D0536,P008,2025-08-17,2025-08-01,Mumbai,West,38,12617.39
S08566,C08566,R003,D0825,P007,2025-08-19,2025-08-01,Jaipur,North,25,15429.27
S08567,C08567,R054,D0256,P001,2025-08-03,2025-08-01,Dehradun,North,13,10670.19
S08568,C08568,R060,D0318,P004,2025-08-31,2025-08-01,Goa,West,31,29190.72
S08569,C08569,R039,D0585,P007,2025-08-02,2025-08-01,Hyderabad,South,21,12937.63
S08570,C08570,R027,D0615,P001,2025-08-13,2025-08-01,Jaipur,North,16,13055.86
S08571,C08571,R036,D0282,P001,2025-08-15,2025-08-01,Goa,West,27,21989.14
S08572,C08572,R017,D0425,P005,2025-08-11,2025-08-01,Coimbatore,South,8,3462.55
S08573,C08573,R071,D0737,P003,2025-08-07,2025-08-01,Ranchi,East,17,10724.76
S08574,C08574,R025,D0751,P004,2025-08-17,2025-08-01,North Delhi,North,24,20281.12
S08575,C08575,R040,D0105,P007,2025-08-01,2025-08-01,Kochi,South,32,20167.9
S08576,C08576,R015,D0302,P005,2025-08-24,2025-08-01,Hyderabad,South,16,7099.68
S08577,C08577,R048,D0610,P006,2025-08-22,2025-08-01,Siliguri,East,27,12370.73
S08578,C08578,R013,D0070,P002,2025-08-24,2025-08-01,Bengaluru,South,23,11793.5
S08579,C08579,R023,D0134,P001,2025-08-26,2025-08-01,Ranchi,East,19,14536.51
S08580,C08580,R043,D0081,P003,2025-08-28,2025-08-01,Kolkata,East,10,6751.68
S08581,C08581,R008,D0480,P002,2025-08-05,2025-08-01,Pune,West,12,6898.86
S08582,C08582,R051,D0383,P003,2025-08-26,2025-08-01,Jaipur,North,48,33188.57
S08583,C08583,R067,D0220,P007,2025-08-18,2025-08-01,Kolkata,East,14,8616.06
S08584,C08584,R020,D0273,P002,2025-08-04,2025-08-01,Bhubaneswar,East,16,8282.77
S08585,C08585,R059,D0567,P002,2025-08-31,2025-08-01,Nagpur,West,14,6802.33
S08586,C08586,R062,D0685,P002,2025-08-26,2025-08-01,Chennai,South,23,12117.55
S08587,C08587,R033,D0181,P003,2025-08-09,2025-08-01,Ahmedabad,West,22,14312.05
S08588,C08588,R026,D0662,P002,2025-08-28,2025-08-01,Chandigarh,North,19,10311.32
S08589,C08589,R002,D0721,P002,2025-08-23,2025-08-01,Chandigarh,North,18,10154.88
S08590,C08590,R003,D0564,P005,2025-08-14,2025-08-01,Jaipur,North,36,17115.86
S08591,C08591,R012,D0528,P001,2025-08-06,2025-08-01,Goa,West,31,24292.99
S08592,C08592,R059,D0191,P002,2025-08-23,2025-08-01,Nagpur,West,17,8997.09
S08593,C08593,R060,D0813,P007,2025-08-29,2025-08-01,Goa,West,39,21978.46
S08594,C08594,R032,D0817,P001,2025-08-06,2025-08-01,Pune,West,36,26956.07
S08595,C08595,R043,D0631,P001,2025-08-01,2025-08-01,Kolkata,East,20,14847.45
S08596,C08596,R055,D0769,P001,2025-08-08,2025-08-01,Mumbai,West,27,23790.04
S08597,C08597,R029,D0570,P005,2025-08-10,2025-08-01,Ludhiana,North,13,6576.46
S08598,C08598,R002,D0662,P006,2025-08-12,2025-08-01,Chandigarh,North,17,8124.3
S08599,C08599,R054,D0710,P006,2025-08-31,2025-08-01,Dehradun,North,21,10920.33
S08600,C08600,R001,D0032,P006,2025-08-30,2025-08-01,North Delhi,North,14,6657.7
S08601,C08601,R068,D0315,P001,2025-08-21,2025-08-01,Bhubaneswar,East,21,16563.16
S08602,C08602,R031,D0232,P003,2025-08-07,2025-08-01,Mumbai,West,22,14163.83
S08603,C08603,R062,D0504,P006,2025-08-07,2025-08-01,Chennai,South,23,11646.77
S08604,C08604,R061,D0150,P006,2025-08-03,2025-08-01,Bengaluru,South,29,15567.57
S08605,C08605,R026,D0326,P003,2025-08-25,2025-08-01,Chandigarh,North,16,10756.65
S08606,C08606,R002,D0352,P007,2025-08-07,2025-08-01,Chandigarh,North,12,7638.39
S08607,C08607,R013,D0614,P007,2025-08-28,2025-08-01,Bengaluru,South,37,23137.16
S08608,C08608,R067,D0449,P007,2025-08-19,2025-08-01,Kolkata,East,19,11165.59
S08609,C08609,R046,D0042,P007,2025-08-16,2025-08-01,Guwahati,East,24,13680.26
S08610,C08610,R033,D0632,P008,2025-08-29,2025-08-01,Ahmedabad,West,22,6934.58
S08611,C08611,R063,D0332,P007,2025-08-05,2025-08-01,Hyderabad,South,20,12016.17
S08612,C08612,R039,D0108,P005,2025-08-15,2025-08-01,Hyderabad,South,25,11199.43
S08613,C08613,R015,D0533,P004,2025-08-09,2025-08-01,Hyderabad,South,15,12879.74
S08614,C08614,R050,D0239,P003,2025-08-06,2025-08-01,Chandigarh,North,22,14568.33
S08615,C08615,R030,D0512,P007,2025-08-30,2025-08-01,Dehradun,North,10,6502.98
S08616,C08616,R060,D0813,P003,2025-08-19,2025-08-01,Goa,West,32,18902.43
S08617,C08617,R025,D0157,P006,2025-08-05,2025-08-01,North Delhi,North,14,6696.31
S08618,C08618,R020,D0756,P005,2025-08-04,2025-08-01,Bhubaneswar,East,11,5126.12
S08619,C08619,R009,D0403,P004,2025-08-10,2025-08-01,Ahmedabad,West,18,14532.21
S08620,C08620,R037,D0782,P004,2025-08-26,2025-08-01,Bengaluru,South,27,22295.81
S08621,C08621,R028,D0680,P001,2025-08-05,2025-08-01,Lucknow,North,21,18112.67
S08622,C08622,R035,D0691,P006,2025-08-23,2025-08-01,Nagpur,West,20,10486.8
S08623,C08623,R006,D0189,P001,2025-08-04,2025-08-01,Dehradun,North,29,25639.09
S08624,C08624,R024,D0610,P001,2025-08-11,2025-08-01,Siliguri,East,25,17834.71
S08625,C08625,R022,D0262,P003,2025-08-17,2025-08-01,Guwahati,East,25,18220.04
S08626,C08626,R043,D0772,P005,2025-08-04,2025-08-01,Kolkata,East,17,7307.21
S08627,C08627,R030,D0837,P003,2025-08-13,2025-08-01,Dehradun,North,22,15169.98
S08628,C08628,R070,D0464,P008,2025-08-09,2025-08-01,Guwahati,East,19,5418.29
S08629,C08629,R038,D0754,P008,2025-08-02,2025-08-01,Chennai,South,26,8440.85
S08630,C08630,R012,D0506,P004,2025-08-01,2025-08-01,Goa,West,22,19933.36
S08631,C08631,R021,D0008,P008,2025-08-05,2025-08-01,Patna,East,13,4066.73
S08632,C08632,R001,D0760,P001,2025-08-24,2025-08-01,North Delhi,North,20,14513.9
S08633,C08633,R028,D0363,P002,2025-08-02,2025-08-01,Lucknow,North,32,17037.54
S08634,C08634,R004,D0027,P003,2025-08-16,2025-08-01,Lucknow,North,25,16697.94
S08635,C08635,R011,D0079,P008,2025-08-01,2025-08-01,Nagpur,West,22,6634.76
S08636,C08636,R042,D0481,P005,2025-08-07,2025-08-01,Vijayawada,South,39,17754.59
S08637,C08637,R053,D0824,P006,2025-08-06,2025-08-01,Ludhiana,North,28,14234.66
S08638,C08638,R033,D0673,P006,2025-08-11,2025-08-01,Ahmedabad,West,17,8865.87
S08639,C08639,R027,D0383,P004,2025-08-24,2025-08-01,Jaipur,North,37,30308.04
S08640,C08640,R054,D0254,P008,2025-08-14,2025-08-01,Dehradun,North,14,4346.73
S08641,C08641,R006,D0450,P008,2025-09-01,2025-09-01,Dehradun,North,11,3550.99
S08642,C08642,R006,D0254,P004,2025-09-05,2025-09-01,Dehradun,North,11,9595.41
S08643,C08643,R020,D0330,P006,2025-09-10,2025-09-01,Bhubaneswar,East,15,7229.86
S08644,C08644,R058,D0098,P005,2025-09-09,2025-09-01,Surat,West,22,10593.52
S08645,C08645,R014,D0473,P005,2025-09-17,2025-09-01,Chennai,South,17,8198.79
S08646,C08646,R003,D0177,P001,2025-09-11,2025-09-01,Jaipur,North,34,27518.91
S08647,C08647,R062,D0110,P002,2025-09-23,2025-09-01,Chennai,South,30,15903.47
S08648,C08648,R038,D0198,P008,2025-09-08,2025-09-01,Chennai,South,32,10134.59
S08649,C08649,R027,D0690,P002,2025-09-21,2025-09-01,Jaipur,North,27,15490.14
S08650,C08650,R039,D0474,P006,2025-09-04,2025-09-01,Hyderabad,South,18,9547.96
S08651,C08651,R040,D0436,P008,2025-09-30,2025-09-01,Kochi,South,22,7484.94
S08652,C08652,R028,D0435,P005,2025-09-30,2025-09-01,Lucknow,North,15,6928.92
S08653,C08653,R071,D0472,P002,2025-09-09,2025-09-01,Ranchi,East,18,10016.17
S08654,C08654,R004,D0356,P007,2025-09-08,2025-09-01,Lucknow,North,23,14495.88
S08655,C08655,R066,D0645,P001,2025-09-01,2025-09-01,Vijayawada,South,20,16725.35
S08656,C08656,R059,D0626,P006,2025-09-30,2025-09-01,Nagpur,West,18,8133.74
S08657,C08657,R046,D0142,P003,2025-09-02,2025-09-01,Guwahati,East,30,19921.59
S08658,C08658,R064,D0709,P006,2025-09-01,2025-09-01,Kochi,South,37,19769.44
S08659,C08659,R060,D0149,P004,2025-09-03,2025-09-01,Goa,West,24,22616.78
S08660,C08660,R028,D0048,P005,2025-09-09,2025-09-01,Lucknow,North,12,5395.05
S08661,C08661,R037,D0272,P004,2025-09-30,2025-09-01,Bengaluru,South,28,25405.75
S08662,C08662,R068,D0431,P005,2025-09-05,2025-09-01,Bhubaneswar,East,15,7153.73
S08663,C08663,R061,D0663,P008,2025-09-18,2025-09-01,Bengaluru,South,57,19384.08
S08664,C08664,R003,D0619,P007,2025-09-20,2025-09-01,Jaipur,North,35,21729.8
S08665,C08665,R066,D0064,P004,2025-09-24,2025-09-01,Vijayawada,South,25,22536.21
S08666,C08666,R044,D0511,P008,2025-09-21,2025-09-01,Bhubaneswar,East,14,4419.35
S08667,C08667,R019,D0698,P008,2025-09-30,2025-09-01,Kolkata,East,17,5745.01
S08668,C08668,R001,D0666,P006,2025-09-20,2025-09-01,North Delhi,North,16,8667.4
S08669,C08669,R038,D0468,P005,2025-09-26,2025-09-01,Chennai,South,39,18876.08
S08670,C08670,R041,D0505,P001,2025-09-10,2025-09-01,Coimbatore,South,42,33975.2
S08671,C08671,R030,D0559,P005,2025-09-13,2025-09-01,Dehradun,North,16,7450.19
S08672,C08672,R044,D0321,P002,2025-09-23,2025-09-01,Bhubaneswar,East,18,9434.51
S08673,C08673,R043,D0471,P002,2025-09-27,2025-09-01,Kolkata,East,17,8840.19
S08674,C08674,R070,D0514,P007,2025-09-01,2025-09-01,Guwahati,East,20,12828.2
S08675,C08675,R047,D0039,P003,2025-09-14,2025-09-01,Ranchi,East,19,13250.13
S08676,C08676,R016,D0545,P005,2025-09-25,2025-09-01,Kochi,South,25,11641.18
S08677,C08677,R050,D0221,P007,2025-09-04,2025-09-01,Chandigarh,North,32,19758.8
S08678,C08678,R024,D0026,P005,2025-09-11,2025-09-01,Siliguri,East,21,9763.02
S08679,C08679,R032,D0623,P007,2025-09-17,2025-09-01,Pune,West,26,16810.45
S08680,C08680,R025,D0299,P007,2025-09-03,2025-09-01,North Delhi,North,28,17726.07
S08681,C08681,R016,D0373,P004,2025-09-28,2025-09-01,Kochi,South,20,17416.73
S08682,C08682,R063,D0494,P008,2025-09-12,2025-09-01,Hyderabad,South,36,11813.18
S08683,C08683,R045,D0455,P008,2025-09-24,2025-09-01,Patna,East,13,3830.74
S08684,C08684,R053,D0598,P003,2025-09-13,2025-09-01,Ludhiana,North,32,20467.92
S08685,C08685,R035,D0785,P007,2025-09-13,2025-09-01,Nagpur,West,22,12246.35
S08686,C08686,R027,D0616,P002,2025-09-29,2025-09-01,Jaipur,North,10,5168.68
S08687,C08687,R063,D0011,P001,2025-09-26,2025-09-01,Hyderabad,South,34,25507.09
S08688,C08688,R041,D0163,P005,2025-09-16,2025-09-01,Coimbatore,South,14,5769.27
S08689,C08689,R070,D0392,P005,2025-09-14,2025-09-01,Guwahati,East,19,9252.33
S08690,C08690,R027,D0432,P005,2025-09-24,2025-09-01,Jaipur,North,15,6724.48
S08691,C08691,R035,D0357,P007,2025-09-21,2025-09-01,Nagpur,West,31,18604.59
S08692,C08692,R063,D0141,P004,2025-09-30,2025-09-01,Hyderabad,South,17,14478.66
S08693,C08693,R046,D0066,P007,2025-09-10,2025-09-01,Guwahati,East,33,20699.21
S08694,C08694,R050,D0156,P008,2025-09-04,2025-09-01,Chandigarh,North,23,7868.13
S08695,C08695,R032,D0817,P001,2025-09-06,2025-09-01,Pune,West,40,32015.4
S08696,C08696,R011,D0390,P004,2025-09-16,2025-09-01,Nagpur,West,39,35313.97
S08697,C08697,R011,D0826,P002,2025-09-10,2025-09-01,Nagpur,West,25,12167.25
S08698,C08698,R052,D0278,P006,2025-09-25,2025-09-01,Lucknow,North,14,7103.81
S08699,C08699,R049,D0263,P004,2025-09-27,2025-09-01,North Delhi,North,30,27564.07
S08700,C08700,R047,D0378,P003,2025-09-06,2025-09-01,Ranchi,East,30,20987.19
S08701,C08701,R056,D0784,P003,2025-09-30,2025-09-01,Pune,West,23,15640.36
S08702,C08702,R058,D0409,P003,2025-09-19,2025-09-01,Surat,West,23,16764.69
S08703,C08703,R059,D0037,P001,2025-09-08,2025-09-01,Nagpur,West,21,15783.44
S08704,C08704,R009,D0250,P001,2025-09-07,2025-09-01,Ahmedabad,West,37,27808.97
S08705,C08705,R019,D0799,P006,2025-09-05,2025-09-01,Kolkata,East,14,7276.86
S08706,C08706,R018,D0100,P008,2025-09-15,2025-09-01,Vijayawada,South,20,6808.87
S08707,C08707,R058,D0692,P005,2025-09-03,2025-09-01,Surat,West,23,11341.15
S08708,C08708,R047,D0808,P008,2025-09-04,2025-09-01,Ranchi,East,33,9485.33
S08709,C08709,R003,D0177,P002,2025-09-23,2025-09-01,Jaipur,North,27,14660.51
S08710,C08710,R018,D0408,P008,2025-09-15,2025-09-01,Vijayawada,South,17,5699.08
S08711,C08711,R037,D0416,P005,2025-09-16,2025-09-01,Bengaluru,South,23,11069.13
S08712,C08712,R042,D0618,P006,2025-09-10,2025-09-01,Vijayawada,South,16,8390.46
S08713,C08713,R002,D0721,P001,2025-09-17,2025-09-01,Chandigarh,North,18,13980.17
S08714,C08714,R028,D0045,P005,2025-09-11,2025-09-01,Lucknow,North,24,9364.52
S08715,C08715,R058,D0216,P004,2025-09-02,2025-09-01,Surat,West,32,31408.11
S08716,C08716,R072,D0729,P008,2025-09-18,2025-09-01,Siliguri,East,9,2968.14
S08717,C08717,R060,D0304,P007,2025-09-03,2025-09-01,Goa,West,21,12245.23
S08718,C08718,R022,D0174,P007,2025-09-21,2025-09-01,Guwahati,East,13,7801.59
S08719,C08719,R041,D0505,P008,2025-09-28,2025-09-01,Coimbatore,South,30,9725.1
S08720,C08720,R004,D0186,P006,2025-09-21,2025-09-01,Lucknow,North,31,16185.64
S08721,C08721,R047,D0101,P002,2025-09-18,2025-09-01,Ranchi,East,30,15074.28
S08722,C08722,R031,D0696,P003,2025-09-29,2025-09-01,Mumbai,West,27,16937.08
S08723,C08723,R008,D0171,P007,2025-09-07,2025-09-01,Pune,West,30,18757.74
S08724,C08724,R028,D0728,P005,2025-09-24,2025-09-01,Lucknow,North,24,10721.47
S08725,C08725,R019,D0172,P008,2025-09-07,2025-09-01,Kolkata,East,29,8454.72
S08726,C08726,R035,D0091,P007,2025-09-01,2025-09-01,Nagpur,West,40,23434.47
S08727,C08727,R056,D0623,P005,2025-09-08,2025-09-01,Pune,West,22,10113.77
S08728,C08728,R001,D0113,P002,2025-09-16,2025-09-01,North Delhi,North,14,6940.46
S08729,C08729,R029,D0310,P008,2025-09-02,2025-09-01,Ludhiana,North,9,3115.43
S08730,C08730,R034,D0225,P002,2025-09-09,2025-09-01,Surat,West,32,18306.55
S08731,C08731,R018,D0405,P002,2025-09-02,2025-09-01,Vijayawada,South,28,15812.84
S08732,C08732,R041,D0462,P002,2025-09-08,2025-09-01,Coimbatore,South,18,9764.15
S08733,C08733,R040,D0237,P001,2025-09-22,2025-09-01,Kochi,South,23,16831.55
S08734,C08734,R016,D0309,P004,2025-09-05,2025-09-01,Kochi,South,13,11084.5
S08735,C08735,R036,D0152,P007,2025-09-08,2025-09-01,Goa,West,11,7153.9
S08736,C08736,R003,D0071,P007,2025-09-05,2025-09-01,Jaipur,North,26,15230.65
S08737,C08737,R068,D0636,P004,2025-09-12,2025-09-01,Bhubaneswar,East,16,14216.79
S08738,C08738,R019,D0399,P003,2025-09-23,2025-09-01,Kolkata,East,18,11708.0
S08739,C08739,R020,D0193,P003,2025-09-17,2025-09-01,Bhubaneswar,East,11,7203.14
S08740,C08740,R015,D0223,P008,2025-09-07,2025-09-01,Hyderabad,South,33,10493.54
S08741,C08741,R007,D0579,P001,2025-09-10,2025-09-01,Mumbai,West,10,7706.91
S08742,C08742,R050,D0239,P001,2025-09-21,2025-09-01,Chandigarh,North,22,16772.63
S08743,C08743,R005,D0382,P001,2025-09-15,2025-09-01,Ludhiana,North,30,23026.47
S08744,C08744,R059,D0626,P008,2025-09-14,2025-09-01,Nagpur,West,18,5699.89
S08745,C08745,R072,D0523,P001,2025-09-26,2025-09-01,Siliguri,East,21,15606.53
S08746,C08746,R055,D0588,P008,2025-09-25,2025-09-01,Mumbai,West,15,4463.81
S08747,C08747,R051,D0230,P002,2025-09-08,2025-09-01,Jaipur,North,29,15370.05
S08748,C08748,R043,D0446,P005,2025-09-22,2025-09-01,Kolkata,East,10,4398.68
S08749,C08749,R037,D0700,P008,2025-09-24,2025-09-01,Bengaluru,South,14,4465.22
S08750,C08750,R057,D0791,P001,2025-09-27,2025-09-01,Ahmedabad,West,29,21413.31
S08751,C08751,R063,D0011,P003,2025-09-08,2025-09-01,Hyderabad,South,20,11950.99
S08752,C08752,R022,D0655,P006,2025-09-22,2025-09-01,Guwahati,East,14,7659.3
S08753,C08753,R023,D0747,P007,2025-09-06,2025-09-01,Ranchi,East,22,12995.55
S08754,C08754,R045,D0807,P008,2025-09-14,2025-09-01,Patna,East,14,3981.88
S08755,C08755,R006,D0242,P001,2025-09-03,2025-09-01,Dehradun,North,29,23460.66
S08756,C08756,R004,D0358,P007,2025-09-19,2025-09-01,Lucknow,North,44,26179.72
S08757,C08757,R004,D0027,P003,2025-09-21,2025-09-01,Lucknow,North,18,11839.57
S08758,C08758,R054,D0095,P005,2025-09-14,2025-09-01,Dehradun,North,12,5552.34
S08759,C08759,R007,D0536,P008,2025-09-13,2025-09-01,Mumbai,West,17,5690.29
S08760,C08760,R003,D0177,P008,2025-09-08,2025-09-01,Jaipur,North,28,9055.96
S08761,C08761,R018,D0195,P002,2025-09-24,2025-09-01,Vijayawada,South,23,11493.51
S08762,C08762,R023,D0260,P004,2025-09-28,2025-09-01,Ranchi,East,32,26646.5
S08763,C08763,R060,D0370,P003,2025-09-04,2025-09-01,Goa,West,26,15849.06
S08764,C08764,R010,D0104,P005,2025-09-09,2025-09-01,Surat,West,36,16072.58
S08765,C08765,R056,D0642,P007,2025-09-19,2025-09-01,Pune,West,20,12381.91
S08766,C08766,R012,D0624,P003,2025-09-11,2025-09-01,Goa,West,23,14494.26
S08767,C08767,R069,D0669,P001,2025-09-01,2025-09-01,Patna,East,7,5249.99
S08768,C08768,R031,D0771,P001,2025-09-01,2025-09-01,Mumbai,West,42,31431.94
S08769,C08769,R040,D0529,P001,2025-09-08,2025-09-01,Kochi,South,33,24871.18
S08770,C08770,R017,D0434,P003,2025-09-30,2025-09-01,Coimbatore,South,18,12230.6
S08771,C08771,R052,D0830,P008,2025-09-19,2025-09-01,Lucknow,North,19,5966.08
S08772,C08772,R035,D0507,P003,2025-09-08,2025-09-01,Nagpur,West,41,28445.21
S08773,C08773,R036,D0370,P004,2025-09-02,2025-09-01,Goa,West,28,24155.79
S08774,C08774,R062,D0381,P006,2025-09-23,2025-09-01,Chennai,South,37,18822.95
S08775,C08775,R053,D0013,P006,2025-09-12,2025-09-01,Ludhiana,North,38,19116.92
S08776,C08776,R046,D0821,P003,2025-09-12,2025-09-01,Guwahati,East,15,10004.87
S08777,C08777,R020,D0688,P002,2025-09-17,2025-09-01,Bhubaneswar,East,9,4971.87
S08778,C08778,R044,D0638,P002,2025-09-07,2025-09-01,Bhubaneswar,East,14,7542.99
S08779,C08779,R037,D0117,P002,2025-09-22,2025-09-01,Bengaluru,South,32,19547.67
S08780,C08780,R009,D0835,P001,2025-09-10,2025-09-01,Ahmedabad,West,20,16738.58
S08781,C08781,R014,D0115,P004,2025-09-22,2025-09-01,Chennai,South,18,15535.85
S08782,C08782,R064,D0309,P006,2025-09-16,2025-09-01,Kochi,South,33,17913.94
S08783,C08783,R014,D0078,P006,2025-09-05,2025-09-01,Chennai,South,22,11881.82
S08784,C08784,R037,D0209,P008,2025-09-19,2025-09-01,Bengaluru,South,29,8656.1
S08785,C08785,R008,D0366,P003,2025-09-03,2025-09-01,Pune,West,22,12963.14
S08786,C08786,R024,D0610,P006,2025-09-22,2025-09-01,Siliguri,East,34,17502.2
S08787,C08787,R067,D0220,P008,2025-09-12,2025-09-01,Kolkata,East,9,2856.9
S08788,C08788,R034,D0778,P001,2025-09-21,2025-09-01,Surat,West,27,18421.04
S08789,C08789,R034,D0197,P007,2025-09-08,2025-09-01,Surat,West,11,6744.0
S08790,C08790,R036,D0427,P001,2025-09-13,2025-09-01,Goa,West,14,10931.16
S08791,C08791,R040,D0508,P005,2025-09-10,2025-09-01,Kochi,South,34,15143.53
S08792,C08792,R020,D0688,P007,2025-09-08,2025-09-01,Bhubaneswar,East,17,11174.75
S08793,C08793,R045,D0558,P004,2025-09-11,2025-09-01,Patna,East,17,14941.08
S08794,C08794,R021,D0740,P005,2025-09-02,2025-09-01,Patna,East,13,5854.24
S08795,C08795,R071,D0808,P005,2025-09-12,2025-09-01,Ranchi,East,30,13782.35
S08796,C08796,R068,D0193,P005,2025-09-04,2025-09-01,Bhubaneswar,East,12,5136.71
S08797,C08797,R014,D0078,P006,2025-09-16,2025-09-01,Chennai,South,19,9233.65
S08798,C08798,R049,D0388,P007,2025-09-03,2025-09-01,North Delhi,North,14,7325.65
S08799,C08799,R009,D0132,P002,2025-09-01,2025-09-01,Ahmedabad,West,35,19240.51
S08800,C08800,R066,D0394,P004,2025-09-14,2025-09-01,Vijayawada,South,13,12084.98
S08801,C08801,R002,D0582,P007,2025-09-09,2025-09-01,Chandigarh,North,13,8031.58
S08802,C08802,R017,D0323,P004,2025-09-27,2025-09-01,Coimbatore,South,14,12571.15
S08803,C08803,R007,D0144,P004,2025-09-08,2025-09-01,Mumbai,West,28,24774.32
S08804,C08804,R029,D0833,P006,2025-09-12,2025-09-01,Ludhiana,North,16,8761.18
S08805,C08805,R015,D0235,P008,2025-09-08,2025-09-01,Hyderabad,South,29,9194.16
S08806,C08806,R070,D0655,P003,2025-09-27,2025-09-01,Guwahati,East,7,4817.86
S08807,C08807,R052,D0445,P008,2025-09-24,2025-09-01,Lucknow,North,15,4981.08
S08808,C08808,R045,D0503,P006,2025-09-06,2025-09-01,Patna,East,32,15162.78
S08809,C08809,R045,D0669,P001,2025-09-08,2025-09-01,Patna,East,14,11255.0
S08810,C08810,R049,D0219,P007,2025-09-06,2025-09-01,North Delhi,North,22,12643.04
S08811,C08811,R010,D0122,P004,2025-09-05,2025-09-01,Surat,West,22,18988.13
S08812,C08812,R022,D0848,P003,2025-09-08,2025-09-01,Guwahati,East,15,9789.32
S08813,C08813,R055,D0579,P005,2025-09-26,2025-09-01,Mumbai,West,19,9268.6
S08814,C08814,R031,D0349,P005,2025-09-14,2025-09-01,Mumbai,West,31,13719.01
S08815,C08815,R039,D0533,P005,2025-09-12,2025-09-01,Hyderabad,South,17,7932.86
S08816,C08816,R048,D0312,P001,2025-09-06,2025-09-01,Siliguri,East,13,9327.27
S08817,C08817,R033,D0791,P007,2025-09-06,2025-09-01,Ahmedabad,West,42,25326.19
S08818,C08818,R054,D0532,P003,2025-09-17,2025-09-01,Dehradun,North,16,10285.29
S08819,C08819,R016,D0344,P002,2025-09-23,2025-09-01,Kochi,South,14,8020.95
S08820,C08820,R013,D0601,P005,2025-09-17,2025-09-01,Bengaluru,South,33,14579.3
S08821,C08821,R016,D0592,P005,2025-09-20,2025-09-01,Kochi,South,21,8884.86
S08822,C08822,R060,D0304,P001,2025-09-08,2025-09-01,Goa,West,28,21323.67
S08823,C08823,R046,D0637,P008,2025-09-29,2025-09-01,Guwahati,East,15,4642.43
S08824,C08824,R069,D0206,P005,2025-09-25,2025-09-01,Patna,East,14,6505.73
S08825,C08825,R061,D0150,P008,2025-09-27,2025-09-01,Bengaluru,South,16,5448.23
S08826,C08826,R059,D0691,P006,2025-09-21,2025-09-01,Nagpur,West,21,10509.97
S08827,C08827,R049,D0573,P001,2025-09-21,2025-09-01,North Delhi,North,26,20613.48
S08828,C08828,R057,D0049,P002,2025-09-03,2025-09-01,Ahmedabad,West,9,4827.1
S08829,C08829,R032,D0605,P008,2025-09-05,2025-09-01,Pune,West,21,6876.22
S08830,C08830,R012,D0268,P005,2025-09-04,2025-09-01,Goa,West,22,9607.74
S08831,C08831,R071,D0224,P001,2025-09-15,2025-09-01,Ranchi,East,31,24110.26
S08832,C08832,R007,D0456,P001,2025-09-18,2025-09-01,Mumbai,West,29,23649.38
S08833,C08833,R024,D0385,P005,2025-09-04,2025-09-01,Siliguri,East,16,7067.06
S08834,C08834,R032,D0697,P005,2025-09-23,2025-09-01,Pune,West,34,15477.3
S08835,C08835,R062,D0381,P002,2025-09-17,2025-09-01,Chennai,South,31,16653.33
S08836,C08836,R043,D0218,P002,2025-09-18,2025-09-01,Kolkata,East,12,5988.07
S08837,C08837,R013,D0660,P005,2025-09-28,2025-09-01,Bengaluru,South,20,9515.61
S08838,C08838,R025,D0521,P004,2025-09-18,2025-09-01,North Delhi,North,15,12946.07
S08839,C08839,R069,D0007,P001,2025-09-01,2025-09-01,Patna,East,10,7768.06
S08840,C08840,R007,D0547,P001,2025-09-24,2025-09-01,Mumbai,West,17,13643.75
S08841,C08841,R048,D0396,P002,2025-09-27,2025-09-01,Siliguri,East,19,10608.88
S08842,C08842,R020,D0556,P005,2025-09-03,2025-09-01,Bhubaneswar,East,9,3886.66
S08843,C08843,R008,D0212,P003,2025-09-17,2025-09-01,Pune,West,29,19502.92
S08844,C08844,R067,D0446,P001,2025-09-15,2025-09-01,Kolkata,East,22,17974.56
S08845,C08845,R056,D0537,P008,2025-09-05,2025-09-01,Pune,West,41,12666.52
S08846,C08846,R032,D0605,P006,2025-09-09,2025-09-01,Pune,West,28,14822.48
S08847,C08847,R067,D0586,P005,2025-09-26,2025-09-01,Kolkata,East,9,4218.42
S08848,C08848,R010,D0823,P002,2025-09-12,2025-09-01,Surat,West,31,17124.8
S08849,C08849,R030,D0532,P006,2025-09-17,2025-09-01,Dehradun,North,21,11155.14
S08850,C08850,R060,D0361,P008,2025-09-24,2025-09-01,Goa,West,26,7939.21
S08851,C08851,R017,D0486,P006,2025-09-14,2025-09-01,Coimbatore,South,11,5336.55
S08852,C08852,R043,D0220,P003,2025-09-27,2025-09-01,Kolkata,East,11,7671.31
S08853,C08853,R013,D0251,P004,2025-09-15,2025-09-01,Bengaluru,South,38,33252.91
S08854,C08854,R030,D0627,P008,2025-09-30,2025-09-01,Dehradun,North,11,3260.52
S08855,C08855,R055,D0350,P001,2025-09-05,2025-09-01,Mumbai,West,21,16232.29
S08856,C08856,R058,D0566,P002,2025-09-27,2025-09-01,Surat,West,15,8049.8
S08857,C08857,R044,D0676,P001,2025-09-04,2025-09-01,Bhubaneswar,East,15,11834.41
S08858,C08858,R025,D0819,P006,2025-09-25,2025-09-01,North Delhi,North,34,16993.59
S08859,C08859,R048,D0096,P004,2025-09-20,2025-09-01,Siliguri,East,14,13533.68
S08860,C08860,R011,D0357,P002,2025-09-17,2025-09-01,Nagpur,West,17,8762.43
S08861,C08861,R016,D0608,P008,2025-09-27,2025-09-01,Kochi,South,21,6063.09
S08862,C08862,R059,D0397,P005,2025-09-20,2025-09-01,Nagpur,West,16,6814.89
S08863,C08863,R052,D0454,P002,2025-09-21,2025-09-01,Lucknow,North,16,8315.62
S08864,C08864,R034,D0542,P008,2025-09-23,2025-09-01,Surat,West,11,3601.15
S08865,C08865,R054,D0794,P006,2025-09-26,2025-09-01,Dehradun,North,22,11096.32
S08866,C08866,R029,D0222,P002,2025-09-07,2025-09-01,Ludhiana,North,18,9880.88
S08867,C08867,R069,D0213,P007,2025-09-26,2025-09-01,Patna,East,15,8835.66
S08868,C08868,R050,D0352,P001,2025-09-18,2025-09-01,Chandigarh,North,13,10340.04
S08869,C08869,R048,D0396,P008,2025-09-01,2025-09-01,Siliguri,East,31,9125.71
S08870,C08870,R046,D0796,P004,2025-09-28,2025-09-01,Guwahati,East,27,24199.49
S08871,C08871,R051,D0071,P003,2025-09-24,2025-09-01,Jaipur,North,14,9507.26
S08872,C08872,R061,D0150,P001,2025-09-27,2025-09-01,Bengaluru,South,23,17094.66
S08873,C08873,R013,D0761,P008,2025-09-24,2025-09-01,Bengaluru,South,39,13516.3
S08874,C08874,R026,D0628,P005,2025-09-11,2025-09-01,Chandigarh,North,16,6662.22
S08875,C08875,R025,D0611,P005,2025-09-11,2025-09-01,North Delhi,North,19,9037.27
S08876,C08876,R023,D0187,P007,2025-09-09,2025-09-01,Ranchi,East,16,10157.32
S08877,C08877,R033,D0554,P005,2025-09-13,2025-09-01,Ahmedabad,West,18,7912.9
S08878,C08878,R009,D0317,P003,2025-09-02,2025-09-01,Ahmedabad,West,34,22771.02
S08879,C08879,R040,D0592,P007,2025-09-23,2025-09-01,Kochi,South,23,13412.12
S08880,C08880,R066,D0072,P005,2025-09-23,2025-09-01,Vijayawada,South,39,18183.14
S08881,C08881,R054,D0242,P002,2025-09-30,2025-09-01,Dehradun,North,20,10667.77
S08882,C08882,R007,D0569,P007,2025-09-17,2025-09-01,Mumbai,West,32,19498.77
S08883,C08883,R029,D0570,P007,2025-09-30,2025-09-01,Ludhiana,North,16,9463.43
S08884,C08884,R002,D0762,P002,2025-09-07,2025-09-01,Chandigarh,North,20,10474.71
S08885,C08885,R022,D0654,P006,2025-09-15,2025-09-01,Guwahati,East,22,10773.16
S08886,C08886,R054,D0006,P008,2025-09-24,2025-09-01,Dehradun,North,11,3629.03
S08887,C08887,R064,D0073,P007,2025-09-24,2025-09-01,Kochi,South,32,21125.57
S08888,C08888,R010,D0225,P002,2025-09-24,2025-09-01,Surat,West,36,21631.1
S08889,C08889,R066,D0753,P007,2025-09-14,2025-09-01,Vijayawada,South,18,11481.06
S08890,C08890,R021,D0319,P001,2025-09-03,2025-09-01,Patna,East,21,16357.51
S08891,C08891,R038,D0752,P005,2025-09-26,2025-09-01,Chennai,South,36,17367.55
S08892,C08892,R026,D0119,P005,2025-09-12,2025-09-01,Chandigarh,North,12,5611.07
S08893,C08893,R023,D0843,P001,2025-09-20,2025-09-01,Ranchi,East,17,13018.69
S08894,C08894,R021,D0009,P006,2025-09-04,2025-09-01,Patna,East,25,13994.7
S08895,C08895,R033,D0757,P003,2025-09-29,2025-09-01,Ahmedabad,West,34,23515.94
S08896,C08896,R071,D0747,P007,2025-09-08,2025-09-01,Ranchi,East,33,19364.41
S08897,C08897,R044,D0336,P008,2025-09-30,2025-09-01,Bhubaneswar,East,15,5027.12
S08898,C08898,R018,D0244,P005,2025-09-22,2025-09-01,Vijayawada,South,21,9930.9
S08899,C08899,R033,D0541,P006,2025-09-10,2025-09-01,Ahmedabad,West,22,10685.83
S08900,C08900,R072,D0568,P001,2025-09-12,2025-09-01,Siliguri,East,22,17211.96
S08901,C08901,R065,D0083,P008,2025-09-30,2025-09-01,Coimbatore,South,16,5101.95
S08902,C08902,R047,D0187,P006,2025-09-18,2025-09-01,Ranchi,East,14,6208.37
S08903,C08903,R047,D0583,P004,2025-09-21,2025-09-01,Ranchi,East,25,20668.46
S08904,C08904,R042,D0644,P001,2025-09-19,2025-09-01,Vijayawada,South,17,13975.85
S08905,C08905,R068,D0273,P005,2025-09-08,2025-09-01,Bhubaneswar,East,20,8865.17
S08906,C08906,R035,D0741,P008,2025-09-04,2025-09-01,Nagpur,West,23,7574.15
S08907,C08907,R051,D0716,P007,2025-09-01,2025-09-01,Jaipur,North,19,12321.84
S08908,C08908,R065,D0635,P001,2025-09-13,2025-09-01,Coimbatore,South,34,23770.5
S08909,C08909,R038,D0190,P007,2025-09-21,2025-09-01,Chennai,South,24,15817.81
S08910,C08910,R042,D0465,P001,2025-09-10,2025-09-01,Vijayawada,South,16,12371.93
S08911,C08911,R053,D0137,P004,2025-09-07,2025-09-01,Ludhiana,North,28,25400.73
S08912,C08912,R017,D0130,P004,2025-09-12,2025-09-01,Coimbatore,South,18,17571.53
S08913,C08913,R064,D0067,P001,2025-09-07,2025-09-01,Kochi,South,19,15533.81
S08914,C08914,R003,D0432,P002,2025-09-14,2025-09-01,Jaipur,North,21,11238.81
S08915,C08915,R009,D0673,P008,2025-09-17,2025-09-01,Ahmedabad,West,20,6229.03
S08916,C08916,R064,D0237,P006,2025-09-09,2025-09-01,Kochi,South,13,6480.93
S08917,C08917,R061,D0087,P007,2025-09-01,2025-09-01,Bengaluru,South,15,8891.09
S08918,C08918,R028,D0258,P005,2025-09-04,2025-09-01,Lucknow,North,16,7824.49
S08919,C08919,R010,D0112,P004,2025-09-13,2025-09-01,Surat,West,24,21936.49
S08920,C08920,R052,D0658,P001,2025-09-06,2025-09-01,Lucknow,North,24,18916.06
S08921,C08921,R012,D0149,P005,2025-09-24,2025-09-01,Goa,West,20,9099.14
S08922,C08922,R072,D0180,P007,2025-09-05,2025-09-01,Siliguri,East,9,5689.88
S08923,C08923,R044,D0336,P002,2025-09-01,2025-09-01,Bhubaneswar,East,15,7336.73
S08924,C08924,R012,D0152,P004,2025-09-19,2025-09-01,Goa,West,13,12647.52
S08925,C08925,R005,D0828,P004,2025-09-19,2025-09-01,Ludhiana,North,18,15805.38
S08926,C08926,R024,D0160,P007,2025-09-21,2025-09-01,Siliguri,East,22,12781.07
S08927,C08927,R026,D0352,P002,2025-09-05,2025-09-01,Chandigarh,North,16,9135.3
S08928,C08928,R051,D0565,P001,2025-09-21,2025-09-01,Jaipur,North,24,19771.32
S08929,C08929,R021,D0213,P002,2025-09-26,2025-09-01,Patna,East,17,9145.95
S08930,C08930,R048,D0389,P002,2025-09-19,2025-09-01,Siliguri,East,33,19002.8
S08931,C08931,R057,D0143,P007,2025-09-12,2025-09-01,Ahmedabad,West,23,14733.56
S08932,C08932,R017,D0470,P003,2025-09-15,2025-09-01,Coimbatore,South,6,4035.21
S08933,C08933,R062,D0014,P003,2025-09-25,2025-09-01,Chennai,South,15,9088.09
S08934,C08934,R013,D0272,P003,2025-09-05,2025-09-01,Bengaluru,South,30,19925.14
S08935,C08935,R033,D0317,P007,2025-09-22,2025-09-01,Ahmedabad,West,33,20138.88
S08936,C08936,R065,D0425,P006,2025-09-09,2025-09-01,Coimbatore,South,21,10576.78
S08937,C08937,R072,D0096,P004,2025-09-27,2025-09-01,Siliguri,East,10,8735.07
S08938,C08938,R027,D0825,P007,2025-09-05,2025-09-01,Jaipur,North,35,22152.31
S08939,C08939,R040,D0043,P001,2025-09-16,2025-09-01,Kochi,South,17,12434.62
S08940,C08940,R015,D0114,P006,2025-09-13,2025-09-01,Hyderabad,South,17,9187.6
S08941,C08941,R015,D0108,P003,2025-09-15,2025-09-01,Hyderabad,South,21,13825.09
S08942,C08942,R006,D0837,P004,2025-09-12,2025-09-01,Dehradun,North,15,12787.89
S08943,C08943,R036,D0282,P002,2025-09-02,2025-09-01,Goa,West,35,18625.8
S08944,C08944,R001,D0388,P001,2025-09-26,2025-09-01,North Delhi,North,6,4726.58
S08945,C08945,R067,D0670,P006,2025-09-17,2025-09-01,Kolkata,East,14,7654.9
S08946,C08946,R026,D0119,P007,2025-09-19,2025-09-01,Chandigarh,North,17,10738.23
S08947,C08947,R065,D0046,P008,2025-09-16,2025-09-01,Coimbatore,South,14,4744.59
S08948,C08948,R066,D0135,P002,2025-09-16,2025-09-01,Vijayawada,South,11,5921.24
S08949,C08949,R037,D0601,P007,2025-09-19,2025-09-01,Bengaluru,South,24,14484.66
S08950,C08950,R017,D0818,P001,2025-09-13,2025-09-01,Coimbatore,South,10,8524.19
S08951,C08951,R031,D0547,P007,2025-09-04,2025-09-01,Mumbai,West,18,10904.37
S08952,C08952,R019,D0715,P005,2025-09-01,2025-09-01,Kolkata,East,14,6263.63
S08953,C08953,R038,D0752,P007,2025-09-17,2025-09-01,Chennai,South,30,17705.4
S08954,C08954,R057,D0250,P001,2025-09-06,2025-09-01,Ahmedabad,West,26,20578.99
S08955,C08955,R025,D0133,P007,2025-09-14,2025-09-01,North Delhi,North,18,10384.84
S08956,C08956,R030,D0161,P004,2025-09-19,2025-09-01,Dehradun,North,23,20657.41
S08957,C08957,R014,D0685,P005,2025-09-18,2025-09-01,Chennai,South,43,19942.11
S08958,C08958,R032,D0605,P005,2025-09-06,2025-09-01,Pune,West,29,13734.3
S08959,C08959,R049,D0760,P006,2025-09-20,2025-09-01,North Delhi,North,24,11169.15
S08960,C08960,R005,D0453,P005,2025-09-29,2025-09-01,Ludhiana,North,23,9522.82
S08961,C08961,R055,D0842,P004,2025-09-11,2025-09-01,Mumbai,West,18,15669.33
S08962,C08962,R012,D0806,P004,2025-09-04,2025-09-01,Goa,West,20,17675.9
S08963,C08963,R067,D0702,P001,2025-09-16,2025-09-01,Kolkata,East,22,16201.49
S08964,C08964,R020,D0684,P006,2025-09-19,2025-09-01,Bhubaneswar,East,14,6651.48
S08965,C08965,R041,D0083,P006,2025-09-12,2025-09-01,Coimbatore,South,21,10941.55
S08966,C08966,R070,D0637,P005,2025-09-18,2025-09-01,Guwahati,East,33,14943.27
S08967,C08967,R043,D0797,P006,2025-09-23,2025-09-01,Kolkata,East,11,5836.82
S08968,C08968,R001,D0259,P003,2025-09-18,2025-09-01,North Delhi,North,10,6145.94
S08969,C08969,R005,D0735,P002,2025-09-24,2025-09-01,Ludhiana,North,23,12352.81
S08970,C08970,R021,D0246,P008,2025-09-05,2025-09-01,Patna,East,26,9015.75
S08971,C08971,R042,D0195,P008,2025-09-09,2025-09-01,Vijayawada,South,21,6620.09
S08972,C08972,R008,D0622,P007,2025-09-17,2025-09-01,Pune,West,14,8290.88
S08973,C08973,R033,D0132,P001,2025-09-08,2025-09-01,Ahmedabad,West,16,13049.14
S08974,C08974,R038,D0412,P005,2025-09-30,2025-09-01,Chennai,South,37,18057.02
S08975,C08975,R027,D0803,P006,2025-09-21,2025-09-01,Jaipur,North,27,13332.67
S08976,C08976,R039,D0141,P001,2025-09-13,2025-09-01,Hyderabad,South,17,12887.55
S08977,C08977,R022,D0102,P008,2025-09-24,2025-09-01,Guwahati,East,15,5007.68
S08978,C08978,R042,D0750,P007,2025-09-30,2025-09-01,Vijayawada,South,27,16717.07
S08979,C08979,R071,D0639,P003,2025-09-01,2025-09-01,Ranchi,East,18,12071.61
S08980,C08980,R002,D0333,P005,2025-09-17,2025-09-01,Chandigarh,North,22,10239.76
S08981,C08981,R067,D0345,P008,2025-09-13,2025-09-01,Kolkata,East,20,6383.8
S08982,C08982,R028,D0783,P007,2025-09-23,2025-09-01,Lucknow,North,18,11530.42
S08983,C08983,R004,D0560,P007,2025-09-10,2025-09-01,Lucknow,North,34,22179.93
S08984,C08984,R010,D0734,P008,2025-09-10,2025-09-01,Surat,West,11,3338.76
S08985,C08985,R031,D0144,P006,2025-09-23,2025-09-01,Mumbai,West,36,19174.38
S08986,C08986,R018,D0407,P008,2025-09-27,2025-09-01,Vijayawada,South,22,7024.54
S08987,C08987,R062,D0602,P008,2025-09-05,2025-09-01,Chennai,South,24,7186.2
S08988,C08988,R023,D0031,P001,2025-09-19,2025-09-01,Ranchi,East,45,33477.84
S08989,C08989,R023,D0378,P006,2025-09-24,2025-09-01,Ranchi,East,21,10490.73
S08990,C08990,R063,D0011,P003,2025-09-05,2025-09-01,Hyderabad,South,19,13203.46
S08991,C08991,R006,D0794,P004,2025-09-20,2025-09-01,Dehradun,North,16,13503.65
S08992,C08992,R034,D0490,P002,2025-09-30,2025-09-01,Surat,West,29,14250.07
S08993,C08993,R065,D0130,P006,2025-09-26,2025-09-01,Coimbatore,South,11,5535.72
S08994,C08994,R021,D0386,P007,2025-09-06,2025-09-01,Patna,East,19,11313.34
S08995,C08995,R012,D0139,P004,2025-09-30,2025-09-01,Goa,West,21,19690.51
S08996,C08996,R011,D0687,P006,2025-09-11,2025-09-01,Nagpur,West,16,8264.82
S08997,C08997,R001,D0133,P003,2025-09-15,2025-09-01,North Delhi,North,19,12986.72
S08998,C08998,R034,D0423,P006,2025-09-09,2025-09-01,Surat,West,23,11499.27
S08999,C08999,R026,D0131,P001,2025-09-21,2025-09-01,Chandigarh,North,20,14650.2
S09000,C09000,R031,D0202,P008,2025-09-04,2025-09-01,Mumbai,West,23,7842.88
S09001,C09001,R002,D0838,P004,2025-09-22,2025-09-01,Chandigarh,North,22,19002.56
S09002,C09002,R011,D0390,P005,2025-09-02,2025-09-01,Nagpur,West,17,8073.13
S09003,C09003,R011,D0093,P007,2025-09-26,2025-09-01,Nagpur,West,11,6586.52
S09004,C09004,R030,D0627,P001,2025-09-10,2025-09-01,Dehradun,North,22,17724.22
S09005,C09005,R061,D0117,P008,2025-09-16,2025-09-01,Bengaluru,South,51,16566.46
S09006,C09006,R049,D0553,P005,2025-09-07,2025-09-01,North Delhi,North,20,9258.95
S09007,C09007,R013,D0686,P008,2025-09-04,2025-09-01,Bengaluru,South,33,10778.21
S09008,C09008,R014,D0549,P005,2025-09-01,2025-09-01,Chennai,South,28,12724.75
S09009,C09009,R015,D0183,P002,2025-09-30,2025-09-01,Hyderabad,South,35,17288.91
S09010,C09010,R022,D0174,P005,2025-09-05,2025-09-01,Guwahati,East,11,5133.09
S09011,C09011,R062,D0190,P005,2025-09-02,2025-09-01,Chennai,South,23,11185.95
S09012,C09012,R024,D0493,P008,2025-09-16,2025-09-01,Siliguri,East,10,3192.91
S09013,C09013,R036,D0624,P005,2025-09-29,2025-09-01,Goa,West,16,7244.61
S09014,C09014,R064,D0438,P004,2025-09-03,2025-09-01,Kochi,South,20,18032.39
S09015,C09015,R008,D0419,P002,2025-09-08,2025-09-01,Pune,West,24,13594.55
S09016,C09016,R043,D0024,P003,2025-09-17,2025-09-01,Kolkata,East,16,10411.6
S09017,C09017,R053,D0742,P005,2025-09-15,2025-09-01,Ludhiana,North,22,9363.75
S09018,C09018,R056,D0605,P003,2025-09-05,2025-09-01,Pune,West,22,14634.67
S09019,C09019,R055,D0547,P003,2025-09-29,2025-09-01,Mumbai,West,11,7392.34
S09020,C09020,R042,D0074,P001,2025-09-11,2025-09-01,Vijayawada,South,29,22816.92
S09021,C09021,R069,D0215,P008,2025-09-21,2025-09-01,Patna,East,15,4681.29
S09022,C09022,R057,D0275,P007,2025-09-14,2025-09-01,Ahmedabad,West,22,13644.42
S09023,C09023,R052,D0435,P003,2025-09-18,2025-09-01,Lucknow,North,15,9785.74
S09024,C09024,R055,D0683,P002,2025-09-28,2025-09-01,Mumbai,West,22,11620.34
S09025,C09025,R008,D0659,P007,2025-09-10,2025-09-01,Pune,West,22,13228.26
S09026,C09026,R004,D0358,P007,2025-09-25,2025-09-01,Lucknow,North,38,23380.55
S09027,C09027,R051,D0230,P008,2025-09-09,2025-09-01,Jaipur,North,23,7463.34
S09028,C09028,R030,D0339,P005,2025-09-10,2025-09-01,Dehradun,North,13,5826.41
S09029,C09029,R015,D0576,P006,2025-09-01,2025-09-01,Hyderabad,South,30,15452.27
S09030,C09030,R070,D0243,P006,2025-09-11,2025-09-01,Guwahati,East,13,6756.58
S09031,C09031,R063,D0332,P002,2025-09-18,2025-09-01,Hyderabad,South,14,7770.7
S09032,C09032,R039,D0695,P005,2025-09-20,2025-09-01,Hyderabad,South,17,8008.41
S09033,C09033,R027,D0564,P003,2025-09-13,2025-09-01,Jaipur,North,22,15465.75
S09034,C09034,R046,D0411,P007,2025-09-11,2025-09-01,Guwahati,East,16,10094.86
S09035,C09035,R050,D0689,P008,2025-09-07,2025-09-01,Chandigarh,North,12,4224.8
S09036,C09036,R006,D0242,P001,2025-09-28,2025-09-01,Dehradun,North,28,22966.43
S09037,C09037,R025,D0032,P001,2025-09-12,2025-09-01,North Delhi,North,11,9008.88
S09038,C09038,R035,D0687,P003,2025-09-10,2025-09-01,Nagpur,West,21,13010.17
S09039,C09039,R060,D0370,P001,2025-09-29,2025-09-01,Goa,West,26,21046.9
S09040,C09040,R054,D0256,P001,2025-09-20,2025-09-01,Dehradun,North,14,11384.68
S09041,C09041,R069,D0056,P008,2025-09-26,2025-09-01,Patna,East,10,3192.93
S09042,C09042,R026,D0810,P005,2025-09-12,2025-09-01,Chandigarh,North,20,8258.04
S09043,C09043,R039,D0576,P007,2025-09-13,2025-09-01,Hyderabad,South,23,12396.05
S09044,C09044,R001,D0259,P005,2025-09-22,2025-09-01,North Delhi,North,17,7710.7
S09045,C09045,R068,D0596,P006,2025-09-30,2025-09-01,Bhubaneswar,East,28,13895.9
S09046,C09046,R051,D0383,P006,2025-09-24,2025-09-01,Jaipur,North,36,16990.89
S09047,C09047,R058,D0216,P002,2025-09-14,2025-09-01,Surat,West,22,12109.96
S09048,C09048,R053,D0241,P002,2025-09-18,2025-09-01,Ludhiana,North,31,15791.27
S09049,C09049,R056,D0129,P004,2025-09-11,2025-09-01,Pune,West,31,25292.04
S09050,C09050,R045,D0832,P003,2025-09-14,2025-09-01,Patna,East,24,17474.16
S09051,C09051,R068,D0774,P007,2025-09-12,2025-09-01,Bhubaneswar,East,23,14384.02
S09052,C09052,R002,D0790,P003,2025-09-03,2025-09-01,Chandigarh,North,18,11627.03
S09053,C09053,R070,D0243,P003,2025-09-27,2025-09-01,Guwahati,East,18,11040.94
S09054,C09054,R071,D0850,P005,2025-09-05,2025-09-01,Ranchi,East,15,6594.45
S09055,C09055,R019,D0175,P002,2025-09-09,2025-09-01,Kolkata,East,14,7324.69
S09056,C09056,R057,D0765,P007,2025-09-08,2025-09-01,Ahmedabad,West,21,12461.8
S09057,C09057,R029,D0090,P001,2025-09-07,2025-09-01,Ludhiana,North,13,9976.41
S09058,C09058,R050,D0261,P007,2025-09-15,2025-09-01,Chandigarh,North,16,9183.67
S09059,C09059,R053,D0550,P005,2025-09-29,2025-09-01,Ludhiana,North,12,5278.92
S09060,C09060,R059,D0826,P008,2025-09-10,2025-09-01,Nagpur,West,14,4096.72
S09061,C09061,R036,D0164,P003,2025-09-23,2025-09-01,Goa,West,36,21407.85
S09062,C09062,R009,D0380,P008,2025-09-22,2025-09-01,Ahmedabad,West,23,6794.91
S09063,C09063,R048,D0620,P007,2025-09-23,2025-09-01,Siliguri,East,24,14193.64
S09064,C09064,R039,D0377,P004,2025-09-19,2025-09-01,Hyderabad,South,33,28917.75
S09065,C09065,R065,D0561,P003,2025-09-23,2025-09-01,Coimbatore,South,18,12156.4
S09066,C09066,R005,D0401,P002,2025-09-23,2025-09-01,Ludhiana,North,28,15433.92
S09067,C09067,R029,D0001,P002,2025-09-21,2025-09-01,Ludhiana,North,14,7795.79
S09068,C09068,R072,D0180,P005,2025-09-17,2025-09-01,Siliguri,East,15,6794.79
S09069,C09069,R041,D0491,P008,2025-09-03,2025-09-01,Coimbatore,South,17,5618.26
S09070,C09070,R061,D0015,P005,2025-09-16,2025-09-01,Bengaluru,South,56,22999.42
S09071,C09071,R024,D0160,P008,2025-09-23,2025-09-01,Siliguri,East,26,8571.16
S09072,C09072,R005,D0833,P007,2025-09-11,2025-09-01,Ludhiana,North,21,12784.51
S09073,C09073,R039,D0004,P006,2025-10-08,2025-10-01,Hyderabad,South,21,11224.99
S09074,C09074,R014,D0198,P006,2025-10-19,2025-10-01,Chennai,South,33,14574.8
S09075,C09075,R049,D0573,P008,2025-10-05,2025-10-01,North Delhi,North,26,8699.43
S09076,C09076,R071,D0447,P007,2025-10-23,2025-10-01,Ranchi,East,15,8405.99
S09077,C09077,R067,D0140,P002,2025-10-31,2025-10-01,Kolkata,East,35,19957.63
S09078,C09078,R046,D0063,P005,2025-10-16,2025-10-01,Guwahati,East,19,8371.58
S09079,C09079,R014,D0754,P004,2025-10-01,2025-10-01,Chennai,South,38,34522.51
S09080,C09080,R051,D0564,P008,2025-10-09,2025-10-01,Jaipur,North,30,9558.63
S09081,C09081,R004,D0430,P002,2025-10-01,2025-10-01,Lucknow,North,25,14185.02
S09082,C09082,R036,D0062,P007,2025-10-15,2025-10-01,Goa,West,31,19052.96
S09083,C09083,R015,D0179,P004,2025-10-10,2025-10-01,Hyderabad,South,15,14398.2
S09084,C09084,R064,D0067,P008,2025-10-24,2025-10-01,Kochi,South,19,5861.11
S09085,C09085,R040,D0831,P007,2025-10-27,2025-10-01,Kochi,South,33,19088.36
S09086,C09086,R023,D0639,P003,2025-10-14,2025-10-01,Ranchi,East,22,14045.51
S09087,C09087,R004,D0413,P007,2025-10-31,2025-10-01,Lucknow,North,40,25172.66
S09088,C09088,R053,D0647,P002,2025-10-14,2025-10-01,Ludhiana,North,33,18421.22
S09089,C09089,R052,D0169,P001,2025-10-04,2025-10-01,Lucknow,North,17,12406.65
S09090,C09090,R040,D0831,P005,2025-10-29,2025-10-01,Kochi,South,21,9250.39
S09091,C09091,R003,D0527,P004,2025-10-13,2025-10-01,Jaipur,North,27,24376.52
S09092,C09092,R066,D0405,P002,2025-10-28,2025-10-01,Vijayawada,South,36,20650.52
S09093,C09093,R036,D0813,P008,2025-10-23,2025-10-01,Goa,West,19,5866.5
S09094,C09094,R057,D0121,P001,2025-10-30,2025-10-01,Ahmedabad,West,27,19557.86
S09095,C09095,R070,D0351,P005,2025-10-21,2025-10-01,Guwahati,East,21,10144.53
S09096,C09096,R035,D0091,P003,2025-10-19,2025-10-01,Nagpur,West,37,22285.43
S09097,C09097,R031,D0456,P003,2025-10-08,2025-10-01,Mumbai,West,30,20334.55
S09098,C09098,R047,D0224,P002,2025-10-09,2025-10-01,Ranchi,East,56,26961.11
S09099,C09099,R027,D0383,P004,2025-10-11,2025-10-01,Jaipur,North,29,25654.65
S09100,C09100,R059,D0593,P006,2025-10-10,2025-10-01,Nagpur,West,14,7013.9
S09101,C09101,R051,D0205,P003,2025-10-19,2025-10-01,Jaipur,North,16,10146.86
S09102,C09102,R017,D0046,P006,2025-10-27,2025-10-01,Coimbatore,South,10,5467.08
S09103,C09103,R033,D0132,P004,2025-10-02,2025-10-01,Ahmedabad,West,31,27475.04
S09104,C09104,R063,D0563,P007,2025-10-20,2025-10-01,Hyderabad,South,32,19355.81
S09105,C09105,R045,D0455,P004,2025-10-24,2025-10-01,Patna,East,21,18450.01
S09106,C09106,R027,D0825,P003,2025-10-14,2025-10-01,Jaipur,North,29,18405.02
S09107,C09107,R012,D0806,P005,2025-10-09,2025-10-01,Goa,West,23,11546.83
S09108,C09108,R016,D0105,P006,2025-10-14,2025-10-01,Kochi,South,13,6505.07
S09109,C09109,R058,D0542,P004,2025-10-26,2025-10-01,Surat,West,11,10697.91
S09110,C09110,R059,D0091,P008,2025-10-29,2025-10-01,Nagpur,West,27,8283.35
S09111,C09111,R037,D0036,P005,2025-10-22,2025-10-01,Bengaluru,South,31,14272.99
S09112,C09112,R057,D0757,P003,2025-10-16,2025-10-01,Ahmedabad,West,26,16749.71
S09113,C09113,R037,D0270,P001,2025-10-21,2025-10-01,Bengaluru,South,14,10481.29
S09114,C09114,R026,D0838,P004,2025-10-21,2025-10-01,Chandigarh,North,24,21158.15
S09115,C09115,R014,D0014,P001,2025-10-24,2025-10-01,Chennai,South,41,34641.91
S09116,C09116,R029,D0453,P001,2025-10-05,2025-10-01,Ludhiana,North,24,19925.21
S09117,C09117,R050,D0261,P003,2025-10-03,2025-10-01,Chandigarh,North,19,12555.37
S09118,C09118,R070,D0848,P003,2025-10-11,2025-10-01,Guwahati,East,14,8608.58
S09119,C09119,R005,D0647,P008,2025-10-09,2025-10-01,Ludhiana,North,39,12680.91
S09120,C09120,R044,D0676,P006,2025-10-20,2025-10-01,Bhubaneswar,East,15,7447.66
S09121,C09121,R019,D0218,P007,2025-10-17,2025-10-01,Kolkata,East,11,6386.21
S09122,C09122,R061,D0761,P005,2025-10-29,2025-10-01,Bengaluru,South,28,13291.3
S09123,C09123,R013,D0700,P001,2025-10-25,2025-10-01,Bengaluru,South,21,15331.11
S09124,C09124,R064,D0674,P007,2025-10-05,2025-10-01,Kochi,South,34,20847.71
S09125,C09125,R047,D0364,P004,2025-10-27,2025-10-01,Ranchi,East,26,23656.65
S09126,C09126,R047,D0763,P004,2025-10-24,2025-10-01,Ranchi,East,29,26660.36
S09127,C09127,R040,D0535,P005,2025-10-12,2025-10-01,Kochi,South,27,11623.49
S09128,C09128,R052,D0045,P002,2025-10-02,2025-10-01,Lucknow,North,28,16383.96
S09129,C09129,R041,D0725,P004,2025-10-25,2025-10-01,Coimbatore,South,30,27055.97
S09130,C09130,R031,D0010,P005,2025-10-06,2025-10-01,Mumbai,West,35,16078.36
S09131,C09131,R068,D0638,P006,2025-10-07,2025-10-01,Bhubaneswar,East,18,8559.03
S09132,C09132,R002,D0221,P005,2025-10-15,2025-10-01,Chandigarh,North,24,10569.96
S09133,C09133,R066,D0694,P008,2025-10-03,2025-10-01,Vijayawada,South,16,5021.21
S09134,C09134,R066,D0522,P008,2025-10-13,2025-10-01,Vijayawada,South,13,4148.06
S09135,C09135,R065,D0630,P001,2025-10-08,2025-10-01,Coimbatore,South,23,18221.83
S09136,C09136,R011,D0593,P001,2025-10-02,2025-10-01,Nagpur,West,18,13771.05
S09137,C09137,R002,D0582,P005,2025-10-28,2025-10-01,Chandigarh,North,14,6896.62
S09138,C09138,R060,D0804,P007,2025-10-09,2025-10-01,Goa,West,20,11950.63
S09139,C09139,R054,D0254,P005,2025-10-17,2025-10-01,Dehradun,North,17,7883.88
S09140,C09140,R007,D0476,P002,2025-10-26,2025-10-01,Mumbai,West,27,15386.85
S09141,C09141,R059,D0342,P005,2025-10-15,2025-10-01,Nagpur,West,25,11166.87
S09142,C09142,R019,D0076,P008,2025-10-10,2025-10-01,Kolkata,East,26,7738.79
S09143,C09143,R010,D0707,P002,2025-10-24,2025-10-01,Surat,West,33,17423.75
S09144,C09144,R056,D0442,P004,2025-10-22,2025-10-01,Pune,West,18,16726.78
S09145,C09145,R034,D0044,P006,2025-10-01,2025-10-01,Surat,West,18,9197.6
S09146,C09146,R022,D0654,P004,2025-10-26,2025-10-01,Guwahati,East,30,27562.58
S09147,C09147,R007,D0771,P001,2025-10-04,2025-10-01,Mumbai,West,26,18918.56
S09148,C09148,R066,D0465,P006,2025-10-23,2025-10-01,Vijayawada,South,33,15446.75
S09149,C09149,R023,D0280,P006,2025-10-04,2025-10-01,Ranchi,East,27,14149.07
S09150,C09150,R009,D0791,P006,2025-10-03,2025-10-01,Ahmedabad,West,29,15027.09
S09151,C09151,R009,D0706,P006,2025-10-04,2025-10-01,Ahmedabad,West,45,21866.4
S09152,C09152,R039,D0208,P006,2025-10-23,2025-10-01,Hyderabad,South,26,12480.99
S09153,C09153,R010,D0216,P003,2025-10-15,2025-10-01,Surat,West,33,21569.14
S09154,C09154,R068,D0847,P001,2025-10-19,2025-10-01,Bhubaneswar,East,23,17873.86
S09155,C09155,R049,D0819,P008,2025-10-09,2025-10-01,North Delhi,North,44,13201.41
S09156,C09156,R067,D0586,P002,2025-10-04,2025-10-01,Kolkata,East,17,9135.06
S09157,C09157,R056,D0127,P007,2025-10-25,2025-10-01,Pune,West,34,19206.51
S09158,C09158,R036,D0158,P005,2025-10-26,2025-10-01,Goa,West,15,6670.59
S09159,C09159,R001,D0294,P005,2025-10-27,2025-10-01,North Delhi,North,28,12015.51
S09160,C09160,R050,D0479,P001,2025-10-03,2025-10-01,Chandigarh,North,34,26338.88
S09161,C09161,R051,D0716,P008,2025-10-29,2025-10-01,Jaipur,North,25,7733.03
S09162,C09162,R033,D0775,P005,2025-10-17,2025-10-01,Ahmedabad,West,31,15202.88
S09163,C09163,R025,D0259,P007,2025-10-07,2025-10-01,North Delhi,North,15,9277.04
S09164,C09164,R004,D0126,P007,2025-10-07,2025-10-01,Lucknow,North,31,17643.42
S09165,C09165,R012,D0164,P002,2025-10-16,2025-10-01,Goa,West,26,14660.51
S09166,C09166,R023,D0187,P008,2025-10-19,2025-10-01,Ranchi,East,18,5695.22
S09167,C09167,R049,D0792,P005,2025-10-02,2025-10-01,North Delhi,North,17,8104.91
S09168,C09168,R011,D0028,P002,2025-10-16,2025-10-01,Nagpur,West,26,13112.66
S09169,C09169,R026,D0723,P005,2025-10-08,2025-10-01,Chandigarh,North,40,18927.59
S09170,C09170,R069,D0503,P005,2025-10-29,2025-10-01,Patna,East,12,6078.18
S09171,C09171,R030,D0095,P006,2025-10-20,2025-10-01,Dehradun,North,15,7862.89
S09172,C09172,R058,D0490,P003,2025-10-12,2025-10-01,Surat,West,14,8953.45
S09173,C09173,R054,D0559,P008,2025-10-14,2025-10-01,Dehradun,North,17,5745.37
S09174,C09174,R057,D0035,P002,2025-10-26,2025-10-01,Ahmedabad,West,20,10416.08
S09175,C09175,R039,D0183,P004,2025-10-22,2025-10-01,Hyderabad,South,33,30039.85
S09176,C09176,R047,D0284,P007,2025-10-13,2025-10-01,Ranchi,East,34,23041.97
S09177,C09177,R043,D0140,P001,2025-10-27,2025-10-01,Kolkata,East,11,8320.44
S09178,C09178,R068,D0556,P004,2025-10-20,2025-10-01,Bhubaneswar,East,16,14585.91
S09179,C09179,R067,D0526,P004,2025-10-02,2025-10-01,Kolkata,East,31,30320.74
S09180,C09180,R062,D0110,P007,2025-10-20,2025-10-01,Chennai,South,41,26208.43
S09181,C09181,R002,D0151,P007,2025-10-30,2025-10-01,Chandigarh,North,17,10726.65
S09182,C09182,R033,D0629,P007,2025-10-27,2025-10-01,Ahmedabad,West,24,13183.31
S09183,C09183,R035,D0428,P003,2025-10-02,2025-10-01,Nagpur,West,22,13802.48
S09184,C09184,R059,D0269,P004,2025-10-28,2025-10-01,Nagpur,West,17,15766.58
S09185,C09185,R009,D0214,P001,2025-10-31,2025-10-01,Ahmedabad,West,23,17639.3
S09186,C09186,R007,D0023,P007,2025-10-06,2025-10-01,Mumbai,West,26,15447.78
S09187,C09187,R021,D0740,P003,2025-10-20,2025-10-01,Patna,East,27,18845.68
S09188,C09188,R041,D0635,P004,2025-10-24,2025-10-01,Coimbatore,South,46,42242.15
S09189,C09189,R051,D0564,P006,2025-10-02,2025-10-01,Jaipur,North,29,14163.35
S09190,C09190,R045,D0246,P007,2025-10-26,2025-10-01,Patna,East,23,14546.37
S09191,C09191,R070,D0165,P001,2025-10-13,2025-10-01,Guwahati,East,16,11863.75
S09192,C09192,R059,D0342,P007,2025-10-10,2025-10-01,Nagpur,West,32,17942.0
S09193,C09193,R019,D0779,P004,2025-10-09,2025-10-01,Kolkata,East,25,22571.02
S09194,C09194,R071,D0055,P004,2025-10-16,2025-10-01,Ranchi,East,27,22504.7
S09195,C09195,R045,D0682,P002,2025-10-25,2025-10-01,Patna,East,20,10105.21
S09196,C09196,R055,D0349,P006,2025-10-26,2025-10-01,Mumbai,West,20,9662.93
S09197,C09197,R008,D0265,P004,2025-10-07,2025-10-01,Pune,West,41,36726.59
S09198,C09198,R054,D0708,P001,2025-10-26,2025-10-01,Dehradun,North,9,7283.06
S09199,C09199,R032,D0817,P002,2025-10-26,2025-10-01,Pune,West,52,27615.47
S09200,C09200,R061,D0839,P006,2025-10-02,2025-10-01,Bengaluru,South,25,11957.47
S09201,C09201,R064,D0331,P001,2025-10-10,2025-10-01,Kochi,South,21,15424.98
S09202,C09202,R034,D0410,P005,2025-10-01,2025-10-01,Surat,West,32,13546.83
S09203,C09203,R025,D0259,P006,2025-10-31,2025-10-01,North Delhi,North,16,8435.73
S09204,C09204,R005,D0146,P008,2025-10-15,2025-10-01,Ludhiana,North,17,5183.13
S09205,C09205,R009,D0324,P002,2025-10-09,2025-10-01,Ahmedabad,West,29,15803.89
S09206,C09206,R061,D0030,P003,2025-10-28,2025-10-01,Bengaluru,South,34,20364.76
S09207,C09207,R046,D0102,P002,2025-10-22,2025-10-01,Guwahati,East,16,9169.93
S09208,C09208,R016,D0529,P008,2025-10-30,2025-10-01,Kochi,South,19,6062.63
S09209,C09209,R002,D0664,P005,2025-10-25,2025-10-01,Chandigarh,North,24,10149.1
S09210,C09210,R038,D0198,P008,2025-10-30,2025-10-01,Chennai,South,18,5572.72
S09211,C09211,R026,D0479,P001,2025-10-07,2025-10-01,Chandigarh,North,23,18062.71
S09212,C09212,R060,D0745,P006,2025-10-07,2025-10-01,Goa,West,52,25285.02
S09213,C09213,R015,D0767,P001,2025-10-03,2025-10-01,Hyderabad,South,36,28525.25
S09214,C09214,R037,D0398,P001,2025-10-11,2025-10-01,Bengaluru,South,25,20701.08
S09215,C09215,R053,D0222,P004,2025-10-18,2025-10-01,Ludhiana,North,28,26000.88
S09216,C09216,R054,D0643,P003,2025-10-18,2025-10-01,Dehradun,North,27,17756.01
S09217,C09217,R036,D0149,P003,2025-10-21,2025-10-01,Goa,West,22,15522.65
S09218,C09218,R063,D0114,P001,2025-10-23,2025-10-01,Hyderabad,South,32,25143.85
S09219,C09219,R013,D0252,P005,2025-10-26,2025-10-01,Bengaluru,South,19,8663.6
S09220,C09220,R030,D0256,P003,2025-10-17,2025-10-01,Dehradun,North,10,6551.02
S09221,C09221,R034,D0104,P008,2025-10-09,2025-10-01,Surat,West,23,7374.37
S09222,C09222,R065,D0046,P007,2025-10-14,2025-10-01,Coimbatore,South,18,11191.81
S09223,C09223,R032,D0784,P004,2025-10-28,2025-10-01,Pune,West,24,20351.92
S09224,C09224,R027,D0619,P007,2025-10-26,2025-10-01,Jaipur,North,29,18648.48
S09225,C09225,R001,D0613,P005,2025-10-29,2025-10-01,North Delhi,North,26,12706.12
S09226,C09226,R056,D0129,P004,2025-10-17,2025-10-01,Pune,West,46,45896.99
S09227,C09227,R031,D0696,P008,2025-10-25,2025-10-01,Mumbai,West,32,9335.97
S09228,C09228,R029,D0290,P005,2025-10-13,2025-10-01,Ludhiana,North,18,8273.84
S09229,C09229,R040,D0592,P004,2025-10-01,2025-10-01,Kochi,South,21,17895.39
S09230,C09230,R032,D0442,P005,2025-10-24,2025-10-01,Pune,West,32,15161.74
S09231,C09231,R011,D0240,P007,2025-10-03,2025-10-01,Nagpur,West,22,14208.64
S09232,C09232,R012,D0164,P006,2025-10-20,2025-10-01,Goa,West,24,12236.12
S09233,C09233,R035,D0153,P005,2025-10-31,2025-10-01,Nagpur,West,28,12653.93
S09234,C09234,R039,D0743,P002,2025-10-01,2025-10-01,Hyderabad,South,24,12620.16
S09235,C09235,R052,D0297,P006,2025-10-23,2025-10-01,Lucknow,North,49,24699.54
S09236,C09236,R013,D0663,P004,2025-10-27,2025-10-01,Bengaluru,South,40,36201.06
S09237,C09237,R057,D0765,P008,2025-10-20,2025-10-01,Ahmedabad,West,18,5855.4
S09238,C09238,R006,D0161,P008,2025-10-22,2025-10-01,Dehradun,North,19,6523.65
S09239,C09239,R068,D0337,P001,2025-10-28,2025-10-01,Bhubaneswar,East,20,15447.58
S09240,C09240,R014,D0109,P008,2025-10-25,2025-10-01,Chennai,South,40,13363.37
S09241,C09241,R057,D0035,P008,2025-10-02,2025-10-01,Ahmedabad,West,26,7938.25
S09242,C09242,R001,D0849,P008,2025-10-24,2025-10-01,North Delhi,North,11,3292.48
S09243,C09243,R028,D0458,P004,2025-10-24,2025-10-01,Lucknow,North,23,21475.95
S09244,C09244,R004,D0313,P003,2025-10-08,2025-10-01,Lucknow,North,27,18170.11
S09245,C09245,R027,D0166,P005,2025-10-21,2025-10-01,Jaipur,North,40,17903.03
S09246,C09246,R020,D0596,P008,2025-10-27,2025-10-01,Bhubaneswar,East,22,6712.03
S09247,C09247,R018,D0407,P004,2025-10-27,2025-10-01,Vijayawada,South,23,19972.72
S09248,C09248,R012,D0158,P008,2025-10-27,2025-10-01,Goa,West,23,7436.57
S09249,C09249,R052,D0005,P003,2025-10-25,2025-10-01,Lucknow,North,31,20611.44
S09250,C09250,R006,D0512,P007,2025-10-04,2025-10-01,Dehradun,North,14,7918.81
S09251,C09251,R019,D0449,P001,2025-10-16,2025-10-01,Kolkata,East,16,11682.56
S09252,C09252,R029,D0731,P007,2025-10-08,2025-10-01,Ludhiana,North,33,20261.28
S09253,C09253,R053,D0382,P008,2025-10-03,2025-10-01,Ludhiana,North,24,7902.43
S09254,C09254,R027,D0088,P006,2025-10-09,2025-10-01,Jaipur,North,22,10774.67
S09255,C09255,R020,D0756,P005,2025-10-29,2025-10-01,Bhubaneswar,East,14,5981.1
S09256,C09256,R013,D0270,P004,2025-10-19,2025-10-01,Bengaluru,South,25,22282.37
S09257,C09257,R028,D0560,P007,2025-10-24,2025-10-01,Lucknow,North,35,18993.08
S09258,C09258,R060,D0062,P002,2025-10-16,2025-10-01,Goa,West,41,21707.81
S09259,C09259,R037,D0019,P003,2025-10-12,2025-10-01,Bengaluru,South,38,25824.4
S09260,C09260,R003,D0040,P002,2025-10-15,2025-10-01,Jaipur,North,29,15466.91
S09261,C09261,R003,D0671,P003,2025-10-31,2025-10-01,Jaipur,North,46,27979.97
S09262,C09262,R062,D0190,P005,2025-10-09,2025-10-01,Chennai,South,33,16323.06
S09263,C09263,R047,D0639,P003,2025-10-10,2025-10-01,Ranchi,East,31,20465.8
S09264,C09264,R041,D0788,P004,2025-10-27,2025-10-01,Coimbatore,South,27,24280.23
S09265,C09265,R024,D0520,P002,2025-10-12,2025-10-01,Siliguri,East,16,9019.32
S09266,C09266,R015,D0844,P003,2025-10-29,2025-10-01,Hyderabad,South,30,19620.22
S09267,C09267,R049,D0793,P004,2025-10-31,2025-10-01,North Delhi,North,29,25454.48
S09268,C09268,R055,D0651,P002,2025-10-03,2025-10-01,Mumbai,West,43,24644.53
S09269,C09269,R025,D0679,P008,2025-10-21,2025-10-01,North Delhi,North,24,7365.76
S09270,C09270,R040,D0529,P008,2025-10-03,2025-10-01,Kochi,South,24,8031.24
S09271,C09271,R069,D0206,P008,2025-10-28,2025-10-01,Patna,East,13,3924.85
S09272,C09272,R065,D0053,P001,2025-10-04,2025-10-01,Coimbatore,South,16,12025.4
S09273,C09273,R004,D0286,P004,2025-10-28,2025-10-01,Lucknow,North,21,18962.18
S09274,C09274,R034,D0306,P007,2025-10-24,2025-10-01,Surat,West,36,23528.31
S09275,C09275,R061,D0252,P003,2025-10-17,2025-10-01,Bengaluru,South,20,13297.29
S09276,C09276,R058,D0069,P002,2025-10-07,2025-10-01,Surat,West,23,11550.51
S09277,C09277,R055,D0461,P005,2025-10-09,2025-10-01,Mumbai,West,31,14766.99
S09278,C09278,R032,D0442,P001,2025-10-14,2025-10-01,Pune,West,24,17976.54
S09279,C09279,R017,D0788,P005,2025-10-27,2025-10-01,Coimbatore,South,17,8067.52
S09280,C09280,R025,D0819,P004,2025-10-28,2025-10-01,North Delhi,North,26,23472.62
S09281,C09281,R030,D0587,P006,2025-10-16,2025-10-01,Dehradun,North,22,10377.83
S09282,C09282,R038,D0693,P006,2025-10-08,2025-10-01,Chennai,South,13,6749.42
S09283,C09283,R050,D0261,P005,2025-10-18,2025-10-01,Chandigarh,North,11,4747.59
S09284,C09284,R044,D0847,P005,2025-10-26,2025-10-01,Bhubaneswar,East,28,13750.76
S09285,C09285,R064,D0787,P001,2025-10-17,2025-10-01,Kochi,South,31,22278.68
S09286,C09286,R009,D0123,P008,2025-10-28,2025-10-01,Ahmedabad,West,26,8253.68
S09287,C09287,R033,D0673,P001,2025-10-01,2025-10-01,Ahmedabad,West,15,11146.5
S09288,C09288,R072,D0385,P008,2025-10-16,2025-10-01,Siliguri,East,7,2398.01
S09289,C09289,R006,D0242,P008,2025-10-02,2025-10-01,Dehradun,North,23,6790.08
S09290,C09290,R062,D0347,P006,2025-10-19,2025-10-01,Chennai,South,30,17082.84
S09291,C09291,R010,D0734,P006,2025-10-20,2025-10-01,Surat,West,22,11017.33
S09292,C09292,R031,D0771,P001,2025-10-10,2025-10-01,Mumbai,West,28,21223.78
S09293,C09293,R044,D0337,P008,2025-10-25,2025-10-01,Bhubaneswar,East,16,5317.79
S09294,C09294,R045,D0311,P005,2025-10-30,2025-10-01,Patna,East,18,8265.82
S09295,C09295,R045,D0386,P003,2025-10-15,2025-10-01,Patna,East,26,16430.64
S09296,C09296,R065,D0606,P006,2025-10-14,2025-10-01,Coimbatore,South,23,11281.88
S09297,C09297,R032,D0442,P005,2025-10-06,2025-10-01,Pune,West,36,16148.36
S09298,C09298,R003,D0281,P003,2025-10-01,2025-10-01,Jaipur,North,15,9556.95
S09299,C09299,R030,D0812,P003,2025-10-13,2025-10-01,Dehradun,North,24,16481.79
S09300,C09300,R025,D0299,P001,2025-10-14,2025-10-01,North Delhi,North,35,27417.4
S09301,C09301,R066,D0211,P008,2025-10-24,2025-10-01,Vijayawada,South,25,8185.1
S09302,C09302,R072,D0289,P006,2025-10-27,2025-10-01,Siliguri,East,7,3495.27
S09303,C09303,R048,D0289,P003,2025-10-04,2025-10-01,Siliguri,East,23,15669.05
S09304,C09304,R005,D0497,P006,2025-10-05,2025-10-01,Ludhiana,North,42,20676.86
S09305,C09305,R024,D0520,P006,2025-10-18,2025-10-01,Siliguri,East,16,7784.21
S09306,C09306,R012,D0145,P002,2025-10-12,2025-10-01,Goa,West,29,15261.21
S09307,C09307,R015,D0767,P002,2025-10-22,2025-10-01,Hyderabad,South,37,21403.17
S09308,C09308,R021,D0213,P002,2025-10-10,2025-10-01,Patna,East,16,8391.19
S09309,C09309,R023,D0077,P001,2025-10-13,2025-10-01,Ranchi,East,22,16704.55
S09310,C09310,R024,D0523,P007,2025-10-14,2025-10-01,Siliguri,East,36,22199.87
S09311,C09311,R004,D0200,P002,2025-10-19,2025-10-01,Lucknow,North,16,8583.57
S09312,C09312,R053,D0718,P007,2025-10-03,2025-10-01,Ludhiana,North,23,13267.17
S09313,C09313,R072,D0729,P005,2025-10-28,2025-10-01,Siliguri,East,14,6059.61
S09314,C09314,R045,D0518,P001,2025-10-11,2025-10-01,Patna,East,11,8901.31
S09315,C09315,R043,D0670,P007,2025-10-07,2025-10-01,Kolkata,East,11,6311.27
S09316,C09316,R034,D0353,P002,2025-10-20,2025-10-01,Surat,West,25,14096.92
S09317,C09317,R048,D0305,P008,2025-10-05,2025-10-01,Siliguri,East,13,4062.85
S09318,C09318,R016,D0529,P001,2025-10-19,2025-10-01,Kochi,South,22,15166.76
S09319,C09319,R056,D0371,P005,2025-10-02,2025-10-01,Pune,West,29,13771.54
S09320,C09320,R041,D0635,P003,2025-10-09,2025-10-01,Coimbatore,South,42,28830.94
S09321,C09321,R051,D0383,P005,2025-10-23,2025-10-01,Jaipur,North,28,13254.89
S09322,C09322,R061,D0308,P007,2025-10-12,2025-10-01,Bengaluru,South,21,12511.41
S09323,C09323,R025,D0611,P007,2025-10-28,2025-10-01,North Delhi,North,15,8987.36
S09324,C09324,R022,D0142,P003,2025-10-12,2025-10-01,Guwahati,East,30,19349.56
S09325,C09325,R053,D0550,P001,2025-10-22,2025-10-01,Ludhiana,North,13,9774.47
S09326,C09326,R002,D0689,P003,2025-10-01,2025-10-01,Chandigarh,North,12,8031.12
S09327,C09327,R052,D0599,P007,2025-10-31,2025-10-01,Lucknow,North,26,15697.23
S09328,C09328,R046,D0165,P005,2025-10-20,2025-10-01,Guwahati,East,19,8537.03
S09329,C09329,R018,D0064,P007,2025-10-22,2025-10-01,Vijayawada,South,37,21766.58
S09330,C09330,R035,D0203,P004,2025-10-11,2025-10-01,Nagpur,West,37,33173.15
S09331,C09331,R020,D0688,P005,2025-10-09,2025-10-01,Bhubaneswar,East,23,11250.6
S09332,C09332,R009,D0250,P001,2025-10-14,2025-10-01,Ahmedabad,West,48,37662.75
S09333,C09333,R014,D0022,P001,2025-10-08,2025-10-01,Chennai,South,42,30540.42
S09334,C09334,R070,D0463,P006,2025-10-01,2025-10-01,Guwahati,East,18,9168.76
S09335,C09335,R058,D0724,P002,2025-10-21,2025-10-01,Surat,West,20,11059.89
S09336,C09336,R055,D0267,P003,2025-10-23,2025-10-01,Mumbai,West,26,17769.01
S09337,C09337,R002,D0119,P003,2025-10-21,2025-10-01,Chandigarh,North,9,6093.23
S09338,C09338,R039,D0114,P006,2025-10-18,2025-10-01,Hyderabad,South,45,23103.54
S09339,C09339,R024,D0096,P008,2025-10-17,2025-10-01,Siliguri,East,22,7994.25
S09340,C09340,R055,D0232,P007,2025-10-31,2025-10-01,Mumbai,West,22,12621.15
S09341,C09341,R016,D0162,P006,2025-10-17,2025-10-01,Kochi,South,16,8767.83
S09342,C09342,R006,D0591,P007,2025-10-22,2025-10-01,Dehradun,North,21,13164.55
S09343,C09343,R013,D0150,P005,2025-10-13,2025-10-01,Bengaluru,South,43,22048.67
S09344,C09344,R048,D0467,P002,2025-10-02,2025-10-01,Siliguri,East,31,15527.46
S09345,C09345,R033,D0324,P004,2025-10-11,2025-10-01,Ahmedabad,West,42,40252.31
S09346,C09346,R049,D0609,P008,2025-10-23,2025-10-01,North Delhi,North,28,9693.85
S09347,C09347,R042,D0465,P007,2025-10-20,2025-10-01,Vijayawada,South,23,13919.71
S09348,C09348,R026,D0582,P003,2025-10-22,2025-10-01,Chandigarh,North,10,6319.41
S09349,C09349,R067,D0772,P003,2025-10-24,2025-10-01,Kolkata,East,27,19711.61
S09350,C09350,R023,D0134,P008,2025-10-07,2025-10-01,Ranchi,East,19,5829.45
S09351,C09351,R040,D0438,P001,2025-10-26,2025-10-01,Kochi,South,40,32832.83
S09352,C09352,R070,D0301,P008,2025-10-23,2025-10-01,Guwahati,East,20,6878.47
S09353,C09353,R038,D0469,P006,2025-10-10,2025-10-01,Chennai,South,33,16694.83
S09354,C09354,R008,D0173,P007,2025-10-16,2025-10-01,Pune,West,16,9678.32
S09355,C09355,R026,D0261,P003,2025-10-27,2025-10-01,Chandigarh,North,11,7900.82
S09356,C09356,R028,D0781,P006,2025-10-06,2025-10-01,Lucknow,North,21,10545.45
S09357,C09357,R069,D0682,P003,2025-10-10,2025-10-01,Patna,East,25,16040.01
S09358,C09358,R017,D0452,P001,2025-10-06,2025-10-01,Coimbatore,South,11,7422.22
S09359,C09359,R017,D0053,P004,2025-10-10,2025-10-01,Coimbatore,South,12,11278.91
S09360,C09360,R072,D0520,P008,2025-10-07,2025-10-01,Siliguri,East,8,2512.2
S09361,C09361,R058,D0197,P002,2025-10-25,2025-10-01,Surat,West,22,12345.01
S09362,C09362,R022,D0243,P002,2025-10-31,2025-10-01,Guwahati,East,8,4288.22
S09363,C09363,R016,D0073,P008,2025-10-31,2025-10-01,Kochi,South,22,7510.08
S09364,C09364,R038,D0247,P008,2025-10-12,2025-10-01,Chennai,South,23,7866.05
S09365,C09365,R015,D0179,P007,2025-10-29,2025-10-01,Hyderabad,South,25,14490.97
S09366,C09366,R042,D0025,P008,2025-10-03,2025-10-01,Vijayawada,South,24,7501.84
S09367,C09367,R056,D0502,P008,2025-10-04,2025-10-01,Pune,West,43,14159.83
S09368,C09368,R050,D0838,P008,2025-10-11,2025-10-01,Chandigarh,North,35,11988.05
S09369,C09369,R042,D0092,P008,2025-10-09,2025-10-01,Vijayawada,South,24,7723.39
S09370,C09370,R044,D0086,P006,2025-10-29,2025-10-01,Bhubaneswar,East,31,15979.38
S09371,C09371,R001,D0089,P003,2025-10-24,2025-10-01,North Delhi,North,18,12087.03
S09372,C09372,R005,D0497,P004,2025-10-24,2025-10-01,Ludhiana,North,28,23828.8
S09373,C09373,R003,D0714,P004,2025-10-25,2025-10-01,Jaipur,North,32,27834.27
S09374,C09374,R063,D0208,P005,2025-10-23,2025-10-01,Hyderabad,South,36,16406.63
S09375,C09375,R043,D0076,P006,2025-10-16,2025-10-01,Kolkata,East,15,8032.85
S09376,C09376,R046,D0066,P002,2025-10-02,2025-10-01,Guwahati,East,33,19419.28
S09377,C09377,R067,D0524,P001,2025-10-01,2025-10-01,Kolkata,East,20,14890.15
S09378,C09378,R054,D0338,P005,2025-10-31,2025-10-01,Dehradun,North,15,7148.94
S09379,C09379,R031,D0391,P008,2025-10-16,2025-10-01,Mumbai,West,20,6469.86
S09380,C09380,R020,D0321,P007,2025-10-30,2025-10-01,Bhubaneswar,East,26,15462.15
S09381,C09381,R046,D0796,P001,2025-10-01,2025-10-01,Guwahati,East,34,25247.37
S09382,C09382,R006,D0338,P005,2025-10-20,2025-10-01,Dehradun,North,24,11166.21
S09383,C09383,R029,D0699,P005,2025-10-09,2025-10-01,Ludhiana,North,22,9824.01
S09384,C09384,R062,D0602,P004,2025-10-12,2025-10-01,Chennai,South,27,24478.16
S09385,C09385,R063,D0011,P006,2025-10-21,2025-10-01,Hyderabad,South,31,15017.78
S09386,C09386,R020,D0321,P004,2025-10-16,2025-10-01,Bhubaneswar,East,30,25226.39
S09387,C09387,R013,D0761,P008,2025-10-05,2025-10-01,Bengaluru,South,35,11802.12
S09388,C09388,R021,D0789,P008,2025-10-31,2025-10-01,Patna,East,26,8401.25
S09389,C09389,R070,D0351,P006,2025-10-23,2025-10-01,Guwahati,East,25,12859.7
S09390,C09390,R037,D0075,P004,2025-10-12,2025-10-01,Bengaluru,South,26,22554.54
S09391,C09391,R021,D0234,P005,2025-10-20,2025-10-01,Patna,East,22,10503.7
S09392,C09392,R044,D0805,P008,2025-10-05,2025-10-01,Bhubaneswar,East,18,5707.39
S09393,C09393,R069,D0503,P003,2025-10-14,2025-10-01,Patna,East,19,13027.91
S09394,C09394,R042,D0072,P007,2025-10-14,2025-10-01,Vijayawada,South,24,14308.07
S09395,C09395,R060,D0648,P005,2025-10-12,2025-10-01,Goa,West,49,21342.7
S09396,C09396,R054,D0136,P001,2025-10-15,2025-10-01,Dehradun,North,15,11274.88
S09397,C09397,R069,D0234,P006,2025-10-29,2025-10-01,Patna,East,16,8332.72
S09398,C09398,R006,D0525,P002,2025-10-01,2025-10-01,Dehradun,North,30,15399.53
S09399,C09399,R008,D0371,P005,2025-10-18,2025-10-01,Pune,West,21,10535.07
S09400,C09400,R036,D0648,P008,2025-10-30,2025-10-01,Goa,West,33,9841.49
S09401,C09401,R024,D0097,P007,2025-10-28,2025-10-01,Siliguri,East,34,20584.77
S09402,C09402,R026,D0790,P006,2025-10-28,2025-10-01,Chandigarh,North,29,15670.71
S09403,C09403,R008,D0502,P001,2025-10-13,2025-10-01,Pune,West,34,26898.68
S09404,C09404,R062,D0247,P007,2025-10-18,2025-10-01,Chennai,South,11,6591.63
S09405,C09405,R019,D0797,P003,2025-10-19,2025-10-01,Kolkata,East,23,16053.24
S09406,C09406,R043,D0446,P001,2025-10-26,2025-10-01,Kolkata,East,18,13388.1
S09407,C09407,R056,D0419,P008,2025-10-30,2025-10-01,Pune,West,25,7884.64
S09408,C09408,R041,D0018,P002,2025-10-08,2025-10-01,Coimbatore,South,36,17867.99
S09409,C09409,R024,D0738,P003,2025-10-04,2025-10-01,Siliguri,East,28,19296.72
S09410,C09410,R050,D0762,P002,2025-10-09,2025-10-01,Chandigarh,North,28,15543.43
S09411,C09411,R068,D0314,P005,2025-10-09,2025-10-01,Bhubaneswar,East,22,10404.66
S09412,C09412,R010,D0755,P007,2025-10-10,2025-10-01,Surat,West,17,10437.51
S09413,C09413,R046,D0650,P005,2025-10-29,2025-10-01,Guwahati,East,21,9699.26
S09414,C09414,R015,D0332,P007,2025-10-07,2025-10-01,Hyderabad,South,18,11039.33
S09415,C09415,R007,D0771,P008,2025-10-14,2025-10-01,Mumbai,West,23,7472.21
S09416,C09416,R048,D0467,P007,2025-10-12,2025-10-01,Siliguri,East,30,18419.14
S09417,C09417,R017,D0561,P002,2025-10-09,2025-10-01,Coimbatore,South,16,8237.57
S09418,C09418,R042,D0135,P002,2025-10-07,2025-10-01,Vijayawada,South,15,7185.43
S09419,C09419,R021,D0056,P003,2025-10-31,2025-10-01,Patna,East,11,8017.95
S09420,C09420,R030,D0532,P006,2025-10-20,2025-10-01,Dehradun,North,18,8882.38
S09421,C09421,R010,D0216,P007,2025-10-04,2025-10-01,Surat,West,37,22371.79
S09422,C09422,R018,D0758,P003,2025-10-21,2025-10-01,Vijayawada,South,22,15328.39
S09423,C09423,R034,D0068,P006,2025-10-19,2025-10-01,Surat,West,22,11409.0
S09424,C09424,R001,D0672,P002,2025-10-12,2025-10-01,North Delhi,North,16,8022.06
S09425,C09425,R060,D0539,P005,2025-10-25,2025-10-01,Goa,West,17,7364.57
S09426,C09426,R060,D0806,P007,2025-10-25,2025-10-01,Goa,West,36,22926.55
S09427,C09427,R068,D0847,P004,2025-10-25,2025-10-01,Bhubaneswar,East,17,15581.58
S09428,C09428,R011,D0741,P002,2025-10-20,2025-10-01,Nagpur,West,19,9995.12
S09429,C09429,R071,D0298,P004,2025-10-14,2025-10-01,Ranchi,East,28,24868.51
S09430,C09430,R062,D0597,P007,2025-10-07,2025-10-01,Chennai,South,16,9778.78
S09431,C09431,R029,D0137,P008,2025-10-02,2025-10-01,Ludhiana,North,28,9070.9
S09432,C09432,R011,D0428,P005,2025-10-29,2025-10-01,Nagpur,West,20,9393.58
S09433,C09433,R058,D0185,P006,2025-10-27,2025-10-01,Surat,West,37,18503.13
S09434,C09434,R047,D0187,P004,2025-10-07,2025-10-01,Ranchi,East,14,12896.65
S09435,C09435,R023,D0472,P008,2025-10-25,2025-10-01,Ranchi,East,26,8567.08
S09436,C09436,R010,D0098,P007,2025-10-02,2025-10-01,Surat,West,21,13368.41
S09437,C09437,R022,D0451,P008,2025-10-08,2025-10-01,Guwahati,East,15,4984.97
S09438,C09438,R017,D0452,P007,2025-10-05,2025-10-01,Coimbatore,South,13,8225.52
S09439,C09439,R063,D0183,P005,2025-10-11,2025-10-01,Hyderabad,South,33,14834.87
S09440,C09440,R019,D0471,P008,2025-10-10,2025-10-01,Kolkata,East,22,6996.34
S09441,C09441,R048,D0580,P005,2025-10-16,2025-10-01,Siliguri,East,22,9689.2
S09442,C09442,R003,D0594,P005,2025-10-15,2025-10-01,Jaipur,North,22,10221.75
S09443,C09443,R030,D0060,P006,2025-10-04,2025-10-01,Dehradun,North,16,7833.02
S09444,C09444,R016,D0478,P002,2025-10-05,2025-10-01,Kochi,South,12,6632.25
S09445,C09445,R043,D0526,P007,2025-10-26,2025-10-01,Kolkata,East,26,16811.19
S09446,C09446,R038,D0549,P003,2025-10-17,2025-10-01,Chennai,South,30,19799.31
S09447,C09447,R044,D0443,P006,2025-10-29,2025-10-01,Bhubaneswar,East,19,9427.7
S09448,C09448,R048,D0057,P007,2025-10-05,2025-10-01,Siliguri,East,28,17501.9
S09449,C09449,R072,D0096,P001,2025-10-10,2025-10-01,Siliguri,East,10,8202.59
S09450,C09450,R018,D0249,P003,2025-10-05,2025-10-01,Vijayawada,South,40,25412.95
S09451,C09451,R014,D0504,P008,2025-10-29,2025-10-01,Chennai,South,26,8368.07
S09452,C09452,R028,D0572,P003,2025-10-05,2025-10-01,Lucknow,North,17,11395.93
S09453,C09453,R027,D0616,P006,2025-10-25,2025-10-01,Jaipur,North,34,17098.96
S09454,C09454,R036,D0268,P005,2025-10-06,2025-10-01,Goa,West,26,12266.71
S09455,C09455,R071,D0340,P007,2025-10-23,2025-10-01,Ranchi,East,17,9520.9
S09456,C09456,R012,D0062,P005,2025-10-15,2025-10-01,Goa,West,38,17780.54
S09457,C09457,R050,D0721,P004,2025-10-31,2025-10-01,Chandigarh,North,24,23275.51
S09458,C09458,R063,D0235,P001,2025-10-03,2025-10-01,Hyderabad,South,30,24055.68
S09459,C09459,R035,D0485,P004,2025-10-11,2025-10-01,Nagpur,West,31,27642.83
S09460,C09460,R064,D0400,P005,2025-10-23,2025-10-01,Kochi,South,35,15121.01
S09461,C09461,R028,D0258,P006,2025-10-29,2025-10-01,Lucknow,North,23,11528.79
S09462,C09462,R022,D0102,P007,2025-10-17,2025-10-01,Guwahati,East,18,11149.6
S09463,C09463,R021,D0807,P007,2025-10-04,2025-10-01,Patna,East,9,5515.62
S09464,C09464,R059,D0093,P004,2025-10-20,2025-10-01,Nagpur,West,16,13361.29
S09465,C09465,R033,D0836,P001,2025-10-15,2025-10-01,Ahmedabad,West,25,19743.05
S09466,C09466,R052,D0126,P003,2025-10-25,2025-10-01,Lucknow,North,26,16424.29
S09467,C09467,R053,D0054,P004,2025-10-18,2025-10-01,Ludhiana,North,12,10373.19
S09468,C09468,R041,D0725,P008,2025-10-28,2025-10-01,Coimbatore,South,21,7021.36
S09469,C09469,R038,D0776,P007,2025-10-04,2025-10-01,Chennai,South,37,22300.73
S09470,C09470,R035,D0770,P008,2025-10-20,2025-10-01,Nagpur,West,18,5573.89
S09471,C09471,R007,D0683,P008,2025-10-23,2025-10-01,Mumbai,West,20,6084.9
S09472,C09472,R037,D0308,P002,2025-10-13,2025-10-01,Bengaluru,South,25,13017.2
S09473,C09473,R008,D0171,P001,2025-10-15,2025-10-01,Pune,West,23,17456.05
S09474,C09474,R072,D0482,P005,2025-10-22,2025-10-01,Siliguri,East,8,3837.87
S09475,C09475,R020,D0546,P003,2025-10-15,2025-10-01,Bhubaneswar,East,17,11202.03
S09476,C09476,R071,D0578,P007,2025-10-13,2025-10-01,Ranchi,East,14,9054.19
S09477,C09477,R001,D0032,P004,2025-10-19,2025-10-01,North Delhi,North,19,15922.22
S09478,C09478,R011,D0079,P001,2025-10-25,2025-10-01,Nagpur,West,32,26571.05
S09479,C09479,R028,D0430,P002,2025-10-05,2025-10-01,Lucknow,North,23,12327.07
S09480,C09480,R069,D0740,P003,2025-10-28,2025-10-01,Patna,East,24,15660.95
S09481,C09481,R031,D0771,P001,2025-10-07,2025-10-01,Mumbai,West,38,29287.98
S09482,C09482,R029,D0550,P003,2025-10-04,2025-10-01,Ludhiana,North,16,11753.07
S09483,C09483,R071,D0298,P005,2025-10-06,2025-10-01,Ranchi,East,39,17512.39
S09484,C09484,R051,D0432,P008,2025-10-03,2025-10-01,Jaipur,North,14,4943.87
S09485,C09485,R065,D0470,P006,2025-10-30,2025-10-01,Coimbatore,South,18,9576.34
S09486,C09486,R005,D0598,P001,2025-10-10,2025-10-01,Ludhiana,North,28,20633.16
S09487,C09487,R022,D0165,P004,2025-10-24,2025-10-01,Guwahati,East,29,24569.01
S09488,C09488,R064,D0372,P007,2025-10-06,2025-10-01,Kochi,South,14,8621.99
S09489,C09489,R065,D0486,P003,2025-10-17,2025-10-01,Coimbatore,South,20,13268.5
S09490,C09490,R005,D0742,P005,2025-10-14,2025-10-01,Ludhiana,North,24,10820.12
S09491,C09491,R055,D0696,P008,2025-10-21,2025-10-01,Mumbai,West,18,5605.85
S09492,C09492,R018,D0595,P002,2025-10-31,2025-10-01,Vijayawada,South,20,11636.36
S09493,C09493,R042,D0195,P004,2025-10-21,2025-10-01,Vijayawada,South,20,17936.98
S09494,C09494,R018,D0368,P005,2025-10-22,2025-10-01,Vijayawada,South,27,12712.03
S09495,C09495,R007,D0536,P007,2025-10-09,2025-10-01,Mumbai,West,20,12271.57
S09496,C09496,R008,D0817,P007,2025-10-04,2025-10-01,Pune,West,48,29343.46
S09497,C09497,R066,D0253,P003,2025-10-03,2025-10-01,Vijayawada,South,35,25588.45
S09498,C09498,R061,D0782,P004,2025-10-10,2025-10-01,Bengaluru,South,34,31127.12
S09499,C09499,R049,D0666,P007,2025-10-18,2025-10-01,North Delhi,North,18,12424.03
S09500,C09500,R043,D0526,P007,2025-10-02,2025-10-01,Kolkata,East,25,15843.5
S09501,C09501,R057,D0673,P007,2025-10-09,2025-10-01,Ahmedabad,West,9,5310.94
S09502,C09502,R032,D0642,P006,2025-10-20,2025-10-01,Pune,West,20,10834.33
S09503,C09503,R039,D0563,P003,2025-10-28,2025-10-01,Hyderabad,South,27,17751.55
S09504,C09504,R067,D0586,P003,2025-10-31,2025-10-01,Kolkata,East,11,7813.48
S09505,C09505,R060,D0318,P006,2025-11-08,2025-11-01,Goa,West,25,12319.01
S09506,C09506,R058,D0271,P003,2025-11-04,2025-11-01,Surat,West,31,18838.6
S09507,C09507,R065,D0491,P006,2025-11-18,2025-11-01,Coimbatore,South,24,12302.5
S09508,C09508,R049,D0751,P005,2025-11-29,2025-11-01,North Delhi,North,21,10368.99
S09509,C09509,R066,D0465,P004,2025-11-13,2025-11-01,Vijayawada,South,25,21548.44
S09510,C09510,R052,D0830,P003,2025-11-28,2025-11-01,Lucknow,North,25,16978.38
S09511,C09511,R043,D0586,P007,2025-11-23,2025-11-01,Kolkata,East,14,8252.21
S09512,C09512,R036,D0361,P004,2025-11-27,2025-11-01,Goa,West,16,14912.26
S09513,C09513,R020,D0556,P003,2025-11-29,2025-11-01,Bhubaneswar,East,8,5183.64
S09514,C09514,R041,D0505,P004,2025-11-04,2025-11-01,Coimbatore,South,73,65841.5
S09515,C09515,R053,D0800,P004,2025-11-13,2025-11-01,Ludhiana,North,22,19253.86
S09516,C09516,R010,D0124,P005,2025-11-02,2025-11-01,Surat,West,50,22137.09
S09517,C09517,R070,D0174,P008,2025-11-02,2025-11-01,Guwahati,East,12,3470.85
S09518,C09518,R024,D0160,P003,2025-11-15,2025-11-01,Siliguri,East,22,13576.29
S09519,C09519,R021,D0008,P002,2025-11-20,2025-11-01,Patna,East,12,6389.8
S09520,C09520,R070,D0514,P008,2025-11-27,2025-11-01,Guwahati,East,12,3926.16
S09521,C09521,R001,D0819,P002,2025-11-04,2025-11-01,North Delhi,North,28,16521.62
S09522,C09522,R050,D0628,P008,2025-11-01,2025-11-01,Chandigarh,North,36,11220.59
S09523,C09523,R039,D0011,P002,2025-11-04,2025-11-01,Hyderabad,South,44,23003.29
S09524,C09524,R033,D0317,P003,2025-11-28,2025-11-01,Ahmedabad,West,42,25883.55
S09525,C09525,R071,D0763,P008,2025-11-20,2025-11-01,Ranchi,East,18,6006.4
S09526,C09526,R042,D0064,P002,2025-11-15,2025-11-01,Vijayawada,South,33,18329.18
S09527,C09527,R054,D0587,P002,2025-11-04,2025-11-01,Dehradun,North,29,16010.36
S09528,C09528,R017,D0462,P005,2025-11-12,2025-11-01,Coimbatore,South,17,7954.76
S09529,C09529,R052,D0777,P002,2025-11-04,2025-11-01,Lucknow,North,31,16427.6
S09530,C09530,R054,D0532,P001,2025-11-01,2025-11-01,Dehradun,North,17,14160.65
S09531,C09531,R061,D0398,P006,2025-11-14,2025-11-01,Bengaluru,South,41,20097.97
S09532,C09532,R057,D0677,P008,2025-11-16,2025-11-01,Ahmedabad,West,27,8435.31
S09533,C09533,R027,D0690,P007,2025-11-14,2025-11-01,Jaipur,North,21,12159.05
S09534,C09534,R022,D0441,P008,2025-11-27,2025-11-01,Guwahati,East,25,7948.45
S09535,C09535,R063,D0576,P005,2025-11-28,2025-11-01,Hyderabad,South,29,12822.82
S09536,C09536,R033,D0757,P005,2025-11-04,2025-11-01,Ahmedabad,West,31,13811.25
S09537,C09537,R040,D0438,P008,2025-11-09,2025-11-01,Kochi,South,20,6016.04
S09538,C09538,R059,D0600,P005,2025-11-16,2025-11-01,Nagpur,West,11,4817.51
S09539,C09539,R068,D0355,P001,2025-11-13,2025-11-01,Bhubaneswar,East,18,12910.77
S09540,C09540,R035,D0357,P002,2025-11-14,2025-11-01,Nagpur,West,25,13741.7
S09541,C09541,R065,D0018,P005,2025-11-22,2025-11-01,Coimbatore,South,44,19367.42
S09542,C09542,R005,D0647,P007,2025-11-06,2025-11-01,Ludhiana,North,29,19115.11
S09543,C09543,R019,D0175,P005,2025-11-25,2025-11-01,Kolkata,East,15,7226.71
S09544,C09544,R031,D0696,P004,2025-11-08,2025-11-01,Mumbai,West,39,34830.92
S09545,C09545,R071,D0843,P003,2025-11-11,2025-11-01,Ranchi,East,21,14255.08
S09546,C09546,R067,D0715,P006,2025-11-07,2025-11-01,Kolkata,East,37,19680.0
S09547,C09547,R012,D0164,P008,2025-11-19,2025-11-01,Goa,West,29,9050.35
S09548,C09548,R006,D0603,P003,2025-11-21,2025-11-01,Dehradun,North,26,16985.43
S09549,C09549,R058,D0566,P005,2025-11-19,2025-11-01,Surat,West,22,10665.53
S09550,C09550,R053,D0453,P004,2025-11-15,2025-11-01,Ludhiana,North,13,12231.1
S09551,C09551,R009,D0424,P002,2025-11-10,2025-11-01,Ahmedabad,West,26,13498.57
S09552,C09552,R008,D0433,P004,2025-11-21,2025-11-01,Pune,West,27,26788.59
S09553,C09553,R023,D0280,P001,2025-11-04,2025-11-01,Ranchi,East,30,21817.42
S09554,C09554,R054,D0559,P005,2025-11-10,2025-11-01,Dehradun,North,19,7741.23
S09555,C09555,R065,D0818,P001,2025-11-21,2025-11-01,Coimbatore,South,15,12707.69
S09556,C09556,R009,D0207,P004,2025-11-21,2025-11-01,Ahmedabad,West,36,33207.37
S09557,C09557,R050,D0119,P008,2025-11-09,2025-11-01,Chandigarh,North,21,6782.29
S09558,C09558,R072,D0050,P002,2025-11-11,2025-11-01,Siliguri,East,15,8428.08
S09559,C09559,R023,D0472,P003,2025-11-10,2025-11-01,Ranchi,East,22,14027.04
S09560,C09560,R064,D0331,P006,2025-11-27,2025-11-01,Kochi,South,20,9313.63
S09561,C09561,R056,D0439,P008,2025-11-18,2025-11-01,Pune,West,28,8758.54
S09562,C09562,R026,D0829,P008,2025-11-04,2025-11-01,Chandigarh,North,18,5559.2
S09563,C09563,R056,D0129,P001,2025-11-05,2025-11-01,Pune,West,41,30399.46
S09564,C09564,R029,D0146,P002,2025-11-03,2025-11-01,Ludhiana,North,27,14140.61
S09565,C09565,R010,D0112,P008,2025-11-08,2025-11-01,Surat,West,28,8696.28
S09566,C09566,R057,D0403,P005,2025-11-07,2025-11-01,Ahmedabad,West,14,6288.03
S09567,C09567,R010,D0513,P007,2025-11-14,2025-11-01,Surat,West,20,12432.46
S09568,C09568,R041,D0130,P001,2025-11-23,2025-11-01,Coimbatore,South,36,28863.21
S09569,C09569,R040,D0103,P001,2025-11-27,2025-11-01,Kochi,South,21,16625.32
S09570,C09570,R070,D0066,P002,2025-11-17,2025-11-01,Guwahati,East,31,14613.25
S09571,C09571,R070,D0654,P001,2025-11-24,2025-11-01,Guwahati,East,22,16287.14
S09572,C09572,R040,D0065,P008,2025-11-20,2025-11-01,Kochi,South,19,5774.86
S09573,C09573,R072,D0493,P007,2025-11-10,2025-11-01,Siliguri,East,25,16162.48
S09574,C09574,R025,D0553,P004,2025-11-19,2025-11-01,North Delhi,North,24,20453.85
S09575,C09575,R061,D0036,P001,2025-11-10,2025-11-01,Bengaluru,South,21,14826.14
S09576,C09576,R061,D0379,P001,2025-11-10,2025-11-01,Bengaluru,South,38,30661.09
S09577,C09577,R048,D0180,P003,2025-11-30,2025-11-01,Siliguri,East,27,17901.3
S09578,C09578,R034,D0362,P006,2025-11-28,2025-11-01,Surat,West,30,17223.52
S09579,C09579,R014,D0109,P007,2025-11-20,2025-11-01,Chennai,South,35,19875.64
S09580,C09580,R032,D0605,P005,2025-11-18,2025-11-01,Pune,West,30,13649.62
S09581,C09581,R009,D0757,P008,2025-11-21,2025-11-01,Ahmedabad,West,17,5157.91
S09582,C09582,R006,D0006,P008,2025-11-23,2025-11-01,Dehradun,North,19,5765.32
S09583,C09583,R030,D0544,P007,2025-11-02,2025-11-01,Dehradun,North,9,5264.16
S09584,C09584,R046,D0492,P001,2025-11-11,2025-11-01,Guwahati,East,14,10320.28
S09585,C09585,R062,D0014,P008,2025-11-04,2025-11-01,Chennai,South,15,4844.62
S09586,C09586,R043,D0634,P008,2025-11-16,2025-11-01,Kolkata,East,20,6420.16
S09587,C09587,R056,D0480,P005,2025-11-09,2025-11-01,Pune,West,26,11941.14
S09588,C09588,R066,D0244,P005,2025-11-10,2025-11-01,Vijayawada,South,19,9294.24
S09589,C09589,R022,D0411,P007,2025-11-26,2025-11-01,Guwahati,East,21,13167.47
S09590,C09590,R060,D0624,P005,2025-11-07,2025-11-01,Goa,West,22,10542.74
S09591,C09591,R066,D0437,P003,2025-11-28,2025-11-01,Vijayawada,South,22,14637.2
S09592,C09592,R045,D0669,P006,2025-11-13,2025-11-01,Patna,East,14,7250.38
S09593,C09593,R022,D0058,P007,2025-11-06,2025-11-01,Guwahati,East,34,21702.03
S09594,C09594,R055,D0683,P002,2025-11-05,2025-11-01,Mumbai,West,26,13237.48
S09595,C09595,R068,D0086,P006,2025-11-22,2025-11-01,Bhubaneswar,East,15,7399.81
S09596,C09596,R030,D0603,P002,2025-11-28,2025-11-01,Dehradun,North,20,10839.51
S09597,C09597,R048,D0305,P005,2025-11-27,2025-11-01,Siliguri,East,18,8297.19
S09598,C09598,R008,D0129,P001,2025-11-06,2025-11-01,Pune,West,28,20288.03
S09599,C09599,R008,D0621,P008,2025-11-27,2025-11-01,Pune,West,34,11294.55
S09600,C09600,R049,D0552,P006,2025-11-07,2025-11-01,North Delhi,North,22,12027.54
S09601,C09601,R062,D0549,P004,2025-11-14,2025-11-01,Chennai,South,20,19013.65
S09602,C09602,R048,D0312,P005,2025-11-01,2025-11-01,Siliguri,East,20,8881.1
S09603,C09603,R008,D0265,P005,2025-11-08,2025-11-01,Pune,West,29,13906.9
S09604,C09604,R064,D0534,P001,2025-11-10,2025-11-01,Kochi,South,34,25985.39
S09605,C09605,R004,D0200,P005,2025-11-29,2025-11-01,Lucknow,North,15,6924.32
S09606,C09606,R011,D0691,P006,2025-11-09,2025-11-01,Nagpur,West,20,10762.05
S09607,C09607,R052,D0557,P003,2025-11-09,2025-11-01,Lucknow,North,16,11267.86
S09608,C09608,R005,D0846,P004,2025-11-09,2025-11-01,Ludhiana,North,34,29591.25
S09609,C09609,R010,D0038,P003,2025-11-08,2025-11-01,Surat,West,15,9642.95
S09610,C09610,R058,D0410,P002,2025-11-17,2025-11-01,Surat,West,28,16252.73
S09611,C09611,R035,D0507,P008,2025-11-07,2025-11-01,Nagpur,West,23,7322.86
S09612,C09612,R068,D0722,P005,2025-11-09,2025-11-01,Bhubaneswar,East,12,4691.81
S09613,C09613,R043,D0359,P004,2025-11-16,2025-11-01,Kolkata,East,19,17281.99
S09614,C09614,R033,D0836,P003,2025-11-23,2025-11-01,Ahmedabad,West,34,21540.88
S09615,C09615,R003,D0192,P006,2025-11-04,2025-11-01,Jaipur,North,39,19607.3
S09616,C09616,R018,D0675,P001,2025-11-11,2025-11-01,Vijayawada,South,26,20881.47
S09617,C09617,R063,D0387,P005,2025-11-18,2025-11-01,Hyderabad,South,16,6679.59
S09618,C09618,R024,D0729,P002,2025-11-28,2025-11-01,Siliguri,East,13,7288.25
S09619,C09619,R064,D0309,P008,2025-11-29,2025-11-01,Kochi,South,35,10351.54
S09620,C09620,R069,D0213,P007,2025-11-27,2025-11-01,Patna,East,23,13508.94
S09621,C09621,R013,D0398,P007,2025-11-16,2025-11-01,Bengaluru,South,37,22929.06
S09622,C09622,R023,D0447,P002,2025-11-03,2025-11-01,Ranchi,East,16,8108.45
S09623,C09623,R064,D0105,P001,2025-11-29,2025-11-01,Kochi,South,29,21232.3
S09624,C09624,R013,D0489,P004,2025-11-19,2025-11-01,Bengaluru,South,31,28052.11
S09625,C09625,R027,D0281,P003,2025-11-28,2025-11-01,Jaipur,North,18,12194.42
S09626,C09626,R008,D0173,P006,2025-11-28,2025-11-01,Pune,West,23,11625.79
S09627,C09627,R069,D0386,P006,2025-11-24,2025-11-01,Patna,East,11,5783.78
S09628,C09628,R055,D0588,P004,2025-11-13,2025-11-01,Mumbai,West,24,25662.27
S09629,C09629,R020,D0034,P002,2025-11-19,2025-11-01,Bhubaneswar,East,16,7996.39
S09630,C09630,R070,D0802,P003,2025-11-21,2025-11-01,Guwahati,East,18,10549.81
S09631,C09631,R010,D0423,P005,2025-11-27,2025-11-01,Surat,West,34,16518.49
S09632,C09632,R029,D0233,P003,2025-11-07,2025-11-01,Ludhiana,North,15,9314.63
S09633,C09633,R015,D0585,P003,2025-11-17,2025-11-01,Hyderabad,South,16,10755.12
S09634,C09634,R019,D0712,P002,2025-11-18,2025-11-01,Kolkata,East,20,11127.86
S09635,C09635,R046,D0821,P001,2025-11-07,2025-11-01,Guwahati,East,16,12458.37
S09636,C09636,R063,D0695,P005,2025-11-13,2025-11-01,Hyderabad,South,20,9327.81
S09637,C09637,R041,D0163,P008,2025-11-28,2025-11-01,Coimbatore,South,30,10420.47
S09638,C09638,R068,D0314,P008,2025-11-01,2025-11-01,Bhubaneswar,East,16,4963.28
S09639,C09639,R021,D0206,P008,2025-11-16,2025-11-01,Patna,East,24,8170.28
S09640,C09640,R028,D0719,P006,2025-11-19,2025-11-01,Lucknow,North,26,12391.51
S09641,C09641,R059,D0342,P006,2025-11-28,2025-11-01,Nagpur,West,26,13492.68
S09642,C09642,R046,D0243,P001,2025-11-09,2025-11-01,Guwahati,East,16,12783.76
S09643,C09643,R062,D0752,P002,2025-11-12,2025-11-01,Chennai,South,13,6993.21
S09644,C09644,R016,D0237,P006,2025-11-03,2025-11-01,Kochi,South,13,6951.62
S09645,C09645,R009,D0328,P008,2025-11-11,2025-11-01,Ahmedabad,West,25,8017.31
S09646,C09646,R068,D0336,P008,2025-11-30,2025-11-01,Bhubaneswar,East,16,5205.12
S09647,C09647,R011,D0342,P006,2025-11-23,2025-11-01,Nagpur,West,48,23615.9
S09648,C09648,R012,D0539,P001,2025-11-13,2025-11-01,Goa,West,19,14080.31
S09649,C09649,R007,D0651,P008,2025-11-20,2025-11-01,Mumbai,West,36,10930.62
S09650,C09650,R007,D0343,P003,2025-11-29,2025-11-01,Mumbai,West,23,14714.72
S09651,C09651,R054,D0059,P001,2025-11-14,2025-11-01,Dehradun,North,25,18250.83
S09652,C09652,R004,D0454,P007,2025-11-09,2025-11-01,Lucknow,North,13,8670.55
S09653,C09653,R023,D0447,P002,2025-11-27,2025-11-01,Ranchi,East,25,13292.08
S09654,C09654,R024,D0520,P003,2025-11-26,2025-11-01,Siliguri,East,19,12534.3
S09655,C09655,R043,D0399,P006,2025-11-16,2025-11-01,Kolkata,East,13,6249.52
S09656,C09656,R003,D0671,P008,2025-11-01,2025-11-01,Jaipur,North,34,11992.15
S09657,C09657,R063,D0494,P008,2025-11-01,2025-11-01,Hyderabad,South,41,12952.87
S09658,C09658,R057,D0706,P002,2025-11-04,2025-11-01,Ahmedabad,West,26,13626.41
S09659,C09659,R044,D0646,P002,2025-11-21,2025-11-01,Bhubaneswar,East,18,9478.43
S09660,C09660,R007,D0461,P007,2025-11-06,2025-11-01,Mumbai,West,17,10260.6
S09661,C09661,R039,D0223,P003,2025-11-02,2025-11-01,Hyderabad,South,27,17549.3
S09662,C09662,R038,D0473,P001,2025-11-21,2025-11-01,Chennai,South,22,16005.17
S09663,C09663,R047,D0515,P005,2025-11-15,2025-11-01,Ranchi,East,40,19191.39
S09664,C09664,R017,D0491,P006,2025-11-16,2025-11-01,Coimbatore,South,16,7705.54
S09665,C09665,R067,D0449,P008,2025-11-06,2025-11-01,Kolkata,East,19,6326.07
S09666,C09666,R061,D0252,P004,2025-11-07,2025-11-01,Bengaluru,South,17,14123.57
S09667,C09667,R067,D0076,P007,2025-11-08,2025-11-01,Kolkata,East,28,17227.94
S09668,C09668,R019,D0359,P005,2025-11-20,2025-11-01,Kolkata,East,28,12220.31
S09669,C09669,R061,D0701,P008,2025-11-30,2025-11-01,Bengaluru,South,18,5550.4
S09670,C09670,R028,D0560,P004,2025-11-28,2025-11-01,Lucknow,North,30,27342.2
S09671,C09671,R029,D0718,P006,2025-11-04,2025-11-01,Ludhiana,North,12,6481.37
S09672,C09672,R049,D0666,P008,2025-11-21,2025-11-01,North Delhi,North,21,7332.37
S09673,C09673,R038,D0754,P008,2025-11-23,2025-11-01,Chennai,South,32,10431.02
S09674,C09674,R009,D0207,P004,2025-11-02,2025-11-01,Ahmedabad,West,36,32031.26
S09675,C09675,R012,D0704,P005,2025-11-20,2025-11-01,Goa,West,23,10070.41
S09676,C09676,R021,D0009,P005,2025-11-14,2025-11-01,Patna,East,21,8795.73
S09677,C09677,R071,D0187,P001,2025-11-06,2025-11-01,Ranchi,East,16,12867.09
S09678,C09678,R040,D0065,P002,2025-11-24,2025-11-01,Kochi,South,24,12795.8
S09679,C09679,R001,D0388,P006,2025-11-29,2025-11-01,North Delhi,North,17,8673.92
S09680,C09680,R021,D0084,P001,2025-11-18,2025-11-01,Patna,East,34,25992.0
S09681,C09681,R060,D0318,P005,2025-11-07,2025-11-01,Goa,West,23,10200.23
S09682,C09682,R011,D0093,P004,2025-11-13,2025-11-01,Nagpur,West,18,16562.0
S09683,C09683,R035,D0037,P004,2025-11-16,2025-11-01,Nagpur,West,31,29941.96
S09684,C09684,R005,D0444,P007,2025-11-28,2025-11-01,Ludhiana,North,36,20642.57
S09685,C09685,R025,D0346,P003,2025-11-24,2025-11-01,North Delhi,North,32,19141.04
S09686,C09686,R045,D0293,P007,2025-11-21,2025-11-01,Patna,East,23,13865.17
S09687,C09687,R003,D0226,P007,2025-11-23,2025-11-01,Jaipur,North,14,8233.52
S09688,C09688,R005,D0382,P008,2025-11-21,2025-11-01,Ludhiana,North,45,15252.25
S09689,C09689,R050,D0003,P007,2025-11-10,2025-11-01,Chandigarh,North,20,12508.7
S09690,C09690,R036,D0376,P005,2025-11-05,2025-11-01,Goa,West,30,15107.97
S09691,C09691,R035,D0732,P003,2025-11-26,2025-11-01,Nagpur,West,43,29909.42
S09692,C09692,R055,D0168,P007,2025-11-17,2025-11-01,Mumbai,West,26,15943.1
S09693,C09693,R020,D0273,P008,2025-11-29,2025-11-01,Bhubaneswar,East,18,5802.5
S09694,C09694,R015,D0585,P003,2025-11-21,2025-11-01,Hyderabad,South,38,25570.67
S09695,C09695,R054,D0532,P003,2025-11-15,2025-11-01,Dehradun,North,20,12599.31
S09696,C09696,R013,D0199,P004,2025-11-20,2025-11-01,Bengaluru,South,50,45468.35
S09697,C09697,R011,D0687,P001,2025-11-20,2025-11-01,Nagpur,West,24,20002.89
S09698,C09698,R051,D0226,P003,2025-11-30,2025-11-01,Jaipur,North,20,12783.0
S09699,C09699,R046,D0464,P002,2025-11-11,2025-11-01,Guwahati,East,27,14403.7
S09700,C09700,R029,D0497,P007,2025-11-12,2025-11-01,Ludhiana,North,30,18900.89
S09701,C09701,R014,D0110,P004,2025-11-11,2025-11-01,Chennai,South,56,53575.2
S09702,C09702,R019,D0670,P005,2025-11-04,2025-11-01,Kolkata,East,19,8415.63
S09703,C09703,R051,D0615,P001,2025-11-15,2025-11-01,Jaipur,North,18,14211.66
S09704,C09704,R043,D0140,P005,2025-11-14,2025-11-01,Kolkata,East,13,5970.64
S09705,C09705,R019,D0670,P006,2025-11-06,2025-11-01,Kolkata,East,16,8048.18
S09706,C09706,R025,D0573,P006,2025-11-25,2025-11-01,North Delhi,North,27,12490.07
S09707,C09707,R062,D0693,P007,2025-11-21,2025-11-01,Chennai,South,22,12920.65
S09708,C09708,R019,D0702,P001,2025-11-08,2025-11-01,Kolkata,East,18,13178.27
S09709,C09709,R036,D0282,P005,2025-11-05,2025-11-01,Goa,West,24,10965.78
S09710,C09710,R018,D0750,P004,2025-11-19,2025-11-01,Vijayawada,South,33,28704.71
S09711,C09711,R048,D0050,P008,2025-11-01,2025-11-01,Siliguri,East,18,5417.5
S09712,C09712,R057,D0287,P006,2025-11-05,2025-11-01,Ahmedabad,West,13,6541.71
S09713,C09713,R059,D0555,P008,2025-11-14,2025-11-01,Nagpur,West,34,11894.91
S09714,C09714,R023,D0404,P001,2025-11-30,2025-11-01,Ranchi,East,19,14328.76
S09715,C09715,R016,D0309,P004,2025-11-03,2025-11-01,Kochi,South,20,17454.94
S09716,C09716,R051,D0166,P006,2025-11-16,2025-11-01,Jaipur,North,31,15631.24
S09717,C09717,R059,D0668,P001,2025-11-17,2025-11-01,Nagpur,West,16,12025.5
S09718,C09718,R017,D0635,P006,2025-11-08,2025-11-01,Coimbatore,South,24,11274.49
S09719,C09719,R004,D0458,P002,2025-11-16,2025-11-01,Lucknow,North,33,19432.07
S09720,C09720,R034,D0367,P001,2025-11-20,2025-11-01,Surat,West,17,12046.1
S09721,C09721,R032,D0633,P006,2025-11-05,2025-11-01,Pune,West,22,10258.32
S09722,C09722,R009,D0214,P004,2025-11-29,2025-11-01,Ahmedabad,West,49,45242.95
S09723,C09723,R014,D0786,P004,2025-11-08,2025-11-01,Chennai,South,58,46330.82
S09724,C09724,R051,D0138,P003,2025-11-12,2025-11-01,Jaipur,North,24,16450.64
S09725,C09725,R017,D0491,P006,2025-11-01,2025-11-01,Coimbatore,South,18,9575.28
S09726,C09726,R046,D0243,P005,2025-11-18,2025-11-01,Guwahati,East,15,6623.46
S09727,C09727,R072,D0726,P006,2025-11-18,2025-11-01,Siliguri,East,7,3577.42
S09728,C09728,R018,D0210,P007,2025-11-04,2025-11-01,Vijayawada,South,19,11560.74
S09729,C09729,R066,D0437,P005,2025-11-09,2025-11-01,Vijayawada,South,21,9271.09
S09730,C09730,R068,D0273,P001,2025-11-24,2025-11-01,Bhubaneswar,East,12,9072.07
S09731,C09731,R065,D0130,P002,2025-11-22,2025-11-01,Coimbatore,South,31,16608.64
S09732,C09732,R047,D0327,P008,2025-11-10,2025-11-01,Ranchi,East,38,11876.06
S09733,C09733,R058,D0640,P003,2025-11-19,2025-11-01,Surat,West,17,11542.95
S09734,C09734,R070,D0176,P004,2025-11-23,2025-11-01,Guwahati,East,36,31799.16
S09735,C09735,R004,D0557,P004,2025-11-12,2025-11-01,Lucknow,North,31,28212.59
S09736,C09736,R060,D0528,P008,2025-11-06,2025-11-01,Goa,West,39,12238.02
S09737,C09737,R003,D0825,P007,2025-11-01,2025-11-01,Jaipur,North,27,16997.14
S09738,C09738,R036,D0268,P004,2025-11-29,2025-11-01,Goa,West,23,21374.65
S09739,C09739,R001,D0219,P006,2025-11-10,2025-11-01,North Delhi,North,14,6433.2
S09740,C09740,R041,D0725,P005,2025-11-25,2025-11-01,Coimbatore,South,23,10780.04
S09741,C09741,R003,D0226,P006,2025-11-10,2025-11-01,Jaipur,North,13,6399.73
S09742,C09742,R013,D0117,P008,2025-11-22,2025-11-01,Bengaluru,South,35,10954.28
S09743,C09743,R031,D0748,P006,2025-11-10,2025-11-01,Mumbai,West,69,35740.72
S09744,C09744,R024,D0612,P001,2025-11-19,2025-11-01,Siliguri,East,41,32175.8
S09745,C09745,R030,D0060,P005,2025-11-29,2025-11-01,Dehradun,North,25,11365.67
S09746,C09746,R002,D0762,P007,2025-11-23,2025-11-01,Chandigarh,North,22,13863.7
S09747,C09747,R005,D0598,P001,2025-11-05,2025-11-01,Ludhiana,North,21,16526.82
S09748,C09748,R042,D0229,P003,2025-11-16,2025-11-01,Vijayawada,South,26,16509.34
S09749,C09749,R022,D0441,P002,2025-11-09,2025-11-01,Guwahati,East,20,11393.29
S09750,C09750,R067,D0172,P006,2025-11-07,2025-11-01,Kolkata,East,19,10205.75
S09751,C09751,R034,D0111,P002,2025-11-25,2025-11-01,Surat,West,8,4322.87
S09752,C09752,R039,D0114,P005,2025-11-30,2025-11-01,Hyderabad,South,31,13861.86
S09753,C09753,R031,D0202,P001,2025-11-28,2025-11-01,Mumbai,West,24,17997.97
S09754,C09754,R056,D0502,P008,2025-11-26,2025-11-01,Pune,West,26,9015.93
S09755,C09755,R031,D0696,P003,2025-11-15,2025-11-01,Mumbai,West,30,19617.57
S09756,C09756,R053,D0444,P004,2025-11-16,2025-11-01,Ludhiana,North,29,25997.88
S09757,C09757,R026,D0003,P007,2025-11-17,2025-11-01,Chandigarh,North,22,13703.32
S09758,C09758,R032,D0433,P004,2025-11-23,2025-11-01,Pune,West,23,17642.68
S09759,C09759,R043,D0634,P001,2025-11-02,2025-11-01,Kolkata,East,20,14885.6
S09760,C09760,R027,D0714,P008,2025-11-25,2025-11-01,Jaipur,North,31,11011.98
S09761,C09761,R014,D0602,P001,2025-11-25,2025-11-01,Chennai,South,36,24153.21
S09762,C09762,R038,D0325,P004,2025-11-30,2025-11-01,Chennai,South,13,10704.33
S09763,C09763,R027,D0616,P001,2025-11-18,2025-11-01,Jaipur,North,35,26686.37
S09764,C09764,R045,D0009,P006,2025-11-14,2025-11-01,Patna,East,20,9694.0
S09765,C09765,R002,D0329,P003,2025-11-15,2025-11-01,Chandigarh,North,20,12704.4
S09766,C09766,R014,D0469,P008,2025-11-19,2025-11-01,Chennai,South,39,11759.2
S09767,C09767,R002,D0003,P002,2025-11-10,2025-11-01,Chandigarh,North,14,7495.01
S09768,C09768,R027,D0040,P006,2025-11-24,2025-11-01,Jaipur,North,20,10382.15
S09769,C09769,R063,D0695,P001,2025-11-14,2025-11-01,Hyderabad,South,16,12729.98
S09770,C09770,R023,D0182,P001,2025-11-09,2025-11-01,Ranchi,East,29,21690.44
S09771,C09771,R018,D0092,P003,2025-11-23,2025-11-01,Vijayawada,South,18,12457.7
S09772,C09772,R002,D0582,P008,2025-11-11,2025-11-01,Chandigarh,North,19,6123.47
S09773,C09773,R067,D0218,P008,2025-11-03,2025-11-01,Kolkata,East,13,4382.79
S09774,C09774,R055,D0842,P005,2025-11-16,2025-11-01,Mumbai,West,30,13998.89
S09775,C09775,R052,D0781,P003,2025-11-16,2025-11-01,Lucknow,North,36,23449.26
S09776,C09776,R001,D0751,P003,2025-11-09,2025-11-01,North Delhi,North,12,7826.2
S09777,C09777,R071,D0260,P002,2025-11-02,2025-11-01,Ranchi,East,21,11539.74
S09778,C09778,R014,D0752,P003,2025-11-15,2025-11-01,Chennai,South,38,26663.08
S09779,C09779,R031,D0292,P004,2025-11-24,2025-11-01,Mumbai,West,23,20598.07
S09780,C09780,R034,D0124,P006,2025-11-25,2025-11-01,Surat,West,11,5668.62
S09781,C09781,R052,D0783,P002,2025-11-07,2025-11-01,Lucknow,North,23,12770.94
S09782,C09782,R029,D0647,P001,2025-11-13,2025-11-01,Ludhiana,North,33,23455.54
S09783,C09783,R003,D0080,P005,2025-11-28,2025-11-01,Jaipur,North,13,5552.32
S09784,C09784,R020,D0756,P002,2025-11-11,2025-11-01,Bhubaneswar,East,10,5458.81
S09785,C09785,R036,D0149,P004,2025-11-15,2025-11-01,Goa,West,15,12711.72
S09786,C09786,R037,D0601,P006,2025-11-21,2025-11-01,Bengaluru,South,28,14091.41
S09787,C09787,R007,D0459,P008,2025-11-14,2025-11-01,Mumbai,West,29,9273.8
S09788,C09788,R031,D0010,P005,2025-11-26,2025-11-01,Mumbai,West,49,25259.1
S09789,C09789,R056,D0633,P008,2025-11-11,2025-11-01,Pune,West,31,9832.34
S09790,C09790,R050,D0664,P003,2025-11-15,2025-11-01,Chandigarh,North,29,17116.64
S09791,C09791,R005,D0816,P006,2025-11-16,2025-11-01,Ludhiana,North,25,12879.99
S09792,C09792,R062,D0487,P008,2025-11-23,2025-11-01,Chennai,South,35,11769.8
S09793,C09793,R060,D0745,P002,2025-11-11,2025-11-01,Goa,West,38,21066.22
S09794,C09794,R022,D0796,P006,2025-11-09,2025-11-01,Guwahati,East,40,20874.0
S09795,C09795,R064,D0831,P004,2025-11-11,2025-11-01,Kochi,South,49,42003.41
S09796,C09796,R048,D0467,P008,2025-11-07,2025-11-01,Siliguri,East,32,10024.74
S09797,C09797,R018,D0020,P003,2025-11-06,2025-11-01,Vijayawada,South,38,24015.25
S09798,C09798,R037,D0252,P008,2025-11-25,2025-11-01,Bengaluru,South,25,7706.0
S09799,C09799,R055,D0547,P007,2025-11-11,2025-11-01,Mumbai,West,18,10865.59
S09800,C09800,R015,D0108,P006,2025-11-09,2025-11-01,Hyderabad,South,26,13870.02
S09801,C09801,R016,D0103,P001,2025-11-25,2025-11-01,Kochi,South,21,18739.42
S09802,C09802,R048,D0312,P001,2025-11-24,2025-11-01,Siliguri,East,19,14928.61
S09803,C09803,R015,D0795,P006,2025-11-08,2025-11-01,Hyderabad,South,19,9951.87
S09804,C09804,R035,D0342,P004,2025-11-10,2025-11-01,Nagpur,West,43,33654.24
S09805,C09805,R049,D0793,P003,2025-11-25,2025-11-01,North Delhi,North,22,14200.79
S09806,C09806,R044,D0684,P007,2025-11-09,2025-11-01,Bhubaneswar,East,19,12477.62
S09807,C09807,R053,D0241,P004,2025-11-26,2025-11-01,Ludhiana,North,30,26824.96
S09808,C09808,R026,D0201,P004,2025-11-19,2025-11-01,Chandigarh,North,20,17706.62
S09809,C09809,R028,D0658,P003,2025-11-20,2025-11-01,Lucknow,North,24,18137.51
S09810,C09810,R042,D0595,P008,2025-11-17,2025-11-01,Vijayawada,South,16,5424.58
S09811,C09811,R062,D0504,P003,2025-11-01,2025-11-01,Chennai,South,22,15080.2
S09812,C09812,R008,D0834,P003,2025-11-25,2025-11-01,Pune,West,26,17105.39
S09813,C09813,R016,D0073,P006,2025-11-17,2025-11-01,Kochi,South,21,10855.66
S09814,C09814,R069,D0283,P001,2025-11-06,2025-11-01,Patna,East,19,16404.19
S09815,C09815,R042,D0417,P005,2025-11-25,2025-11-01,Vijayawada,South,34,17385.69
S09816,C09816,R045,D0009,P005,2025-11-09,2025-11-01,Patna,East,20,8952.8
S09817,C09817,R063,D0844,P002,2025-11-11,2025-11-01,Hyderabad,South,44,21830.83
S09818,C09818,R047,D0472,P007,2025-11-20,2025-11-01,Ranchi,East,24,14676.16
S09819,C09819,R024,D0289,P001,2025-11-09,2025-11-01,Siliguri,East,17,13766.33
S09820,C09820,R066,D0210,P008,2025-11-01,2025-11-01,Vijayawada,South,9,3140.1
S09821,C09821,R033,D0035,P007,2025-11-10,2025-11-01,Ahmedabad,West,36,21844.7
S09822,C09822,R021,D0499,P002,2025-11-21,2025-11-01,Patna,East,12,6367.03
S09823,C09823,R020,D0847,P004,2025-11-13,2025-11-01,Bhubaneswar,East,13,12213.3
S09824,C09824,R041,D0018,P002,2025-11-22,2025-11-01,Coimbatore,South,37,19057.96
S09825,C09825,R007,D0456,P005,2025-11-03,2025-11-01,Mumbai,West,29,13181.62
S09826,C09826,R072,D0520,P003,2025-11-08,2025-11-01,Siliguri,East,10,6601.81
S09827,C09827,R013,D0272,P004,2025-11-08,2025-11-01,Bengaluru,South,20,17736.22
S09828,C09828,R047,D0516,P008,2025-11-02,2025-11-01,Ranchi,East,20,6809.35
S09829,C09829,R026,D0681,P005,2025-11-20,2025-11-01,Chandigarh,North,44,20781.95
S09830,C09830,R004,D0783,P007,2025-11-07,2025-11-01,Lucknow,North,42,24927.82
S09831,C09831,R049,D0553,P006,2025-11-15,2025-11-01,North Delhi,North,21,10584.01
S09832,C09832,R018,D0481,P004,2025-11-30,2025-11-01,Vijayawada,South,40,40580.05
S09833,C09833,R053,D0241,P001,2025-11-08,2025-11-01,Ludhiana,North,24,17368.74
S09834,C09834,R025,D0094,P001,2025-11-06,2025-11-01,North Delhi,North,21,14841.51
S09835,C09835,R066,D0072,P005,2025-11-28,2025-11-01,Vijayawada,South,24,10354.82
S09836,C09836,R017,D0053,P005,2025-11-11,2025-11-01,Coimbatore,South,16,7471.9
S09837,C09837,R015,D0743,P005,2025-11-09,2025-11-01,Hyderabad,South,35,17015.23
S09838,C09838,R051,D0071,P007,2025-11-22,2025-11-01,Jaipur,North,19,11523.32
S09839,C09839,R037,D0308,P001,2025-11-04,2025-11-01,Bengaluru,South,26,19708.12
S09840,C09840,R069,D0499,P006,2025-11-12,2025-11-01,Patna,East,16,7860.31
S09841,C09841,R058,D0490,P006,2025-11-06,2025-11-01,Surat,West,28,13042.63
S09842,C09842,R026,D0119,P006,2025-11-27,2025-11-01,Chandigarh,North,11,6058.63
S09843,C09843,R030,D0744,P002,2025-11-09,2025-11-01,Dehradun,North,22,11759.71
S09844,C09844,R059,D0420,P004,2025-11-18,2025-11-01,Nagpur,West,33,29696.8
S09845,C09845,R038,D0014,P001,2025-11-16,2025-11-01,Chennai,South,22,17891.79
S09846,C09846,R034,D0098,P002,2025-11-15,2025-11-01,Surat,West,13,7506.78
S09847,C09847,R006,D0744,P007,2025-11-02,2025-11-01,Dehradun,North,22,13268.44
S09848,C09848,R041,D0788,P005,2025-11-08,2025-11-01,Coimbatore,South,33,14487.68
S09849,C09849,R035,D0626,P007,2025-11-26,2025-11-01,Nagpur,West,21,12796.16
S09850,C09850,R047,D0284,P006,2025-11-17,2025-11-01,Ranchi,East,46,23305.53
S09851,C09851,R010,D0755,P002,2025-11-27,2025-11-01,Surat,West,20,10498.79
S09852,C09852,R042,D0229,P007,2025-11-17,2025-11-01,Vijayawada,South,27,15430.53
S09853,C09853,R067,D0172,P006,2025-11-10,2025-11-01,Kolkata,East,25,12998.04
S09854,C09854,R004,D0584,P002,2025-11-11,2025-11-01,Lucknow,North,22,12667.23
S09855,C09855,R061,D0251,P001,2025-11-24,2025-11-01,Bengaluru,South,29,24601.23
S09856,C09856,R050,D0375,P007,2025-11-08,2025-11-01,Chandigarh,North,23,13499.38
S09857,C09857,R059,D0574,P006,2025-11-18,2025-11-01,Nagpur,West,22,12206.62
S09858,C09858,R025,D0113,P001,2025-11-29,2025-11-01,North Delhi,North,12,8844.92
S09859,C09859,R026,D0810,P004,2025-11-26,2025-11-01,Chandigarh,North,23,20622.73
S09860,C09860,R006,D0161,P008,2025-11-12,2025-11-01,Dehradun,North,26,8754.95
S09861,C09861,R072,D0738,P007,2025-11-09,2025-11-01,Siliguri,East,21,13163.89
S09862,C09862,R044,D0330,P007,2025-11-19,2025-11-01,Bhubaneswar,East,9,5877.59
S09863,C09863,R056,D0419,P004,2025-11-19,2025-11-01,Pune,West,27,22798.72
S09864,C09864,R029,D0233,P001,2025-11-22,2025-11-01,Ludhiana,North,12,9274.54
S09865,C09865,R021,D0448,P003,2025-11-03,2025-11-01,Patna,East,28,18292.35
S09866,C09866,R057,D0035,P006,2025-11-17,2025-11-01,Ahmedabad,West,22,11859.09
S09867,C09867,R027,D0159,P007,2025-11-01,2025-11-01,Jaipur,North,43,25926.48
S09868,C09868,R013,D0341,P006,2025-11-30,2025-11-01,Bengaluru,South,20,10319.2
S09869,C09869,R045,D0518,P001,2025-11-27,2025-11-01,Patna,East,20,15398.53
S09870,C09870,R002,D0829,P005,2025-11-23,2025-11-01,Chandigarh,North,17,7961.52
S09871,C09871,R034,D0692,P002,2025-11-09,2025-11-01,Surat,West,25,12992.95
S09872,C09872,R038,D0754,P005,2025-11-23,2025-11-01,Chennai,South,46,19975.57
S09873,C09873,R012,D0759,P004,2025-11-14,2025-11-01,Goa,West,14,12149.32
S09874,C09874,R001,D0672,P005,2025-11-20,2025-11-01,North Delhi,North,12,5266.58
S09875,C09875,R069,D0246,P005,2025-11-07,2025-11-01,Patna,East,21,9562.05
S09876,C09876,R030,D0794,P006,2025-11-15,2025-11-01,Dehradun,North,23,12188.49
S09877,C09877,R053,D0833,P001,2025-11-27,2025-11-01,Ludhiana,North,38,27657.75
S09878,C09878,R022,D0418,P008,2025-11-06,2025-11-01,Guwahati,East,30,9401.34
S09879,C09879,R036,D0139,P005,2025-11-12,2025-11-01,Goa,West,27,13767.78
S09880,C09880,R065,D0046,P005,2025-11-09,2025-11-01,Coimbatore,South,24,10049.27
S09881,C09881,R072,D0389,P004,2025-11-06,2025-11-01,Siliguri,East,24,20167.11
S09882,C09882,R042,D0437,P001,2025-11-12,2025-11-01,Vijayawada,South,24,19002.85
S09883,C09883,R017,D0486,P006,2025-11-19,2025-11-01,Coimbatore,South,16,7505.6
S09884,C09884,R044,D0756,P003,2025-11-02,2025-11-01,Bhubaneswar,East,13,8523.78
S09885,C09885,R039,D0415,P008,2025-11-07,2025-11-01,Hyderabad,South,39,13523.98
S09886,C09886,R032,D0605,P006,2025-11-25,2025-11-01,Pune,West,35,17291.42
S09887,C09887,R001,D0672,P004,2025-11-08,2025-11-01,North Delhi,North,17,14452.53
S09888,C09888,R057,D0811,P001,2025-11-11,2025-11-01,Ahmedabad,West,21,15046.43
S09889,C09889,R051,D0594,P005,2025-11-21,2025-11-01,Jaipur,North,14,6156.32
S09890,C09890,R069,D0448,P007,2025-11-23,2025-11-01,Patna,East,19,11450.7
S09891,C09891,R006,D0060,P004,2025-11-29,2025-11-01,Dehradun,North,31,30534.8
S09892,C09892,R049,D0609,P006,2025-11-05,2025-11-01,North Delhi,North,23,11620.55
S09893,C09893,R002,D0184,P001,2025-11-23,2025-11-01,Chandigarh,North,24,18589.67
S09894,C09894,R033,D0317,P004,2025-11-22,2025-11-01,Ahmedabad,West,39,34625.49
S09895,C09895,R032,D0480,P007,2025-11-04,2025-11-01,Pune,West,16,9334.1
S09896,C09896,R028,D0048,P004,2025-11-27,2025-11-01,Lucknow,North,19,14914.24
S09897,C09897,R033,D0673,P008,2025-11-10,2025-11-01,Ahmedabad,West,21,7204.86
S09898,C09898,R037,D0209,P004,2025-11-13,2025-11-01,Bengaluru,South,33,30256.34
S09899,C09899,R012,D0427,P007,2025-11-24,2025-11-01,Goa,West,14,9014.14
S09900,C09900,R039,D0235,P006,2025-11-16,2025-11-01,Hyderabad,South,25,12899.67
S09901,C09901,R050,D0303,P008,2025-11-09,2025-11-01,Chandigarh,North,10,3385.41
S09902,C09902,R038,D0347,P005,2025-11-10,2025-11-01,Chennai,South,51,21649.48
S09903,C09903,R028,D0045,P004,2025-11-23,2025-11-01,Lucknow,North,26,23198.66
S09904,C09904,R039,D0179,P003,2025-11-06,2025-11-01,Hyderabad,South,14,9478.4
S09905,C09905,R046,D0650,P006,2025-11-15,2025-11-01,Guwahati,East,23,12503.3
S09906,C09906,R045,D0084,P008,2025-11-23,2025-11-01,Patna,East,30,9799.77
S09907,C09907,R030,D0525,P002,2025-11-27,2025-11-01,Dehradun,North,19,10473.91
S09908,C09908,R037,D0075,P008,2025-11-25,2025-11-01,Bengaluru,South,27,8737.67
S09909,C09909,R071,D0447,P008,2025-11-11,2025-11-01,Ranchi,East,17,5037.9
S09910,C09910,R071,D0516,P007,2025-11-06,2025-11-01,Ranchi,East,27,15981.18
S09911,C09911,R024,D0389,P005,2025-11-29,2025-11-01,Siliguri,East,35,15693.76
S09912,C09912,R047,D0639,P007,2025-11-18,2025-11-01,Ranchi,East,33,20968.56
S09913,C09913,R032,D0265,P003,2025-11-13,2025-11-01,Pune,West,24,16246.92
S09914,C09914,R052,D0413,P006,2025-11-28,2025-11-01,Lucknow,North,64,35097.96
S09915,C09915,R058,D0185,P007,2025-11-22,2025-11-01,Surat,West,27,16871.93
S09916,C09916,R040,D0436,P007,2025-11-15,2025-11-01,Kochi,South,29,17501.4
S09917,C09917,R054,D0060,P005,2025-11-06,2025-11-01,Dehradun,North,31,15174.44
S09918,C09918,R011,D0269,P004,2025-11-03,2025-11-01,Nagpur,West,31,25873.52
S09919,C09919,R064,D0581,P008,2025-11-16,2025-11-01,Kochi,South,29,9145.03
S09920,C09920,R037,D0663,P006,2025-11-04,2025-11-01,Bengaluru,South,34,16518.94
S09921,C09921,R012,D0164,P007,2025-11-10,2025-11-01,Goa,West,32,18426.08
S09922,C09922,R007,D0343,P005,2025-11-21,2025-11-01,Mumbai,West,23,10005.13
S09923,C09923,R016,D0344,P008,2025-11-01,2025-11-01,Kochi,South,16,4950.66
S09924,C09924,R016,D0335,P004,2025-11-30,2025-11-01,Kochi,South,18,16172.47
S09925,C09925,R015,D0844,P005,2025-11-14,2025-11-01,Hyderabad,South,60,27116.12
S09926,C09926,R006,D0603,P007,2025-11-27,2025-11-01,Dehradun,North,25,15448.04
S09927,C09927,R020,D0355,P005,2025-11-06,2025-11-01,Bhubaneswar,East,13,6046.13
S09928,C09928,R011,D0428,P002,2025-11-14,2025-11-01,Nagpur,West,21,10015.04
S09929,C09929,R044,D0511,P007,2025-11-29,2025-11-01,Bhubaneswar,East,9,5532.45
S09930,C09930,R028,D0413,P004,2025-11-19,2025-11-01,Lucknow,North,29,24842.1
S09931,C09931,R055,D0429,P001,2025-11-25,2025-11-01,Mumbai,West,21,15034.72
S09932,C09932,R040,D0831,P003,2025-11-21,2025-11-01,Kochi,South,15,10012.1
S09933,C09933,R025,D0259,P001,2025-11-23,2025-11-01,North Delhi,North,18,14084.7
S09934,C09934,R044,D0443,P008,2025-11-11,2025-11-01,Bhubaneswar,East,29,9348.3
S09935,C09935,R065,D0018,P008,2025-11-14,2025-11-01,Coimbatore,South,23,7615.19
S09936,C09936,R060,D0376,P003,2025-11-02,2025-11-01,Goa,West,38,24225.42
S09937,C09937,R043,D0712,P008,2025-12-09,2025-12-01,Kolkata,East,13,3953.57
S09938,C09938,R018,D0758,P006,2025-12-02,2025-12-01,Vijayawada,South,30,15268.69
S09939,C09939,R009,D0403,P008,2025-12-11,2025-12-01,Ahmedabad,West,20,6252.1
S09940,C09940,R013,D0075,P002,2025-12-23,2025-12-01,Bengaluru,South,24,14708.63
S09941,C09941,R059,D0600,P001,2025-12-07,2025-12-01,Nagpur,West,25,19344.53
S09942,C09942,R010,D0426,P008,2025-12-15,2025-12-01,Surat,West,43,13738.2
S09943,C09943,R012,D0813,P003,2025-12-18,2025-12-01,Goa,West,17,10706.55
S09944,C09944,R022,D0418,P005,2025-12-06,2025-12-01,Guwahati,East,28,12182.29
S09945,C09945,R013,D0015,P008,2025-12-26,2025-12-01,Bengaluru,South,47,13748.22
S09946,C09946,R012,D0806,P003,2025-12-24,2025-12-01,Goa,West,20,12942.7
S09947,C09947,R044,D0636,P001,2025-12-06,2025-12-01,Bhubaneswar,East,14,10770.68
S09948,C09948,R010,D0640,P007,2025-12-02,2025-12-01,Surat,West,34,21804.61
S09949,C09949,R039,D0108,P004,2025-12-01,2025-12-01,Hyderabad,South,41,35897.73
S09950,C09950,R057,D0403,P001,2025-12-10,2025-12-01,Ahmedabad,West,20,15223.01
S09951,C09951,R004,D0320,P003,2025-12-04,2025-12-01,Lucknow,North,24,15962.66
S09952,C09952,R022,D0176,P005,2025-12-01,2025-12-01,Guwahati,East,26,11844.24
S09953,C09953,R038,D0693,P008,2025-12-15,2025-12-01,Chennai,South,23,7678.76
S09954,C09954,R067,D0125,P002,2025-12-17,2025-12-01,Kolkata,East,15,8643.54
S09955,C09955,R014,D0078,P005,2025-12-01,2025-12-01,Chennai,South,19,8681.25
S09956,C09956,R046,D0174,P002,2025-12-19,2025-12-01,Guwahati,East,9,4599.84
S09957,C09957,R038,D0786,P003,2025-12-13,2025-12-01,Chennai,South,39,25423.93
S09958,C09958,R051,D0088,P003,2025-12-07,2025-12-01,Jaipur,North,31,20573.34
S09959,C09959,R009,D0541,P005,2025-12-04,2025-12-01,Ahmedabad,West,29,12372.52
S09960,C09960,R054,D0167,P006,2025-12-24,2025-12-01,Dehradun,North,12,5999.76
S09961,C09961,R072,D0312,P001,2025-12-04,2025-12-01,Siliguri,East,16,11481.5
S09962,C09962,R059,D0507,P001,2025-12-07,2025-12-01,Nagpur,West,25,19808.31
S09963,C09963,R061,D0015,P006,2025-12-23,2025-12-01,Bengaluru,South,36,17250.07
S09964,C09964,R011,D0240,P003,2025-12-20,2025-12-01,Nagpur,West,34,21961.96
S09965,C09965,R001,D0553,P005,2025-12-31,2025-12-01,North Delhi,North,14,6357.84
S09966,C09966,R007,D0010,P001,2025-12-02,2025-12-01,Mumbai,West,33,23953.35
S09967,C09967,R030,D0525,P005,2025-12-07,2025-12-01,Dehradun,North,22,10091.68
S09968,C09968,R043,D0524,P008,2025-12-21,2025-12-01,Kolkata,East,19,5721.65
S09969,C09969,R065,D0163,P004,2025-12-08,2025-12-01,Coimbatore,South,25,23794.78
S09970,C09970,R040,D0162,P005,2025-12-12,2025-12-01,Kochi,South,24,11722.99
S09971,C09971,R069,D0319,P003,2025-12-10,2025-12-01,Patna,East,20,13914.99
S09972,C09972,R055,D0651,P003,2025-12-26,2025-12-01,Mumbai,West,42,27797.45
S09973,C09973,R019,D0017,P001,2025-12-25,2025-12-01,Kolkata,East,23,18162.74
S09974,C09974,R028,D0278,P004,2025-12-25,2025-12-01,Lucknow,North,21,18440.34
S09975,C09975,R035,D0845,P008,2025-12-16,2025-12-01,Nagpur,West,28,9160.01
S09976,C09976,R067,D0264,P001,2025-12-16,2025-12-01,Kolkata,East,13,10924.56
S09977,C09977,R043,D0220,P004,2025-12-18,2025-12-01,Kolkata,East,13,10951.52
S09978,C09978,R058,D0542,P007,2025-12-03,2025-12-01,Surat,West,17,10551.82
S09979,C09979,R024,D0389,P004,2025-12-17,2025-12-01,Siliguri,East,35,28342.88
S09980,C09980,R055,D0429,P007,2025-12-09,2025-12-01,Mumbai,West,15,8920.28
S09981,C09981,R032,D0633,P004,2025-12-30,2025-12-01,Pune,West,32,28263.35
S09982,C09982,R003,D0071,P005,2025-12-06,2025-12-01,Jaipur,North,31,14422.7
S09983,C09983,R007,D0588,P008,2025-12-02,2025-12-01,Mumbai,West,34,11199.39
S09984,C09984,R022,D0301,P005,2025-12-30,2025-12-01,Guwahati,East,23,11225.51
S09985,C09985,R044,D0756,P007,2025-12-05,2025-12-01,Bhubaneswar,East,14,7903.67
S09986,C09986,R013,D0614,P006,2025-12-17,2025-12-01,Bengaluru,South,46,24375.27
S09987,C09987,R023,D0808,P001,2025-12-12,2025-12-01,Ranchi,East,38,32181.05
S09988,C09988,R001,D0094,P002,2025-12-09,2025-12-01,North Delhi,North,23,12132.49
S09989,C09989,R005,D0146,P005,2025-12-16,2025-12-01,Ludhiana,North,25,11161.93
S09990,C09990,R068,D0756,P003,2025-12-23,2025-12-01,Bhubaneswar,East,22,14606.97
S09991,C09991,R032,D0402,P004,2025-12-04,2025-12-01,Pune,West,26,22965.23
S09992,C09992,R056,D0642,P004,2025-12-21,2025-12-01,Pune,West,16,14084.77
S09993,C09993,R070,D0577,P007,2025-12-28,2025-12-01,Guwahati,East,23,15036.6
S09994,C09994,R014,D0468,P008,2025-12-09,2025-12-01,Chennai,South,50,17901.5
S09995,C09995,R041,D0046,P008,2025-12-22,2025-12-01,Coimbatore,South,27,8499.41
S09996,C09996,R065,D0046,P001,2025-12-29,2025-12-01,Coimbatore,South,21,18273.69
S09997,C09997,R067,D0631,P006,2025-12-29,2025-12-01,Kolkata,East,25,12523.32
S09998,C09998,R002,D0131,P006,2025-12-21,2025-12-01,Chandigarh,North,19,10056.6
S09999,C09999,R052,D0005,P007,2025-12-30,2025-12-01,Lucknow,North,26,15030.53
S10000,C10000,R052,D0200,P004,2025-12-25,2025-12-01,Lucknow,North,18,15312.36
S10001,C10001,R040,D0746,P005,2025-12-16,2025-12-01,Kochi,South,24,10860.37
S10002,C10002,R011,D0567,P004,2025-12-04,2025-12-01,Nagpur,West,12,11123.95
S10003,C10003,R030,D0643,P003,2025-12-27,2025-12-01,Dehradun,North,19,12670.23
S10004,C10004,R061,D0489,P002,2025-12-09,2025-12-01,Bengaluru,South,31,15363.36
S10005,C10005,R042,D0408,P006,2025-12-23,2025-12-01,Vijayawada,South,17,8091.96
S10006,C10006,R008,D0257,P001,2025-12-20,2025-12-01,Pune,West,29,20665.23
S10007,C10007,R048,D0348,P006,2025-12-12,2025-12-01,Siliguri,East,29,15024.54
S10008,C10008,R035,D0507,P007,2025-12-25,2025-12-01,Nagpur,West,36,22121.41
S10009,C10009,R040,D0831,P002,2025-12-21,2025-12-01,Kochi,South,27,14673.18
S10010,C10010,R001,D0792,P002,2025-12-24,2025-12-01,North Delhi,North,22,11949.64
S10011,C10011,R025,D0666,P005,2025-12-30,2025-12-01,North Delhi,North,23,10178.5
S10012,C10012,R053,D0735,P007,2025-12-09,2025-12-01,Ludhiana,North,20,12302.7
S10013,C10013,R054,D0708,P001,2025-12-24,2025-12-01,Dehradun,North,15,12538.12
S10014,C10014,R026,D0664,P004,2025-12-02,2025-12-01,Chandigarh,North,35,32034.83
S10015,C10015,R068,D0688,P002,2025-12-22,2025-12-01,Bhubaneswar,East,28,14234.89
S10016,C10016,R064,D0067,P007,2025-12-05,2025-12-01,Kochi,South,28,16793.43
S10017,C10017,R072,D0026,P008,2025-12-07,2025-12-01,Siliguri,East,16,4958.97
S10018,C10018,R021,D0311,P001,2025-12-07,2025-12-01,Patna,East,21,17101.53
S10019,C10019,R007,D0051,P002,2025-12-26,2025-12-01,Mumbai,West,28,14320.14
S10020,C10020,R071,D0284,P002,2025-12-12,2025-12-01,Ranchi,East,18,9807.87
S10021,C10021,R052,D0186,P007,2025-12-13,2025-12-01,Lucknow,North,50,29975.15
S10022,C10022,R003,D0822,P008,2025-12-12,2025-12-01,Jaipur,North,37,11378.97
S10023,C10023,R047,D0516,P003,2025-12-20,2025-12-01,Ranchi,East,16,10669.09
S10024,C10024,R018,D0025,P002,2025-12-29,2025-12-01,Vijayawada,South,23,12281.97
S10025,C10025,R054,D0591,P006,2025-12-22,2025-12-01,Dehradun,North,11,5818.57
S10026,C10026,R062,D0602,P008,2025-12-04,2025-12-01,Chennai,South,31,9677.6
S10027,C10027,R002,D0261,P008,2025-12-16,2025-12-01,Chandigarh,North,22,6623.46
S10028,C10028,R017,D0725,P004,2025-12-04,2025-12-01,Coimbatore,South,13,11450.05
S10029,C10029,R006,D0837,P007,2025-12-06,2025-12-01,Dehradun,North,23,14205.41
S10030,C10030,R058,D0823,P008,2025-12-07,2025-12-01,Surat,West,42,13850.19
S10031,C10031,R065,D0053,P007,2025-12-22,2025-12-01,Coimbatore,South,17,10273.4
S10032,C10032,R060,D0370,P004,2025-12-28,2025-12-01,Goa,West,48,44520.73
S10033,C10033,R024,D0610,P003,2025-12-08,2025-12-01,Siliguri,East,21,12930.47
S10034,C10034,R021,D0311,P003,2025-12-30,2025-12-01,Patna,East,18,12461.96
S10035,C10035,R033,D0406,P003,2025-12-09,2025-12-01,Ahmedabad,West,53,35975.32
S10036,C10036,R006,D0256,P008,2025-12-10,2025-12-01,Dehradun,North,13,4067.75
S10037,C10037,R037,D0272,P006,2025-12-04,2025-12-01,Bengaluru,South,30,16101.85
S10038,C10038,R033,D0673,P007,2025-12-02,2025-12-01,Ahmedabad,West,19,11770.35
S10039,C10039,R011,D0028,P007,2025-12-20,2025-12-01,Nagpur,West,28,18170.8
S10040,C10040,R033,D0757,P004,2025-12-13,2025-12-01,Ahmedabad,West,40,34217.1
S10041,C10041,R021,D0548,P007,2025-12-04,2025-12-01,Patna,East,14,8248.51
S10042,C10042,R002,D0156,P006,2025-12-18,2025-12-01,Chandigarh,North,28,14672.5
S10043,C10043,R025,D0672,P006,2025-12-11,2025-12-01,North Delhi,North,17,8699.17
S10044,C10044,R064,D0438,P003,2025-12-13,2025-12-01,Kochi,South,25,15312.24
S10045,C10045,R063,D0223,P002,2025-12-28,2025-12-01,Hyderabad,South,34,20076.75
S10046,C10046,R026,D0333,P002,2025-12-13,2025-12-01,Chandigarh,North,24,14095.19
S10047,C10047,R034,D0362,P003,2025-12-15,2025-12-01,Surat,West,15,9994.76
S10048,C10048,R006,D0189,P008,2025-12-22,2025-12-01,Dehradun,North,32,9888.3
S10049,C10049,R028,D0435,P008,2025-12-28,2025-12-01,Lucknow,North,32,9899.9
S10050,C10050,R001,D0573,P002,2025-12-23,2025-12-01,North Delhi,North,21,11559.31
S10051,C10051,R031,D0395,P005,2025-12-16,2025-12-01,Mumbai,West,29,14298.15
S10052,C10052,R047,D0340,P008,2025-12-10,2025-12-01,Ranchi,East,15,5434.86
S10053,C10053,R004,D0445,P007,2025-12-06,2025-12-01,Lucknow,North,25,15020.18
S10054,C10054,R056,D0477,P005,2025-12-04,2025-12-01,Pune,West,26,11747.11
S10055,C10055,R071,D0327,P005,2025-12-24,2025-12-01,Ranchi,East,42,19160.23
S10056,C10056,R030,D0820,P003,2025-12-23,2025-12-01,Dehradun,North,11,7408.32
S10057,C10057,R003,D0716,P008,2025-12-11,2025-12-01,Jaipur,North,23,7045.49
S10058,C10058,R003,D0230,P001,2025-12-30,2025-12-01,Jaipur,North,31,22532.45
S10059,C10059,R046,D0590,P007,2025-12-30,2025-12-01,Guwahati,East,21,12660.83
S10060,C10060,R036,D0759,P007,2025-12-20,2025-12-01,Goa,West,14,8672.33
S10061,C10061,R028,D0126,P003,2025-12-09,2025-12-01,Lucknow,North,29,20780.55
S10062,C10062,R058,D0410,P005,2025-12-16,2025-12-01,Surat,West,18,7833.13
S10063,C10063,R021,D0682,P008,2025-12-26,2025-12-01,Patna,East,26,8789.83
S10064,C10064,R072,D0050,P004,2025-12-16,2025-12-01,Siliguri,East,27,23907.21
S10065,C10065,R033,D0287,P003,2025-12-16,2025-12-01,Ahmedabad,West,29,18906.51
S10066,C10066,R025,D0679,P001,2025-12-17,2025-12-01,North Delhi,North,35,25181.72
S10067,C10067,R045,D0801,P004,2025-12-27,2025-12-01,Patna,East,14,12704.16
S10068,C10068,R057,D0841,P003,2025-12-13,2025-12-01,Ahmedabad,West,11,7359.8
S10069,C10069,R001,D0553,P007,2025-12-06,2025-12-01,North Delhi,North,18,12225.0
S10070,C10070,R014,D0022,P007,2025-12-16,2025-12-01,Chennai,South,31,18666.01
S10071,C10071,R015,D0004,P003,2025-12-20,2025-12-01,Hyderabad,South,24,17070.41
S10072,C10072,R071,D0733,P002,2025-12-29,2025-12-01,Ranchi,East,32,17016.65
S10073,C10073,R027,D0656,P003,2025-12-04,2025-12-01,Jaipur,North,14,9082.12
S10074,C10074,R005,D0146,P004,2025-12-30,2025-12-01,Ludhiana,North,30,24456.62
S10075,C10075,R019,D0076,P006,2025-12-25,2025-12-01,Kolkata,East,24,12943.66
S10076,C10076,R057,D0132,P002,2025-12-23,2025-12-01,Ahmedabad,West,21,11418.11
S10077,C10077,R016,D0730,P008,2025-12-08,2025-12-01,Kochi,South,14,4478.92
S10078,C10078,R059,D0668,P006,2025-12-07,2025-12-01,Nagpur,West,25,12565.0
S10079,C10079,R011,D0826,P002,2025-12-14,2025-12-01,Nagpur,West,20,10927.16
S10080,C10080,R045,D0056,P003,2025-12-06,2025-12-01,Patna,East,10,6365.32
S10081,C10081,R020,D0638,P006,2025-12-21,2025-12-01,Bhubaneswar,East,15,7822.01
S10082,C10082,R058,D0734,P005,2025-12-24,2025-12-01,Surat,West,19,8322.84
S10083,C10083,R069,D0448,P005,2025-12-15,2025-12-01,Patna,East,23,10509.15
S10084,C10084,R026,D0721,P001,2025-12-22,2025-12-01,Chandigarh,North,24,19185.55
S10085,C10085,R060,D0539,P004,2025-12-25,2025-12-01,Goa,West,19,18100.14
S10086,C10086,R050,D0003,P005,2025-12-29,2025-12-01,Chandigarh,North,18,8366.88
S10087,C10087,R009,D0380,P006,2025-12-22,2025-12-01,Ahmedabad,West,23,12490.48
S10088,C10088,R067,D0175,P004,2025-12-08,2025-12-01,Kolkata,East,23,20457.15
S10089,C10089,R040,D0073,P005,2025-12-05,2025-12-01,Kochi,South,24,10523.82
S10090,C10090,R044,D0596,P002,2025-12-30,2025-12-01,Bhubaneswar,East,28,16693.69
S10091,C10091,R050,D0810,P007,2025-12-24,2025-12-01,Chandigarh,North,30,18194.27
S10092,C10092,R009,D0061,P006,2025-12-27,2025-12-01,Ahmedabad,West,25,13353.58
S10093,C10093,R017,D0425,P006,2025-12-14,2025-12-01,Coimbatore,South,11,5435.88
S10094,C10094,R067,D0586,P006,2025-12-05,2025-12-01,Kolkata,East,17,8895.74
S10095,C10095,R033,D0277,P008,2025-12-19,2025-12-01,Ahmedabad,West,28,9114.35
S10096,C10096,R006,D0095,P008,2025-12-20,2025-12-01,Dehradun,North,11,3519.97
S10097,C10097,R024,D0147,P007,2025-12-07,2025-12-01,Siliguri,East,32,21500.34
S10098,C10098,R041,D0018,P003,2025-12-15,2025-12-01,Coimbatore,South,37,24943.51
S10099,C10099,R049,D0849,P001,2025-12-14,2025-12-01,North Delhi,North,24,18372.7
S10100,C10100,R039,D0377,P001,2025-12-09,2025-12-01,Hyderabad,South,35,29448.56
S10101,C10101,R069,D0807,P007,2025-12-26,2025-12-01,Patna,East,9,4992.8
S10102,C10102,R011,D0593,P008,2025-12-16,2025-12-01,Nagpur,West,12,3560.05
S10103,C10103,R050,D0303,P006,2025-12-29,2025-12-01,Chandigarh,North,15,7986.62
S10104,C10104,R032,D0784,P006,2025-12-01,2025-12-01,Pune,West,36,18568.15
S10105,C10105,R059,D0269,P001,2025-12-30,2025-12-01,Nagpur,West,21,15932.49
S10106,C10106,R066,D0135,P005,2025-12-21,2025-12-01,Vijayawada,South,24,11256.51
S10107,C10107,R066,D0644,P005,2025-12-22,2025-12-01,Vijayawada,South,23,11144.11
S10108,C10108,R029,D0497,P002,2025-12-09,2025-12-01,Ludhiana,North,21,10740.85
S10109,C10109,R049,D0346,P007,2025-12-03,2025-12-01,North Delhi,North,35,21256.53
S10110,C10110,R048,D0482,P003,2025-12-08,2025-12-01,Siliguri,East,12,7935.24
S10111,C10111,R015,D0814,P002,2025-12-14,2025-12-01,Hyderabad,South,35,19189.41
S10112,C10112,R062,D0247,P006,2025-12-11,2025-12-01,Chennai,South,19,10002.13
S10113,C10113,R066,D0703,P004,2025-12-06,2025-12-01,Vijayawada,South,18,14443.63
S10114,C10114,R071,D0763,P005,2025-12-01,2025-12-01,Ranchi,East,18,8501.98
S10115,C10115,R054,D0649,P005,2025-12-22,2025-12-01,Dehradun,North,19,7905.94
S10116,C10116,R040,D0105,P005,2025-12-21,2025-12-01,Kochi,South,29,13315.31
S10117,C10117,R020,D0099,P004,2025-12-06,2025-12-01,Bhubaneswar,East,23,19389.95
S10118,C10118,R034,D0098,P007,2025-12-25,2025-12-01,Surat,West,25,15399.9
S10119,C10119,R055,D0588,P008,2025-12-31,2025-12-01,Mumbai,West,17,5621.05
S10120,C10120,R023,D0322,P004,2025-12-31,2025-12-01,Ranchi,East,27,24098.71
S10121,C10121,R042,D0758,P002,2025-12-07,2025-12-01,Vijayawada,South,19,9924.92
S10122,C10122,R037,D0015,P003,2025-12-14,2025-12-01,Bengaluru,South,47,28979.03
S10123,C10123,R034,D0231,P007,2025-12-02,2025-12-01,Surat,West,19,11568.57
S10124,C10124,R056,D0265,P003,2025-12-01,2025-12-01,Pune,West,42,27155.76
S10125,C10125,R012,D0806,P007,2025-12-27,2025-12-01,Goa,West,24,14886.32
S10126,C10126,R043,D0076,P006,2025-12-31,2025-12-01,Kolkata,East,12,5988.22
S10127,C10127,R028,D0291,P004,2025-12-07,2025-12-01,Lucknow,North,29,27619.46
S10128,C10128,R039,D0764,P002,2025-12-15,2025-12-01,Hyderabad,South,51,27604.28
S10129,C10129,R069,D0832,P005,2025-12-01,2025-12-01,Patna,East,25,12028.67
S10130,C10130,R041,D0725,P006,2025-12-26,2025-12-01,Coimbatore,South,31,15415.46
S10131,C10131,R004,D0454,P002,2025-12-17,2025-12-01,Lucknow,North,25,13996.17
S10132,C10132,R021,D0085,P007,2025-12-10,2025-12-01,Patna,East,19,11951.56
S10133,C10133,R046,D0066,P002,2025-12-31,2025-12-01,Guwahati,East,20,10432.43
S10134,C10134,R008,D0419,P004,2025-12-05,2025-12-01,Pune,West,33,27170.96
S10135,C10135,R004,D0356,P005,2025-12-09,2025-12-01,Lucknow,North,25,12229.25
S10136,C10136,R039,D0387,P006,2025-12-24,2025-12-01,Hyderabad,South,23,11483.7
S10137,C10137,R066,D0025,P002,2025-12-13,2025-12-01,Vijayawada,South,19,9928.55
S10138,C10138,R012,D0624,P003,2025-12-22,2025-12-01,Goa,West,34,22103.04
S10139,C10139,R058,D0238,P007,2025-12-08,2025-12-01,Surat,West,26,15109.26
S10140,C10140,R035,D0093,P003,2025-12-21,2025-12-01,Nagpur,West,24,16338.97
S10141,C10141,R032,D0705,P005,2025-12-18,2025-12-01,Pune,West,35,16092.78
S10142,C10142,R005,D0290,P004,2025-12-02,2025-12-01,Ludhiana,North,28,24985.22
S10143,C10143,R023,D0187,P001,2025-12-11,2025-12-01,Ranchi,East,26,21434.35
S10144,C10144,R053,D0453,P005,2025-12-10,2025-12-01,Ludhiana,North,30,13868.83
S10145,C10145,R018,D0753,P003,2025-12-19,2025-12-01,Vijayawada,South,20,14239.88
S10146,C10146,R025,D0751,P003,2025-12-14,2025-12-01,North Delhi,North,18,11868.24
S10147,C10147,R051,D0088,P007,2025-12-15,2025-12-01,Jaipur,North,34,19178.4
S10148,C10148,R061,D0601,P007,2025-12-06,2025-12-01,Bengaluru,South,30,17488.78
S10149,C10149,R066,D0465,P003,2025-12-29,2025-12-01,Vijayawada,South,27,17171.98
S10150,C10150,R030,D0794,P005,2025-12-24,2025-12-01,Dehradun,North,17,7864.1
S10151,C10151,R046,D0821,P006,2025-12-21,2025-12-01,Guwahati,East,11,6036.94
S10152,C10152,R072,D0580,P001,2025-12-09,2025-12-01,Siliguri,East,20,15747.14
S10153,C10153,R005,D0625,P001,2025-12-22,2025-12-01,Ludhiana,North,32,24674.75
S10154,C10154,R015,D0235,P005,2025-12-08,2025-12-01,Hyderabad,South,51,23104.33
S10155,C10155,R043,D0772,P008,2025-12-16,2025-12-01,Kolkata,East,20,6574.54
S10156,C10156,R029,D0828,P008,2025-12-09,2025-12-01,Ludhiana,North,24,7839.55
S10157,C10157,R020,D0847,P004,2025-12-10,2025-12-01,Bhubaneswar,East,18,16658.96
S10158,C10158,R047,D0843,P006,2025-12-21,2025-12-01,Ranchi,East,16,7872.89
S10159,C10159,R020,D0607,P004,2025-12-10,2025-12-01,Bhubaneswar,East,15,14852.42
S10160,C10160,R017,D0788,P008,2025-12-23,2025-12-01,Coimbatore,South,16,5031.81
S10161,C10161,R018,D0618,P005,2025-12-16,2025-12-01,Vijayawada,South,20,8907.74
S10162,C10162,R027,D0192,P008,2025-12-31,2025-12-01,Jaipur,North,17,5764.94
S10163,C10163,R014,D0014,P003,2025-12-06,2025-12-01,Chennai,South,43,29660.69
S10164,C10164,R039,D0844,P008,2025-12-30,2025-12-01,Hyderabad,South,39,12078.23
S10165,C10165,R018,D0369,P006,2025-12-05,2025-12-01,Vijayawada,South,20,10545.7
S10166,C10166,R051,D0716,P007,2025-12-18,2025-12-01,Jaipur,North,38,22686.24
S10167,C10167,R029,D0236,P001,2025-12-12,2025-12-01,Ludhiana,North,27,21501.11
S10168,C10168,R014,D0325,P007,2025-12-24,2025-12-01,Chennai,South,25,15428.93
S10169,C10169,R010,D0641,P002,2025-12-05,2025-12-01,Surat,West,33,20088.27
S10170,C10170,R061,D0341,P008,2025-12-08,2025-12-01,Bengaluru,South,19,6502.66
S10171,C10171,R053,D0647,P002,2025-12-08,2025-12-01,Ludhiana,North,24,13651.16
S10172,C10172,R019,D0220,P007,2025-12-29,2025-12-01,Kolkata,East,20,12666.99
S10173,C10173,R027,D0594,P006,2025-12-17,2025-12-01,Jaipur,North,16,7648.64
S10174,C10174,R032,D0442,P004,2025-12-06,2025-12-01,Pune,West,38,34132.87
S10175,C10175,R019,D0779,P008,2025-12-25,2025-12-01,Kolkata,East,21,6572.53
S10176,C10176,R031,D0461,P004,2025-12-09,2025-12-01,Mumbai,West,40,35508.68
S10177,C10177,R036,D0118,P001,2025-12-07,2025-12-01,Goa,West,22,17233.76
S10178,C10178,R015,D0576,P001,2025-12-16,2025-12-01,Hyderabad,South,33,23533.02
S10179,C10179,R037,D0827,P007,2025-12-25,2025-12-01,Bengaluru,South,26,15634.89
S10180,C10180,R002,D0790,P004,2025-12-27,2025-12-01,Chandigarh,North,23,20600.05
S10181,C10181,R011,D0091,P007,2025-12-01,2025-12-01,Nagpur,West,31,19784.94
S10182,C10182,R060,D0815,P001,2025-12-28,2025-12-01,Goa,West,31,23232.58
S10183,C10183,R027,D0226,P001,2025-12-31,2025-12-01,Jaipur,North,13,9739.3
S10184,C10184,R056,D0657,P008,2025-12-10,2025-12-01,Pune,West,21,6432.15
S10185,C10185,R042,D0437,P002,2025-12-17,2025-12-01,Vijayawada,South,17,9033.97
S10186,C10186,R007,D0780,P006,2025-12-12,2025-12-01,Mumbai,West,41,19731.02
S10187,C10187,R057,D0287,P003,2025-12-15,2025-12-01,Ahmedabad,West,12,8445.45
S10188,C10188,R049,D0573,P005,2025-12-21,2025-12-01,North Delhi,North,27,12901.84
S10189,C10189,R023,D0519,P001,2025-12-21,2025-12-01,Ranchi,East,25,22147.18
S10190,C10190,R007,D0202,P003,2025-12-15,2025-12-01,Mumbai,West,11,7067.1
S10191,C10191,R010,D0575,P007,2025-12-15,2025-12-01,Surat,West,32,20359.83
S10192,C10192,R047,D0101,P005,2025-12-16,2025-12-01,Ranchi,East,32,13826.86
S10193,C10193,R014,D0693,P005,2025-12-13,2025-12-01,Chennai,South,26,12838.79
S10194,C10194,R050,D0151,P008,2025-12-04,2025-12-01,Chandigarh,North,33,10446.71
S10195,C10195,R039,D0141,P004,2025-12-12,2025-12-01,Hyderabad,South,28,24815.02
S10196,C10196,R062,D0468,P007,2025-12-23,2025-12-01,Chennai,South,39,25307.13
S10197,C10197,R046,D0142,P006,2025-12-31,2025-12-01,Guwahati,East,24,12983.32
S10198,C10198,R061,D0030,P004,2025-12-26,2025-12-01,Bengaluru,South,55,46551.54
S10199,C10199,R068,D0086,P003,2025-12-27,2025-12-01,Bhubaneswar,East,21,13786.53
S10200,C10200,R053,D0236,P003,2025-12-25,2025-12-01,Ludhiana,North,30,21210.68
S10201,C10201,R005,D0453,P007,2025-12-16,2025-12-01,Ludhiana,North,21,12574.35
S10202,C10202,R029,D0013,P003,2025-12-22,2025-12-01,Ludhiana,North,32,21443.07
S10203,C10203,R012,D0145,P006,2025-12-26,2025-12-01,Goa,West,28,14664.17
S10204,C10204,R063,D0494,P001,2025-12-07,2025-12-01,Hyderabad,South,27,22543.62
S10205,C10205,R003,D0217,P003,2025-12-05,2025-12-01,Jaipur,North,35,23871.29
S10206,C10206,R010,D0566,P008,2025-12-09,2025-12-01,Surat,West,24,7586.5
S10207,C10207,R052,D0658,P005,2025-12-17,2025-12-01,Lucknow,North,31,12860.09
S10208,C10208,R044,D0034,P007,2025-12-25,2025-12-01,Bhubaneswar,East,13,8208.96
S10209,C10209,R050,D0829,P003,2025-12-14,2025-12-01,Chandigarh,North,39,25961.82
S10210,C10210,R026,D0664,P007,2025-12-31,2025-12-01,Chandigarh,North,36,23909.9
S10211,C10211,R008,D0657,P008,2025-12-11,2025-12-01,Pune,West,20,6584.24
S10212,C10212,R036,D0376,P008,2025-12-15,2025-12-01,Goa,West,16,4974.94
S10213,C10213,R013,D0015,P004,2025-12-29,2025-12-01,Bengaluru,South,34,28374.33
S10214,C10214,R045,D0789,P006,2025-12-06,2025-12-01,Patna,East,25,12640.03
S10215,C10215,R072,D0482,P008,2025-12-26,2025-12-01,Siliguri,East,9,2932.24
S10216,C10216,R060,D0062,P007,2025-12-05,2025-12-01,Goa,West,50,30659.68
S10217,C10217,R064,D0162,P008,2025-12-29,2025-12-01,Kochi,South,23,6895.54
S10218,C10218,R016,D0237,P001,2025-12-11,2025-12-01,Kochi,South,16,10741.02
S10219,C10219,R047,D0298,P005,2025-12-20,2025-12-01,Ranchi,East,30,13139.68
S10220,C10220,R023,D0340,P007,2025-12-23,2025-12-01,Ranchi,East,31,16603.68
S10221,C10221,R045,D0293,P006,2025-12-12,2025-12-01,Patna,East,20,9699.4
S10222,C10222,R049,D0760,P002,2025-12-18,2025-12-01,North Delhi,North,29,15849.09
S10223,C10223,R065,D0788,P005,2025-12-24,2025-12-01,Coimbatore,South,17,8385.43
S10224,C10224,R016,D0545,P002,2025-12-28,2025-12-01,Kochi,South,20,9478.28
S10225,C10225,R064,D0534,P001,2025-12-04,2025-12-01,Kochi,South,25,18500.36
S10226,C10226,R037,D0701,P001,2025-12-16,2025-12-01,Bengaluru,South,26,20680.85
S10227,C10227,R024,D0180,P008,2025-12-27,2025-12-01,Siliguri,East,34,10634.9
S10228,C10228,R029,D0497,P003,2025-12-18,2025-12-01,Ludhiana,North,47,31272.23
S10229,C10229,R040,D0534,P004,2025-12-01,2025-12-01,Kochi,South,38,34457.88
S10230,C10230,R041,D0384,P003,2025-12-04,2025-12-01,Coimbatore,South,42,27149.23
S10231,C10231,R030,D0820,P008,2025-12-26,2025-12-01,Dehradun,North,15,5089.13
S10232,C10232,R036,D0158,P008,2025-12-14,2025-12-01,Goa,West,20,7177.27
S10233,C10233,R009,D0061,P006,2025-12-22,2025-12-01,Ahmedabad,West,32,15449.17
S10234,C10234,R016,D0344,P007,2025-12-28,2025-12-01,Kochi,South,19,12127.15
S10235,C10235,R015,D0743,P001,2025-12-03,2025-12-01,Hyderabad,South,35,30177.18
S10236,C10236,R023,D0298,P008,2025-12-15,2025-12-01,Ranchi,East,25,8578.86
S10237,C10237,R052,D0200,P004,2025-12-05,2025-12-01,Lucknow,North,17,14608.73
S10238,C10238,R034,D0707,P004,2025-12-27,2025-12-01,Surat,West,28,24511.1
S10239,C10239,R065,D0083,P002,2025-12-15,2025-12-01,Coimbatore,South,14,6905.09
S10240,C10240,R056,D0188,P008,2025-12-28,2025-12-01,Pune,West,24,7461.13
S10241,C10241,R020,D0756,P002,2025-12-10,2025-12-01,Bhubaneswar,East,10,5254.29
S10242,C10242,R004,D0278,P007,2025-12-05,2025-12-01,Lucknow,North,34,21214.45
S10243,C10243,R016,D0043,P006,2025-12-27,2025-12-01,Kochi,South,15,7215.39
S10244,C10244,R038,D0381,P007,2025-12-20,2025-12-01,Chennai,South,30,18366.05
S10245,C10245,R063,D0576,P001,2025-12-06,2025-12-01,Hyderabad,South,40,31524.98
S10246,C10246,R066,D0595,P006,2025-12-22,2025-12-01,Vijayawada,South,18,8966.17
S10247,C10247,R049,D0033,P008,2025-12-13,2025-12-01,North Delhi,North,19,6334.86
S10248,C10248,R047,D0224,P004,2025-12-02,2025-12-01,Ranchi,East,42,36535.15
S10249,C10249,R019,D0526,P004,2025-12-09,2025-12-01,Kolkata,East,25,22612.08
S10250,C10250,R038,D0549,P001,2025-12-24,2025-12-01,Chennai,South,29,21150.79
S10251,C10251,R065,D0505,P004,2025-12-04,2025-12-01,Coimbatore,South,28,23950.01
S10252,C10252,R020,D0337,P006,2025-12-11,2025-12-01,Bhubaneswar,East,17,9086.29
S10253,C10253,R055,D0749,P003,2025-12-09,2025-12-01,Mumbai,West,16,9677.71
S10254,C10254,R028,D0048,P006,2025-12-23,2025-12-01,Lucknow,North,21,11113.05
S10255,C10255,R032,D0657,P001,2025-12-27,2025-12-01,Pune,West,29,22249.64
S10256,C10256,R071,D0808,P006,2025-12-25,2025-12-01,Ranchi,East,41,18785.66
S10257,C10257,R048,D0523,P005,2025-12-23,2025-12-01,Siliguri,East,40,17990.78
S10258,C10258,R006,D0450,P002,2025-12-03,2025-12-01,Dehradun,North,31,17354.52
S10259,C10259,R022,D0301,P003,2025-12-29,2025-12-01,Guwahati,East,23,16930.92
S10260,C10260,R005,D0401,P002,2025-12-06,2025-12-01,Ludhiana,North,51,30109.01
S10261,C10261,R019,D0081,P005,2025-12-13,2025-12-01,Kolkata,East,19,8333.38
S10262,C10262,R002,D0201,P006,2025-12-26,2025-12-01,Chandigarh,North,18,9546.8
S10263,C10263,R036,D0589,P005,2025-12-08,2025-12-01,Goa,West,37,16638.92
S10264,C10264,R063,D0415,P002,2025-12-07,2025-12-01,Hyderabad,South,35,18322.2
S10265,C10265,R055,D0461,P002,2025-12-01,2025-12-01,Mumbai,West,24,13611.87
S10266,C10266,R042,D0393,P007,2025-12-12,2025-12-01,Vijayawada,South,50,30846.43
S10267,C10267,R056,D0129,P004,2025-12-16,2025-12-01,Pune,West,37,33310.28
S10268,C10268,R031,D0749,P004,2025-12-15,2025-12-01,Mumbai,West,29,23645.32
S10269,C10269,R038,D0776,P003,2025-12-02,2025-12-01,Chennai,South,52,32661.85
S10270,C10270,R059,D0269,P008,2025-12-07,2025-12-01,Nagpur,West,29,8862.1
S10271,C10271,R031,D0350,P002,2025-12-01,2025-12-01,Mumbai,West,37,20492.17
S10272,C10272,R061,D0483,P007,2025-12-07,2025-12-01,Bengaluru,South,37,23395.93
S10273,C10273,R068,D0034,P007,2025-12-19,2025-12-01,Bhubaneswar,East,16,10606.89
S10274,C10274,R046,D0066,P002,2025-12-01,2025-12-01,Guwahati,East,32,16466.9
S10275,C10275,R030,D0794,P001,2025-12-06,2025-12-01,Dehradun,North,19,16123.56
S10276,C10276,R042,D0100,P002,2025-12-17,2025-12-01,Vijayawada,South,25,13324.31
S10277,C10277,R048,D0482,P003,2025-12-18,2025-12-01,Siliguri,East,15,9939.12
S10278,C10278,R043,D0715,P006,2025-12-28,2025-12-01,Kolkata,East,17,8619.33
S10279,C10279,R050,D0681,P005,2025-12-18,2025-12-01,Chandigarh,North,34,15838.18
S10280,C10280,R026,D0239,P004,2025-12-29,2025-12-01,Chandigarh,North,33,30393.88
S10281,C10281,R051,D0159,P004,2025-12-23,2025-12-01,Jaipur,North,46,43063.87
S10282,C10282,R004,D0560,P008,2025-12-18,2025-12-01,Lucknow,North,34,10747.05
S10283,C10283,R017,D0452,P008,2025-12-12,2025-12-01,Coimbatore,South,22,7071.24
S10284,C10284,R064,D0798,P001,2025-12-04,2025-12-01,Kochi,South,46,34245.49
S10285,C10285,R063,D0533,P007,2025-12-22,2025-12-01,Hyderabad,South,29,18289.54
S10286,C10286,R016,D0043,P003,2025-12-30,2025-12-01,Kochi,South,11,7356.57
S10287,C10287,R013,D0199,P007,2025-12-12,2025-12-01,Bengaluru,South,51,29901.09
S10288,C10288,R053,D0718,P008,2025-12-12,2025-12-01,Ludhiana,North,23,6902.43
S10289,C10289,R058,D0513,P005,2025-12-04,2025-12-01,Surat,West,29,13447.25
S10290,C10290,R022,D0590,P005,2025-12-19,2025-12-01,Guwahati,East,20,9801.0
S10291,C10291,R067,D0172,P004,2025-12-10,2025-12-01,Kolkata,East,32,30738.69
S10292,C10292,R010,D0124,P001,2025-12-01,2025-12-01,Surat,West,42,30641.14
S10293,C10293,R008,D0212,P001,2025-12-01,2025-12-01,Pune,West,48,39189.35
S10294,C10294,R035,D0593,P003,2025-12-11,2025-12-01,Nagpur,West,16,10981.08
S10295,C10295,R045,D0007,P007,2025-12-15,2025-12-01,Patna,East,14,9131.33
S10296,C10296,R044,D0688,P003,2025-12-15,2025-12-01,Bhubaneswar,East,25,16892.33
S10297,C10297,R059,D0274,P004,2025-12-23,2025-12-01,Nagpur,West,31,27128.73
S10298,C10298,R008,D0442,P005,2025-12-17,2025-12-01,Pune,West,31,14820.36
S10299,C10299,R041,D0323,P003,2025-12-25,2025-12-01,Coimbatore,South,23,13224.18
S10300,C10300,R036,D0361,P004,2025-12-10,2025-12-01,Goa,West,18,15225.76
S10301,C10301,R069,D0558,P005,2025-12-08,2025-12-01,Patna,East,30,13200.03
S10302,C10302,R021,D0194,P007,2025-12-17,2025-12-01,Patna,East,29,17095.01
S10303,C10303,R024,D0482,P007,2025-12-04,2025-12-01,Siliguri,East,20,11272.75
S10304,C10304,R049,D0032,P007,2025-12-24,2025-12-01,North Delhi,North,21,12448.53
S10305,C10305,R015,D0141,P005,2025-12-06,2025-12-01,Hyderabad,South,49,21916.05
S10306,C10306,R048,D0523,P006,2025-12-29,2025-12-01,Siliguri,East,42,21137.78
S10307,C10307,R022,D0451,P002,2025-12-31,2025-12-01,Guwahati,East,23,12596.26
S10308,C10308,R070,D0464,P002,2025-12-17,2025-12-01,Guwahati,East,27,13667.85
S10309,C10309,R042,D0210,P008,2025-12-10,2025-12-01,Vijayawada,South,26,8131.64
S10310,C10310,R026,D0201,P005,2025-12-11,2025-12-01,Chandigarh,North,13,5952.64
S10311,C10311,R070,D0351,P001,2025-12-14,2025-12-01,Guwahati,East,25,17692.43
S10312,C10312,R062,D0109,P004,2025-12-15,2025-12-01,Chennai,South,55,48769.69
S10313,C10313,R057,D0811,P008,2025-12-03,2025-12-01,Ahmedabad,West,23,7447.85
S10314,C10314,R007,D0343,P001,2025-12-07,2025-12-01,Mumbai,West,23,18619.97
S10315,C10315,R037,D0604,P004,2025-12-25,2025-12-01,Bengaluru,South,29,24106.69
S10316,C10316,R025,D0113,P007,2025-12-02,2025-12-01,North Delhi,North,10,6053.77
S10317,C10317,R062,D0504,P008,2025-12-14,2025-12-01,Chennai,South,15,5097.55
S10318,C10318,R057,D0181,P003,2025-12-28,2025-12-01,Ahmedabad,West,15,9040.73
S10319,C10319,R024,D0180,P008,2025-12-03,2025-12-01,Siliguri,East,13,4158.59
S10320,C10320,R051,D0296,P006,2025-12-29,2025-12-01,Jaipur,North,24,11308.22
S10321,C10321,R034,D0098,P004,2025-12-15,2025-12-01,Surat,West,26,22643.03
S10322,C10322,R071,D0077,P007,2025-12-14,2025-12-01,Ranchi,East,41,24003.35
S10323,C10323,R048,D0580,P007,2025-12-23,2025-12-01,Siliguri,East,30,18642.46
S10324,C10324,R070,D0262,P003,2025-12-25,2025-12-01,Guwahati,East,33,21458.48
S10325,C10325,R052,D0413,P001,2025-12-15,2025-12-01,Lucknow,North,34,24827.21
S10326,C10326,R033,D0629,P007,2025-12-03,2025-12-01,Ahmedabad,West,34,22319.58
S10327,C10327,R045,D0500,P001,2025-12-31,2025-12-01,Patna,East,12,9443.33
S10328,C10328,R068,D0607,P007,2025-12-01,2025-12-01,Bhubaneswar,East,15,9601.48
S10329,C10329,R002,D0838,P003,2025-12-28,2025-12-01,Chandigarh,North,32,19963.43
S10330,C10330,R054,D0591,P006,2025-12-14,2025-12-01,Dehradun,North,14,6999.64
S10331,C10331,R055,D0391,P005,2025-12-16,2025-12-01,Mumbai,West,18,8693.63
S10332,C10332,R054,D0242,P001,2025-12-24,2025-12-01,Dehradun,North,23,17267.28
S10333,C10333,R041,D0630,P001,2025-12-30,2025-12-01,Coimbatore,South,27,21054.66
S10334,C10334,R017,D0452,P006,2025-12-05,2025-12-01,Coimbatore,South,21,10674.95
S10335,C10335,R064,D0478,P005,2025-12-26,2025-12-01,Kochi,South,27,10952.61
S10336,C10336,R013,D0686,P001,2025-12-21,2025-12-01,Bengaluru,South,38,29538.1
S10337,C10337,R044,D0321,P008,2025-12-12,2025-12-01,Bhubaneswar,East,32,10025.54
S10338,C10338,R031,D0267,P002,2025-12-14,2025-12-01,Mumbai,West,45,24098.45
S10339,C10339,R027,D0071,P007,2025-12-24,2025-12-01,Jaipur,North,19,11173.06
S10340,C10340,R035,D0079,P001,2025-12-05,2025-12-01,Nagpur,West,39,28459.57
S10341,C10341,R006,D0587,P002,2025-12-16,2025-12-01,Dehradun,North,38,19685.31
S10342,C10342,R051,D0527,P005,2025-12-23,2025-12-01,Jaipur,North,24,10749.22
S10343,C10343,R003,D0217,P005,2025-12-17,2025-12-01,Jaipur,North,70,33177.16
S10344,C10344,R069,D0206,P005,2025-12-14,2025-12-01,Patna,East,25,11178.1
S10345,C10345,R060,D0648,P002,2025-12-17,2025-12-01,Goa,West,39,21175.75
S10346,C10346,R009,D0107,P003,2025-12-16,2025-12-01,Ahmedabad,West,22,14666.02
S10347,C10347,R037,D0604,P003,2025-12-25,2025-12-01,Bengaluru,South,29,18622.36
S10348,C10348,R017,D0725,P004,2025-12-26,2025-12-01,Coimbatore,South,14,13065.19
S10349,C10349,R068,D0509,P008,2025-12-29,2025-12-01,Bhubaneswar,East,19,5965.98
S10350,C10350,R031,D0461,P004,2025-12-03,2025-12-01,Mumbai,West,52,44981.64
S10351,C10351,R018,D0407,P008,2025-12-10,2025-12-01,Vijayawada,South,16,5402.85
S10352,C10352,R070,D0066,P003,2025-12-28,2025-12-01,Guwahati,East,29,19271.09
S10353,C10353,R053,D0598,P002,2025-12-20,2025-12-01,Ludhiana,North,37,17590.64
S10354,C10354,R062,D0325,P001,2025-12-12,2025-12-01,Chennai,South,31,20965.52
S10355,C10355,R028,D0320,P002,2025-12-20,2025-12-01,Lucknow,North,15,8745.34
S10356,C10356,R012,D0047,P003,2025-12-15,2025-12-01,Goa,West,41,27172.16
S10357,C10357,R038,D0752,P004,2025-12-28,2025-12-01,Chennai,South,44,38819.55
S10358,C10358,R029,D0279,P006,2025-12-18,2025-12-01,Ludhiana,North,27,12242.54
S10359,C10359,R072,D0057,P004,2025-12-14,2025-12-01,Siliguri,East,24,21203.79
S10360,C10360,R001,D0672,P006,2025-12-20,2025-12-01,North Delhi,North,22,10628.33
S10361,C10361,R035,D0845,P001,2025-12-06,2025-12-01,Nagpur,West,36,27636.92
S10362,C10362,R034,D0362,P008,2025-12-24,2025-12-01,Surat,West,33,10175.41
S10363,C10363,R027,D0071,P002,2025-12-07,2025-12-01,Jaipur,North,26,13836.72
S10364,C10364,R070,D0848,P001,2025-12-01,2025-12-01,Guwahati,East,15,11813.24
S10365,C10365,R060,D0152,P004,2025-12-02,2025-12-01,Goa,West,21,19038.37
S10366,C10366,R063,D0183,P006,2025-12-03,2025-12-01,Hyderabad,South,33,16775.03
S10367,C10367,R025,D0613,P002,2025-12-04,2025-12-01,North Delhi,North,35,19000.74
S10368,C10368,R008,D0366,P002,2025-12-02,2025-12-01,Pune,West,32,15738.25
